# Blender 4.1.1
# www.blender.org
mtllib Number_9.mtl
g Number_9_Number_9
v -0.106329 -0.312056 0.050000
v -0.080199 -0.292174 0.050000
v -0.055873 -0.271659 0.050000
v -0.033402 -0.250613 0.050000
v -0.012835 -0.229137 0.050000
v 0.005783 -0.207331 0.050000
v 0.022399 -0.185296 0.050000
v 0.036968 -0.163132 0.050000
v 0.049438 -0.140940 0.050000
v 0.059763 -0.118822 0.050000
v 0.067895 -0.096877 0.050000
v 0.073782 -0.075206 0.050000
v 0.066082 -0.079558 0.050000
v 0.058013 -0.083604 0.050000
v 0.049626 -0.087331 0.050000
v 0.040967 -0.090724 0.050000
v 0.032087 -0.093771 0.050000
v 0.023033 -0.096456 0.050000
v 0.013854 -0.098766 0.050000
v 0.004598 -0.100687 0.050000
v -0.004686 -0.102206 0.050000
v -0.013948 -0.103308 0.050000
v -0.023142 -0.103979 0.050000
v -0.032218 -0.104206 0.050000
v -0.058702 -0.102410 0.050000
v -0.084014 -0.097174 0.050000
v -0.107936 -0.088722 0.050000
v -0.130255 -0.077280 0.050000
v -0.150753 -0.063075 0.050000
v -0.169218 -0.046331 0.050000
v -0.185432 -0.027275 0.050000
v -0.199182 -0.006132 0.050000
v -0.210249 0.016872 0.050000
v -0.218421 0.041512 0.050000
v -0.223484 0.067561 0.050000
v -0.225217 0.094794 0.050000
v -0.223531 0.119986 0.050000
v -0.218560 0.144826 0.050000
v -0.210436 0.168966 0.050000
v -0.199291 0.192053 0.050000
v -0.185257 0.213738 0.050000
v -0.168468 0.233669 0.050000
v -0.149052 0.251496 0.050000
v -0.127143 0.266868 0.050000
v -0.102873 0.279435 0.050000
v -0.076375 0.288845 0.050000
v -0.047780 0.294748 0.050000
v -0.017217 0.296794 0.050000
v 0.013521 0.294626 0.050000
v 0.042607 0.288280 0.050000
v 0.069845 0.277997 0.050000
v 0.095042 0.264016 0.050000
v 0.118002 0.246577 0.050000
v 0.138533 0.225919 0.050000
v 0.156438 0.202282 0.050000
v 0.171524 0.175905 0.050000
v 0.183595 0.147028 0.050000
v 0.192459 0.115891 0.050000
v 0.197918 0.082733 0.050000
v 0.199783 0.047794 0.050000
v 0.197447 0.006130 0.050000
v 0.190598 -0.036099 0.050000
v 0.179470 -0.078503 0.050000
v 0.164300 -0.120687 0.050000
v 0.145327 -0.162261 0.050000
v 0.122783 -0.202831 0.050000
v 0.096905 -0.242005 0.050000
v 0.067931 -0.279391 0.050000
v 0.036095 -0.314597 0.050000
v 0.001635 -0.347229 0.050000
v -0.035215 -0.376896 0.050000
v -0.074217 -0.403206 0.050000
v -0.134217 -0.331206 0.050000
v -0.003767 -0.010975 0.050000
v 0.004060 -0.010271 0.050000
v 0.012219 -0.009081 0.050000
v 0.020670 -0.007391 0.050000
v 0.029372 -0.005187 0.050000
v 0.038281 -0.002456 0.050000
v 0.047359 0.000817 0.050000
v 0.056560 0.004646 0.050000
v 0.065845 0.009044 0.050000
v 0.075171 0.014025 0.050000
v 0.084497 0.019604 0.050000
v 0.093782 0.025794 0.050000
v 0.094931 0.031593 0.050000
v 0.095889 0.037021 0.050000
v 0.096673 0.042122 0.050000
v 0.097301 0.046942 0.050000
v 0.097791 0.051526 0.050000
v 0.098157 0.055919 0.050000
v 0.098422 0.060166 0.050000
v 0.098598 0.064313 0.050000
v 0.098705 0.068403 0.050000
v 0.098760 0.072484 0.050000
v 0.098780 0.076599 0.050000
v 0.098783 0.080794 0.050000
v 0.097743 0.097079 0.050000
v 0.094713 0.112822 0.050000
v 0.089829 0.127856 0.050000
v 0.083227 0.142016 0.050000
v 0.075041 0.155134 0.050000
v 0.065408 0.167044 0.050000
v 0.054461 0.177579 0.050000
v 0.042337 0.186572 0.050000
v 0.029172 0.193857 0.050000
v 0.015101 0.199266 0.050000
v 0.000260 0.202634 0.050000
v -0.015217 0.203794 0.050000
v -0.031076 0.202872 0.050000
v -0.046083 0.200169 0.050000
v -0.060140 0.195778 0.050000
v -0.073143 0.189794 0.050000
v -0.084995 0.182310 0.050000
v -0.095592 0.173419 0.050000
v -0.104836 0.163216 0.050000
v -0.112626 0.151794 0.050000
v -0.118858 0.139247 0.050000
v -0.123435 0.125669 0.050000
v -0.126256 0.111153 0.050000
v -0.127217 0.095794 0.050000
v -0.126157 0.081295 0.050000
v -0.123069 0.067382 0.050000
v -0.118093 0.054185 0.050000
v -0.111366 0.041831 0.050000
v -0.103028 0.030450 0.050000
v -0.093218 0.020169 0.050000
v -0.082074 0.011118 0.050000
v -0.069736 0.003424 0.050000
v -0.056344 -0.002784 0.050000
v -0.042032 -0.007377 0.050000
v -0.026944 -0.010227 0.050000
v -0.011218 -0.011206 0.050000
v -0.106329 -0.312056 -0.050000
v -0.080199 -0.292174 -0.050000
v -0.055873 -0.271659 -0.050000
v -0.033402 -0.250613 -0.050000
v -0.012835 -0.229137 -0.050000
v 0.005783 -0.207331 -0.050000
v 0.022399 -0.185296 -0.050000
v 0.036968 -0.163132 -0.050000
v 0.049438 -0.140940 -0.050000
v 0.059763 -0.118822 -0.050000
v 0.067895 -0.096877 -0.050000
v 0.073782 -0.075206 -0.050000
v 0.066082 -0.079558 -0.050000
v 0.058013 -0.083604 -0.050000
v 0.049626 -0.087331 -0.050000
v 0.040967 -0.090724 -0.050000
v 0.032087 -0.093771 -0.050000
v 0.023033 -0.096456 -0.050000
v 0.013854 -0.098766 -0.050000
v 0.004598 -0.100687 -0.050000
v -0.004686 -0.102206 -0.050000
v -0.013948 -0.103308 -0.050000
v -0.023142 -0.103979 -0.050000
v -0.032218 -0.104206 -0.050000
v -0.058702 -0.102410 -0.050000
v -0.084014 -0.097174 -0.050000
v -0.107936 -0.088722 -0.050000
v -0.130255 -0.077280 -0.050000
v -0.150753 -0.063075 -0.050000
v -0.169218 -0.046331 -0.050000
v -0.185432 -0.027275 -0.050000
v -0.199182 -0.006132 -0.050000
v -0.210249 0.016872 -0.050000
v -0.218421 0.041512 -0.050000
v -0.223484 0.067561 -0.050000
v -0.225217 0.094794 -0.050000
v -0.223531 0.119986 -0.050000
v -0.218560 0.144826 -0.050000
v -0.210436 0.168966 -0.050000
v -0.199291 0.192053 -0.050000
v -0.185257 0.213738 -0.050000
v -0.168468 0.233669 -0.050000
v -0.149052 0.251496 -0.050000
v -0.127143 0.266868 -0.050000
v -0.102873 0.279435 -0.050000
v -0.076375 0.288845 -0.050000
v -0.047780 0.294748 -0.050000
v -0.017217 0.296794 -0.050000
v 0.013521 0.294626 -0.050000
v 0.042607 0.288280 -0.050000
v 0.069845 0.277997 -0.050000
v 0.095042 0.264016 -0.050000
v 0.118002 0.246577 -0.050000
v 0.138533 0.225919 -0.050000
v 0.156438 0.202282 -0.050000
v 0.171524 0.175905 -0.050000
v 0.183595 0.147028 -0.050000
v 0.192459 0.115891 -0.050000
v 0.197918 0.082733 -0.050000
v 0.199783 0.047794 -0.050000
v 0.197447 0.006130 -0.050000
v 0.190598 -0.036099 -0.050000
v 0.179470 -0.078503 -0.050000
v 0.164300 -0.120687 -0.050000
v 0.145327 -0.162261 -0.050000
v 0.122783 -0.202831 -0.050000
v 0.096905 -0.242005 -0.050000
v 0.067931 -0.279391 -0.050000
v 0.036095 -0.314597 -0.050000
v 0.001635 -0.347229 -0.050000
v -0.035215 -0.376896 -0.050000
v -0.074217 -0.403206 -0.050000
v -0.134217 -0.331206 -0.050000
v -0.003767 -0.010975 -0.050000
v 0.004060 -0.010271 -0.050000
v 0.012219 -0.009081 -0.050000
v 0.020670 -0.007391 -0.050000
v 0.029372 -0.005187 -0.050000
v 0.038281 -0.002456 -0.050000
v 0.047359 0.000817 -0.050000
v 0.056560 0.004646 -0.050000
v 0.065845 0.009044 -0.050000
v 0.075171 0.014025 -0.050000
v 0.084497 0.019604 -0.050000
v 0.093782 0.025794 -0.050000
v 0.094931 0.031593 -0.050000
v 0.095889 0.037021 -0.050000
v 0.096673 0.042122 -0.050000
v 0.097301 0.046942 -0.050000
v 0.097791 0.051526 -0.050000
v 0.098157 0.055919 -0.050000
v 0.098422 0.060166 -0.050000
v 0.098598 0.064313 -0.050000
v 0.098705 0.068403 -0.050000
v 0.098760 0.072484 -0.050000
v 0.098780 0.076599 -0.050000
v 0.098783 0.080794 -0.050000
v 0.097743 0.097079 -0.050000
v 0.094713 0.112822 -0.050000
v 0.089829 0.127856 -0.050000
v 0.083227 0.142016 -0.050000
v 0.075041 0.155134 -0.050000
v 0.065408 0.167044 -0.050000
v 0.054461 0.177579 -0.050000
v 0.042337 0.186572 -0.050000
v 0.029172 0.193857 -0.050000
v 0.015101 0.199266 -0.050000
v 0.000260 0.202634 -0.050000
v -0.015217 0.203794 -0.050000
v -0.031076 0.202872 -0.050000
v -0.046083 0.200169 -0.050000
v -0.060140 0.195778 -0.050000
v -0.073143 0.189794 -0.050000
v -0.084995 0.182310 -0.050000
v -0.095592 0.173419 -0.050000
v -0.104836 0.163216 -0.050000
v -0.112626 0.151794 -0.050000
v -0.118858 0.139247 -0.050000
v -0.123435 0.125669 -0.050000
v -0.126256 0.111153 -0.050000
v -0.127217 0.095794 -0.050000
v -0.126157 0.081295 -0.050000
v -0.123069 0.067382 -0.050000
v -0.118093 0.054185 -0.050000
v -0.111366 0.041831 -0.050000
v -0.103028 0.030450 -0.050000
v -0.093218 0.020169 -0.050000
v -0.082074 0.011118 -0.050000
v -0.069736 0.003424 -0.050000
v -0.056344 -0.002784 -0.050000
v -0.042032 -0.007377 -0.050000
v -0.026944 -0.010227 -0.050000
v -0.011218 -0.011206 -0.050000
v -0.106329 -0.312056 -0.050000
v -0.108141 -0.309551 -0.049511
v -0.109775 -0.307292 -0.048090
v -0.111072 -0.305498 -0.045878
v -0.111904 -0.304347 -0.043090
v -0.112191 -0.303950 -0.040000
v -0.112191 -0.303950 0.040000
v -0.111904 -0.304347 0.043090
v -0.111072 -0.305498 0.045878
v -0.109775 -0.307292 0.048090
v -0.108141 -0.309551 0.049511
v -0.106329 -0.312056 0.050000
v -0.080199 -0.292174 -0.050000
v -0.082132 -0.289761 -0.049511
v -0.083875 -0.287585 -0.048090
v -0.085259 -0.285858 -0.045878
v -0.086148 -0.284749 -0.043090
v -0.086454 -0.284367 -0.040000
v -0.086454 -0.284367 0.040000
v -0.086148 -0.284749 0.043090
v -0.085259 -0.285858 0.045878
v -0.083875 -0.287585 0.048090
v -0.082132 -0.289761 0.049511
v -0.080199 -0.292174 0.050000
v -0.055873 -0.271659 -0.050000
v -0.057927 -0.269349 -0.049511
v -0.059781 -0.267264 -0.048090
v -0.061250 -0.265610 -0.045878
v -0.062194 -0.264548 -0.043090
v -0.062520 -0.264182 -0.040000
v -0.062520 -0.264182 0.040000
v -0.062194 -0.264548 0.043090
v -0.061250 -0.265610 0.045878
v -0.059781 -0.267264 0.048090
v -0.057927 -0.269349 0.049511
v -0.055873 -0.271659 0.050000
v -0.033402 -0.250613 -0.050000
v -0.035576 -0.248415 -0.049511
v -0.037538 -0.246432 -0.048090
v -0.039093 -0.244859 -0.045878
v -0.040092 -0.243849 -0.043090
v -0.040437 -0.243500 -0.040000
v -0.040437 -0.243500 0.040000
v -0.040092 -0.243849 0.043090
v -0.039093 -0.244859 0.045878
v -0.037538 -0.246432 0.048090
v -0.035576 -0.248415 0.049511
v -0.033402 -0.250613 0.050000
v -0.012835 -0.229137 -0.050000
v -0.015127 -0.227064 -0.049511
v -0.017195 -0.225193 -0.048090
v -0.018837 -0.223708 -0.045878
v -0.019891 -0.222755 -0.043090
v -0.020254 -0.222427 -0.040000
v -0.020254 -0.222427 0.040000
v -0.019891 -0.222755 0.043090
v -0.018837 -0.223708 0.045878
v -0.017195 -0.225193 0.048090
v -0.015127 -0.227064 0.049511
v -0.012835 -0.229137 0.050000
v 0.005783 -0.207331 -0.050000
v 0.003372 -0.205396 -0.049511
v 0.001197 -0.203650 -0.048090
v -0.000529 -0.202264 -0.045878
v -0.001637 -0.201375 -0.043090
v -0.002019 -0.201068 -0.040000
v -0.002019 -0.201068 0.040000
v -0.001637 -0.201375 0.043090
v -0.000529 -0.202264 0.045878
v 0.001197 -0.203650 0.048090
v 0.003372 -0.205396 0.049511
v 0.005783 -0.207331 0.050000
v 0.022399 -0.185296 -0.050000
v 0.019872 -0.183515 -0.049511
v 0.017591 -0.181908 -0.048090
v 0.015781 -0.180633 -0.045878
v 0.014621 -0.179815 -0.043090
v 0.014221 -0.179533 -0.040000
v 0.014221 -0.179533 0.040000
v 0.014621 -0.179815 0.043090
v 0.015781 -0.180633 0.045878
v 0.017591 -0.181908 0.048090
v 0.019872 -0.183515 0.049511
v 0.022399 -0.185296 0.050000
v 0.036968 -0.163132 -0.050000
v 0.034327 -0.161524 -0.049511
v 0.031944 -0.160074 -0.048090
v 0.030053 -0.158923 -0.045878
v 0.028839 -0.158184 -0.043090
v 0.028420 -0.157930 -0.040000
v 0.028420 -0.157930 0.040000
v 0.028839 -0.158184 0.043090
v 0.030053 -0.158923 0.045878
v 0.031944 -0.160074 0.048090
v 0.034327 -0.161524 0.049511
v 0.036968 -0.163132 0.050000
v 0.049438 -0.140940 -0.050000
v 0.046688 -0.139528 -0.049511
v 0.044207 -0.138254 -0.048090
v 0.042237 -0.137242 -0.045878
v 0.040973 -0.136593 -0.043090
v 0.040536 -0.136369 -0.040000
v 0.040536 -0.136369 0.040000
v 0.040973 -0.136593 0.043090
v 0.042237 -0.137242 0.045878
v 0.044207 -0.138254 0.048090
v 0.046688 -0.139528 0.049511
v 0.049438 -0.140940 0.050000
v 0.059763 -0.118822 -0.050000
v 0.056911 -0.117629 -0.049511
v 0.054337 -0.116554 -0.048090
v 0.052293 -0.115700 -0.045878
v 0.050982 -0.115152 -0.043090
v 0.050529 -0.114963 -0.040000
v 0.050529 -0.114963 0.040000
v 0.050982 -0.115152 0.043090
v 0.052293 -0.115700 0.045878
v 0.054337 -0.116554 0.048090
v 0.056911 -0.117629 0.049511
v 0.059763 -0.118822 0.050000
v 0.067895 -0.096877 -0.050000
v 0.064950 -0.095933 -0.049511
v 0.062292 -0.095082 -0.048090
v 0.060183 -0.094406 -0.045878
v 0.058829 -0.093972 -0.043090
v 0.058362 -0.093823 -0.040000
v 0.058362 -0.093823 0.040000
v 0.058829 -0.093972 0.043090
v 0.060183 -0.094406 0.045878
v 0.062292 -0.095082 0.048090
v 0.064950 -0.095933 0.049511
v 0.067895 -0.096877 0.050000
v 0.073782 -0.075206 -0.050000
v 0.068861 -0.081537 -0.049511
v 0.064420 -0.087249 -0.048090
v 0.060895 -0.091781 -0.045878
v 0.058634 -0.094692 -0.043090
v 0.057854 -0.095694 -0.040000
v 0.057854 -0.095694 0.040000
v 0.058634 -0.094692 0.043090
v 0.060895 -0.091781 0.045878
v 0.064420 -0.087249 0.048090
v 0.068861 -0.081537 0.049511
v 0.073782 -0.075206 0.050000
v 0.066082 -0.079558 -0.050000
v 0.067535 -0.082286 -0.049511
v 0.068848 -0.084747 -0.048090
v 0.069888 -0.086700 -0.045878
v 0.070557 -0.087954 -0.043090
v 0.070786 -0.088386 -0.040000
v 0.070786 -0.088386 0.040000
v 0.070557 -0.087954 0.043090
v 0.069888 -0.086700 0.045878
v 0.068848 -0.084747 0.048090
v 0.067535 -0.082286 0.049511
v 0.066082 -0.079558 0.050000
v 0.058013 -0.083604 -0.050000
v 0.059335 -0.086399 -0.049511
v 0.060525 -0.088920 -0.048090
v 0.061471 -0.090921 -0.045878
v 0.062078 -0.092205 -0.043090
v 0.062288 -0.092648 -0.040000
v 0.062288 -0.092648 0.040000
v 0.062078 -0.092205 0.043090
v 0.061471 -0.090921 0.045878
v 0.060525 -0.088920 0.048090
v 0.059335 -0.086399 0.049511
v 0.058013 -0.083604 0.050000
v 0.049626 -0.087331 -0.050000
v 0.050817 -0.090183 -0.049511
v 0.051893 -0.092756 -0.048090
v 0.052746 -0.094797 -0.045878
v 0.053294 -0.096108 -0.043090
v 0.053483 -0.096560 -0.040000
v 0.053483 -0.096560 0.040000
v 0.053294 -0.096108 0.043090
v 0.052746 -0.094797 0.045878
v 0.051893 -0.092756 0.048090
v 0.050817 -0.090183 0.049511
v 0.049626 -0.087331 0.050000
v 0.040967 -0.090724 -0.050000
v 0.042034 -0.093626 -0.049511
v 0.042994 -0.096243 -0.048090
v 0.043757 -0.098320 -0.045878
v 0.044248 -0.099654 -0.043090
v 0.044416 -0.100114 -0.040000
v 0.044416 -0.100114 0.040000
v 0.044248 -0.099654 0.043090
v 0.043757 -0.098320 0.045878
v 0.042994 -0.096243 0.048090
v 0.042034 -0.093626 0.049511
v 0.040967 -0.090724 0.050000
v 0.032087 -0.093771 -0.050000
v 0.033029 -0.096715 -0.049511
v 0.033876 -0.099371 -0.048090
v 0.034551 -0.101479 -0.045878
v 0.034984 -0.102832 -0.043090
v 0.035132 -0.103298 -0.040000
v 0.035132 -0.103298 0.040000
v 0.034984 -0.102832 0.043090
v 0.034551 -0.101479 0.045878
v 0.033876 -0.099371 0.048090
v 0.033029 -0.096715 0.049511
v 0.032087 -0.093771 0.050000
v 0.023033 -0.096456 -0.050000
v 0.023849 -0.099437 -0.049511
v 0.024587 -0.102126 -0.048090
v 0.025171 -0.104260 -0.045878
v 0.025547 -0.105630 -0.043090
v 0.025676 -0.106103 -0.040000
v 0.025676 -0.106103 0.040000
v 0.025547 -0.105630 0.043090
v 0.025171 -0.104260 0.045878
v 0.024587 -0.102126 0.048090
v 0.023849 -0.099437 0.049511
v 0.023033 -0.096456 0.050000
v 0.013854 -0.098766 -0.050000
v 0.014544 -0.101779 -0.049511
v 0.015169 -0.104496 -0.048090
v 0.015664 -0.106653 -0.045878
v 0.015982 -0.108038 -0.043090
v 0.016091 -0.108515 -0.040000
v 0.016091 -0.108515 0.040000
v 0.015982 -0.108038 0.043090
v 0.015664 -0.106653 0.045878
v 0.015169 -0.104496 0.048090
v 0.014544 -0.101779 0.049511
v 0.013854 -0.098766 0.050000
v 0.004598 -0.100687 -0.050000
v 0.005161 -0.103726 -0.049511
v 0.005670 -0.106468 -0.048090
v 0.006073 -0.108644 -0.045878
v 0.006331 -0.110041 -0.043090
v 0.006422 -0.110522 -0.040000
v 0.006422 -0.110522 0.040000
v 0.006331 -0.110041 0.043090
v 0.006073 -0.108644 0.045878
v 0.005670 -0.106468 0.048090
v 0.005161 -0.103726 0.049511
v 0.004598 -0.100687 0.050000
v -0.004686 -0.102206 -0.050000
v -0.004254 -0.105267 -0.049511
v -0.003864 -0.108028 -0.048090
v -0.003554 -0.110219 -0.045878
v -0.003356 -0.111625 -0.043090
v -0.003287 -0.112110 -0.040000
v -0.003287 -0.112110 0.040000
v -0.003356 -0.111625 0.043090
v -0.003554 -0.110219 0.045878
v -0.003864 -0.108028 0.048090
v -0.004254 -0.105267 0.049511
v -0.004686 -0.102206 0.050000
v -0.013948 -0.103308 -0.050000
v -0.013653 -0.106385 -0.049511
v -0.013387 -0.109160 -0.048090
v -0.013175 -0.111363 -0.045878
v -0.013041 -0.112777 -0.043090
v -0.012993 -0.113265 -0.040000
v -0.012993 -0.113265 0.040000
v -0.013041 -0.112777 0.043090
v -0.013175 -0.111363 0.045878
v -0.013387 -0.109160 0.048090
v -0.013653 -0.106385 0.049511
v -0.013948 -0.103308 0.050000
v -0.023142 -0.103979 -0.050000
v -0.022991 -0.107066 -0.049511
v -0.022854 -0.109852 -0.048090
v -0.022747 -0.112062 -0.045878
v -0.022676 -0.113481 -0.043090
v -0.022654 -0.113970 -0.040000
v -0.022654 -0.113970 0.040000
v -0.022676 -0.113481 0.043090
v -0.022747 -0.112062 0.045878
v -0.022854 -0.109852 0.048090
v -0.022991 -0.107066 0.049511
v -0.023142 -0.103979 0.050000
v -0.032218 -0.104206 -0.050000
v -0.032283 -0.107299 -0.049511
v -0.032342 -0.110089 -0.048090
v -0.032391 -0.112303 -0.045878
v -0.032420 -0.113725 -0.043090
v -0.032431 -0.114214 -0.040000
v -0.032431 -0.114214 0.040000
v -0.032420 -0.113725 0.043090
v -0.032391 -0.112303 0.045878
v -0.032342 -0.110089 0.048090
v -0.032283 -0.107299 0.049511
v -0.032218 -0.104206 0.050000
v -0.058702 -0.102410 -0.050000
v -0.059123 -0.105479 -0.049511
v -0.059500 -0.108247 -0.048090
v -0.059802 -0.110445 -0.045878
v -0.059994 -0.111855 -0.043090
v -0.060061 -0.112341 -0.040000
v -0.060061 -0.112341 0.040000
v -0.059994 -0.111855 0.043090
v -0.059802 -0.110445 0.045878
v -0.059500 -0.108247 0.048090
v -0.059123 -0.105479 0.049511
v -0.058702 -0.102410 0.050000
v -0.084014 -0.097174 -0.050000
v -0.084846 -0.100157 -0.049511
v -0.085597 -0.102849 -0.048090
v -0.086191 -0.104985 -0.045878
v -0.086573 -0.106356 -0.043090
v -0.086705 -0.106829 -0.040000
v -0.086705 -0.106829 0.040000
v -0.086573 -0.106356 0.043090
v -0.086191 -0.104985 0.045878
v -0.085597 -0.102849 0.048090
v -0.084846 -0.100157 0.049511
v -0.084014 -0.097174 0.050000
v -0.107936 -0.088722 -0.050000
v -0.109161 -0.091566 -0.049511
v -0.110267 -0.094132 -0.048090
v -0.111144 -0.096169 -0.045878
v -0.111707 -0.097476 -0.043090
v -0.111901 -0.097927 -0.040000
v -0.111901 -0.097927 0.040000
v -0.111707 -0.097476 0.043090
v -0.111144 -0.096169 0.045878
v -0.110267 -0.094132 0.048090
v -0.109161 -0.091566 0.049511
v -0.107936 -0.088722 0.050000
v -0.130255 -0.077280 -0.050000
v -0.131846 -0.079937 -0.049511
v -0.133283 -0.082333 -0.048090
v -0.134422 -0.084235 -0.045878
v -0.135154 -0.085456 -0.043090
v -0.135406 -0.085877 -0.040000
v -0.135406 -0.085877 0.040000
v -0.135154 -0.085456 0.043090
v -0.134422 -0.084235 0.045878
v -0.133283 -0.082333 0.048090
v -0.131846 -0.079937 0.049511
v -0.130255 -0.077280 0.050000
v -0.150753 -0.063075 -0.050000
v -0.152679 -0.065499 -0.049511
v -0.154418 -0.067687 -0.048090
v -0.155797 -0.069423 -0.045878
v -0.156682 -0.070537 -0.043090
v -0.156987 -0.070922 -0.040000
v -0.156987 -0.070922 0.040000
v -0.156682 -0.070537 0.043090
v -0.155797 -0.069423 0.045878
v -0.154418 -0.067687 0.048090
v -0.152679 -0.065499 0.049511
v -0.150753 -0.063075 0.050000
v -0.169218 -0.046331 -0.050000
v -0.171442 -0.048486 -0.049511
v -0.173449 -0.050430 -0.048090
v -0.175040 -0.051972 -0.045878
v -0.176063 -0.052963 -0.043090
v -0.176414 -0.053304 -0.040000
v -0.176414 -0.053304 0.040000
v -0.176063 -0.052963 0.043090
v -0.175040 -0.051972 0.045878
v -0.173449 -0.050430 0.048090
v -0.171442 -0.048486 0.049511
v -0.169218 -0.046331 0.050000
v -0.185432 -0.027275 -0.050000
v -0.187914 -0.029126 -0.049511
v -0.190155 -0.030796 -0.048090
v -0.191931 -0.032121 -0.045878
v -0.193072 -0.032972 -0.043090
v -0.193465 -0.033265 -0.040000
v -0.193465 -0.033265 0.040000
v -0.193072 -0.032972 0.043090
v -0.191931 -0.032121 0.045878
v -0.190155 -0.030796 0.048090
v -0.187914 -0.029126 0.049511
v -0.185432 -0.027275 0.050000
v -0.199182 -0.006132 -0.050000
v -0.201880 -0.007650 -0.049511
v -0.204314 -0.009020 -0.048090
v -0.206246 -0.010107 -0.045878
v -0.207486 -0.010805 -0.043090
v -0.207914 -0.011046 -0.040000
v -0.207914 -0.011046 0.040000
v -0.207486 -0.010805 0.043090
v -0.206246 -0.010107 0.045878
v -0.204314 -0.009020 0.048090
v -0.201880 -0.007650 0.049511
v -0.199182 -0.006132 0.050000
v -0.210249 0.016872 -0.050000
v -0.213120 0.015711 -0.049511
v -0.215709 0.014664 -0.048090
v -0.217764 0.013832 -0.045878
v -0.219084 0.013299 -0.043090
v -0.219538 0.013115 -0.040000
v -0.219538 0.013115 0.040000
v -0.219084 0.013299 0.043090
v -0.217764 0.013832 0.045878
v -0.215709 0.014664 0.048090
v -0.213120 0.015711 0.049511
v -0.210249 0.016872 0.050000
v -0.218421 0.041512 -0.050000
v -0.221417 0.040727 -0.049511
v -0.224119 0.040020 -0.048090
v -0.226264 0.039458 -0.045878
v -0.227642 0.039098 -0.043090
v -0.228116 0.038973 -0.040000
v -0.228116 0.038973 0.040000
v -0.227642 0.039098 0.043090
v -0.226264 0.039458 0.045878
v -0.224119 0.040020 0.048090
v -0.221417 0.040727 0.049511
v -0.218421 0.041512 0.050000
v -0.223484 0.067561 -0.050000
v -0.226554 0.067166 -0.049511
v -0.229324 0.066810 -0.048090
v -0.231524 0.066528 -0.045878
v -0.232935 0.066347 -0.043090
v -0.233421 0.066284 -0.040000
v -0.233421 0.066284 0.040000
v -0.232935 0.066347 0.043090
v -0.231524 0.066528 0.045878
v -0.229324 0.066810 0.048090
v -0.226554 0.067166 0.049511
v -0.223484 0.067561 0.050000
v -0.225217 0.094794 -0.050000
v -0.228314 0.094799 -0.049511
v -0.231108 0.094804 -0.048090
v -0.233325 0.094807 -0.045878
v -0.234748 0.094809 -0.043090
v -0.235239 0.094810 -0.040000
v -0.235239 0.094810 0.040000
v -0.234748 0.094809 0.043090
v -0.233325 0.094807 0.045878
v -0.231108 0.094804 0.048090
v -0.228314 0.094799 0.049511
v -0.225217 0.094794 0.050000
v -0.223531 0.119986 -0.050000
v -0.226601 0.120394 -0.049511
v -0.229371 0.120762 -0.048090
v -0.231567 0.121054 -0.045878
v -0.232978 0.121242 -0.043090
v -0.233465 0.121306 -0.040000
v -0.233465 0.121306 0.040000
v -0.232978 0.121242 0.043090
v -0.231567 0.121054 0.045878
v -0.229371 0.120762 0.048090
v -0.226601 0.120394 0.049511
v -0.223531 0.119986 0.050000
v -0.218560 0.144826 -0.050000
v -0.221551 0.145626 -0.049511
v -0.224250 0.146347 -0.048090
v -0.226392 0.146919 -0.045878
v -0.227767 0.147286 -0.043090
v -0.228240 0.147413 -0.040000
v -0.228240 0.147413 0.040000
v -0.227767 0.147286 0.043090
v -0.226392 0.146919 0.045878
v -0.224250 0.146347 0.048090
v -0.221551 0.145626 0.049511
v -0.218560 0.144826 0.050000
v -0.210436 0.168966 -0.050000
v -0.213304 0.170135 -0.049511
v -0.215889 0.171190 -0.048090
v -0.217942 0.172027 -0.045878
v -0.219260 0.172564 -0.043090
v -0.219714 0.172749 -0.040000
v -0.219714 0.172749 0.040000
v -0.219260 0.172564 0.043090
v -0.217942 0.172027 0.045878
v -0.215889 0.171190 0.048090
v -0.213304 0.170135 0.049511
v -0.210436 0.168966 0.050000
v -0.199291 0.192053 -0.050000
v -0.201990 0.193570 -0.049511
v -0.204425 0.194939 -0.048090
v -0.206357 0.196025 -0.045878
v -0.207598 0.196722 -0.043090
v -0.208025 0.196963 -0.040000
v -0.208025 0.196963 0.040000
v -0.207598 0.196722 0.043090
v -0.206357 0.196025 0.045878
v -0.204425 0.194939 0.048090
v -0.201990 0.193570 0.049511
v -0.199291 0.192053 0.050000
v -0.185257 0.213738 -0.050000
v -0.187747 0.215580 -0.049511
v -0.189991 0.217242 -0.048090
v -0.191773 0.218561 -0.045878
v -0.192916 0.219408 -0.043090
v -0.193311 0.219699 -0.040000
v -0.193311 0.219699 0.040000
v -0.192916 0.219408 0.043090
v -0.191773 0.218561 0.045878
v -0.189991 0.217242 0.048090
v -0.187747 0.215580 0.049511
v -0.185257 0.213738 0.050000
v -0.168468 0.233669 -0.050000
v -0.170703 0.235811 -0.049511
v -0.172720 0.237744 -0.048090
v -0.174320 0.239278 -0.045878
v -0.175348 0.240262 -0.043090
v -0.175703 0.240602 -0.040000
v -0.175703 0.240602 0.040000
v -0.175348 0.240262 0.043090
v -0.174320 0.239278 0.045878
v -0.172720 0.237744 0.048090
v -0.170703 0.235811 0.049511
v -0.168468 0.233669 0.050000
v -0.149052 0.251496 -0.050000
v -0.150992 0.253909 -0.049511
v -0.152743 0.256086 -0.048090
v -0.154132 0.257814 -0.045878
v -0.155025 0.258923 -0.043090
v -0.155333 0.259305 -0.040000
v -0.155333 0.259305 0.040000
v -0.155025 0.258923 0.043090
v -0.154132 0.257814 0.045878
v -0.152743 0.256086 0.048090
v -0.150992 0.253909 0.049511
v -0.149052 0.251496 0.050000
v -0.127143 0.266868 -0.050000
v -0.128748 0.269517 -0.049511
v -0.130197 0.271906 -0.048090
v -0.131345 0.273803 -0.045878
v -0.132083 0.275020 -0.043090
v -0.132338 0.275440 -0.040000
v -0.132338 0.275440 0.040000
v -0.132083 0.275020 0.043090
v -0.131345 0.273803 0.045878
v -0.130197 0.271906 0.048090
v -0.128748 0.269517 0.049511
v -0.127143 0.266868 0.050000
v -0.102873 0.279435 -0.050000
v -0.104106 0.282276 -0.049511
v -0.105219 0.284839 -0.048090
v -0.106102 0.286873 -0.045878
v -0.106669 0.288179 -0.043090
v -0.106864 0.288629 -0.040000
v -0.106864 0.288629 0.040000
v -0.106669 0.288179 0.043090
v -0.106102 0.286873 0.045878
v -0.105219 0.284839 0.048090
v -0.104106 0.282276 0.049511
v -0.102873 0.279435 0.050000
v -0.076375 0.288845 -0.050000
v -0.077209 0.291828 -0.049511
v -0.077960 0.294520 -0.048090
v -0.078557 0.296655 -0.045878
v -0.078939 0.298027 -0.043090
v -0.079072 0.298499 -0.040000
v -0.079072 0.298499 0.040000
v -0.078939 0.298027 0.043090
v -0.078557 0.296655 0.045878
v -0.077960 0.294520 0.048090
v -0.077209 0.291828 0.049511
v -0.076375 0.288845 0.050000
v -0.047780 0.294748 -0.050000
v -0.048196 0.297818 -0.049511
v -0.048573 0.300586 -0.048090
v -0.048872 0.302783 -0.045878
v -0.049064 0.304194 -0.043090
v -0.049130 0.304680 -0.040000
v -0.049130 0.304680 0.040000
v -0.049064 0.304194 0.043090
v -0.048872 0.302783 0.045878
v -0.048573 0.300586 0.048090
v -0.048196 0.297818 0.049511
v -0.047780 0.294748 0.050000
v -0.017217 0.296794 -0.050000
v -0.017211 0.299892 -0.049511
v -0.017207 0.302686 -0.048090
v -0.017202 0.304903 -0.045878
v -0.017200 0.306327 -0.043090
v -0.017200 0.306818 -0.040000
v -0.017200 0.306818 0.040000
v -0.017200 0.306327 0.043090
v -0.017202 0.304903 0.045878
v -0.017207 0.302686 0.048090
v -0.017211 0.299892 0.049511
v -0.017217 0.296794 0.050000
v 0.013521 0.294626 -0.050000
v 0.013961 0.297692 -0.049511
v 0.014359 0.300459 -0.048090
v 0.014674 0.302655 -0.045878
v 0.014875 0.304064 -0.043090
v 0.014946 0.304550 -0.040000
v 0.014946 0.304550 0.040000
v 0.014875 0.304064 0.043090
v 0.014674 0.302655 0.045878
v 0.014359 0.300459 0.048090
v 0.013961 0.297692 0.049511
v 0.013521 0.294626 0.050000
v 0.042607 0.288280 -0.050000
v 0.043487 0.291251 -0.049511
v 0.044280 0.293931 -0.048090
v 0.044909 0.296058 -0.045878
v 0.045314 0.297424 -0.043090
v 0.045454 0.297894 -0.040000
v 0.045454 0.297894 0.040000
v 0.045314 0.297424 0.043090
v 0.044909 0.296058 0.045878
v 0.044280 0.293931 0.048090
v 0.043487 0.291251 0.049511
v 0.042607 0.288280 0.050000
v 0.069845 0.277997 -0.050000
v 0.071147 0.280809 -0.049511
v 0.072321 0.283345 -0.048090
v 0.073255 0.285358 -0.045878
v 0.073853 0.286650 -0.043090
v 0.074059 0.287095 -0.040000
v 0.074059 0.287095 0.040000
v 0.073853 0.286650 0.043090
v 0.073255 0.285358 0.045878
v 0.072321 0.283345 0.048090
v 0.071147 0.280809 0.049511
v 0.069845 0.277997 0.050000
v 0.095042 0.264016 -0.050000
v 0.096735 0.266611 -0.049511
v 0.098262 0.268952 -0.048090
v 0.099473 0.270809 -0.045878
v 0.100252 0.272002 -0.043090
v 0.100520 0.272413 -0.040000
v 0.100520 0.272413 0.040000
v 0.100252 0.272002 0.043090
v 0.099473 0.270809 0.045878
v 0.098262 0.268952 0.048090
v 0.096735 0.266611 0.049511
v 0.095042 0.264016 0.050000
v 0.118002 0.246577 -0.050000
v 0.120043 0.248908 -0.049511
v 0.121882 0.251010 -0.048090
v 0.123343 0.252679 -0.045878
v 0.124281 0.253750 -0.043090
v 0.124605 0.254120 -0.040000
v 0.124605 0.254120 0.040000
v 0.124281 0.253750 0.043090
v 0.123343 0.252679 0.045878
v 0.121882 0.251010 0.048090
v 0.120043 0.248908 0.049511
v 0.118002 0.246577 0.050000
v 0.138533 0.225919 -0.050000
v 0.140871 0.227950 -0.049511
v 0.142980 0.229783 -0.048090
v 0.144654 0.231237 -0.045878
v 0.145728 0.232170 -0.043090
v 0.146099 0.232492 -0.040000
v 0.146099 0.232492 0.040000
v 0.145728 0.232170 0.043090
v 0.144654 0.231237 0.045878
v 0.142980 0.229783 0.048090
v 0.140871 0.227950 0.049511
v 0.138533 0.225919 0.050000
v 0.156438 0.202282 -0.050000
v 0.159020 0.203989 -0.049511
v 0.161352 0.205529 -0.048090
v 0.163202 0.206751 -0.045878
v 0.164389 0.207536 -0.043090
v 0.164798 0.207806 -0.040000
v 0.164798 0.207806 0.040000
v 0.164389 0.207536 0.043090
v 0.163202 0.206751 0.045878
v 0.161352 0.205529 0.048090
v 0.159020 0.203989 0.049511
v 0.156438 0.202282 0.050000
v 0.171524 0.175905 -0.050000
v 0.174301 0.177273 -0.049511
v 0.176806 0.178508 -0.048090
v 0.178795 0.179487 -0.045878
v 0.180070 0.180116 -0.043090
v 0.180511 0.180333 -0.040000
v 0.180511 0.180333 0.040000
v 0.180070 0.180116 0.043090
v 0.178795 0.179487 0.045878
v 0.176806 0.178508 0.048090
v 0.174301 0.177273 0.049511
v 0.171524 0.175905 0.050000
v 0.183595 0.147028 -0.050000
v 0.186517 0.148051 -0.049511
v 0.189153 0.148973 -0.048090
v 0.191245 0.149705 -0.045878
v 0.192588 0.150175 -0.043090
v 0.193049 0.150337 -0.040000
v 0.193049 0.150337 0.040000
v 0.192588 0.150175 0.043090
v 0.191245 0.149705 0.045878
v 0.189153 0.148973 0.048090
v 0.186517 0.148051 0.049511
v 0.183595 0.147028 0.050000
v 0.192459 0.115891 -0.050000
v 0.195478 0.116568 -0.049511
v 0.198204 0.117178 -0.048090
v 0.200366 0.117662 -0.045878
v 0.201755 0.117973 -0.043090
v 0.202233 0.118080 -0.040000
v 0.202233 0.118080 0.040000
v 0.201755 0.117973 0.043090
v 0.200366 0.117662 0.045878
v 0.198204 0.117178 0.048090
v 0.195478 0.116568 0.049511
v 0.192459 0.115891 0.050000
v 0.197918 0.082733 -0.050000
v 0.200995 0.083068 -0.049511
v 0.203772 0.083369 -0.048090
v 0.205975 0.083609 -0.045878
v 0.207387 0.083762 -0.043090
v 0.207876 0.083815 -0.040000
v 0.207876 0.083815 0.040000
v 0.207387 0.083762 0.043090
v 0.205975 0.083609 0.045878
v 0.203772 0.083369 0.048090
v 0.200995 0.083068 0.049511
v 0.197918 0.082733 0.050000
v 0.199783 0.047794 -0.050000
v 0.202878 0.047790 -0.049511
v 0.205668 0.047786 -0.048090
v 0.207885 0.047783 -0.045878
v 0.209308 0.047781 -0.043090
v 0.209798 0.047780 -0.040000
v 0.209798 0.047780 0.040000
v 0.209308 0.047781 0.043090
v 0.207885 0.047783 0.045878
v 0.205668 0.047786 0.048090
v 0.202878 0.047790 0.049511
v 0.199783 0.047794 0.050000
v 0.197447 0.006130 -0.050000
v 0.200522 0.005795 -0.049511
v 0.203299 0.005493 -0.048090
v 0.205501 0.005254 -0.045878
v 0.206914 0.005100 -0.043090
v 0.207402 0.005047 -0.040000
v 0.207402 0.005047 0.040000
v 0.206914 0.005100 0.043090
v 0.205501 0.005254 0.045878
v 0.203299 0.005493 0.048090
v 0.200522 0.005795 0.049511
v 0.197447 0.006130 0.050000
v 0.190598 -0.036099 -0.050000
v 0.193624 -0.036741 -0.049511
v 0.196353 -0.037319 -0.048090
v 0.198521 -0.037778 -0.045878
v 0.199913 -0.038072 -0.043090
v 0.200392 -0.038174 -0.040000
v 0.200392 -0.038174 0.040000
v 0.199913 -0.038072 0.043090
v 0.198521 -0.037778 0.045878
v 0.196353 -0.037319 0.048090
v 0.193624 -0.036741 0.049511
v 0.190598 -0.036099 0.050000
v 0.179470 -0.078503 -0.050000
v 0.182424 -0.079420 -0.049511
v 0.185089 -0.080247 -0.048090
v 0.187203 -0.080903 -0.045878
v 0.188561 -0.081324 -0.043090
v 0.189030 -0.081470 -0.040000
v 0.189030 -0.081470 0.040000
v 0.188561 -0.081324 0.043090
v 0.187203 -0.080903 0.045878
v 0.185089 -0.080247 0.048090
v 0.182424 -0.079420 0.049511
v 0.179470 -0.078503 0.050000
v 0.164300 -0.120687 -0.050000
v 0.167165 -0.121854 -0.049511
v 0.169749 -0.122906 -0.048090
v 0.171800 -0.123741 -0.045878
v 0.173117 -0.124277 -0.043090
v 0.173571 -0.124462 -0.040000
v 0.173571 -0.124462 0.040000
v 0.173117 -0.124277 0.043090
v 0.171800 -0.123741 0.045878
v 0.169749 -0.122906 0.048090
v 0.167165 -0.121854 0.049511
v 0.164300 -0.120687 0.050000
v 0.145327 -0.162261 -0.050000
v 0.148087 -0.163655 -0.049511
v 0.150578 -0.164913 -0.048090
v 0.152554 -0.165911 -0.045878
v 0.153822 -0.166552 -0.043090
v 0.154260 -0.166773 -0.040000
v 0.154260 -0.166773 0.040000
v 0.153822 -0.166552 0.043090
v 0.152554 -0.165911 0.045878
v 0.150578 -0.164913 0.048090
v 0.148087 -0.163655 0.049511
v 0.145327 -0.162261 0.050000
v 0.122783 -0.202831 -0.050000
v 0.125426 -0.204435 -0.049511
v 0.127811 -0.205883 -0.048090
v 0.129704 -0.207031 -0.045878
v 0.130919 -0.207769 -0.043090
v 0.131338 -0.208023 -0.040000
v 0.131338 -0.208023 0.040000
v 0.130919 -0.207769 0.043090
v 0.129704 -0.207031 0.045878
v 0.127811 -0.205883 0.048090
v 0.125426 -0.204435 0.049511
v 0.122783 -0.202831 0.050000
v 0.096905 -0.242005 -0.050000
v 0.099419 -0.243806 -0.049511
v 0.101687 -0.245430 -0.048090
v 0.103487 -0.246719 -0.045878
v 0.104643 -0.247547 -0.043090
v 0.105041 -0.247832 -0.040000
v 0.105041 -0.247832 0.040000
v 0.104643 -0.247547 0.043090
v 0.103487 -0.246719 0.045878
v 0.101687 -0.245430 0.048090
v 0.099419 -0.243806 0.049511
v 0.096905 -0.242005 0.050000
v 0.067931 -0.279391 -0.050000
v 0.070302 -0.281377 -0.049511
v 0.072440 -0.283168 -0.048090
v 0.074137 -0.284590 -0.045878
v 0.075227 -0.285502 -0.043090
v 0.075603 -0.285817 -0.040000
v 0.075603 -0.285817 0.040000
v 0.075227 -0.285502 0.043090
v 0.074137 -0.284590 0.045878
v 0.072440 -0.283168 0.048090
v 0.070302 -0.281377 0.049511
v 0.067931 -0.279391 0.050000
v 0.036095 -0.314597 -0.050000
v 0.038307 -0.316758 -0.049511
v 0.040302 -0.318708 -0.048090
v 0.041884 -0.320255 -0.045878
v 0.042902 -0.321249 -0.043090
v 0.043252 -0.321591 -0.040000
v 0.043252 -0.321591 0.040000
v 0.042902 -0.321249 0.043090
v 0.041884 -0.320255 0.045878
v 0.040302 -0.318708 0.048090
v 0.038307 -0.316758 0.049511
v 0.036095 -0.314597 0.050000
v 0.001635 -0.347229 -0.050000
v 0.003669 -0.349558 -0.049511
v 0.005505 -0.351659 -0.048090
v 0.006961 -0.353327 -0.045878
v 0.007896 -0.354398 -0.043090
v 0.008219 -0.354766 -0.040000
v 0.008219 -0.354766 0.040000
v 0.007896 -0.354398 0.043090
v 0.006961 -0.353327 0.045878
v 0.005505 -0.351659 0.048090
v 0.003669 -0.349558 0.049511
v 0.001635 -0.347229 0.050000
v -0.035215 -0.376896 -0.050000
v -0.033380 -0.379385 -0.049511
v -0.031723 -0.381630 -0.048090
v -0.030407 -0.383412 -0.045878
v -0.029563 -0.384556 -0.043090
v -0.029273 -0.384950 -0.040000
v -0.029273 -0.384950 0.040000
v -0.029563 -0.384556 0.043090
v -0.030407 -0.383412 0.045878
v -0.031723 -0.381630 0.048090
v -0.033380 -0.379385 0.049511
v -0.035215 -0.376896 0.050000
v -0.074217 -0.403206 -0.050000
v -0.074804 -0.407329 -0.049511
v -0.075334 -0.411049 -0.048090
v -0.075753 -0.414001 -0.045878
v -0.076024 -0.415896 -0.043090
v -0.076117 -0.416549 -0.040000
v -0.076117 -0.416549 0.040000
v -0.076024 -0.415896 0.043090
v -0.075753 -0.414001 0.045878
v -0.075334 -0.411049 0.048090
v -0.074804 -0.407329 0.049511
v -0.074217 -0.403206 0.050000
v -0.134217 -0.331206 -0.050000
v -0.138762 -0.330579 -0.049511
v -0.142863 -0.330013 -0.048090
v -0.146117 -0.329563 -0.045878
v -0.148206 -0.329275 -0.043090
v -0.148926 -0.329176 -0.040000
v -0.148926 -0.329176 0.040000
v -0.148206 -0.329275 0.043090
v -0.146117 -0.329563 0.045878
v -0.142863 -0.330013 0.048090
v -0.138762 -0.330579 0.049511
v -0.134217 -0.331206 0.050000
v -0.003767 -0.010975 -0.050000
v -0.003953 -0.007889 -0.049511
v -0.004121 -0.005105 -0.048090
v -0.004255 -0.002896 -0.045878
v -0.004341 -0.001477 -0.043090
v -0.004370 -0.000988 -0.040000
v -0.004370 -0.000988 0.040000
v -0.004341 -0.001477 0.043090
v -0.004255 -0.002896 0.045878
v -0.004121 -0.005105 0.048090
v -0.003953 -0.007889 0.049511
v -0.003767 -0.010975 0.050000
v 0.004060 -0.010271 -0.050000
v 0.003698 -0.007201 -0.049511
v 0.003372 -0.004431 -0.048090
v 0.003113 -0.002233 -0.045878
v 0.002947 -0.000822 -0.043090
v 0.002890 -0.000336 -0.040000
v 0.002890 -0.000336 0.040000
v 0.002947 -0.000822 0.043090
v 0.003113 -0.002233 0.045878
v 0.003372 -0.004431 0.048090
v 0.003698 -0.007201 0.049511
v 0.004060 -0.010271 0.050000
v 0.012219 -0.009081 -0.050000
v 0.011693 -0.006035 -0.049511
v 0.011219 -0.003287 -0.048090
v 0.010842 -0.001106 -0.045878
v 0.010600 0.000294 -0.043090
v 0.010517 0.000776 -0.040000
v 0.010517 0.000776 0.040000
v 0.010600 0.000294 0.043090
v 0.010842 -0.001106 0.045878
v 0.011219 -0.003287 0.048090
v 0.011693 -0.006035 0.049511
v 0.012219 -0.009081 0.050000
v 0.020670 -0.007391 -0.050000
v 0.019988 -0.004376 -0.049511
v 0.019372 -0.001657 -0.048090
v 0.018884 0.000502 -0.045878
v 0.018569 0.001888 -0.043090
v 0.018462 0.002365 -0.040000
v 0.018462 0.002365 0.040000
v 0.018569 0.001888 0.043090
v 0.018884 0.000502 0.045878
v 0.019372 -0.001657 0.048090
v 0.019988 -0.004376 0.049511
v 0.020670 -0.007391 0.050000
v 0.029372 -0.005187 -0.050000
v 0.028540 -0.002211 -0.049511
v 0.027788 0.000475 -0.048090
v 0.027192 0.002606 -0.045878
v 0.026809 0.003974 -0.043090
v 0.026678 0.004446 -0.040000
v 0.026678 0.004446 0.040000
v 0.026809 0.003974 0.043090
v 0.027192 0.002606 0.045878
v 0.027788 0.000475 0.048090
v 0.028540 -0.002211 0.049511
v 0.029372 -0.005187 0.050000
v 0.038281 -0.002456 -0.050000
v 0.037303 0.000476 -0.049511
v 0.036422 0.003122 -0.048090
v 0.035723 0.005221 -0.045878
v 0.035273 0.006569 -0.043090
v 0.035119 0.007034 -0.040000
v 0.035119 0.007034 0.040000
v 0.035273 0.006569 0.043090
v 0.035723 0.005221 0.045878
v 0.036422 0.003122 0.048090
v 0.037303 0.000476 0.049511
v 0.038281 -0.002456 0.050000
v 0.047359 0.000817 -0.050000
v 0.046240 0.003699 -0.049511
v 0.045231 0.006298 -0.048090
v 0.044431 0.008361 -0.045878
v 0.043917 0.009686 -0.043090
v 0.043739 0.010142 -0.040000
v 0.043739 0.010142 0.040000
v 0.043917 0.009686 0.043090
v 0.044431 0.008361 0.045878
v 0.045231 0.006298 0.048090
v 0.046240 0.003699 0.049511
v 0.047359 0.000817 0.050000
v 0.056560 0.004646 -0.050000
v 0.055305 0.007470 -0.049511
v 0.054172 0.010018 -0.048090
v 0.053273 0.012041 -0.045878
v 0.052695 0.013339 -0.043090
v 0.052496 0.013786 -0.040000
v 0.052496 0.013786 0.040000
v 0.052695 0.013339 0.043090
v 0.053273 0.012041 0.045878
v 0.054172 0.010018 0.048090
v 0.055305 0.007470 0.049511
v 0.056560 0.004646 0.050000
v 0.065845 0.009044 -0.050000
v 0.064455 0.011805 -0.049511
v 0.063200 0.014295 -0.048090
v 0.062205 0.016272 -0.045878
v 0.061566 0.017541 -0.043090
v 0.061347 0.017978 -0.040000
v 0.061347 0.017978 0.040000
v 0.061566 0.017541 0.043090
v 0.062205 0.016272 0.045878
v 0.063200 0.014295 0.048090
v 0.064455 0.011805 0.049511
v 0.065845 0.009044 0.050000
v 0.075171 0.014025 -0.050000
v 0.073649 0.016716 -0.049511
v 0.072277 0.019143 -0.048090
v 0.071187 0.021069 -0.045878
v 0.070487 0.022306 -0.043090
v 0.070246 0.022732 -0.040000
v 0.070246 0.022732 0.040000
v 0.070487 0.022306 0.043090
v 0.071187 0.021069 0.045878
v 0.072277 0.019143 0.048090
v 0.073649 0.016716 0.049511
v 0.075171 0.014025 0.050000
v 0.084497 0.019604 -0.050000
v 0.082847 0.022217 -0.049511
v 0.081357 0.024575 -0.048090
v 0.080174 0.026445 -0.045878
v 0.079416 0.027647 -0.043090
v 0.079154 0.028060 -0.040000
v 0.079154 0.028060 0.040000
v 0.079416 0.027647 0.043090
v 0.080174 0.026445 0.045878
v 0.081357 0.024575 0.048090
v 0.082847 0.022217 0.049511
v 0.084497 0.019604 0.050000
v 0.093782 0.025794 -0.050000
v 0.091001 0.027653 -0.049511
v 0.088490 0.029331 -0.048090
v 0.086499 0.030662 -0.045878
v 0.085221 0.031516 -0.043090
v 0.084780 0.031811 -0.040000
v 0.084780 0.031811 0.040000
v 0.085221 0.031516 0.043090
v 0.086499 0.030662 0.045878
v 0.088490 0.029331 0.048090
v 0.091001 0.027653 0.049511
v 0.093782 0.025794 0.050000
v 0.094931 0.031593 -0.050000
v 0.091894 0.032162 -0.049511
v 0.089153 0.032675 -0.048090
v 0.086978 0.033082 -0.045878
v 0.085582 0.033344 -0.043090
v 0.085102 0.033434 -0.040000
v 0.085102 0.033434 0.040000
v 0.085582 0.033344 0.043090
v 0.086978 0.033082 0.045878
v 0.089153 0.032675 0.048090
v 0.091894 0.032162 0.049511
v 0.094931 0.031593 0.050000
v 0.095889 0.037021 -0.050000
v 0.092840 0.037524 -0.049511
v 0.090089 0.037978 -0.048090
v 0.087905 0.038339 -0.045878
v 0.086504 0.038570 -0.043090
v 0.086021 0.038650 -0.040000
v 0.086021 0.038650 0.040000
v 0.086504 0.038570 0.043090
v 0.087905 0.038339 0.045878
v 0.090089 0.037978 0.048090
v 0.092840 0.037524 0.049511
v 0.095889 0.037021 0.050000
v 0.096673 0.042122 -0.050000
v 0.093614 0.042557 -0.049511
v 0.090854 0.042949 -0.048090
v 0.088663 0.043260 -0.045878
v 0.087256 0.043459 -0.043090
v 0.086771 0.043528 -0.040000
v 0.086771 0.043528 0.040000
v 0.087256 0.043459 0.043090
v 0.088663 0.043260 0.045878
v 0.090854 0.042949 0.048090
v 0.093614 0.042557 0.049511
v 0.096673 0.042122 0.050000
v 0.097301 0.046942 -0.050000
v 0.094233 0.047306 -0.049511
v 0.091464 0.047634 -0.048090
v 0.089267 0.047894 -0.045878
v 0.087856 0.048061 -0.043090
v 0.087369 0.048119 -0.040000
v 0.087369 0.048119 0.040000
v 0.087856 0.048061 0.043090
v 0.089267 0.047894 0.045878
v 0.091464 0.047634 0.048090
v 0.094233 0.047306 0.049511
v 0.097301 0.046942 0.050000
v 0.097791 0.051526 -0.050000
v 0.094714 0.051819 -0.049511
v 0.091938 0.052083 -0.048090
v 0.089736 0.052293 -0.045878
v 0.088322 0.052427 -0.043090
v 0.087835 0.052474 -0.040000
v 0.087835 0.052474 0.040000
v 0.088322 0.052427 0.043090
v 0.089736 0.052293 0.045878
v 0.091938 0.052083 0.048090
v 0.094714 0.051819 0.049511
v 0.097791 0.051526 0.050000
v 0.098157 0.055919 -0.050000
v 0.095076 0.056143 -0.049511
v 0.092296 0.056346 -0.048090
v 0.090089 0.056507 -0.045878
v 0.088672 0.056610 -0.043090
v 0.088183 0.056645 -0.040000
v 0.088183 0.056645 0.040000
v 0.088672 0.056610 0.043090
v 0.090089 0.056507 0.045878
v 0.092296 0.056346 0.048090
v 0.095076 0.056143 0.049511
v 0.098157 0.055919 0.050000
v 0.098422 0.060166 -0.050000
v 0.095335 0.060327 -0.049511
v 0.092551 0.060473 -0.048090
v 0.090342 0.060588 -0.045878
v 0.088923 0.060662 -0.043090
v 0.088435 0.060688 -0.040000
v 0.088435 0.060688 0.040000
v 0.088923 0.060662 0.043090
v 0.090342 0.060588 0.045878
v 0.092551 0.060473 0.048090
v 0.095335 0.060327 0.049511
v 0.098422 0.060166 0.050000
v 0.098598 0.064313 -0.050000
v 0.095510 0.064419 -0.049511
v 0.092722 0.064515 -0.048090
v 0.090512 0.064591 -0.045878
v 0.089093 0.064639 -0.043090
v 0.088603 0.064656 -0.040000
v 0.088603 0.064656 0.040000
v 0.089093 0.064639 0.043090
v 0.090512 0.064591 0.045878
v 0.092722 0.064515 0.048090
v 0.095510 0.064419 0.049511
v 0.098598 0.064313 0.050000
v 0.098705 0.068403 -0.050000
v 0.095616 0.068465 -0.049511
v 0.092828 0.068520 -0.048090
v 0.090617 0.068564 -0.045878
v 0.089196 0.068592 -0.043090
v 0.088706 0.068602 -0.040000
v 0.088706 0.068602 0.040000
v 0.089196 0.068592 0.043090
v 0.090617 0.068564 0.045878
v 0.092828 0.068520 0.048090
v 0.095616 0.068465 0.049511
v 0.098705 0.068403 0.050000
v 0.098760 0.072484 -0.050000
v 0.095670 0.072512 -0.049511
v 0.092883 0.072538 -0.048090
v 0.090670 0.072558 -0.045878
v 0.089250 0.072571 -0.043090
v 0.088759 0.072575 -0.040000
v 0.088759 0.072575 0.040000
v 0.089250 0.072571 0.043090
v 0.090670 0.072558 0.045878
v 0.092883 0.072538 0.048090
v 0.095670 0.072512 0.049511
v 0.098760 0.072484 0.050000
v 0.098780 0.076599 -0.050000
v 0.095690 0.076608 -0.049511
v 0.092902 0.076615 -0.048090
v 0.090690 0.076621 -0.045878
v 0.089270 0.076625 -0.043090
v 0.088779 0.076627 -0.040000
v 0.088779 0.076627 0.040000
v 0.089270 0.076625 0.043090
v 0.090690 0.076621 0.045878
v 0.092902 0.076615 0.048090
v 0.095690 0.076608 0.049511
v 0.098780 0.076599 0.050000
v 0.098783 0.080794 -0.050000
v 0.095693 0.080696 -0.049511
v 0.092905 0.080608 -0.048090
v 0.090693 0.080539 -0.045878
v 0.089272 0.080494 -0.043090
v 0.088783 0.080478 -0.040000
v 0.088783 0.080478 0.040000
v 0.089272 0.080494 0.043090
v 0.090693 0.080539 0.045878
v 0.092905 0.080608 0.048090
v 0.095693 0.080696 0.049511
v 0.098783 0.080794 0.050000
v 0.097743 0.097079 -0.050000
v 0.094671 0.096687 -0.049511
v 0.091900 0.096333 -0.048090
v 0.089702 0.096052 -0.045878
v 0.088290 0.095872 -0.043090
v 0.087802 0.095810 -0.040000
v 0.087802 0.095810 0.040000
v 0.088290 0.095872 0.043090
v 0.089702 0.096052 0.045878
v 0.091900 0.096333 0.048090
v 0.094671 0.096687 0.049511
v 0.097743 0.097079 0.050000
v 0.094713 0.112822 -0.050000
v 0.091715 0.112050 -0.049511
v 0.089010 0.111353 -0.048090
v 0.086864 0.110800 -0.045878
v 0.085485 0.110445 -0.043090
v 0.085011 0.110323 -0.040000
v 0.085011 0.110323 0.040000
v 0.085485 0.110445 0.043090
v 0.086864 0.110800 0.045878
v 0.089010 0.111353 0.048090
v 0.091715 0.112050 0.049511
v 0.094713 0.112822 0.050000
v 0.089829 0.127856 -0.050000
v 0.086949 0.126722 -0.049511
v 0.084350 0.125698 -0.048090
v 0.082288 0.124886 -0.045878
v 0.080964 0.124365 -0.043090
v 0.080508 0.124185 -0.040000
v 0.080508 0.124185 0.040000
v 0.080964 0.124365 0.043090
v 0.082288 0.124886 0.045878
v 0.084350 0.125698 0.048090
v 0.086949 0.126722 0.049511
v 0.089829 0.127856 0.050000
v 0.083227 0.142016 -0.050000
v 0.080506 0.140540 -0.049511
v 0.078051 0.139208 -0.048090
v 0.076103 0.138151 -0.045878
v 0.074852 0.137472 -0.043090
v 0.074421 0.137239 -0.040000
v 0.074421 0.137239 0.040000
v 0.074852 0.137472 0.043090
v 0.076103 0.138151 0.045878
v 0.078051 0.139208 0.048090
v 0.080506 0.140540 0.049511
v 0.083227 0.142016 0.050000
v 0.075041 0.155134 -0.050000
v 0.072520 0.153338 -0.049511
v 0.070245 0.151717 -0.048090
v 0.068439 0.150431 -0.045878
v 0.067281 0.149606 -0.043090
v 0.066882 0.149321 -0.040000
v 0.066882 0.149321 0.040000
v 0.067281 0.149606 0.043090
v 0.068439 0.150431 0.045878
v 0.070245 0.151717 0.048090
v 0.072520 0.153338 0.049511
v 0.075041 0.155134 0.050000
v 0.065408 0.167044 -0.050000
v 0.063126 0.164951 -0.049511
v 0.061068 0.163063 -0.048090
v 0.059434 0.161564 -0.045878
v 0.058386 0.160602 -0.043090
v 0.058024 0.160271 -0.040000
v 0.058024 0.160271 0.040000
v 0.058386 0.160602 0.043090
v 0.059434 0.161564 0.045878
v 0.061068 0.163063 0.048090
v 0.063126 0.164951 0.049511
v 0.065408 0.167044 0.050000
v 0.054461 0.177579 -0.050000
v 0.052461 0.175215 -0.049511
v 0.050657 0.173082 -0.048090
v 0.049225 0.171390 -0.045878
v 0.048306 0.170304 -0.043090
v 0.047988 0.169929 -0.040000
v 0.047988 0.169929 0.040000
v 0.048306 0.170304 0.043090
v 0.049225 0.171390 0.045878
v 0.050657 0.173082 0.048090
v 0.052461 0.175215 0.049511
v 0.054461 0.177579 0.050000
v 0.042337 0.186572 -0.050000
v 0.040662 0.183968 -0.049511
v 0.039150 0.181618 -0.048090
v 0.037951 0.179754 -0.045878
v 0.037180 0.178557 -0.043090
v 0.036915 0.178144 -0.040000
v 0.036915 0.178144 0.040000
v 0.037180 0.178557 0.043090
v 0.037951 0.179754 0.045878
v 0.039150 0.181618 0.048090
v 0.040662 0.183968 0.049511
v 0.042337 0.186572 0.050000
v 0.029172 0.193857 -0.050000
v 0.027864 0.191049 -0.049511
v 0.026684 0.188516 -0.048090
v 0.025747 0.186506 -0.045878
v 0.025146 0.185216 -0.043090
v 0.024938 0.184771 -0.040000
v 0.024938 0.184771 0.040000
v 0.025146 0.185216 0.043090
v 0.025747 0.186506 0.045878
v 0.026684 0.188516 0.048090
v 0.027864 0.191049 0.049511
v 0.029172 0.193857 0.050000
v 0.015101 0.199266 -0.050000
v 0.014201 0.196302 -0.049511
v 0.013389 0.193628 -0.048090
v 0.012743 0.191506 -0.045878
v 0.012329 0.190143 -0.043090
v 0.012187 0.189674 -0.040000
v 0.012187 0.189674 0.040000
v 0.012329 0.190143 0.043090
v 0.012743 0.191506 0.045878
v 0.013389 0.193628 0.048090
v 0.014201 0.196302 0.049511
v 0.015101 0.199266 0.050000
v 0.000260 0.202634 -0.050000
v -0.000199 0.199570 -0.049511
v -0.000616 0.196806 -0.048090
v -0.000944 0.194612 -0.045878
v -0.001155 0.193203 -0.043090
v -0.001228 0.192718 -0.040000
v -0.001228 0.192718 0.040000
v -0.001155 0.193203 0.043090
v -0.000944 0.194612 0.045878
v -0.000616 0.196806 0.048090
v -0.000199 0.199570 0.049511
v 0.000260 0.202634 0.050000
v -0.015217 0.203794 -0.050000
v -0.015244 0.200697 -0.049511
v -0.015266 0.197903 -0.048090
v -0.015285 0.195686 -0.045878
v -0.015297 0.194263 -0.043090
v -0.015301 0.193772 -0.040000
v -0.015301 0.193772 0.040000
v -0.015297 0.194263 0.043090
v -0.015285 0.195686 0.045878
v -0.015266 0.197903 0.048090
v -0.015244 0.200697 0.049511
v -0.015217 0.203794 0.050000
v -0.031076 0.202872 -0.050000
v -0.030711 0.199798 -0.049511
v -0.030382 0.197025 -0.048090
v -0.030121 0.194824 -0.045878
v -0.029953 0.193411 -0.043090
v -0.029895 0.192924 -0.040000
v -0.029895 0.192924 0.040000
v -0.029953 0.193411 0.043090
v -0.030121 0.194824 0.045878
v -0.030382 0.197025 0.048090
v -0.030711 0.199798 0.049511
v -0.031076 0.202872 0.050000
v -0.046083 0.200169 -0.050000
v -0.045346 0.197162 -0.049511
v -0.044682 0.194449 -0.048090
v -0.044153 0.192296 -0.045878
v -0.043814 0.190914 -0.043090
v -0.043697 0.190438 -0.040000
v -0.043697 0.190438 0.040000
v -0.043814 0.190914 0.043090
v -0.044153 0.192296 0.045878
v -0.044682 0.194449 0.048090
v -0.045346 0.197162 0.049511
v -0.046083 0.200169 0.050000
v -0.060140 0.195778 -0.050000
v -0.059030 0.192888 -0.049511
v -0.058026 0.190281 -0.048090
v -0.057230 0.188211 -0.045878
v -0.056720 0.186883 -0.043090
v -0.056544 0.186425 -0.040000
v -0.056544 0.186425 0.040000
v -0.056720 0.186883 0.043090
v -0.057230 0.188211 0.045878
v -0.058026 0.190281 0.048090
v -0.059030 0.192888 0.049511
v -0.060140 0.195778 0.050000
v -0.073143 0.189794 -0.050000
v -0.071666 0.187072 -0.049511
v -0.070333 0.184617 -0.048090
v -0.069276 0.182668 -0.045878
v -0.068597 0.181417 -0.043090
v -0.068363 0.180986 -0.040000
v -0.068363 0.180986 0.040000
v -0.068597 0.181417 0.043090
v -0.069276 0.182668 0.045878
v -0.070333 0.184617 0.048090
v -0.071666 0.187072 0.049511
v -0.073143 0.189794 0.050000
v -0.084995 0.182310 -0.050000
v -0.083169 0.179808 -0.049511
v -0.081522 0.177552 -0.048090
v -0.080214 0.175761 -0.045878
v -0.079374 0.174611 -0.043090
v -0.079085 0.174215 -0.040000
v -0.079085 0.174215 0.040000
v -0.079374 0.174611 0.043090
v -0.080214 0.175761 0.045878
v -0.081522 0.177552 0.048090
v -0.083169 0.179808 0.049511
v -0.084995 0.182310 0.050000
v -0.095592 0.173419 -0.050000
v -0.093444 0.171188 -0.049511
v -0.091506 0.169175 -0.048090
v -0.089969 0.167577 -0.045878
v -0.088981 0.166551 -0.043090
v -0.088641 0.166198 -0.040000
v -0.088641 0.166198 0.040000
v -0.088981 0.166551 0.043090
v -0.089969 0.167577 0.045878
v -0.091506 0.169175 0.048090
v -0.093444 0.171188 0.049511
v -0.095592 0.173419 0.050000
v -0.104836 0.163216 -0.050000
v -0.102403 0.161299 -0.049511
v -0.100208 0.159570 -0.048090
v -0.098466 0.158197 -0.045878
v -0.097348 0.157316 -0.043090
v -0.096962 0.157013 -0.040000
v -0.096962 0.157013 0.040000
v -0.097348 0.157316 0.043090
v -0.098466 0.158197 0.045878
v -0.100208 0.159570 0.048090
v -0.102403 0.161299 0.049511
v -0.104836 0.163216 0.050000
v -0.112626 0.151794 -0.050000
v -0.109952 0.150229 -0.049511
v -0.107542 0.148817 -0.048090
v -0.105628 0.147696 -0.045878
v -0.104398 0.146977 -0.043090
v -0.103975 0.146729 -0.040000
v -0.103975 0.146729 0.040000
v -0.104398 0.146977 0.043090
v -0.105628 0.147696 0.045878
v -0.107542 0.148817 0.048090
v -0.109952 0.150229 0.049511
v -0.112626 0.151794 0.050000
v -0.118858 0.139247 -0.050000
v -0.115997 0.138061 -0.049511
v -0.113416 0.136990 -0.048090
v -0.111368 0.136141 -0.045878
v -0.110053 0.135596 -0.043090
v -0.109600 0.135408 -0.040000
v -0.109600 0.135408 0.040000
v -0.110053 0.135596 0.043090
v -0.111368 0.136141 0.045878
v -0.113416 0.136990 0.048090
v -0.115997 0.138061 0.049511
v -0.118858 0.139247 0.050000
v -0.123435 0.125669 -0.050000
v -0.120441 0.124877 -0.049511
v -0.117740 0.124163 -0.048090
v -0.115596 0.123596 -0.045878
v -0.114220 0.123232 -0.043090
v -0.113746 0.123107 -0.040000
v -0.113746 0.123107 0.040000
v -0.114220 0.123232 0.043090
v -0.115596 0.123596 0.045878
v -0.117740 0.124163 0.048090
v -0.120441 0.124877 0.049511
v -0.123435 0.125669 0.050000
v -0.126256 0.111153 -0.050000
v -0.123183 0.110760 -0.049511
v -0.120412 0.110406 -0.048090
v -0.118214 0.110125 -0.045878
v -0.116802 0.109944 -0.043090
v -0.116315 0.109882 -0.040000
v -0.116315 0.109882 0.040000
v -0.116802 0.109944 0.043090
v -0.118214 0.110125 0.045878
v -0.120412 0.110406 0.048090
v -0.123183 0.110760 0.049511
v -0.126256 0.111153 0.050000
v -0.127217 0.095794 -0.050000
v -0.124120 0.095810 -0.049511
v -0.121326 0.095825 -0.048090
v -0.119109 0.095836 -0.045878
v -0.117685 0.095844 -0.043090
v -0.117195 0.095846 -0.040000
v -0.117195 0.095846 0.040000
v -0.117685 0.095844 0.043090
v -0.119109 0.095836 0.045878
v -0.121326 0.095825 0.048090
v -0.124120 0.095810 0.049511
v -0.127217 0.095794 0.050000
v -0.126157 0.081295 -0.050000
v -0.123092 0.081744 -0.049511
v -0.120327 0.082150 -0.048090
v -0.118133 0.082472 -0.045878
v -0.116723 0.082679 -0.043090
v -0.116237 0.082750 -0.040000
v -0.116237 0.082750 0.040000
v -0.116723 0.082679 0.043090
v -0.118133 0.082472 0.045878
v -0.120327 0.082150 0.048090
v -0.123092 0.081744 0.049511
v -0.126157 0.081295 0.050000
v -0.123069 0.067382 -0.050000
v -0.120100 0.068266 -0.049511
v -0.117423 0.069064 -0.048090
v -0.115296 0.069697 -0.045878
v -0.113932 0.070104 -0.043090
v -0.113461 0.070244 -0.040000
v -0.113461 0.070244 0.040000
v -0.113932 0.070104 0.043090
v -0.115296 0.069697 0.045878
v -0.117423 0.069064 0.048090
v -0.120100 0.068266 0.049511
v -0.123069 0.067382 0.050000
v -0.118093 0.054185 -0.050000
v -0.115276 0.055475 -0.049511
v -0.112736 0.056639 -0.048090
v -0.110720 0.057562 -0.045878
v -0.109426 0.058155 -0.043090
v -0.108980 0.058360 -0.040000
v -0.108980 0.058360 0.040000
v -0.109426 0.058155 0.043090
v -0.110720 0.057562 0.045878
v -0.112736 0.056639 0.048090
v -0.115276 0.055475 0.049511
v -0.118093 0.054185 0.050000
v -0.111366 0.041831 -0.050000
v -0.108751 0.043490 -0.049511
v -0.106392 0.044987 -0.048090
v -0.104519 0.046175 -0.045878
v -0.103318 0.046938 -0.043090
v -0.102903 0.047201 -0.040000
v -0.102903 0.047201 0.040000
v -0.103318 0.046938 0.043090
v -0.104519 0.046175 0.045878
v -0.106392 0.044987 0.048090
v -0.108751 0.043490 0.049511
v -0.111366 0.041831 0.050000
v -0.103028 0.030450 -0.050000
v -0.100654 0.032438 -0.049511
v -0.098512 0.034231 -0.048090
v -0.096812 0.035655 -0.045878
v -0.095721 0.036568 -0.043090
v -0.095345 0.036883 -0.040000
v -0.095345 0.036883 0.040000
v -0.095721 0.036568 0.043090
v -0.096812 0.035655 0.045878
v -0.098512 0.034231 0.048090
v -0.100654 0.032438 0.049511
v -0.103028 0.030450 0.050000
v -0.093218 0.020169 -0.050000
v -0.091117 0.022444 -0.049511
v -0.089223 0.024496 -0.048090
v -0.087719 0.026125 -0.045878
v -0.086753 0.027171 -0.043090
v -0.086421 0.027531 -0.040000
v -0.086421 0.027531 0.040000
v -0.086753 0.027171 0.043090
v -0.087719 0.026125 0.045878
v -0.089223 0.024496 0.048090
v -0.091117 0.022444 0.049511
v -0.093218 0.020169 0.050000
v -0.082074 0.011118 -0.050000
v -0.080276 0.013638 -0.049511
v -0.078653 0.015911 -0.048090
v -0.077365 0.017715 -0.045878
v -0.076539 0.018874 -0.043090
v -0.076253 0.019273 -0.040000
v -0.076253 0.019273 0.040000
v -0.076539 0.018874 0.043090
v -0.077365 0.017715 0.045878
v -0.078653 0.015911 0.048090
v -0.080276 0.013638 0.049511
v -0.082074 0.011118 0.050000
v -0.069736 0.003424 -0.050000
v -0.068264 0.006147 -0.049511
v -0.066935 0.008604 -0.048090
v -0.065880 0.010553 -0.045878
v -0.065203 0.011805 -0.043090
v -0.064970 0.012236 -0.040000
v -0.064970 0.012236 0.040000
v -0.065203 0.011805 0.043090
v -0.065880 0.010553 0.045878
v -0.066935 0.008604 0.048090
v -0.068264 0.006147 0.049511
v -0.069736 0.003424 0.050000
v -0.056344 -0.002784 -0.050000
v -0.055216 0.000100 -0.049511
v -0.054200 0.002702 -0.048090
v -0.053394 0.004766 -0.045878
v -0.052876 0.006092 -0.043090
v -0.052698 0.006549 -0.040000
v -0.052698 0.006549 0.040000
v -0.052876 0.006092 0.043090
v -0.053394 0.004766 0.045878
v -0.054200 0.002702 0.048090
v -0.055216 0.000100 0.049511
v -0.056344 -0.002784 0.050000
v -0.042032 -0.007377 -0.050000
v -0.041270 -0.004376 -0.049511
v -0.040583 -0.001669 -0.048090
v -0.040039 0.000479 -0.045878
v -0.039687 0.001859 -0.043090
v -0.039567 0.002334 -0.040000
v -0.039567 0.002334 0.040000
v -0.039687 0.001859 0.043090
v -0.040039 0.000479 0.045878
v -0.040583 -0.001669 0.048090
v -0.041270 -0.004376 0.049511
v -0.042032 -0.007377 0.050000
v -0.026944 -0.010227 -0.050000
v -0.026560 -0.007155 -0.049511
v -0.026213 -0.004384 -0.048090
v -0.025939 -0.002184 -0.045878
v -0.025763 -0.000772 -0.043090
v -0.025701 -0.000285 -0.040000
v -0.025701 -0.000285 0.040000
v -0.025763 -0.000772 0.043090
v -0.025939 -0.002184 0.045878
v -0.026213 -0.004384 0.048090
v -0.026560 -0.007155 0.049511
v -0.026944 -0.010227 0.050000
v -0.011218 -0.011206 -0.050000
v -0.011169 -0.008113 -0.049511
v -0.011126 -0.005322 -0.048090
v -0.011091 -0.003108 -0.045878
v -0.011069 -0.001686 -0.043090
v -0.011062 -0.001196 -0.040000
v -0.011062 -0.001196 0.040000
v -0.011069 -0.001686 0.043090
v -0.011091 -0.003108 0.045878
v -0.011126 -0.005322 0.048090
v -0.011169 -0.008113 0.049511
v -0.011218 -0.011206 0.050000
vn -0.0000 -0.0000 1.0000
vn -0.0000 -0.0000 -1.0000
vn -0.1798 0.2486 -0.9518
vn -0.1918 0.2393 -0.9518
vn -0.0977 0.1219 -0.9877
vn -0.0916 0.1266 -0.9877
vn -0.3434 0.4749 -0.8102
vn -0.3665 0.4574 -0.8103
vn -0.4735 0.6548 -0.5891
vn -0.5053 0.6306 -0.5891
vn -0.5572 0.7705 -0.3098
vn -0.5945 0.7420 -0.3098
vn -0.5842 0.8078 -0.0786
vn -0.6234 0.7780 -0.0786
vn -0.5842 0.8078 0.0786
vn -0.6234 0.7780 0.0786
vn -0.5572 0.7705 0.3098
vn -0.5945 0.7420 0.3098
vn -0.4735 0.6548 0.5891
vn -0.5053 0.6306 0.5891
vn -0.3434 0.4749 0.8102
vn -0.3665 0.4574 0.8103
vn -0.1798 0.2486 0.9518
vn -0.1918 0.2393 0.9518
vn -0.0916 0.1266 0.9877
vn -0.0977 0.1219 0.9877
vn -0.2037 0.2291 -0.9519
vn -0.1038 0.1168 -0.9877
vn -0.3893 0.4380 -0.8103
vn -0.5368 0.6039 -0.5891
vn -0.6316 0.7106 -0.3099
vn -0.6623 0.7451 -0.0786
vn -0.6623 0.7451 0.0786
vn -0.6316 0.7106 0.3099
vn -0.5368 0.6039 0.5891
vn -0.3893 0.4380 0.8103
vn -0.2037 0.2291 0.9519
vn -0.1038 0.1168 0.9877
vn -0.2155 0.2179 -0.9519
vn -0.1099 0.1111 -0.9877
vn -0.4120 0.4166 -0.8104
vn -0.5681 0.5745 -0.5892
vn -0.6685 0.6760 -0.3099
vn -0.7010 0.7088 -0.0787
vn -0.7010 0.7088 0.0787
vn -0.6685 0.6760 0.3099
vn -0.5681 0.5745 0.5892
vn -0.4120 0.4166 0.8104
vn -0.2155 0.2179 0.9519
vn -0.1099 0.1111 0.9877
vn -0.2272 0.2055 -0.9519
vn -0.1159 0.1048 -0.9877
vn -0.4344 0.3929 -0.8105
vn -0.5992 0.5419 -0.5893
vn -0.7052 0.6377 -0.3099
vn -0.7394 0.6687 -0.0786
vn -0.7394 0.6687 0.0786
vn -0.7052 0.6377 0.3099
vn -0.5992 0.5419 0.5893
vn -0.4344 0.3929 0.8105
vn -0.2272 0.2055 0.9519
vn -0.1159 0.1048 0.9877
vn -0.2388 0.1917 -0.9520
vn -0.1218 0.0978 -0.9877
vn -0.4567 0.3666 -0.8106
vn -0.6300 0.5057 -0.5894
vn -0.7414 0.5952 -0.3099
vn -0.7774 0.6241 -0.0786
vn -0.7774 0.6241 0.0786
vn -0.7414 0.5952 0.3099
vn -0.6300 0.5057 0.5894
vn -0.4567 0.3666 0.8106
vn -0.2388 0.1917 0.9520
vn -0.1218 0.0978 0.9877
vn -0.2501 0.1762 -0.9520
vn -0.1277 0.0900 -0.9877
vn -0.4786 0.3372 -0.8107
vn -0.6603 0.4653 -0.5895
vn -0.7772 0.5476 -0.3100
vn -0.8149 0.5742 -0.0786
vn -0.8149 0.5742 0.0786
vn -0.7772 0.5476 0.3100
vn -0.6603 0.4653 0.5895
vn -0.4786 0.3372 0.8107
vn -0.2501 0.1762 0.9520
vn -0.1277 0.0900 0.9877
vn -0.2612 0.1590 -0.9521
vn -0.1334 0.0812 -0.9877
vn -0.5000 0.3043 -0.8108
vn -0.6899 0.4199 -0.5897
vn -0.8121 0.4943 -0.3101
vn -0.8516 0.5183 -0.0786
vn -0.8516 0.5183 0.0786
vn -0.8121 0.4943 0.3101
vn -0.6899 0.4199 0.5897
vn -0.5000 0.3043 0.8108
vn -0.2612 0.1590 0.9521
vn -0.1334 0.0812 0.9877
vn -0.2718 0.1395 -0.9522
vn -0.1390 0.0713 -0.9877
vn -0.5205 0.2673 -0.8110
vn -0.7183 0.3688 -0.5899
vn -0.8457 0.4342 -0.3103
vn -0.8868 0.4554 -0.0787
vn -0.8868 0.4554 0.0787
vn -0.8457 0.4342 0.3103
vn -0.7183 0.3688 0.5899
vn -0.5205 0.2673 0.8110
vn -0.2718 0.1395 0.9522
vn -0.1390 0.0713 0.9877
vn -0.2816 0.1176 -0.9523
vn -0.1441 0.0602 -0.9877
vn -0.5396 0.2255 -0.8112
vn -0.7449 0.3113 -0.5901
vn -0.8771 0.3665 -0.3104
vn -0.9198 0.3844 -0.0787
vn -0.9198 0.3844 0.0787
vn -0.8771 0.3665 0.3104
vn -0.7449 0.3113 0.5901
vn -0.5396 0.2255 0.8112
vn -0.2816 0.1176 0.9523
vn -0.1441 0.0602 0.9877
vn -0.2902 0.0930 -0.9524
vn -0.1487 0.0476 -0.9877
vn -0.5566 0.1783 -0.8114
vn -0.7687 0.2464 -0.5903
vn -0.8331 0.3148 -0.4549
vn 0.2578 0.9662 -0.0073
vn 0.2575 0.9663 0.0074
vn -0.8331 0.3146 0.4549
vn -0.7687 0.2464 0.5903
vn -0.5566 0.1783 0.8114
vn -0.2902 0.0930 0.9524
vn -0.1487 0.0476 0.9877
vn -0.0906 -0.0065 -0.9959
vn -0.0374 -0.0481 -0.9981
vn -0.7478 0.6441 -0.1613
vn -0.7798 0.6071 -0.1527
vn -0.0323 0.9530 0.3012
vn 0.6044 0.7772 0.1750
vn 0.6043 0.7774 -0.1746
vn -0.0323 0.9530 -0.3012
vn -0.7798 0.6071 0.1527
vn -0.7478 0.6441 0.1613
vn -0.0906 -0.0065 0.9959
vn -0.0374 -0.0481 0.9981
vn 0.0633 -0.1434 -0.9876
vn 0.0735 -0.1379 -0.9877
vn -0.8451 -0.5103 0.1592
vn -0.8938 -0.4332 0.1158
vn -0.9174 -0.3933 0.0611
vn -0.9047 -0.4261 0.0077
vn -0.9047 -0.4261 -0.0077
vn -0.9174 -0.3933 -0.0611
vn -0.8938 -0.4333 -0.1160
vn -0.8451 -0.5103 -0.1593
vn 0.0633 -0.1434 0.9876
vn 0.0735 -0.1379 0.9877
vn 0.1329 -0.2812 -0.9504
vn 0.0668 -0.1413 -0.9877
vn 0.2518 -0.5327 -0.8080
vn 0.3460 -0.7321 -0.5868
vn 0.4064 -0.8601 -0.3084
vn 0.4259 -0.9013 -0.0784
vn 0.4259 -0.9013 0.0784
vn 0.4064 -0.8601 0.3084
vn 0.3460 -0.7321 0.5868
vn 0.2518 -0.5327 0.8080
vn 0.1329 -0.2812 0.9504
vn 0.0668 -0.1413 0.9877
vn 0.1199 -0.2869 -0.9504
vn 0.0602 -0.1442 -0.9877
vn 0.2272 -0.5437 -0.8080
vn 0.3122 -0.7471 -0.5868
vn 0.3668 -0.8777 -0.3085
vn 0.3844 -0.9198 -0.0785
vn 0.3844 -0.9198 0.0785
vn 0.3668 -0.8777 0.3085
vn 0.3122 -0.7471 0.5868
vn 0.2272 -0.5437 0.8080
vn 0.1199 -0.2869 0.9504
vn 0.0602 -0.1442 0.9877
vn 0.1072 -0.2919 -0.9504
vn 0.0539 -0.1467 -0.9877
vn 0.2031 -0.5530 -0.8080
vn 0.2792 -0.7600 -0.5869
vn 0.3280 -0.8929 -0.3085
vn 0.3437 -0.9358 -0.0784
vn 0.3437 -0.9358 0.0784
vn 0.3280 -0.8929 0.3085
vn 0.2792 -0.7600 0.5869
vn 0.2031 -0.5530 0.8080
vn 0.1072 -0.2919 0.9504
vn 0.0539 -0.1467 0.9877
vn 0.0947 -0.2961 -0.9504
vn 0.0476 -0.1488 -0.9877
vn 0.1794 -0.5612 -0.8080
vn 0.2465 -0.7712 -0.5869
vn 0.2896 -0.9061 -0.3085
vn 0.3035 -0.9496 -0.0784
vn 0.3035 -0.9496 0.0784
vn 0.2896 -0.9061 0.3085
vn 0.2465 -0.7712 0.5869
vn 0.1794 -0.5612 0.8080
vn 0.0947 -0.2961 0.9504
vn 0.0476 -0.1488 0.9877
vn 0.0821 -0.2998 -0.9505
vn 0.0413 -0.1507 -0.9877
vn 0.1557 -0.5682 -0.8080
vn 0.2139 -0.7809 -0.5869
vn 0.2514 -0.9174 -0.3085
vn 0.2634 -0.9615 -0.0784
vn 0.2634 -0.9615 0.0784
vn 0.2514 -0.9174 0.3085
vn 0.2139 -0.7809 0.5869
vn 0.1557 -0.5682 0.8080
vn 0.0821 -0.2998 0.9505
vn 0.0413 -0.1507 0.9877
vn 0.0695 -0.3030 -0.9505
vn 0.0350 -0.1523 -0.9877
vn 0.1318 -0.5742 -0.8081
vn 0.1811 -0.7891 -0.5869
vn 0.2128 -0.9271 -0.3085
vn 0.2230 -0.9717 -0.0784
vn 0.2230 -0.9717 0.0784
vn 0.2128 -0.9271 0.3085
vn 0.1811 -0.7891 0.5869
vn 0.1318 -0.5742 0.8081
vn 0.0695 -0.3030 0.9505
vn 0.0350 -0.1523 0.9877
vn 0.0567 -0.3056 -0.9505
vn 0.0285 -0.1536 -0.9877
vn 0.1075 -0.5792 -0.8081
vn 0.1477 -0.7961 -0.5869
vn 0.1735 -0.9353 -0.3084
vn 0.1818 -0.9802 -0.0784
vn 0.1818 -0.9802 0.0784
vn 0.1735 -0.9353 0.3084
vn 0.1477 -0.7961 0.5869
vn 0.1075 -0.5792 0.8081
vn 0.0567 -0.3056 0.9505
vn 0.0285 -0.1536 0.9877
vn 0.0435 -0.3079 -0.9504
vn 0.0219 -0.1547 -0.9877
vn 0.0824 -0.5834 -0.8080
vn 0.1132 -0.8018 -0.5868
vn 0.1330 -0.9419 -0.3084
vn 0.1394 -0.9871 -0.0784
vn 0.1394 -0.9871 0.0784
vn 0.1330 -0.9419 0.3084
vn 0.1132 -0.8018 0.5868
vn 0.0824 -0.5834 0.8080
vn 0.0435 -0.3079 0.9504
vn 0.0219 -0.1547 0.9877
vn 0.0297 -0.3096 -0.9504
vn 0.0149 -0.1555 -0.9877
vn 0.0563 -0.5865 -0.8080
vn 0.0773 -0.8060 -0.5868
vn 0.0908 -0.9469 -0.3084
vn 0.0952 -0.9924 -0.0785
vn 0.0952 -0.9924 0.0785
vn 0.0908 -0.9469 0.3084
vn 0.0773 -0.8060 0.5868
vn 0.0563 -0.5865 0.8080
vn 0.0297 -0.3096 0.9504
vn 0.0149 -0.1555 0.9877
vn 0.0152 -0.3107 -0.9504
vn 0.0076 -0.1561 -0.9877
vn 0.0288 -0.5886 -0.8079
vn 0.0396 -0.8088 -0.5868
vn 0.0466 -0.9501 -0.3084
vn 0.0487 -0.9957 -0.0784
vn 0.0487 -0.9957 0.0784
vn 0.0466 -0.9501 0.3084
vn 0.0396 -0.8088 0.5868
vn 0.0288 -0.5886 0.8079
vn 0.0152 -0.3107 0.9504
vn 0.0076 -0.1561 0.9877
vn -0.0067 -0.3128 -0.9498
vn -0.0033 -0.1561 -0.9877
vn -0.0126 -0.5903 -0.8071
vn -0.0173 -0.8101 -0.5860
vn -0.0203 -0.9512 -0.3079
vn -0.0213 -0.9967 -0.0783
vn -0.0213 -0.9967 0.0783
vn -0.0203 -0.9512 0.3079
vn -0.0173 -0.8101 0.5860
vn -0.0126 -0.5903 0.8071
vn -0.0067 -0.3128 0.9498
vn -0.0033 -0.1561 0.9877
vn -0.0426 -0.3116 -0.9492
vn -0.0211 -0.1545 -0.9878
vn -0.0801 -0.5859 -0.8064
vn -0.1098 -0.8032 -0.5854
vn -0.1289 -0.9428 -0.3076
vn -0.1350 -0.9877 -0.0784
vn -0.1350 -0.9877 0.0784
vn -0.1289 -0.9428 0.3076
vn -0.1098 -0.8032 0.5854
vn -0.0801 -0.5859 0.8064
vn -0.0426 -0.3116 0.9492
vn -0.0211 -0.1545 0.9878
vn -0.0844 -0.3029 -0.9493
vn -0.0419 -0.1502 -0.9878
vn -0.1588 -0.5696 -0.8064
vn -0.2177 -0.7810 -0.5854
vn -0.2555 -0.9166 -0.3076
vn -0.2676 -0.9603 -0.0784
vn -0.2676 -0.9603 0.0784
vn -0.2555 -0.9166 0.3076
vn -0.2177 -0.7810 0.5854
vn -0.1588 -0.5696 0.8064
vn -0.0844 -0.3029 0.9493
vn -0.0419 -0.1502 0.9878
vn -0.1244 -0.2888 -0.9493
vn -0.0617 -0.1433 -0.9878
vn -0.2339 -0.5431 -0.8064
vn -0.3207 -0.7446 -0.5854
vn -0.3764 -0.8739 -0.3077
vn -0.3943 -0.9156 -0.0784
vn -0.3943 -0.9156 0.0784
vn -0.3764 -0.8739 0.3077
vn -0.3207 -0.7446 0.5854
vn -0.2339 -0.5431 0.8064
vn -0.1244 -0.2888 0.9493
vn -0.0617 -0.1433 0.9878
vn -0.1616 -0.2697 -0.9493
vn -0.0802 -0.1338 -0.9878
vn -0.3039 -0.5072 -0.8065
vn -0.4167 -0.6954 -0.5855
vn -0.4891 -0.8162 -0.3077
vn -0.5124 -0.8551 -0.0785
vn -0.5124 -0.8551 0.0785
vn -0.4891 -0.8162 0.3077
vn -0.4167 -0.6954 0.5855
vn -0.3039 -0.5072 0.8065
vn -0.1616 -0.2697 0.9493
vn -0.0802 -0.1338 0.9878
vn -0.1955 -0.2461 -0.9493
vn -0.0970 -0.1221 -0.9878
vn -0.3678 -0.4630 -0.8065
vn -0.5043 -0.6348 -0.5855
vn -0.5918 -0.7450 -0.3077
vn -0.6201 -0.7806 -0.0785
vn -0.6201 -0.7806 0.0785
vn -0.5918 -0.7450 0.3077
vn -0.5043 -0.6348 0.5855
vn -0.3678 -0.4630 0.8065
vn -0.1955 -0.2461 0.9493
vn -0.0970 -0.1221 0.9878
vn -0.2257 -0.2187 -0.9493
vn -0.1120 -0.1085 -0.9878
vn -0.4246 -0.4114 -0.8065
vn -0.5822 -0.5641 -0.5855
vn -0.6833 -0.6621 -0.3077
vn -0.7160 -0.6937 -0.0784
vn -0.7160 -0.6937 0.0784
vn -0.6833 -0.6621 0.3077
vn -0.5822 -0.5641 0.5855
vn -0.4246 -0.4114 0.8065
vn -0.2257 -0.2187 0.9493
vn -0.1120 -0.1085 0.9878
vn -0.2519 -0.1878 -0.9494
vn -0.1251 -0.0933 -0.9878
vn -0.4739 -0.3534 -0.8065
vn -0.6499 -0.4846 -0.5855
vn -0.7627 -0.5688 -0.3077
vn -0.7992 -0.5960 -0.0784
vn -0.7992 -0.5960 0.0784
vn -0.7627 -0.5688 0.3077
vn -0.6499 -0.4846 0.5855
vn -0.4739 -0.3534 0.8065
vn -0.2519 -0.1878 0.9494
vn -0.1251 -0.0933 0.9878
vn -0.2739 -0.1541 -0.9493
vn -0.1360 -0.0765 -0.9878
vn -0.5152 -0.2899 -0.8065
vn -0.7065 -0.3975 -0.5855
vn -0.8292 -0.4666 -0.3077
vn -0.8688 -0.4888 -0.0784
vn -0.8688 -0.4888 0.0784
vn -0.8292 -0.4666 0.3077
vn -0.7065 -0.3975 0.5855
vn -0.5152 -0.2899 0.8065
vn -0.2739 -0.1541 0.9493
vn -0.1360 -0.0765 0.9878
vn -0.2913 -0.1178 -0.9493
vn -0.1446 -0.0585 -0.9878
vn -0.5481 -0.2217 -0.8065
vn -0.7515 -0.3040 -0.5856
vn -0.8821 -0.3568 -0.3077
vn -0.9242 -0.3738 -0.0784
vn -0.9242 -0.3738 0.0784
vn -0.8821 -0.3568 0.3077
vn -0.7515 -0.3040 0.5856
vn -0.5481 -0.2217 0.8065
vn -0.2913 -0.1178 0.9493
vn -0.1446 -0.0585 0.9878
vn -0.3040 -0.0796 -0.9493
vn -0.1509 -0.0395 -0.9878
vn -0.5719 -0.1497 -0.8065
vn -0.7842 -0.2053 -0.5856
vn -0.9205 -0.2410 -0.3076
vn -0.9644 -0.2525 -0.0783
vn -0.9644 -0.2525 0.0783
vn -0.9205 -0.2410 0.3076
vn -0.7842 -0.2053 0.5856
vn -0.5719 -0.1497 0.8065
vn -0.3040 -0.0796 0.9493
vn -0.1512 -0.0395 0.9877
vn -0.3117 -0.0400 -0.9493
vn -0.1547 -0.0199 -0.9878
vn -0.5864 -0.0753 -0.8065
vn -0.8040 -0.1033 -0.5856
vn -0.9437 -0.1212 -0.3077
vn -0.9888 -0.1270 -0.0783
vn -0.9888 -0.1270 0.0783
vn -0.9437 -0.1212 0.3077
vn -0.8040 -0.1033 0.5856
vn -0.5864 -0.0753 0.8065
vn -0.3117 -0.0400 0.9493
vn -0.1547 -0.0199 0.9878
vn -0.3143 0.0005 -0.9493
vn -0.1560 0.0003 -0.9878
vn -0.5913 0.0010 -0.8064
vn -0.8107 0.0013 -0.5855
vn -0.9515 0.0015 -0.3077
vn -0.9969 0.0016 -0.0784
vn -0.9969 0.0016 0.0784
vn -0.9515 0.0015 0.3077
vn -0.8107 0.0013 0.5855
vn -0.5913 0.0010 0.8064
vn -0.3143 0.0005 0.9493
vn -0.1560 0.0003 0.9878
vn -0.3116 0.0414 -0.9493
vn -0.1546 0.0206 -0.9878
vn -0.5862 0.0779 -0.8064
vn -0.8036 0.1068 -0.5854
vn -0.9432 0.1254 -0.3077
vn -0.9882 0.1314 -0.0784
vn -0.9882 0.1314 0.0784
vn -0.9432 0.1254 0.3077
vn -0.8036 0.1068 0.5854
vn -0.5862 0.0779 0.8064
vn -0.3116 0.0414 0.9493
vn -0.1546 0.0206 0.9878
vn -0.3035 0.0811 -0.9494
vn -0.1507 0.0403 -0.9878
vn -0.5712 0.1526 -0.8065
vn -0.7832 0.2092 -0.5855
vn -0.9193 0.2456 -0.3077
vn -0.9631 0.2573 -0.0784
vn -0.9631 0.2573 0.0784
vn -0.9193 0.2456 0.3077
vn -0.7832 0.2092 0.5855
vn -0.5712 0.1526 0.8065
vn -0.3035 0.0811 0.9494
vn -0.1507 0.0403 0.9878
vn -0.2909 0.1186 -0.9494
vn -0.1445 0.0589 -0.9878
vn -0.5474 0.2232 -0.8066
vn -0.7506 0.3061 -0.5856
vn -0.8811 0.3593 -0.3077
vn -0.9231 0.3764 -0.0784
vn -0.9231 0.3764 0.0784
vn -0.8811 0.3593 0.3077
vn -0.7506 0.3061 0.5856
vn -0.5474 0.2232 0.8066
vn -0.2909 0.1186 0.9494
vn -0.1445 0.0589 0.9878
vn -0.2738 0.1539 -0.9494
vn -0.1360 0.0764 -0.9878
vn -0.5153 0.2896 -0.8066
vn -0.7067 0.3972 -0.5856
vn -0.8294 0.4662 -0.3077
vn -0.8690 0.4885 -0.0784
vn -0.8690 0.4885 0.0784
vn -0.8294 0.4662 0.3077
vn -0.7067 0.3972 0.5856
vn -0.5153 0.2896 0.8066
vn -0.2738 0.1539 0.9494
vn -0.1360 0.0764 0.9878
vn -0.2525 0.1869 -0.9494
vn -0.1254 0.0928 -0.9878
vn -0.4751 0.3517 -0.8066
vn -0.6516 0.4823 -0.5855
vn -0.7647 0.5661 -0.3077
vn -0.8013 0.5931 -0.0784
vn -0.8013 0.5931 0.0784
vn -0.7647 0.5661 0.3077
vn -0.6516 0.4823 0.5855
vn -0.4751 0.3517 0.8066
vn -0.2525 0.1869 0.9494
vn -0.1254 0.0928 0.9878
vn -0.2269 0.2174 -0.9494
vn -0.1126 0.1079 -0.9878
vn -0.4269 0.4090 -0.8065
vn -0.5853 0.5609 -0.5855
vn -0.6870 0.6583 -0.3077
vn -0.7198 0.6897 -0.0784
vn -0.7198 0.6897 0.0784
vn -0.6870 0.6583 0.3077
vn -0.5853 0.5609 0.5855
vn -0.4269 0.4090 0.8065
vn -0.2269 0.2174 0.9494
vn -0.1126 0.1079 0.9878
vn -0.1970 0.2449 -0.9493
vn -0.0978 0.1216 -0.9878
vn -0.3705 0.4608 -0.8065
vn -0.5081 0.6317 -0.5855
vn -0.5963 0.7415 -0.3077
vn -0.6248 0.7769 -0.0784
vn -0.6248 0.7769 0.0784
vn -0.5963 0.7415 0.3077
vn -0.5081 0.6317 0.5855
vn -0.3705 0.4608 0.8065
vn -0.1970 0.2449 0.9493
vn -0.0978 0.1216 0.9878
vn -0.1630 0.2689 -0.9493
vn -0.0808 0.1334 -0.9878
vn -0.3065 0.5057 -0.8064
vn -0.4201 0.6933 -0.5855
vn -0.4931 0.8137 -0.3077
vn -0.5167 0.8526 -0.0784
vn -0.5167 0.8526 0.0784
vn -0.4931 0.8137 0.3077
vn -0.4201 0.6933 0.5855
vn -0.3065 0.5057 0.8064
vn -0.1630 0.2689 0.9493
vn -0.0808 0.1334 0.9878
vn -0.1252 0.2885 -0.9492
vn -0.0621 0.1431 -0.9878
vn -0.2355 0.5425 -0.8064
vn -0.3228 0.7437 -0.5854
vn -0.3788 0.8728 -0.3076
vn -0.3969 0.9145 -0.0784
vn -0.3969 0.9145 0.0784
vn -0.3788 0.8728 0.3076
vn -0.3228 0.7437 0.5854
vn -0.2355 0.5425 0.8064
vn -0.1252 0.2885 0.9492
vn -0.0621 0.1431 0.9878
vn -0.0846 0.3030 -0.9492
vn -0.0420 0.1502 -0.9878
vn -0.1591 0.5696 -0.8063
vn -0.2181 0.7808 -0.5854
vn -0.2560 0.9164 -0.3076
vn -0.2682 0.9602 -0.0783
vn -0.2682 0.9602 0.0783
vn -0.2560 0.9164 0.3076
vn -0.2181 0.7808 0.5854
vn -0.1591 0.5696 0.8063
vn -0.0846 0.3030 0.9492
vn -0.0420 0.1502 0.9878
vn -0.0424 0.3117 -0.9492
vn -0.0210 0.1545 -0.9878
vn -0.0797 0.5860 -0.8063
vn -0.1093 0.8033 -0.5854
vn -0.1283 0.9428 -0.3077
vn -0.1344 0.9878 -0.0784
vn -0.1344 0.9878 0.0784
vn -0.1283 0.9428 0.3077
vn -0.1093 0.8033 0.5854
vn -0.0797 0.5860 0.8063
vn -0.0424 0.3117 0.9492
vn -0.0210 0.1545 0.9878
vn 0.0006 0.3146 -0.9492
vn 0.0003 0.1559 -0.9878
vn 0.0011 0.5914 -0.8064
vn 0.0015 0.8107 -0.5854
vn 0.0017 0.9515 -0.3077
vn 0.0018 0.9969 -0.0784
vn 0.0018 0.9969 0.0784
vn 0.0017 0.9515 0.3077
vn 0.0015 0.8107 0.5854
vn 0.0011 0.5914 0.8064
vn 0.0006 0.3146 0.9492
vn 0.0003 0.1559 0.9878
vn 0.0447 0.3116 -0.9492
vn 0.0222 0.1543 -0.9878
vn 0.0841 0.5855 -0.8063
vn 0.1152 0.8026 -0.5853
vn 0.1352 0.9419 -0.3076
vn 0.1417 0.9868 -0.0784
vn 0.1417 0.9868 0.0784
vn 0.1352 0.9419 0.3076
vn 0.1152 0.8026 0.5853
vn 0.0841 0.5855 0.8063
vn 0.0447 0.3116 0.9492
vn 0.0222 0.1543 0.9878
vn 0.0894 0.3019 -0.9491
vn 0.0443 0.1495 -0.9878
vn 0.1680 0.5672 -0.8063
vn 0.2302 0.7774 -0.5853
vn 0.2702 0.9124 -0.3075
vn 0.2831 0.9559 -0.0784
vn 0.2831 0.9559 0.0784
vn 0.2702 0.9124 0.3075
vn 0.2302 0.7774 0.5853
vn 0.1680 0.5672 0.8063
vn 0.0894 0.3019 0.9491
vn 0.0443 0.1495 0.9878
vn 0.1323 0.2857 -0.9491
vn 0.0655 0.1414 -0.9878
vn 0.2486 0.5368 -0.8063
vn 0.3408 0.7357 -0.5854
vn 0.3999 0.8634 -0.3076
vn 0.4190 0.9046 -0.0784
vn 0.4190 0.9046 0.0784
vn 0.3999 0.8634 0.3076
vn 0.3408 0.7357 0.5854
vn 0.2486 0.5368 0.8063
vn 0.1323 0.2857 0.9491
vn 0.0655 0.1414 0.9878
vn 0.1720 0.2636 -0.9492
vn 0.0852 0.1306 -0.9878
vn 0.3232 0.4954 -0.8063
vn 0.4430 0.6790 -0.5854
vn 0.5199 0.7969 -0.3076
vn 0.5447 0.8349 -0.0784
vn 0.5447 0.8349 0.0784
vn 0.5199 0.7969 0.3076
vn 0.4430 0.6790 0.5854
vn 0.3232 0.4954 0.8063
vn 0.1720 0.2636 0.9492
vn 0.0852 0.1306 0.9878
vn 0.2072 0.2367 -0.9492
vn 0.1027 0.1173 -0.9878
vn 0.3896 0.4450 -0.8063
vn 0.5340 0.6100 -0.5854
vn 0.6267 0.7159 -0.3077
vn 0.6566 0.7501 -0.0784
vn 0.6566 0.7501 0.0784
vn 0.6267 0.7159 0.3077
vn 0.5340 0.6100 0.5854
vn 0.3896 0.4450 0.8063
vn 0.2072 0.2367 0.9492
vn 0.1027 0.1173 0.9878
vn 0.2374 0.2062 -0.9493
vn 0.1177 0.1023 -0.9878
vn 0.4464 0.3878 -0.8064
vn 0.6120 0.5317 -0.5854
vn 0.7183 0.6240 -0.3076
vn 0.7526 0.6538 -0.0784
vn 0.7526 0.6538 0.0784
vn 0.7183 0.6240 0.3076
vn 0.6120 0.5317 0.5854
vn 0.4464 0.3878 0.8064
vn 0.2374 0.2062 0.9493
vn 0.1177 0.1023 0.9878
vn 0.2622 0.1732 -0.9493
vn 0.1302 0.0860 -0.9878
vn 0.4932 0.3259 -0.8065
vn 0.6764 0.4469 -0.5855
vn 0.7938 0.5246 -0.3076
vn 0.8317 0.5496 -0.0784
vn 0.8317 0.5496 0.0784
vn 0.7938 0.5246 0.3076
vn 0.6764 0.4469 0.5855
vn 0.4932 0.3259 0.8065
vn 0.2622 0.1732 0.9493
vn 0.1302 0.0860 0.9878
vn 0.2817 0.1388 -0.9494
vn 0.1400 0.0690 -0.9878
vn 0.5302 0.2612 -0.8066
vn 0.7272 0.3582 -0.5855
vn 0.8535 0.4205 -0.3077
vn 0.8943 0.4406 -0.0784
vn 0.8943 0.4406 0.0784
vn 0.8535 0.4205 0.3077
vn 0.7272 0.3582 0.5855
vn 0.5302 0.2612 0.8066
vn 0.2817 0.1388 0.9494
vn 0.1400 0.0690 0.9878
vn 0.2963 0.1037 -0.9495
vn 0.1473 0.0515 -0.9878
vn 0.5578 0.1952 -0.8067
vn 0.7651 0.2677 -0.5856
vn 0.8981 0.3143 -0.3077
vn 0.9410 0.3293 -0.0783
vn 0.9410 0.3293 0.0783
vn 0.8981 0.3143 0.3077
vn 0.7651 0.2677 0.5856
vn 0.5578 0.1952 0.8067
vn 0.2963 0.1037 0.9495
vn 0.1473 0.0515 0.9878
vn 0.3061 0.0685 -0.9495
vn 0.1523 0.0341 -0.9877
vn 0.5766 0.1291 -0.8067
vn 0.7909 0.1771 -0.5857
vn 0.9285 0.2079 -0.3078
vn 0.9728 0.2178 -0.0783
vn 0.9728 0.2178 0.0783
vn 0.9285 0.2079 0.3078
vn 0.7909 0.1771 0.5857
vn 0.5766 0.1291 0.8067
vn 0.3061 0.0685 0.9495
vn 0.1523 0.0341 0.9877
vn 0.3117 0.0339 -0.9496
vn 0.1552 0.0169 -0.9877
vn 0.5873 0.0638 -0.8068
vn 0.8058 0.0876 -0.5857
vn 0.9459 0.1028 -0.3078
vn 0.9911 0.1077 -0.0784
vn 0.9911 0.1077 0.0784
vn 0.9459 0.1028 0.3078
vn 0.8058 0.0876 0.5857
vn 0.5873 0.0638 0.8068
vn 0.3117 0.0339 0.9496
vn 0.1552 0.0169 0.9877
vn 0.3135 -0.0004 -0.9496
vn 0.1561 -0.0002 -0.9877
vn 0.5908 -0.0008 -0.8068
vn 0.8105 -0.0011 -0.5858
vn 0.9514 -0.0013 -0.3078
vn 0.9969 -0.0014 -0.0784
vn 0.9969 -0.0014 0.0784
vn 0.9514 -0.0013 0.3078
vn 0.8105 -0.0011 0.5858
vn 0.5908 -0.0008 0.8068
vn 0.3135 -0.0004 0.9496
vn 0.1561 -0.0002 0.9877
vn 0.3115 -0.0339 -0.9496
vn 0.1552 -0.0169 -0.9877
vn 0.5872 -0.0639 -0.8069
vn 0.8057 -0.0877 -0.5859
vn 0.9458 -0.1029 -0.3079
vn 0.9911 -0.1079 -0.0784
vn 0.9911 -0.1079 0.0784
vn 0.9458 -0.1029 0.3079
vn 0.8057 -0.0877 0.5859
vn 0.5872 -0.0639 0.8069
vn 0.3115 -0.0339 0.9496
vn 0.1552 -0.0169 0.9877
vn 0.3062 -0.0649 -0.9497
vn 0.1528 -0.0324 -0.9877
vn 0.5777 -0.1224 -0.8070
vn 0.7927 -0.1679 -0.5860
vn 0.9308 -0.1971 -0.3080
vn 0.9753 -0.2066 -0.0784
vn 0.9753 -0.2066 0.0784
vn 0.9308 -0.1971 0.3080
vn 0.7927 -0.1679 0.5860
vn 0.5777 -0.1224 0.8070
vn 0.3062 -0.0649 0.9497
vn 0.1528 -0.0324 0.9877
vn 0.2987 -0.0927 -0.9498
vn 0.1491 -0.0463 -0.9877
vn 0.5638 -0.1750 -0.8072
vn 0.7738 -0.2402 -0.5861
vn 0.9086 -0.2820 -0.3081
vn 0.9521 -0.2955 -0.0784
vn 0.9521 -0.2955 0.0784
vn 0.9086 -0.2820 0.3081
vn 0.7738 -0.2402 0.5861
vn 0.5638 -0.1750 0.8072
vn 0.2987 -0.0927 0.9498
vn 0.1491 -0.0463 0.9877
vn 0.2895 -0.1179 -0.9499
vn 0.1446 -0.0589 -0.9877
vn 0.5466 -0.2226 -0.8073
vn 0.7504 -0.3055 -0.5862
vn 0.8811 -0.3588 -0.3081
vn 0.9233 -0.3759 -0.0784
vn 0.9233 -0.3759 0.0784
vn 0.8811 -0.3588 0.3081
vn 0.7504 -0.3055 0.5862
vn 0.5466 -0.2226 0.8073
vn 0.2895 -0.1179 0.9499
vn 0.1446 -0.0589 0.9877
vn 0.2788 -0.1408 -0.9500
vn 0.1394 -0.0704 -0.9877
vn 0.5267 -0.2660 -0.8073
vn 0.7232 -0.3652 -0.5862
vn 0.8492 -0.4289 -0.3081
vn 0.8899 -0.4494 -0.0784
vn 0.8899 -0.4494 0.0784
vn 0.8492 -0.4289 0.3081
vn 0.7232 -0.3652 0.5862
vn 0.5267 -0.2660 0.8073
vn 0.2788 -0.1408 0.9500
vn 0.1394 -0.0704 0.9877
vn 0.2669 -0.1620 -0.9500
vn 0.1335 -0.0810 -0.9877
vn 0.5044 -0.3061 -0.8074
vn 0.6926 -0.4203 -0.5862
vn 0.8133 -0.4936 -0.3081
vn 0.8522 -0.5172 -0.0784
vn 0.8522 -0.5172 0.0784
vn 0.8133 -0.4936 0.3081
vn 0.6926 -0.4203 0.5862
vn 0.5044 -0.3061 0.8074
vn 0.2669 -0.1620 0.9500
vn 0.1335 -0.0810 0.9877
vn 0.2538 -0.1818 -0.9500
vn 0.1270 -0.0909 -0.9877
vn 0.4797 -0.3436 -0.8074
vn 0.6586 -0.4717 -0.5863
vn 0.7734 -0.5540 -0.3081
vn 0.8105 -0.5805 -0.0784
vn 0.8105 -0.5805 0.0784
vn 0.7734 -0.5540 0.3081
vn 0.6586 -0.4717 0.5863
vn 0.4797 -0.3436 0.8074
vn 0.2538 -0.1818 0.9500
vn 0.1270 -0.0909 0.9877
vn 0.2394 -0.2005 -0.9500
vn 0.1197 -0.1003 -0.9877
vn 0.4523 -0.3789 -0.8074
vn 0.6210 -0.5202 -0.5863
vn 0.7293 -0.6109 -0.3082
vn 0.7643 -0.6401 -0.0784
vn 0.7643 -0.6401 0.0784
vn 0.7293 -0.6109 0.3082
vn 0.6210 -0.5202 0.5863
vn 0.4523 -0.3789 0.8074
vn 0.2394 -0.2005 0.9500
vn 0.1197 -0.1003 0.9877
vn 0.2234 -0.2183 -0.9500
vn 0.1117 -0.1092 -0.9877
vn 0.4220 -0.4124 -0.8073
vn 0.5794 -0.5662 -0.5863
vn 0.6804 -0.6649 -0.3081
vn 0.7130 -0.6968 -0.0784
vn 0.7130 -0.6968 0.0784
vn 0.6804 -0.6649 0.3081
vn 0.5794 -0.5662 0.5863
vn 0.4220 -0.4124 0.8073
vn 0.2234 -0.2183 0.9500
vn 0.1117 -0.1092 0.9877
vn 0.2055 -0.2353 -0.9499
vn 0.1028 -0.1176 -0.9877
vn 0.3882 -0.4444 -0.8073
vn 0.5330 -0.6101 -0.5862
vn 0.6259 -0.7165 -0.3081
vn 0.6559 -0.7508 -0.0783
vn 0.6559 -0.7508 0.0783
vn 0.6259 -0.7165 0.3081
vn 0.5330 -0.6101 0.5862
vn 0.3882 -0.4444 0.8073
vn 0.2055 -0.2353 0.9499
vn 0.1028 -0.1176 0.9877
vn 0.1856 -0.2515 -0.9499
vn 0.0927 -0.1257 -0.9877
vn 0.3504 -0.4749 -0.8073
vn 0.4810 -0.6520 -0.5862
vn 0.5648 -0.7656 -0.3080
vn 0.5919 -0.8022 -0.0783
vn 0.5919 -0.8022 0.0783
vn 0.5648 -0.7656 0.3080
vn 0.4810 -0.6520 0.5862
vn 0.3504 -0.4749 0.8073
vn 0.1856 -0.2515 0.9499
vn 0.0927 -0.1257 0.9877
vn -0.0407 -0.2859 -0.9574
vn -0.0164 -0.1155 -0.9932
vn -0.0740 -0.5196 -0.8512
vn -0.1058 -0.7442 -0.6596
vn -0.1310 -0.9208 -0.3674
vn -0.1401 -0.9850 -0.1006
vn -0.1401 -0.9850 0.1006
vn -0.1310 -0.9208 0.3674
vn -0.1058 -0.7442 0.6596
vn -0.0740 -0.5196 0.8512
vn -0.0407 -0.2859 0.9574
vn -0.0164 -0.1155 0.9932
vn -0.2685 0.0371 -0.9626
vn -0.1050 0.0145 -0.9944
vn -0.4912 0.0677 -0.8684
vn -0.7191 0.0993 -0.6878
vn -0.9115 0.1258 -0.3915
vn -0.9847 0.1359 -0.1095
vn -0.9847 0.1359 0.1095
vn -0.9115 0.1258 0.3915
vn -0.7191 0.0993 0.6878
vn -0.4912 0.0677 0.8684
vn -0.2685 0.0371 0.9626
vn -0.1050 0.0145 0.9944
vn -0.0185 0.3057 -0.9519
vn -0.0358 0.3043 -0.9519
vn -0.0183 0.1552 -0.9877
vn -0.0094 0.1559 -0.9877
vn -0.0353 0.5847 -0.8105
vn -0.0685 0.5819 -0.8104
vn -0.0487 0.8064 -0.5894
vn -0.0945 0.8024 -0.5892
vn -0.0573 0.9490 -0.3100
vn -0.1112 0.9442 -0.3099
vn -0.0601 0.9951 -0.0786
vn -0.1166 0.9901 -0.0786
vn -0.0601 0.9951 0.0786
vn -0.1166 0.9901 0.0786
vn -0.0573 0.9490 0.3100
vn -0.1112 0.9442 0.3099
vn -0.0487 0.8064 0.5894
vn -0.0945 0.8024 0.5892
vn -0.0353 0.5847 0.8105
vn -0.0685 0.5819 0.8104
vn -0.0185 0.3057 0.9519
vn -0.0358 0.3043 0.9519
vn -0.0094 0.1559 0.9877
vn -0.0183 0.1552 0.9877
vn -0.0522 0.3021 -0.9518
vn -0.0266 0.1540 -0.9877
vn -0.0998 0.5774 -0.8103
vn -0.1376 0.7962 -0.5892
vn -0.1619 0.9369 -0.3098
vn -0.1697 0.9824 -0.0785
vn -0.1697 0.9824 0.0785
vn -0.1616 0.9368 0.3102
vn -0.1376 0.7962 0.5892
vn -0.0998 0.5774 0.8103
vn -0.0522 0.3021 0.9518
vn -0.0266 0.1540 0.9877
vn -0.0677 0.2991 -0.9518
vn -0.0345 0.1524 -0.9877
vn -0.1294 0.5716 -0.8103
vn -0.1785 0.7881 -0.5892
vn -0.2100 0.9273 -0.3098
vn -0.2202 0.9723 -0.0785
vn -0.2202 0.9723 0.0785
vn -0.2100 0.9273 0.3098
vn -0.1785 0.7881 0.5892
vn -0.1294 0.5716 0.8103
vn -0.0677 0.2991 0.9518
vn -0.0345 0.1524 0.9877
vn -0.0826 0.2954 -0.9518
vn -0.0421 0.1505 -0.9877
vn -0.1579 0.5644 -0.8102
vn -0.2177 0.7782 -0.5891
vn -0.2561 0.9156 -0.3098
vn -0.2686 0.9600 -0.0786
vn -0.2686 0.9600 0.0786
vn -0.2561 0.9156 0.3098
vn -0.2177 0.7782 0.5891
vn -0.1579 0.5644 0.8102
vn -0.0826 0.2954 0.9518
vn -0.0421 0.1505 0.9877
vn -0.0970 0.2910 -0.9518
vn -0.0496 0.1487 -0.9876
vn -0.1854 0.5561 -0.8102
vn -0.2556 0.7666 -0.5890
vn -0.3007 0.9020 -0.3098
vn -0.3153 0.9457 -0.0786
vn -0.3153 0.9457 0.0786
vn -0.3007 0.9020 0.3098
vn -0.2556 0.7666 0.5890
vn -0.1854 0.5561 0.8102
vn -0.0970 0.2910 0.9518
vn -0.0494 0.1482 0.9877
vn -0.1110 0.2860 -0.9518
vn -0.0565 0.1457 -0.9877
vn -0.2121 0.5465 -0.8102
vn -0.2924 0.7533 -0.5891
vn -0.3440 0.8864 -0.3098
vn -0.3607 0.9294 -0.0786
vn -0.3607 0.9294 0.0786
vn -0.3440 0.8864 0.3098
vn -0.2924 0.7533 0.5891
vn -0.2121 0.5465 0.8102
vn -0.1110 0.2860 0.9518
vn -0.0565 0.1457 0.9877
vn -0.1246 0.2803 -0.9518
vn -0.0635 0.1428 -0.9877
vn -0.2381 0.5356 -0.8102
vn -0.3283 0.7384 -0.5891
vn -0.3863 0.8688 -0.3097
vn -0.4050 0.9109 -0.0785
vn -0.4050 0.9109 0.0785
vn -0.3863 0.8688 0.3097
vn -0.3283 0.7384 0.5891
vn -0.2381 0.5356 0.8102
vn -0.1246 0.2803 0.9518
vn -0.0635 0.1428 0.9877
vn -0.1380 0.2740 -0.9518
vn -0.0703 0.1396 -0.9877
vn -0.2636 0.5235 -0.8102
vn -0.3634 0.7217 -0.5891
vn -0.4276 0.8492 -0.3097
vn -0.4484 0.8904 -0.0785
vn -0.4484 0.8904 0.0785
vn -0.4276 0.8492 0.3097
vn -0.3634 0.7217 0.5891
vn -0.2636 0.5235 0.8102
vn -0.1380 0.2740 0.9518
vn -0.0703 0.1396 0.9877
vn -0.1510 0.2670 -0.9518
vn -0.0769 0.1360 -0.9877
vn -0.2886 0.5102 -0.8102
vn -0.3979 0.7033 -0.5891
vn -0.4682 0.8276 -0.3098
vn -0.4909 0.8677 -0.0785
vn -0.4909 0.8677 0.0785
vn -0.4682 0.8276 0.3098
vn -0.3979 0.7033 0.5891
vn -0.2886 0.5102 0.8102
vn -0.1510 0.2670 0.9518
vn -0.0769 0.1360 0.9877
vn -0.1638 0.2593 -0.9518
vn -0.0835 0.1321 -0.9877
vn -0.3131 0.4955 -0.8102
vn -0.4317 0.6831 -0.5890
vn -0.5079 0.8038 -0.3098
vn -0.5325 0.8428 -0.0786
vn -0.5325 0.8428 0.0786
vn -0.5079 0.8038 0.3098
vn -0.4317 0.6831 0.5890
vn -0.3131 0.4955 0.8102
vn -0.1638 0.2593 0.9518
vn -0.0835 0.1321 0.9877
vn -0.2112 0.1411 -0.9672
vn -0.1202 0.0804 -0.9895
vn -0.4419 0.2953 -0.8471
vn -0.6412 0.4285 -0.6366
vn -0.7807 0.5217 -0.3441
vn -0.8283 0.5535 -0.0866
vn -0.8283 0.5535 0.0866
vn -0.7807 0.5217 0.3441
vn -0.6412 0.4285 0.6366
vn -0.4419 0.2953 0.8471
vn -0.2112 0.1411 0.9672
vn -0.1202 0.0804 0.9895
vn -0.3028 0.0567 -0.9514
vn -0.1536 0.0288 -0.9877
vn -0.5771 0.1080 -0.8095
vn -0.7948 0.1488 -0.5883
vn -0.9347 0.1753 -0.3092
vn -0.9799 0.1835 -0.0785
vn -0.9799 0.1835 0.0785
vn -0.9348 0.1749 0.3092
vn -0.7948 0.1488 0.5883
vn -0.5771 0.1080 0.8095
vn -0.3028 0.0567 0.9514
vn -0.1536 0.0288 0.9877
vn -0.3039 0.0502 -0.9514
vn -0.1542 0.0255 -0.9877
vn -0.5792 0.0956 -0.8096
vn -0.7978 0.1317 -0.5883
vn -0.9383 0.1549 -0.3093
vn -0.9836 0.1624 -0.0785
vn -0.9836 0.1624 0.0785
vn -0.9383 0.1549 0.3093
vn -0.7978 0.1317 0.5883
vn -0.5792 0.0956 0.8096
vn -0.3039 0.0502 0.9514
vn -0.1542 0.0255 0.9877
vn -0.3049 0.0433 -0.9514
vn -0.1547 0.0220 -0.9877
vn -0.5812 0.0826 -0.8096
vn -0.8006 0.1137 -0.5884
vn -0.9415 0.1337 -0.3094
vn -0.9870 0.1401 -0.0786
vn -0.9870 0.1401 0.0786
vn -0.9415 0.1337 0.3094
vn -0.8006 0.1137 0.5884
vn -0.5812 0.0826 0.8096
vn -0.3049 0.0433 0.9514
vn -0.1547 0.0220 0.9877
vn -0.3058 0.0362 -0.9514
vn -0.1552 0.0184 -0.9877
vn -0.5830 0.0691 -0.8095
vn -0.8030 0.0952 -0.5884
vn -0.9443 0.1119 -0.3094
vn -0.9900 0.1173 -0.0785
vn -0.9900 0.1173 0.0785
vn -0.9443 0.1119 0.3094
vn -0.8030 0.0952 0.5884
vn -0.5830 0.0691 0.8095
vn -0.3058 0.0362 0.9514
vn -0.1552 0.0184 0.9877
vn -0.3066 0.0292 -0.9514
vn -0.1556 0.0148 -0.9877
vn -0.5844 0.0557 -0.8095
vn -0.8049 0.0767 -0.5884
vn -0.9466 0.0902 -0.3094
vn -0.9924 0.0945 -0.0785
vn -0.9924 0.0945 0.0785
vn -0.9466 0.0902 0.3094
vn -0.8049 0.0767 0.5884
vn -0.5844 0.0557 0.8095
vn -0.3066 0.0292 0.9514
vn -0.1556 0.0148 0.9877
vn -0.3072 0.0224 -0.9514
vn -0.1559 0.0114 -0.9877
vn -0.5856 0.0426 -0.8095
vn -0.8065 0.0587 -0.5884
vn -0.9484 0.0691 -0.3094
vn -0.9943 0.0725 -0.0785
vn -0.9943 0.0725 0.0785
vn -0.9484 0.0691 0.3094
vn -0.8065 0.0587 0.5884
vn -0.5856 0.0426 0.8095
vn -0.3072 0.0224 0.9514
vn -0.1559 0.0114 0.9877
vn -0.3077 0.0161 -0.9513
vn -0.1561 0.0082 -0.9877
vn -0.5864 0.0306 -0.8095
vn -0.8076 0.0421 -0.5882
vn -0.9497 0.0497 -0.3093
vn -0.9956 0.0521 -0.0785
vn -0.9956 0.0521 0.0785
vn -0.9497 0.0497 0.3093
vn -0.8076 0.0421 0.5882
vn -0.5864 0.0306 0.8095
vn -0.3077 0.0161 0.9513
vn -0.1561 0.0082 0.9877
vn -0.3081 0.0106 -0.9513
vn -0.1562 0.0054 -0.9877
vn -0.5869 0.0202 -0.8094
vn -0.8083 0.0278 -0.5881
vn -0.9504 0.0326 -0.3092
vn -0.9963 0.0342 -0.0785
vn -0.9963 0.0342 0.0785
vn -0.9504 0.0326 0.3092
vn -0.8083 0.0278 0.5881
vn -0.5869 0.0202 0.8094
vn -0.3081 0.0106 0.9513
vn -0.1562 0.0054 0.9877
vn -0.3084 0.0061 -0.9513
vn -0.1563 0.0031 -0.9877
vn -0.5873 0.0117 -0.8093
vn -0.8086 0.0161 -0.5881
vn -0.9508 0.0188 -0.3092
vn -0.9967 0.0197 -0.0785
vn -0.9967 0.0197 0.0785
vn -0.9508 0.0188 0.3092
vn -0.8086 0.0161 0.5881
vn -0.5873 0.0117 0.8093
vn -0.3084 0.0061 0.9513
vn -0.1563 0.0031 0.9877
vn -0.3086 0.0028 -0.9512
vn -0.1563 0.0014 -0.9877
vn -0.5875 0.0054 -0.8092
vn -0.8088 0.0074 -0.5880
vn -0.9510 0.0087 -0.3092
vn -0.9969 0.0091 -0.0786
vn -0.9969 0.0091 0.0786
vn -0.9510 0.0087 0.3092
vn -0.8088 0.0074 0.5880
vn -0.5875 0.0054 0.8092
vn -0.3086 0.0028 0.9512
vn -0.1563 0.0014 0.9877
vn -0.3088 0.0008 -0.9511
vn -0.1563 0.0004 -0.9877
vn -0.5877 0.0016 -0.8091
vn -0.8089 0.0022 -0.5879
vn -0.9510 0.0027 -0.3091
vn -0.9969 0.0028 -0.0785
vn -0.9969 0.0028 0.0785
vn -0.9510 0.0027 0.3091
vn -0.8089 0.0022 0.5879
vn -0.5877 0.0016 0.8091
vn -0.3088 0.0008 0.9511
vn -0.1563 0.0004 0.9877
vn -0.3058 -0.0097 -0.9520
vn -0.1561 -0.0049 -0.9877
vn -0.5853 -0.0185 -0.8106
vn -0.8074 -0.0255 -0.5895
vn -0.9502 -0.0300 -0.3101
vn -0.9964 -0.0314 -0.0786
vn -0.9964 -0.0314 0.0786
vn -0.9502 -0.0300 0.3101
vn -0.8074 -0.0255 0.5895
vn -0.5853 -0.0185 0.8106
vn -0.3058 -0.0097 0.9520
vn -0.1561 -0.0049 0.9877
vn -0.3003 -0.0383 -0.9531
vn -0.1547 -0.0197 -0.9878
vn -0.5783 -0.0738 -0.8125
vn -0.7998 -0.1021 -0.5915
vn -0.9426 -0.1203 -0.3115
vn -0.9889 -0.1262 -0.0789
vn -0.9889 -0.1262 0.0789
vn -0.9426 -0.1203 0.3115
vn -0.7998 -0.1021 0.5915
vn -0.5783 -0.0738 0.8125
vn -0.3003 -0.0383 0.9531
vn -0.1547 -0.0197 0.9878
vn -0.2933 -0.0756 -0.9530
vn -0.1511 -0.0389 -0.9878
vn -0.5646 -0.1454 -0.8124
vn -0.7809 -0.2011 -0.5914
vn -0.9203 -0.2370 -0.3114
vn -0.9654 -0.2486 -0.0789
vn -0.9654 -0.2486 0.0789
vn -0.9203 -0.2370 0.3114
vn -0.7809 -0.2011 0.5914
vn -0.5646 -0.1454 0.8124
vn -0.2933 -0.0756 0.9530
vn -0.1511 -0.0389 0.9878
vn -0.2819 -0.1110 -0.9530
vn -0.1452 -0.0572 -0.9878
vn -0.5426 -0.2137 -0.8124
vn -0.7503 -0.2955 -0.5914
vn -0.8842 -0.3483 -0.3112
vn -0.9275 -0.3653 -0.0788
vn -0.9275 -0.3653 0.0788
vn -0.8842 -0.3483 0.3113
vn -0.7503 -0.2955 0.5914
vn -0.5426 -0.2137 0.8124
vn -0.2819 -0.1110 0.9530
vn -0.1452 -0.0572 0.9878
vn -0.2664 -0.1445 -0.9530
vn -0.1372 -0.0744 -0.9878
vn -0.5126 -0.2781 -0.8124
vn -0.7088 -0.3846 -0.5914
vn -0.8353 -0.4532 -0.3112
vn -0.8762 -0.4754 -0.0787
vn -0.8762 -0.4754 0.0787
vn -0.8353 -0.4532 0.3112
vn -0.7088 -0.3846 0.5914
vn -0.5126 -0.2781 0.8124
vn -0.2664 -0.1445 0.9530
vn -0.1372 -0.0744 0.9878
vn -0.2468 -0.1758 -0.9530
vn -0.1271 -0.0905 -0.9878
vn -0.4749 -0.3383 -0.8124
vn -0.6568 -0.4679 -0.5914
vn -0.7740 -0.5514 -0.3112
vn -0.8119 -0.5784 -0.0788
vn -0.8119 -0.5784 0.0788
vn -0.7740 -0.5514 0.3112
vn -0.6568 -0.4679 0.5914
vn -0.4749 -0.3383 0.8124
vn -0.2468 -0.1758 0.9530
vn -0.1271 -0.0905 0.9878
vn -0.2232 -0.2048 -0.9530
vn -0.1153 -0.1058 -0.9877
vn -0.4296 -0.3941 -0.8125
vn -0.5942 -0.5451 -0.5914
vn -0.7003 -0.6424 -0.3113
vn -0.7346 -0.6739 -0.0789
vn -0.7346 -0.6739 0.0789
vn -0.7003 -0.6424 0.3113
vn -0.5942 -0.5451 0.5914
vn -0.4296 -0.3941 0.8125
vn -0.2232 -0.2048 0.9530
vn -0.1152 -0.1057 0.9877
vn -0.1955 -0.2311 -0.9531
vn -0.1007 -0.1191 -0.9878
vn -0.3765 -0.4450 -0.8125
vn -0.5208 -0.6155 -0.5915
vn -0.6138 -0.7254 -0.3114
vn -0.6439 -0.7610 -0.0789
vn -0.6439 -0.7610 0.0789
vn -0.6138 -0.7254 0.3114
vn -0.5208 -0.6155 0.5915
vn -0.3765 -0.4450 0.8125
vn -0.1955 -0.2311 0.9531
vn -0.1007 -0.1191 0.9878
vn -0.1637 -0.2543 -0.9532
vn -0.0844 -0.1312 -0.9878
vn -0.3153 -0.4900 -0.8127
vn -0.4363 -0.6779 -0.5917
vn -0.5142 -0.7991 -0.3116
vn -0.5395 -0.8383 -0.0790
vn -0.5395 -0.8383 0.0790
vn -0.5142 -0.7991 0.3116
vn -0.4363 -0.6779 0.5917
vn -0.3153 -0.4900 0.8127
vn -0.1637 -0.2543 0.9532
vn -0.0844 -0.1312 0.9878
vn -0.1277 -0.2738 -0.9533
vn -0.0659 -0.1413 -0.9878
vn -0.2461 -0.5279 -0.8129
vn -0.3405 -0.7305 -0.5919
vn -0.4015 -0.8612 -0.3117
vn -0.4212 -0.9035 -0.0790
vn -0.4212 -0.9035 0.0790
vn -0.4015 -0.8612 0.3117
vn -0.3405 -0.7305 0.5919
vn -0.2461 -0.5279 0.8129
vn -0.1277 -0.2738 0.9533
vn -0.0659 -0.1413 0.9878
vn -0.0878 -0.2888 -0.9534
vn -0.0453 -0.1492 -0.9878
vn -0.1693 -0.5570 -0.8131
vn -0.2344 -0.7710 -0.5922
vn -0.2763 -0.9091 -0.3118
vn -0.2899 -0.9538 -0.0789
vn -0.2899 -0.9538 0.0789
vn -0.2763 -0.9091 0.3118
vn -0.2344 -0.7710 0.5922
vn -0.1693 -0.5570 0.8131
vn -0.0878 -0.2888 0.9534
vn -0.0453 -0.1492 0.9878
vn -0.0448 -0.2983 -0.9534
vn -0.0231 -0.1542 -0.9878
vn -0.0864 -0.5755 -0.8132
vn -0.1196 -0.7967 -0.5924
vn -0.1410 -0.9396 -0.3119
vn -0.1479 -0.9858 -0.0789
vn -0.1479 -0.9858 0.0789
vn -0.1410 -0.9396 0.3119
vn -0.1196 -0.7967 0.5924
vn -0.0864 -0.5755 0.8132
vn -0.0448 -0.2983 0.9534
vn -0.0231 -0.1542 0.9878
vn -0.0025 -0.3024 -0.9532
vn -0.0013 -0.1560 -0.9878
vn -0.0049 -0.5826 -0.8127
vn -0.0067 -0.8061 -0.5918
vn -0.0079 -0.9502 -0.3116
vn -0.0083 -0.9968 -0.0789
vn -0.0083 -0.9968 0.0789
vn -0.0079 -0.9502 0.3116
vn -0.0067 -0.8061 0.5918
vn -0.0049 -0.5826 0.8127
vn -0.0025 -0.3024 0.9532
vn -0.0013 -0.1560 0.9878
vn 0.0357 -0.3010 -0.9529
vn 0.0184 -0.1549 -0.9878
vn 0.0687 -0.5792 -0.8123
vn 0.0951 -0.8008 -0.5913
vn 0.1120 -0.9437 -0.3112
vn 0.1175 -0.9899 -0.0789
vn 0.1175 -0.9899 0.0789
vn 0.1120 -0.9437 0.3112
vn 0.0951 -0.8008 0.5913
vn 0.0687 -0.5792 0.8123
vn 0.0357 -0.3010 0.9529
vn 0.0184 -0.1549 0.9878
vn 0.0721 -0.2942 -0.9530
vn 0.0372 -0.1515 -0.9878
vn 0.1389 -0.5662 -0.8125
vn 0.1921 -0.7831 -0.5915
vn 0.2263 -0.9230 -0.3113
vn 0.2374 -0.9682 -0.0788
vn 0.2374 -0.9682 0.0789
vn 0.2263 -0.9230 0.3113
vn 0.1921 -0.7831 0.5915
vn 0.1389 -0.5662 0.8125
vn 0.0721 -0.2942 0.9530
vn 0.0372 -0.1515 0.9878
vn 0.1086 -0.2825 -0.9531
vn 0.0560 -0.1456 -0.9878
vn 0.2091 -0.5440 -0.8126
vn 0.2893 -0.7525 -0.5916
vn 0.3410 -0.8870 -0.3114
vn 0.3577 -0.9305 -0.0789
vn 0.3577 -0.9305 0.0789
vn 0.3410 -0.8870 0.3114
vn 0.2893 -0.7525 0.5916
vn 0.2091 -0.5440 0.8126
vn 0.1086 -0.2825 0.9531
vn 0.0560 -0.1456 0.9878
vn 0.1443 -0.2659 -0.9531
vn 0.0744 -0.1371 -0.9878
vn 0.2780 -0.5121 -0.8127
vn 0.3846 -0.7085 -0.5917
vn 0.4533 -0.8352 -0.3115
vn 0.4756 -0.8761 -0.0789
vn 0.4756 -0.8761 0.0789
vn 0.4533 -0.8352 0.3115
vn 0.3846 -0.7085 0.5917
vn 0.2780 -0.5121 0.8127
vn 0.1443 -0.2659 0.9531
vn 0.0744 -0.1371 0.9878
vn 0.1783 -0.2442 -0.9532
vn 0.0920 -0.1259 -0.9878
vn 0.3435 -0.4705 -0.8128
vn 0.4753 -0.6510 -0.5919
vn 0.5603 -0.7674 -0.3116
vn 0.5878 -0.8051 -0.0789
vn 0.5878 -0.8051 0.0789
vn 0.5603 -0.7674 0.3116
vn 0.4753 -0.6510 0.5919
vn 0.3435 -0.4705 0.8128
vn 0.1783 -0.2442 0.9532
vn 0.0920 -0.1259 0.9878
vn 0.2096 -0.2178 -0.9532
vn 0.1081 -0.1123 -0.9878
vn 0.4040 -0.4196 -0.8128
vn 0.5590 -0.5806 -0.5920
vn 0.6590 -0.6846 -0.3116
vn 0.6914 -0.7182 -0.0789
vn 0.6914 -0.7182 0.0789
vn 0.6590 -0.6846 0.3116
vn 0.5590 -0.5806 0.5920
vn 0.4040 -0.4196 0.8128
vn 0.2096 -0.2178 0.9532
vn 0.1081 -0.1123 0.9878
vn 0.2374 -0.1870 -0.9532
vn 0.1225 -0.0965 -0.9878
vn 0.4575 -0.3604 -0.8129
vn 0.6331 -0.4988 -0.5920
vn 0.7464 -0.5880 -0.3117
vn 0.7830 -0.6169 -0.0789
vn 0.7830 -0.6169 0.0789
vn 0.7464 -0.5880 0.3117
vn 0.6331 -0.4988 0.5920
vn 0.4575 -0.3605 0.8129
vn 0.2374 -0.1870 0.9532
vn 0.1225 -0.0965 0.9878
vn 0.2608 -0.1527 -0.9532
vn 0.1346 -0.0788 -0.9878
vn 0.5026 -0.2943 -0.8129
vn 0.6955 -0.4073 -0.5920
vn 0.8199 -0.4802 -0.3117
vn 0.8602 -0.5038 -0.0789
vn 0.8602 -0.5038 0.0789
vn 0.8199 -0.4802 0.3117
vn 0.6955 -0.4073 0.5920
vn 0.5026 -0.2943 0.8129
vn 0.2608 -0.1527 0.9532
vn 0.1346 -0.0788 0.9878
vn 0.2792 -0.1158 -0.9532
vn 0.1441 -0.0597 -0.9878
vn 0.5381 -0.2231 -0.8128
vn 0.7445 -0.3087 -0.5919
vn 0.8777 -0.3640 -0.3116
vn 0.9208 -0.3819 -0.0789
vn 0.9208 -0.3819 0.0789
vn 0.8777 -0.3640 0.3116
vn 0.7445 -0.3087 0.5919
vn 0.5381 -0.2231 0.8128
vn 0.2792 -0.1158 0.9532
vn 0.1441 -0.0597 0.9878
vn 0.2924 -0.0773 -0.9532
vn 0.1508 -0.0399 -0.9878
vn 0.5633 -0.1489 -0.8127
vn 0.7793 -0.2061 -0.5918
vn 0.9187 -0.2429 -0.3116
vn 0.9638 -0.2549 -0.0789
vn 0.9638 -0.2549 0.0789
vn 0.9187 -0.2429 0.3116
vn 0.7793 -0.2061 0.5918
vn 0.5633 -0.1489 0.8127
vn 0.2924 -0.0773 0.9532
vn 0.1508 -0.0399 0.9878
vn 0.3002 -0.0384 -0.9531
vn 0.1552 -0.0198 -0.9877
vn 0.5781 -0.0740 -0.8126
vn 0.7997 -0.1023 -0.5916
vn 0.9426 -0.1206 -0.3115
vn 0.9888 -0.1265 -0.0789
vn 0.9888 -0.1265 0.0789
vn 0.9426 -0.1206 0.3115
vn 0.7997 -0.1023 0.5916
vn 0.5781 -0.0740 0.8126
vn 0.3002 -0.0384 0.9531
vn 0.1547 -0.0198 0.9878
vn 0.3023 0.0016 -0.9532
vn 0.1559 0.0008 -0.9878
vn 0.5826 0.0030 -0.8128
vn 0.8060 0.0042 -0.5919
vn 0.9502 0.0049 -0.3116
vn 0.9969 0.0052 -0.0789
vn 0.9969 0.0052 0.0789
vn 0.9502 0.0049 0.3116
vn 0.8060 0.0042 0.5919
vn 0.5826 0.0030 0.8128
vn 0.3023 0.0016 0.9532
vn 0.1559 0.0008 0.9878
vn 0.2986 0.0438 -0.9534
vn 0.1543 0.0226 -0.9878
vn 0.5759 0.0845 -0.8131
vn 0.7972 0.1170 -0.5923
vn 0.9400 0.1379 -0.3119
vn 0.9863 0.1447 -0.0789
vn 0.9863 0.1447 0.0789
vn 0.9400 0.1379 0.3119
vn 0.7972 0.1170 0.5923
vn 0.5759 0.0845 0.8131
vn 0.2986 0.0438 0.9534
vn 0.1543 0.0226 0.9878
vn 0.2894 0.0862 -0.9533
vn 0.1494 0.0445 -0.9878
vn 0.5580 0.1662 -0.8130
vn 0.7723 0.2301 -0.5921
vn 0.9106 0.2713 -0.3118
vn 0.9554 0.2846 -0.0789
vn 0.9554 0.2846 0.0789
vn 0.9106 0.2713 0.3118
vn 0.7723 0.2301 0.5921
vn 0.5580 0.1662 0.8130
vn 0.2894 0.0862 0.9533
vn 0.1494 0.0445 0.9878
vn 0.2747 0.1259 -0.9532
vn 0.1418 0.0650 -0.9878
vn 0.5295 0.2426 -0.8129
vn 0.7327 0.3357 -0.5920
vn 0.8638 0.3958 -0.3117
vn 0.9063 0.4152 -0.0789
vn 0.9063 0.4152 0.0789
vn 0.8638 0.3958 0.3117
vn 0.7327 0.3357 0.5920
vn 0.5295 0.2426 0.8129
vn 0.2747 0.1259 0.9532
vn 0.1418 0.0650 0.9878
vn 0.2553 0.1620 -0.9532
vn 0.1317 0.0836 -0.9878
vn 0.4919 0.3121 -0.8128
vn 0.6806 0.4319 -0.5918
vn 0.8023 0.5091 -0.3116
vn 0.8417 0.5341 -0.0790
vn 0.8417 0.5341 0.0790
vn 0.8023 0.5091 0.3116
vn 0.6806 0.4319 0.5918
vn 0.4919 0.3121 0.8128
vn 0.2553 0.1620 0.9532
vn 0.1317 0.0836 0.9878
vn 0.2320 0.1943 -0.9531
vn 0.1196 0.1001 -0.9878
vn 0.4468 0.3741 -0.8126
vn 0.6181 0.5176 -0.5917
vn 0.7286 0.6101 -0.3115
vn 0.7643 0.6400 -0.0789
vn 0.7643 0.6400 0.0789
vn 0.7286 0.6101 0.3115
vn 0.6181 0.5176 0.5917
vn 0.4468 0.3741 0.8126
vn 0.2320 0.1943 0.9531
vn 0.1196 0.1001 0.9878
vn 0.2054 0.2225 -0.9530
vn 0.1058 0.1146 -0.9878
vn 0.3954 0.4283 -0.8125
vn 0.5469 0.5924 -0.5916
vn 0.6446 0.6982 -0.3114
vn 0.6762 0.7325 -0.0788
vn 0.6762 0.7325 0.0788
vn 0.6446 0.6982 0.3114
vn 0.5469 0.5924 0.5916
vn 0.3954 0.4283 0.8125
vn 0.2054 0.2225 0.9530
vn 0.1058 0.1146 0.9878
vn 0.1760 0.2466 -0.9530
vn 0.0906 0.1270 -0.9878
vn 0.3387 0.4746 -0.8124
vn 0.4684 0.6563 -0.5915
vn 0.5521 0.7735 -0.3114
vn 0.5791 0.8114 -0.0788
vn 0.5791 0.8114 0.0788
vn 0.5521 0.7735 0.3114
vn 0.4684 0.6563 0.5915
vn 0.3387 0.4746 0.8124
vn 0.1760 0.2466 0.9530
vn 0.0906 0.1270 0.9878
vn 0.1441 0.2665 -0.9530
vn 0.0742 0.1372 -0.9878
vn 0.2774 0.5125 -0.8127
vn 0.3836 0.7093 -0.5914
vn 0.4521 0.8359 -0.3114
vn 0.4742 0.8769 -0.0789
vn 0.4742 0.8769 0.0789
vn 0.4521 0.8359 0.3114
vn 0.3836 0.7093 0.5914
vn 0.2774 0.5129 0.8124
vn 0.1441 0.2665 0.9530
vn 0.0742 0.1372 0.9878
vn 0.1102 0.2822 -0.9530
vn 0.0567 0.1453 -0.9878
vn 0.2121 0.5432 -0.8124
vn 0.2933 0.7511 -0.5914
vn 0.3457 0.8852 -0.3114
vn 0.3626 0.9286 -0.0789
vn 0.3626 0.9286 0.0789
vn 0.3457 0.8852 0.3114
vn 0.2933 0.7511 0.5914
vn 0.2121 0.5432 0.8124
vn 0.1102 0.2822 0.9530
vn 0.0567 0.1453 0.9878
vn 0.0745 0.2936 -0.9530
vn 0.0384 0.1512 -0.9878
vn 0.1435 0.5652 -0.8124
vn 0.1984 0.7815 -0.5915
vn 0.2338 0.9211 -0.3114
vn 0.2453 0.9662 -0.0789
vn 0.2453 0.9662 0.0789
vn 0.2338 0.9211 0.3114
vn 0.1984 0.7815 0.5915
vn 0.1435 0.5652 0.8124
vn 0.0745 0.2936 0.9530
vn 0.0384 0.1512 0.9878
vn 0.0376 0.3006 -0.9530
vn 0.0194 0.1548 -0.9878
vn 0.0723 0.5785 -0.8124
vn 0.1001 0.8001 -0.5915
vn 0.1179 0.9429 -0.3114
vn 0.1237 0.9892 -0.0789
vn 0.1237 0.9892 0.0789
vn 0.1179 0.9429 0.3114
vn 0.1001 0.8001 0.5915
vn 0.0723 0.5785 0.8124
vn 0.0376 0.3006 0.9530
vn 0.0194 0.1548 0.9878
vn 0.0047 0.3045 -0.9525
vn 0.0024 0.1561 -0.9877
vn 0.0091 0.5843 -0.8115
vn 0.0126 0.8070 -0.5904
vn 0.0148 0.9504 -0.3107
vn 0.0155 0.9968 -0.0788
vn 0.0155 0.9968 0.0788
vn 0.0148 0.9504 0.3107
vn 0.0126 0.8070 0.5904
vn 0.0091 0.5843 0.8115
vn 0.0047 0.3045 0.9525
vn 0.0024 0.1561 0.9877
vt 0.348485 0.000000
vt 0.363636 0.000000
vt 0.356061 0.000000
vt 0.340909 0.000000
vt 0.371212 0.000000
vt 0.333333 0.000000
vt 0.378788 0.000000
vt 0.325758 0.000000
vt 0.386364 0.000000
vt 0.318182 0.000000
vt 0.393939 0.000000
vt 0.310606 0.000000
vt 0.401515 0.000000
vt 0.303030 0.000000
vt 0.409091 0.000000
vt 0.295455 0.000000
vt 0.825758 0.000000
vt 0.818182 0.000000
vt 0.810606 0.000000
vt 0.833333 0.000000
vt 0.803030 0.000000
vt 0.416667 0.000000
vt 0.840909 0.000000
vt 0.795455 0.000000
vt 0.848485 0.000000
vt 0.787879 0.000000
vt 0.287879 0.000000
vt 0.856061 0.000000
vt 0.780303 0.000000
vt 0.863636 0.000000
vt 0.772727 0.000000
vt 0.424242 0.000000
vt 0.871212 0.000000
vt 0.280303 0.000000
vt 0.765152 0.000000
vt 0.878788 0.000000
vt 0.757576 0.000000
vt 0.886364 0.000000
vt 0.431818 0.000000
vt 0.272727 0.000000
vt 0.750000 0.000000
vt 0.893939 0.000000
vt 0.742424 0.000000
vt 0.901515 0.000000
vt 0.265152 0.000000
vt 0.439394 0.000000
vt 0.734848 0.000000
vt 0.909091 0.000000
vt 0.727273 0.000000
vt 0.916667 0.000000
vt 0.257576 0.000000
vt 0.446970 0.000000
vt 0.924242 0.000000
vt 0.719697 0.000000
vt 0.712121 0.000000
vt 0.704545 0.000000
vt 0.696970 0.000000
vt 0.250000 0.000000
vt 0.931818 0.000000
vt 0.689394 0.000000
vt 0.681818 0.000000
vt 0.674242 0.000000
vt 0.939394 0.000000
vt 0.666667 0.000000
vt 0.454545 0.000000
vt 0.659091 0.000000
vt 0.651515 0.000000
vt 0.946970 0.000000
vt 0.242424 0.000000
vt 0.643939 0.000000
vt 0.636364 0.000000
vt 0.954545 0.000000
vt 0.628788 0.000000
vt 0.962121 0.000000
vt 0.621212 0.000000
vt 0.234848 0.000000
vt 0.613636 0.000000
vt 0.969697 0.000000
vt 0.606061 0.000000
vt 0.462121 0.000000
vt 0.598485 0.000000
vt 0.977273 0.000000
vt 0.590909 0.000000
vt 0.583333 0.000000
vt 0.984848 0.000000
vt 0.575758 0.000000
vt 0.227273 0.000000
vt 0.992424 0.000000
vt 0.568182 0.000000
vt 0.560606 0.000000
vt 1.000000 0.000000
vt 0.553030 0.000000
vt 0.219697 0.000000
vt 0.469697 0.000000
vt 0.212121 0.000000
vt 0.204545 0.000000
vt 0.083333 0.000000
vt 0.090909 0.000000
vt 0.075758 0.000000
vt 0.196970 0.000000
vt 0.477273 0.000000
vt 0.098485 0.000000
vt 0.106061 0.000000
vt 0.113636 0.000000
vt 0.189394 0.000000
vt 0.121212 0.000000
vt 0.128788 0.000000
vt 0.136364 0.000000
vt 0.068182 0.000000
vt 0.181818 0.000000
vt 0.143939 0.000000
vt 0.151515 0.000000
vt 0.159091 0.000000
vt 0.174242 0.000000
vt 0.166667 0.000000
vt 0.060606 0.000000
vt 0.484848 0.000000
vt 0.053030 0.000000
vt 0.492424 0.000000
vt 0.045455 0.000000
vt 0.037879 0.000000
vt 0.500000 0.000000
vt 0.030303 0.000000
vt 0.022727 0.000000
vt 0.507576 0.000000
vt 0.015152 0.000000
vt 0.007576 0.000000
vt 0.515152 0.000000
vt 0.000000 0.000000
vt 0.545455 0.000000
vt 0.522727 0.000000
vt 0.537879 0.000000
vt 0.530303 0.000000
vt 0.000000 0.090909
vt 0.013699 0.090909
vt 0.013699 0.000000
vt 0.000000 0.181818
vt 0.013699 0.181818
vt 0.000000 0.272727
vt 0.013699 0.272727
vt 0.000000 0.363636
vt 0.013699 0.363636
vt 0.000000 0.454545
vt 0.013699 0.454545
vt 0.000000 0.545455
vt 0.013699 0.545455
vt 0.000000 0.636364
vt 0.013699 0.636364
vt 0.000000 0.727273
vt 0.013699 0.727273
vt 0.000000 0.818182
vt 0.013699 0.818182
vt 0.000000 0.909091
vt 0.013699 0.909091
vt 0.000000 1.000000
vt 0.013699 1.000000
vt 0.027397 0.090909
vt 0.027397 0.000000
vt 0.027397 0.181818
vt 0.027397 0.272727
vt 0.027397 0.363636
vt 0.027397 0.454545
vt 0.027397 0.545455
vt 0.027397 0.636364
vt 0.027397 0.727273
vt 0.027397 0.818182
vt 0.027397 0.909091
vt 0.027397 1.000000
vt 0.041096 0.090909
vt 0.041096 0.000000
vt 0.041096 0.181818
vt 0.041096 0.272727
vt 0.041096 0.363636
vt 0.041096 0.454545
vt 0.041096 0.545455
vt 0.041096 0.636364
vt 0.041096 0.727273
vt 0.041096 0.818182
vt 0.041096 0.909091
vt 0.041096 1.000000
vt 0.054795 0.090909
vt 0.054795 0.000000
vt 0.054795 0.181818
vt 0.054795 0.272727
vt 0.054795 0.363636
vt 0.054795 0.454545
vt 0.054795 0.545455
vt 0.054795 0.636364
vt 0.054795 0.727273
vt 0.054795 0.818182
vt 0.054795 0.909091
vt 0.054795 1.000000
vt 0.068493 0.090909
vt 0.068493 0.000000
vt 0.068493 0.181818
vt 0.068493 0.272727
vt 0.068493 0.363636
vt 0.068493 0.454545
vt 0.068493 0.545455
vt 0.068493 0.636364
vt 0.068493 0.727273
vt 0.068493 0.818182
vt 0.068493 0.909091
vt 0.068493 1.000000
vt 0.082192 0.090909
vt 0.082192 0.000000
vt 0.082192 0.181818
vt 0.082192 0.272727
vt 0.082192 0.363636
vt 0.082192 0.454545
vt 0.082192 0.545455
vt 0.082192 0.636364
vt 0.082192 0.727273
vt 0.082192 0.818182
vt 0.082192 0.909091
vt 0.082192 1.000000
vt 0.095890 0.090909
vt 0.095890 0.000000
vt 0.095890 0.181818
vt 0.095890 0.272727
vt 0.095890 0.363636
vt 0.095890 0.454545
vt 0.095890 0.545455
vt 0.095890 0.636364
vt 0.095890 0.727273
vt 0.095890 0.818182
vt 0.095890 0.909091
vt 0.095890 1.000000
vt 0.109589 0.090909
vt 0.109589 0.000000
vt 0.109589 0.181818
vt 0.109589 0.272727
vt 0.109589 0.363636
vt 0.109589 0.454545
vt 0.109589 0.545455
vt 0.109589 0.636364
vt 0.109589 0.727273
vt 0.109589 0.818182
vt 0.109589 0.909091
vt 0.109589 1.000000
vt 0.123288 0.090909
vt 0.123288 0.000000
vt 0.123288 0.181818
vt 0.123288 0.272727
vt 0.123288 0.363636
vt 0.123288 0.454545
vt 0.123288 0.545455
vt 0.123288 0.636364
vt 0.123288 0.727273
vt 0.123288 0.818182
vt 0.123288 0.909091
vt 0.123288 1.000000
vt 0.136986 0.090909
vt 0.136986 0.000000
vt 0.136986 0.181818
vt 0.136986 0.272727
vt 0.136986 0.363636
vt 0.136986 0.454545
vt 0.136986 0.545455
vt 0.136986 0.636364
vt 0.136986 0.727273
vt 0.136986 0.818182
vt 0.136986 0.909091
vt 0.136986 1.000000
vt 0.150685 0.090909
vt 0.150685 0.000000
vt 0.150685 0.181818
vt 0.150685 0.272727
vt 0.150685 0.363636
vt 0.150685 0.454545
vt 0.150685 0.545455
vt 0.150685 0.636364
vt 0.150685 0.727273
vt 0.150685 0.818182
vt 0.150685 0.909091
vt 0.150685 1.000000
vt 0.164384 0.090909
vt 0.164384 0.000000
vt 0.164384 0.181818
vt 0.164384 0.272727
vt 0.164384 0.363636
vt 0.164384 0.454545
vt 0.164384 0.545455
vt 0.164384 0.636364
vt 0.164384 0.727273
vt 0.164384 0.818182
vt 0.164384 0.909091
vt 0.164384 1.000000
vt 0.178082 0.090909
vt 0.178082 0.000000
vt 0.178082 0.181818
vt 0.178082 0.272727
vt 0.178082 0.363636
vt 0.178082 0.454545
vt 0.178082 0.545455
vt 0.178082 0.636364
vt 0.178082 0.727273
vt 0.178082 0.818182
vt 0.178082 0.909091
vt 0.178082 1.000000
vt 0.191781 0.090909
vt 0.191781 0.000000
vt 0.191781 0.181818
vt 0.191781 0.272727
vt 0.191781 0.363636
vt 0.191781 0.454545
vt 0.191781 0.545455
vt 0.191781 0.636364
vt 0.191781 0.727273
vt 0.191781 0.818182
vt 0.191781 0.909091
vt 0.191781 1.000000
vt 0.205479 0.090909
vt 0.205479 0.000000
vt 0.205479 0.181818
vt 0.205479 0.272727
vt 0.205479 0.363636
vt 0.205479 0.454545
vt 0.205479 0.545455
vt 0.205479 0.636364
vt 0.205479 0.727273
vt 0.205479 0.818182
vt 0.205479 0.909091
vt 0.205479 1.000000
vt 0.219178 0.090909
vt 0.219178 0.000000
vt 0.219178 0.181818
vt 0.219178 0.272727
vt 0.219178 0.363636
vt 0.219178 0.454545
vt 0.219178 0.545455
vt 0.219178 0.636364
vt 0.219178 0.727273
vt 0.219178 0.818182
vt 0.219178 0.909091
vt 0.219178 1.000000
vt 0.232877 0.090909
vt 0.232877 0.000000
vt 0.232877 0.181818
vt 0.232877 0.272727
vt 0.232877 0.363636
vt 0.232877 0.454545
vt 0.232877 0.545455
vt 0.232877 0.636364
vt 0.232877 0.727273
vt 0.232877 0.818182
vt 0.232877 0.909091
vt 0.232877 1.000000
vt 0.246575 0.090909
vt 0.246575 0.000000
vt 0.246575 0.181818
vt 0.246575 0.272727
vt 0.246575 0.363636
vt 0.246575 0.454545
vt 0.246575 0.545455
vt 0.246575 0.636364
vt 0.246575 0.727273
vt 0.246575 0.818182
vt 0.246575 0.909091
vt 0.246575 1.000000
vt 0.260274 0.090909
vt 0.260274 0.000000
vt 0.260274 0.181818
vt 0.260274 0.272727
vt 0.260274 0.363636
vt 0.260274 0.454545
vt 0.260274 0.545455
vt 0.260274 0.636364
vt 0.260274 0.727273
vt 0.260274 0.818182
vt 0.260274 0.909091
vt 0.260274 1.000000
vt 0.273973 0.090909
vt 0.273973 0.000000
vt 0.273973 0.181818
vt 0.273973 0.272727
vt 0.273973 0.363636
vt 0.273973 0.454545
vt 0.273973 0.545455
vt 0.273973 0.636364
vt 0.273973 0.727273
vt 0.273973 0.818182
vt 0.273973 0.909091
vt 0.273973 1.000000
vt 0.287671 0.090909
vt 0.287671 0.000000
vt 0.287671 0.181818
vt 0.287671 0.272727
vt 0.287671 0.363636
vt 0.287671 0.454545
vt 0.287671 0.545455
vt 0.287671 0.636364
vt 0.287671 0.727273
vt 0.287671 0.818182
vt 0.287671 0.909091
vt 0.287671 1.000000
vt 0.301370 0.090909
vt 0.301370 0.000000
vt 0.301370 0.181818
vt 0.301370 0.272727
vt 0.301370 0.363636
vt 0.301370 0.454545
vt 0.301370 0.545455
vt 0.301370 0.636364
vt 0.301370 0.727273
vt 0.301370 0.818182
vt 0.301370 0.909091
vt 0.301370 1.000000
vt 0.315068 0.090909
vt 0.315068 0.000000
vt 0.315068 0.181818
vt 0.315068 0.272727
vt 0.315068 0.363636
vt 0.315068 0.454545
vt 0.315068 0.545455
vt 0.315068 0.636364
vt 0.315068 0.727273
vt 0.315068 0.818182
vt 0.315068 0.909091
vt 0.315068 1.000000
vt 0.328767 0.090909
vt 0.328767 0.000000
vt 0.328767 0.181818
vt 0.328767 0.272727
vt 0.328767 0.363636
vt 0.328767 0.454545
vt 0.328767 0.545455
vt 0.328767 0.636364
vt 0.328767 0.727273
vt 0.328767 0.818182
vt 0.328767 0.909091
vt 0.328767 1.000000
vt 0.342466 0.090909
vt 0.342466 0.000000
vt 0.342466 0.181818
vt 0.342466 0.272727
vt 0.342466 0.363636
vt 0.342466 0.454545
vt 0.342466 0.545455
vt 0.342466 0.636364
vt 0.342466 0.727273
vt 0.342466 0.818182
vt 0.342466 0.909091
vt 0.342466 1.000000
vt 0.356164 0.090909
vt 0.356164 0.000000
vt 0.356164 0.181818
vt 0.356164 0.272727
vt 0.356164 0.363636
vt 0.356164 0.454545
vt 0.356164 0.545455
vt 0.356164 0.636364
vt 0.356164 0.727273
vt 0.356164 0.818182
vt 0.356164 0.909091
vt 0.356164 1.000000
vt 0.369863 0.090909
vt 0.369863 0.000000
vt 0.369863 0.181818
vt 0.369863 0.272727
vt 0.369863 0.363636
vt 0.369863 0.454545
vt 0.369863 0.545455
vt 0.369863 0.636364
vt 0.369863 0.727273
vt 0.369863 0.818182
vt 0.369863 0.909091
vt 0.369863 1.000000
vt 0.383562 0.090909
vt 0.383562 0.000000
vt 0.383562 0.181818
vt 0.383562 0.272727
vt 0.383562 0.363636
vt 0.383562 0.454545
vt 0.383562 0.545455
vt 0.383562 0.636364
vt 0.383562 0.727273
vt 0.383562 0.818182
vt 0.383562 0.909091
vt 0.383562 1.000000
vt 0.397260 0.090909
vt 0.397260 0.000000
vt 0.397260 0.181818
vt 0.397260 0.272727
vt 0.397260 0.363636
vt 0.397260 0.454545
vt 0.397260 0.545455
vt 0.397260 0.636364
vt 0.397260 0.727273
vt 0.397260 0.818182
vt 0.397260 0.909091
vt 0.397260 1.000000
vt 0.410959 0.090909
vt 0.410959 0.000000
vt 0.410959 0.181818
vt 0.410959 0.272727
vt 0.410959 0.363636
vt 0.410959 0.454545
vt 0.410959 0.545455
vt 0.410959 0.636364
vt 0.410959 0.727273
vt 0.410959 0.818182
vt 0.410959 0.909091
vt 0.410959 1.000000
vt 0.424658 0.090909
vt 0.424658 0.000000
vt 0.424658 0.181818
vt 0.424658 0.272727
vt 0.424658 0.363636
vt 0.424658 0.454545
vt 0.424658 0.545455
vt 0.424658 0.636364
vt 0.424658 0.727273
vt 0.424658 0.818182
vt 0.424658 0.909091
vt 0.424658 1.000000
vt 0.438356 0.090909
vt 0.438356 0.000000
vt 0.438356 0.181818
vt 0.438356 0.272727
vt 0.438356 0.363636
vt 0.438356 0.454545
vt 0.438356 0.545455
vt 0.438356 0.636364
vt 0.438356 0.727273
vt 0.438356 0.818182
vt 0.438356 0.909091
vt 0.438356 1.000000
vt 0.452055 0.090909
vt 0.452055 0.000000
vt 0.452055 0.181818
vt 0.452055 0.272727
vt 0.452055 0.363636
vt 0.452055 0.454545
vt 0.452055 0.545455
vt 0.452055 0.636364
vt 0.452055 0.727273
vt 0.452055 0.818182
vt 0.452055 0.909091
vt 0.452055 1.000000
vt 0.465753 0.090909
vt 0.465753 0.000000
vt 0.465753 0.181818
vt 0.465753 0.272727
vt 0.465753 0.363636
vt 0.465753 0.454545
vt 0.465753 0.545455
vt 0.465753 0.636364
vt 0.465753 0.727273
vt 0.465753 0.818182
vt 0.465753 0.909091
vt 0.465753 1.000000
vt 0.479452 0.090909
vt 0.479452 0.000000
vt 0.479452 0.181818
vt 0.479452 0.272727
vt 0.479452 0.363636
vt 0.479452 0.454545
vt 0.479452 0.545455
vt 0.479452 0.636364
vt 0.479452 0.727273
vt 0.479452 0.818182
vt 0.479452 0.909091
vt 0.479452 1.000000
vt 0.493151 0.090909
vt 0.493151 0.000000
vt 0.493151 0.181818
vt 0.493151 0.272727
vt 0.493151 0.363636
vt 0.493151 0.454545
vt 0.493151 0.545455
vt 0.493151 0.636364
vt 0.493151 0.727273
vt 0.493151 0.818182
vt 0.493151 0.909091
vt 0.493151 1.000000
vt 0.506849 0.090909
vt 0.506849 0.000000
vt 0.506849 0.181818
vt 0.506849 0.272727
vt 0.506849 0.363636
vt 0.506849 0.454545
vt 0.506849 0.545455
vt 0.506849 0.636364
vt 0.506849 0.727273
vt 0.506849 0.818182
vt 0.506849 0.909091
vt 0.506849 1.000000
vt 0.520548 0.090909
vt 0.520548 0.000000
vt 0.520548 0.181818
vt 0.520548 0.272727
vt 0.520548 0.363636
vt 0.520548 0.454545
vt 0.520548 0.545455
vt 0.520548 0.636364
vt 0.520548 0.727273
vt 0.520548 0.818182
vt 0.520548 0.909091
vt 0.520548 1.000000
vt 0.534247 0.090909
vt 0.534247 0.000000
vt 0.534247 0.181818
vt 0.534247 0.272727
vt 0.534247 0.363636
vt 0.534247 0.454545
vt 0.534247 0.545455
vt 0.534247 0.636364
vt 0.534247 0.727273
vt 0.534247 0.818182
vt 0.534247 0.909091
vt 0.534247 1.000000
vt 0.547945 0.090909
vt 0.547945 0.000000
vt 0.547945 0.181818
vt 0.547945 0.272727
vt 0.547945 0.363636
vt 0.547945 0.454545
vt 0.547945 0.545455
vt 0.547945 0.636364
vt 0.547945 0.727273
vt 0.547945 0.818182
vt 0.547945 0.909091
vt 0.547945 1.000000
vt 0.561644 0.090909
vt 0.561644 0.000000
vt 0.561644 0.181818
vt 0.561644 0.272727
vt 0.561644 0.363636
vt 0.561644 0.454545
vt 0.561644 0.545455
vt 0.561644 0.636364
vt 0.561644 0.727273
vt 0.561644 0.818182
vt 0.561644 0.909091
vt 0.561644 1.000000
vt 0.575342 0.090909
vt 0.575342 0.000000
vt 0.575342 0.181818
vt 0.575342 0.272727
vt 0.575342 0.363636
vt 0.575342 0.454545
vt 0.575342 0.545455
vt 0.575342 0.636364
vt 0.575342 0.727273
vt 0.575342 0.818182
vt 0.575342 0.909091
vt 0.575342 1.000000
vt 0.589041 0.090909
vt 0.589041 0.000000
vt 0.589041 0.181818
vt 0.589041 0.272727
vt 0.589041 0.363636
vt 0.589041 0.454545
vt 0.589041 0.545455
vt 0.589041 0.636364
vt 0.589041 0.727273
vt 0.589041 0.818182
vt 0.589041 0.909091
vt 0.589041 1.000000
vt 0.602740 0.090909
vt 0.602740 0.000000
vt 0.602740 0.181818
vt 0.602740 0.272727
vt 0.602740 0.363636
vt 0.602740 0.454545
vt 0.602740 0.545455
vt 0.602740 0.636364
vt 0.602740 0.727273
vt 0.602740 0.818182
vt 0.602740 0.909091
vt 0.602740 1.000000
vt 0.616438 0.090909
vt 0.616438 0.000000
vt 0.616438 0.181818
vt 0.616438 0.272727
vt 0.616438 0.363636
vt 0.616438 0.454545
vt 0.616438 0.545455
vt 0.616438 0.636364
vt 0.616438 0.727273
vt 0.616438 0.818182
vt 0.616438 0.909091
vt 0.616438 1.000000
vt 0.630137 0.090909
vt 0.630137 0.000000
vt 0.630137 0.181818
vt 0.630137 0.272727
vt 0.630137 0.363636
vt 0.630137 0.454545
vt 0.630137 0.545455
vt 0.630137 0.636364
vt 0.630137 0.727273
vt 0.630137 0.818182
vt 0.630137 0.909091
vt 0.630137 1.000000
vt 0.643836 0.090909
vt 0.643836 0.000000
vt 0.643836 0.181818
vt 0.643836 0.272727
vt 0.643836 0.363636
vt 0.643836 0.454545
vt 0.643836 0.545455
vt 0.643836 0.636364
vt 0.643836 0.727273
vt 0.643836 0.818182
vt 0.643836 0.909091
vt 0.643836 1.000000
vt 0.657534 0.090909
vt 0.657534 0.000000
vt 0.657534 0.181818
vt 0.657534 0.272727
vt 0.657534 0.363636
vt 0.657534 0.454545
vt 0.657534 0.545455
vt 0.657534 0.636364
vt 0.657534 0.727273
vt 0.657534 0.818182
vt 0.657534 0.909091
vt 0.657534 1.000000
vt 0.671233 0.090909
vt 0.671233 0.000000
vt 0.671233 0.181818
vt 0.671233 0.272727
vt 0.671233 0.363636
vt 0.671233 0.454545
vt 0.671233 0.545455
vt 0.671233 0.636364
vt 0.671233 0.727273
vt 0.671233 0.818182
vt 0.671233 0.909091
vt 0.671233 1.000000
vt 0.684932 0.090909
vt 0.684932 0.000000
vt 0.684932 0.181818
vt 0.684932 0.272727
vt 0.684932 0.363636
vt 0.684932 0.454545
vt 0.684932 0.545455
vt 0.684932 0.636364
vt 0.684932 0.727273
vt 0.684932 0.818182
vt 0.684932 0.909091
vt 0.684932 1.000000
vt 0.698630 0.090909
vt 0.698630 0.000000
vt 0.698630 0.181818
vt 0.698630 0.272727
vt 0.698630 0.363636
vt 0.698630 0.454545
vt 0.698630 0.545455
vt 0.698630 0.636364
vt 0.698630 0.727273
vt 0.698630 0.818182
vt 0.698630 0.909091
vt 0.698630 1.000000
vt 0.712329 0.090909
vt 0.712329 0.000000
vt 0.712329 0.181818
vt 0.712329 0.272727
vt 0.712329 0.363636
vt 0.712329 0.454545
vt 0.712329 0.545455
vt 0.712329 0.636364
vt 0.712329 0.727273
vt 0.712329 0.818182
vt 0.712329 0.909091
vt 0.712329 1.000000
vt 0.726027 0.090909
vt 0.726027 0.000000
vt 0.726027 0.181818
vt 0.726027 0.272727
vt 0.726027 0.363636
vt 0.726027 0.454545
vt 0.726027 0.545455
vt 0.726027 0.636364
vt 0.726027 0.727273
vt 0.726027 0.818182
vt 0.726027 0.909091
vt 0.726027 1.000000
vt 0.739726 0.090909
vt 0.739726 0.000000
vt 0.739726 0.181818
vt 0.739726 0.272727
vt 0.739726 0.363636
vt 0.739726 0.454545
vt 0.739726 0.545455
vt 0.739726 0.636364
vt 0.739726 0.727273
vt 0.739726 0.818182
vt 0.739726 0.909091
vt 0.739726 1.000000
vt 0.753425 0.090909
vt 0.753425 0.000000
vt 0.753425 0.181818
vt 0.753425 0.272727
vt 0.753425 0.363636
vt 0.753425 0.454545
vt 0.753425 0.545455
vt 0.753425 0.636364
vt 0.753425 0.727273
vt 0.753425 0.818182
vt 0.753425 0.909091
vt 0.753425 1.000000
vt 0.767123 0.090909
vt 0.767123 0.000000
vt 0.767123 0.181818
vt 0.767123 0.272727
vt 0.767123 0.363636
vt 0.767123 0.454545
vt 0.767123 0.545455
vt 0.767123 0.636364
vt 0.767123 0.727273
vt 0.767123 0.818182
vt 0.767123 0.909091
vt 0.767123 1.000000
vt 0.780822 0.090909
vt 0.780822 0.000000
vt 0.780822 0.181818
vt 0.780822 0.272727
vt 0.780822 0.363636
vt 0.780822 0.454545
vt 0.780822 0.545455
vt 0.780822 0.636364
vt 0.780822 0.727273
vt 0.780822 0.818182
vt 0.780822 0.909091
vt 0.780822 1.000000
vt 0.794521 0.090909
vt 0.794521 0.000000
vt 0.794521 0.181818
vt 0.794521 0.272727
vt 0.794521 0.363636
vt 0.794521 0.454545
vt 0.794521 0.545455
vt 0.794521 0.636364
vt 0.794521 0.727273
vt 0.794521 0.818182
vt 0.794521 0.909091
vt 0.794521 1.000000
vt 0.808219 0.090909
vt 0.808219 0.000000
vt 0.808219 0.181818
vt 0.808219 0.272727
vt 0.808219 0.363636
vt 0.808219 0.454545
vt 0.808219 0.545455
vt 0.808219 0.636364
vt 0.808219 0.727273
vt 0.808219 0.818182
vt 0.808219 0.909091
vt 0.808219 1.000000
vt 0.821918 0.090909
vt 0.821918 0.000000
vt 0.821918 0.181818
vt 0.821918 0.272727
vt 0.821918 0.363636
vt 0.821918 0.454545
vt 0.821918 0.545455
vt 0.821918 0.636364
vt 0.821918 0.727273
vt 0.821918 0.818182
vt 0.821918 0.909091
vt 0.821918 1.000000
vt 0.835616 0.090909
vt 0.835616 0.000000
vt 0.835616 0.181818
vt 0.835616 0.272727
vt 0.835616 0.363636
vt 0.835616 0.454545
vt 0.835616 0.545455
vt 0.835616 0.636364
vt 0.835616 0.727273
vt 0.835616 0.818182
vt 0.835616 0.909091
vt 0.835616 1.000000
vt 0.849315 0.090909
vt 0.849315 0.000000
vt 0.849315 0.181818
vt 0.849315 0.272727
vt 0.849315 0.363636
vt 0.849315 0.454545
vt 0.849315 0.545455
vt 0.849315 0.636364
vt 0.849315 0.727273
vt 0.849315 0.818182
vt 0.849315 0.909091
vt 0.849315 1.000000
vt 0.863014 0.090909
vt 0.863014 0.000000
vt 0.863014 0.181818
vt 0.863014 0.272727
vt 0.863014 0.363636
vt 0.863014 0.454545
vt 0.863014 0.545455
vt 0.863014 0.636364
vt 0.863014 0.727273
vt 0.863014 0.818182
vt 0.863014 0.909091
vt 0.863014 1.000000
vt 0.876712 0.090909
vt 0.876712 0.000000
vt 0.876712 0.181818
vt 0.876712 0.272727
vt 0.876712 0.363636
vt 0.876712 0.454545
vt 0.876712 0.545455
vt 0.876712 0.636364
vt 0.876712 0.727273
vt 0.876712 0.818182
vt 0.876712 0.909091
vt 0.876712 1.000000
vt 0.890411 0.090909
vt 0.890411 0.000000
vt 0.890411 0.181818
vt 0.890411 0.272727
vt 0.890411 0.363636
vt 0.890411 0.454545
vt 0.890411 0.545455
vt 0.890411 0.636364
vt 0.890411 0.727273
vt 0.890411 0.818182
vt 0.890411 0.909091
vt 0.890411 1.000000
vt 0.904110 0.090909
vt 0.904110 0.000000
vt 0.904110 0.181818
vt 0.904110 0.272727
vt 0.904110 0.363636
vt 0.904110 0.454545
vt 0.904110 0.545455
vt 0.904110 0.636364
vt 0.904110 0.727273
vt 0.904110 0.818182
vt 0.904110 0.909091
vt 0.904110 1.000000
vt 0.917808 0.090909
vt 0.917808 0.000000
vt 0.917808 0.181818
vt 0.917808 0.272727
vt 0.917808 0.363636
vt 0.917808 0.454545
vt 0.917808 0.545455
vt 0.917808 0.636364
vt 0.917808 0.727273
vt 0.917808 0.818182
vt 0.917808 0.909091
vt 0.917808 1.000000
vt 0.931507 0.090909
vt 0.931507 0.000000
vt 0.931507 0.181818
vt 0.931507 0.272727
vt 0.931507 0.363636
vt 0.931507 0.454545
vt 0.931507 0.545455
vt 0.931507 0.636364
vt 0.931507 0.727273
vt 0.931507 0.818182
vt 0.931507 0.909091
vt 0.931507 1.000000
vt 0.945205 0.090909
vt 0.945205 0.000000
vt 0.945205 0.181818
vt 0.945205 0.272727
vt 0.945205 0.363636
vt 0.945205 0.454545
vt 0.945205 0.545455
vt 0.945205 0.636364
vt 0.945205 0.727273
vt 0.945205 0.818182
vt 0.945205 0.909091
vt 0.945205 1.000000
vt 0.958904 0.090909
vt 0.958904 0.000000
vt 0.958904 0.181818
vt 0.958904 0.272727
vt 0.958904 0.363636
vt 0.958904 0.454545
vt 0.958904 0.545455
vt 0.958904 0.636364
vt 0.958904 0.727273
vt 0.958904 0.818182
vt 0.958904 0.909091
vt 0.958904 1.000000
vt 0.972603 0.090909
vt 0.972603 0.000000
vt 0.972603 0.181818
vt 0.972603 0.272727
vt 0.972603 0.363636
vt 0.972603 0.454545
vt 0.972603 0.545455
vt 0.972603 0.636364
vt 0.972603 0.727273
vt 0.972603 0.818182
vt 0.972603 0.909091
vt 0.972603 1.000000
vt 0.986301 0.090909
vt 0.986301 0.000000
vt 0.986301 0.181818
vt 0.986301 0.272727
vt 0.986301 0.363636
vt 0.986301 0.454545
vt 0.986301 0.545455
vt 0.986301 0.636364
vt 0.986301 0.727273
vt 0.986301 0.818182
vt 0.986301 0.909091
vt 0.986301 1.000000
vt 1.000000 0.090909
vt 1.000000 0.181818
vt 1.000000 0.272727
vt 1.000000 0.363636
vt 1.000000 0.454545
vt 1.000000 0.545455
vt 1.000000 0.636364
vt 1.000000 0.727273
vt 1.000000 0.818182
vt 1.000000 0.909091
vt 1.000000 1.000000
vt 0.016667 0.090909
vt 0.016667 0.000000
vt 0.016667 0.181818
vt 0.016667 0.272727
vt 0.016667 0.363636
vt 0.016667 0.454545
vt 0.016667 0.545455
vt 0.016667 0.636364
vt 0.016667 0.727273
vt 0.016667 0.818182
vt 0.016667 0.909091
vt 0.016667 1.000000
vt 0.033333 0.090909
vt 0.033333 0.000000
vt 0.033333 0.181818
vt 0.033333 0.272727
vt 0.033333 0.363636
vt 0.033333 0.454545
vt 0.033333 0.545455
vt 0.033333 0.636364
vt 0.033333 0.727273
vt 0.033333 0.818182
vt 0.033333 0.909091
vt 0.033333 1.000000
vt 0.050000 0.090909
vt 0.050000 0.000000
vt 0.050000 0.181818
vt 0.050000 0.272727
vt 0.050000 0.363636
vt 0.050000 0.454545
vt 0.050000 0.545455
vt 0.050000 0.636364
vt 0.050000 0.727273
vt 0.050000 0.818182
vt 0.050000 0.909091
vt 0.050000 1.000000
vt 0.066667 0.090909
vt 0.066667 0.000000
vt 0.066667 0.181818
vt 0.066667 0.272727
vt 0.066667 0.363636
vt 0.066667 0.454545
vt 0.066667 0.545455
vt 0.066667 0.636364
vt 0.066667 0.727273
vt 0.066667 0.818182
vt 0.066667 0.909091
vt 0.066667 1.000000
vt 0.083333 0.090909
vt 0.083333 0.181818
vt 0.083333 0.272727
vt 0.083333 0.363636
vt 0.083333 0.454545
vt 0.083333 0.545455
vt 0.083333 0.636364
vt 0.083333 0.727273
vt 0.083333 0.818182
vt 0.083333 0.909091
vt 0.083333 1.000000
vt 0.100000 0.090909
vt 0.100000 0.000000
vt 0.100000 0.181818
vt 0.100000 0.272727
vt 0.100000 0.363636
vt 0.100000 0.454545
vt 0.100000 0.545455
vt 0.100000 0.636364
vt 0.100000 0.727273
vt 0.100000 0.818182
vt 0.100000 0.909091
vt 0.100000 1.000000
vt 0.116667 0.090909
vt 0.116667 0.000000
vt 0.116667 0.181818
vt 0.116667 0.272727
vt 0.116667 0.363636
vt 0.116667 0.454545
vt 0.116667 0.545455
vt 0.116667 0.636364
vt 0.116667 0.727273
vt 0.116667 0.818182
vt 0.116667 0.909091
vt 0.116667 1.000000
vt 0.133333 0.090909
vt 0.133333 0.000000
vt 0.133333 0.181818
vt 0.133333 0.272727
vt 0.133333 0.363636
vt 0.133333 0.454545
vt 0.133333 0.545455
vt 0.133333 0.636364
vt 0.133333 0.727273
vt 0.133333 0.818182
vt 0.133333 0.909091
vt 0.133333 1.000000
vt 0.150000 0.090909
vt 0.150000 0.000000
vt 0.150000 0.181818
vt 0.150000 0.272727
vt 0.150000 0.363636
vt 0.150000 0.454545
vt 0.150000 0.545455
vt 0.150000 0.636364
vt 0.150000 0.727273
vt 0.150000 0.818182
vt 0.150000 0.909091
vt 0.150000 1.000000
vt 0.166667 0.090909
vt 0.166667 0.181818
vt 0.166667 0.272727
vt 0.166667 0.363636
vt 0.166667 0.454545
vt 0.166667 0.545455
vt 0.166667 0.636364
vt 0.166667 0.727273
vt 0.166667 0.818182
vt 0.166667 0.909091
vt 0.166667 1.000000
vt 0.183333 0.090909
vt 0.183333 0.000000
vt 0.183333 0.181818
vt 0.183333 0.272727
vt 0.183333 0.363636
vt 0.183333 0.454545
vt 0.183333 0.545455
vt 0.183333 0.636364
vt 0.183333 0.727273
vt 0.183333 0.818182
vt 0.183333 0.909091
vt 0.183333 1.000000
vt 0.200000 0.090909
vt 0.200000 0.000000
vt 0.200000 0.181818
vt 0.200000 0.272727
vt 0.200000 0.363636
vt 0.200000 0.454545
vt 0.200000 0.545455
vt 0.200000 0.636364
vt 0.200000 0.727273
vt 0.200000 0.818182
vt 0.200000 0.909091
vt 0.200000 1.000000
vt 0.216667 0.090909
vt 0.216667 0.000000
vt 0.216667 0.181818
vt 0.216667 0.272727
vt 0.216667 0.363636
vt 0.216667 0.454545
vt 0.216667 0.545455
vt 0.216667 0.636364
vt 0.216667 0.727273
vt 0.216667 0.818182
vt 0.216667 0.909091
vt 0.216667 1.000000
vt 0.233333 0.090909
vt 0.233333 0.000000
vt 0.233333 0.181818
vt 0.233333 0.272727
vt 0.233333 0.363636
vt 0.233333 0.454545
vt 0.233333 0.545455
vt 0.233333 0.636364
vt 0.233333 0.727273
vt 0.233333 0.818182
vt 0.233333 0.909091
vt 0.233333 1.000000
vt 0.250000 0.090909
vt 0.250000 0.181818
vt 0.250000 0.272727
vt 0.250000 0.363636
vt 0.250000 0.454545
vt 0.250000 0.545455
vt 0.250000 0.636364
vt 0.250000 0.727273
vt 0.250000 0.818182
vt 0.250000 0.909091
vt 0.250000 1.000000
vt 0.266667 0.090909
vt 0.266667 0.000000
vt 0.266667 0.181818
vt 0.266667 0.272727
vt 0.266667 0.363636
vt 0.266667 0.454545
vt 0.266667 0.545455
vt 0.266667 0.636364
vt 0.266667 0.727273
vt 0.266667 0.818182
vt 0.266667 0.909091
vt 0.266667 1.000000
vt 0.283333 0.090909
vt 0.283333 0.000000
vt 0.283333 0.181818
vt 0.283333 0.272727
vt 0.283333 0.363636
vt 0.283333 0.454545
vt 0.283333 0.545455
vt 0.283333 0.636364
vt 0.283333 0.727273
vt 0.283333 0.818182
vt 0.283333 0.909091
vt 0.283333 1.000000
vt 0.300000 0.090909
vt 0.300000 0.000000
vt 0.300000 0.181818
vt 0.300000 0.272727
vt 0.300000 0.363636
vt 0.300000 0.454545
vt 0.300000 0.545455
vt 0.300000 0.636364
vt 0.300000 0.727273
vt 0.300000 0.818182
vt 0.300000 0.909091
vt 0.300000 1.000000
vt 0.316667 0.090909
vt 0.316667 0.000000
vt 0.316667 0.181818
vt 0.316667 0.272727
vt 0.316667 0.363636
vt 0.316667 0.454545
vt 0.316667 0.545455
vt 0.316667 0.636364
vt 0.316667 0.727273
vt 0.316667 0.818182
vt 0.316667 0.909091
vt 0.316667 1.000000
vt 0.333333 0.090909
vt 0.333333 0.181818
vt 0.333333 0.272727
vt 0.333333 0.363636
vt 0.333333 0.454545
vt 0.333333 0.545455
vt 0.333333 0.636364
vt 0.333333 0.727273
vt 0.333333 0.818182
vt 0.333333 0.909091
vt 0.333333 1.000000
vt 0.350000 0.090909
vt 0.350000 0.000000
vt 0.350000 0.181818
vt 0.350000 0.272727
vt 0.350000 0.363636
vt 0.350000 0.454545
vt 0.350000 0.545455
vt 0.350000 0.636364
vt 0.350000 0.727273
vt 0.350000 0.818182
vt 0.350000 0.909091
vt 0.350000 1.000000
vt 0.366667 0.090909
vt 0.366667 0.000000
vt 0.366667 0.181818
vt 0.366667 0.272727
vt 0.366667 0.363636
vt 0.366667 0.454545
vt 0.366667 0.545455
vt 0.366667 0.636364
vt 0.366667 0.727273
vt 0.366667 0.818182
vt 0.366667 0.909091
vt 0.366667 1.000000
vt 0.383333 0.090909
vt 0.383333 0.000000
vt 0.383333 0.181818
vt 0.383333 0.272727
vt 0.383333 0.363636
vt 0.383333 0.454545
vt 0.383333 0.545455
vt 0.383333 0.636364
vt 0.383333 0.727273
vt 0.383333 0.818182
vt 0.383333 0.909091
vt 0.383333 1.000000
vt 0.400000 0.090909
vt 0.400000 0.000000
vt 0.400000 0.181818
vt 0.400000 0.272727
vt 0.400000 0.363636
vt 0.400000 0.454545
vt 0.400000 0.545455
vt 0.400000 0.636364
vt 0.400000 0.727273
vt 0.400000 0.818182
vt 0.400000 0.909091
vt 0.400000 1.000000
vt 0.416667 0.090909
vt 0.416667 0.181818
vt 0.416667 0.272727
vt 0.416667 0.363636
vt 0.416667 0.454545
vt 0.416667 0.545455
vt 0.416667 0.636364
vt 0.416667 0.727273
vt 0.416667 0.818182
vt 0.416667 0.909091
vt 0.416667 1.000000
vt 0.433333 0.090909
vt 0.433333 0.000000
vt 0.433333 0.181818
vt 0.433333 0.272727
vt 0.433333 0.363636
vt 0.433333 0.454545
vt 0.433333 0.545455
vt 0.433333 0.636364
vt 0.433333 0.727273
vt 0.433333 0.818182
vt 0.433333 0.909091
vt 0.433333 1.000000
vt 0.450000 0.090909
vt 0.450000 0.000000
vt 0.450000 0.181818
vt 0.450000 0.272727
vt 0.450000 0.363636
vt 0.450000 0.454545
vt 0.450000 0.545455
vt 0.450000 0.636364
vt 0.450000 0.727273
vt 0.450000 0.818182
vt 0.450000 0.909091
vt 0.450000 1.000000
vt 0.466667 0.090909
vt 0.466667 0.000000
vt 0.466667 0.181818
vt 0.466667 0.272727
vt 0.466667 0.363636
vt 0.466667 0.454545
vt 0.466667 0.545455
vt 0.466667 0.636364
vt 0.466667 0.727273
vt 0.466667 0.818182
vt 0.466667 0.909091
vt 0.466667 1.000000
vt 0.483333 0.090909
vt 0.483333 0.000000
vt 0.483333 0.181818
vt 0.483333 0.272727
vt 0.483333 0.363636
vt 0.483333 0.454545
vt 0.483333 0.545455
vt 0.483333 0.636364
vt 0.483333 0.727273
vt 0.483333 0.818182
vt 0.483333 0.909091
vt 0.483333 1.000000
vt 0.500000 0.090909
vt 0.500000 0.181818
vt 0.500000 0.272727
vt 0.500000 0.363636
vt 0.500000 0.454545
vt 0.500000 0.545455
vt 0.500000 0.636364
vt 0.500000 0.727273
vt 0.500000 0.818182
vt 0.500000 0.909091
vt 0.500000 1.000000
vt 0.516667 0.090909
vt 0.516667 0.000000
vt 0.516667 0.181818
vt 0.516667 0.272727
vt 0.516667 0.363636
vt 0.516667 0.454545
vt 0.516667 0.545455
vt 0.516667 0.636364
vt 0.516667 0.727273
vt 0.516667 0.818182
vt 0.516667 0.909091
vt 0.516667 1.000000
vt 0.533333 0.090909
vt 0.533333 0.000000
vt 0.533333 0.181818
vt 0.533333 0.272727
vt 0.533333 0.363636
vt 0.533333 0.454545
vt 0.533333 0.545455
vt 0.533333 0.636364
vt 0.533333 0.727273
vt 0.533333 0.818182
vt 0.533333 0.909091
vt 0.533333 1.000000
vt 0.550000 0.090909
vt 0.550000 0.000000
vt 0.550000 0.181818
vt 0.550000 0.272727
vt 0.550000 0.363636
vt 0.550000 0.454545
vt 0.550000 0.545455
vt 0.550000 0.636364
vt 0.550000 0.727273
vt 0.550000 0.818182
vt 0.550000 0.909091
vt 0.550000 1.000000
vt 0.566667 0.090909
vt 0.566667 0.000000
vt 0.566667 0.181818
vt 0.566667 0.272727
vt 0.566667 0.363636
vt 0.566667 0.454545
vt 0.566667 0.545455
vt 0.566667 0.636364
vt 0.566667 0.727273
vt 0.566667 0.818182
vt 0.566667 0.909091
vt 0.566667 1.000000
vt 0.583333 0.090909
vt 0.583333 0.181818
vt 0.583333 0.272727
vt 0.583333 0.363636
vt 0.583333 0.454545
vt 0.583333 0.545455
vt 0.583333 0.636364
vt 0.583333 0.727273
vt 0.583333 0.818182
vt 0.583333 0.909091
vt 0.583333 1.000000
vt 0.600000 0.090909
vt 0.600000 0.000000
vt 0.600000 0.181818
vt 0.600000 0.272727
vt 0.600000 0.363636
vt 0.600000 0.454545
vt 0.600000 0.545455
vt 0.600000 0.636364
vt 0.600000 0.727273
vt 0.600000 0.818182
vt 0.600000 0.909091
vt 0.600000 1.000000
vt 0.616667 0.090909
vt 0.616667 0.000000
vt 0.616667 0.181818
vt 0.616667 0.272727
vt 0.616667 0.363636
vt 0.616667 0.454545
vt 0.616667 0.545455
vt 0.616667 0.636364
vt 0.616667 0.727273
vt 0.616667 0.818182
vt 0.616667 0.909091
vt 0.616667 1.000000
vt 0.633333 0.090909
vt 0.633333 0.000000
vt 0.633333 0.181818
vt 0.633333 0.272727
vt 0.633333 0.363636
vt 0.633333 0.454545
vt 0.633333 0.545455
vt 0.633333 0.636364
vt 0.633333 0.727273
vt 0.633333 0.818182
vt 0.633333 0.909091
vt 0.633333 1.000000
vt 0.650000 0.090909
vt 0.650000 0.000000
vt 0.650000 0.181818
vt 0.650000 0.272727
vt 0.650000 0.363636
vt 0.650000 0.454545
vt 0.650000 0.545455
vt 0.650000 0.636364
vt 0.650000 0.727273
vt 0.650000 0.818182
vt 0.650000 0.909091
vt 0.650000 1.000000
vt 0.666667 0.090909
vt 0.666667 0.181818
vt 0.666667 0.272727
vt 0.666667 0.363636
vt 0.666667 0.454545
vt 0.666667 0.545455
vt 0.666667 0.636364
vt 0.666667 0.727273
vt 0.666667 0.818182
vt 0.666667 0.909091
vt 0.666667 1.000000
vt 0.683333 0.090909
vt 0.683333 0.000000
vt 0.683333 0.181818
vt 0.683333 0.272727
vt 0.683333 0.363636
vt 0.683333 0.454545
vt 0.683333 0.545455
vt 0.683333 0.636364
vt 0.683333 0.727273
vt 0.683333 0.818182
vt 0.683333 0.909091
vt 0.683333 1.000000
vt 0.700000 0.090909
vt 0.700000 0.000000
vt 0.700000 0.181818
vt 0.700000 0.272727
vt 0.700000 0.363636
vt 0.700000 0.454545
vt 0.700000 0.545455
vt 0.700000 0.636364
vt 0.700000 0.727273
vt 0.700000 0.818182
vt 0.700000 0.909091
vt 0.700000 1.000000
vt 0.716667 0.090909
vt 0.716667 0.000000
vt 0.716667 0.181818
vt 0.716667 0.272727
vt 0.716667 0.363636
vt 0.716667 0.454545
vt 0.716667 0.545455
vt 0.716667 0.636364
vt 0.716667 0.727273
vt 0.716667 0.818182
vt 0.716667 0.909091
vt 0.716667 1.000000
vt 0.733333 0.090909
vt 0.733333 0.000000
vt 0.733333 0.181818
vt 0.733333 0.272727
vt 0.733333 0.363636
vt 0.733333 0.454545
vt 0.733333 0.545455
vt 0.733333 0.636364
vt 0.733333 0.727273
vt 0.733333 0.818182
vt 0.733333 0.909091
vt 0.733333 1.000000
vt 0.750000 0.090909
vt 0.750000 0.181818
vt 0.750000 0.272727
vt 0.750000 0.363636
vt 0.750000 0.454545
vt 0.750000 0.545455
vt 0.750000 0.636364
vt 0.750000 0.727273
vt 0.750000 0.818182
vt 0.750000 0.909091
vt 0.750000 1.000000
vt 0.766667 0.090909
vt 0.766667 0.000000
vt 0.766667 0.181818
vt 0.766667 0.272727
vt 0.766667 0.363636
vt 0.766667 0.454545
vt 0.766667 0.545455
vt 0.766667 0.636364
vt 0.766667 0.727273
vt 0.766667 0.818182
vt 0.766667 0.909091
vt 0.766667 1.000000
vt 0.783333 0.090909
vt 0.783333 0.000000
vt 0.783333 0.181818
vt 0.783333 0.272727
vt 0.783333 0.363636
vt 0.783333 0.454545
vt 0.783333 0.545455
vt 0.783333 0.636364
vt 0.783333 0.727273
vt 0.783333 0.818182
vt 0.783333 0.909091
vt 0.783333 1.000000
vt 0.800000 0.090909
vt 0.800000 0.000000
vt 0.800000 0.181818
vt 0.800000 0.272727
vt 0.800000 0.363636
vt 0.800000 0.454545
vt 0.800000 0.545455
vt 0.800000 0.636364
vt 0.800000 0.727273
vt 0.800000 0.818182
vt 0.800000 0.909091
vt 0.800000 1.000000
vt 0.816667 0.090909
vt 0.816667 0.000000
vt 0.816667 0.181818
vt 0.816667 0.272727
vt 0.816667 0.363636
vt 0.816667 0.454545
vt 0.816667 0.545455
vt 0.816667 0.636364
vt 0.816667 0.727273
vt 0.816667 0.818182
vt 0.816667 0.909091
vt 0.816667 1.000000
vt 0.833333 0.090909
vt 0.833333 0.181818
vt 0.833333 0.272727
vt 0.833333 0.363636
vt 0.833333 0.454545
vt 0.833333 0.545455
vt 0.833333 0.636364
vt 0.833333 0.727273
vt 0.833333 0.818182
vt 0.833333 0.909091
vt 0.833333 1.000000
vt 0.850000 0.090909
vt 0.850000 0.000000
vt 0.850000 0.181818
vt 0.850000 0.272727
vt 0.850000 0.363636
vt 0.850000 0.454545
vt 0.850000 0.545455
vt 0.850000 0.636364
vt 0.850000 0.727273
vt 0.850000 0.818182
vt 0.850000 0.909091
vt 0.850000 1.000000
vt 0.866667 0.090909
vt 0.866667 0.000000
vt 0.866667 0.181818
vt 0.866667 0.272727
vt 0.866667 0.363636
vt 0.866667 0.454545
vt 0.866667 0.545455
vt 0.866667 0.636364
vt 0.866667 0.727273
vt 0.866667 0.818182
vt 0.866667 0.909091
vt 0.866667 1.000000
vt 0.883333 0.090909
vt 0.883333 0.000000
vt 0.883333 0.181818
vt 0.883333 0.272727
vt 0.883333 0.363636
vt 0.883333 0.454545
vt 0.883333 0.545455
vt 0.883333 0.636364
vt 0.883333 0.727273
vt 0.883333 0.818182
vt 0.883333 0.909091
vt 0.883333 1.000000
vt 0.900000 0.090909
vt 0.900000 0.000000
vt 0.900000 0.181818
vt 0.900000 0.272727
vt 0.900000 0.363636
vt 0.900000 0.454545
vt 0.900000 0.545455
vt 0.900000 0.636364
vt 0.900000 0.727273
vt 0.900000 0.818182
vt 0.900000 0.909091
vt 0.900000 1.000000
vt 0.916667 0.090909
vt 0.916667 0.181818
vt 0.916667 0.272727
vt 0.916667 0.363636
vt 0.916667 0.454545
vt 0.916667 0.545455
vt 0.916667 0.636364
vt 0.916667 0.727273
vt 0.916667 0.818182
vt 0.916667 0.909091
vt 0.916667 1.000000
vt 0.933333 0.090909
vt 0.933333 0.000000
vt 0.933333 0.181818
vt 0.933333 0.272727
vt 0.933333 0.363636
vt 0.933333 0.454545
vt 0.933333 0.545455
vt 0.933333 0.636364
vt 0.933333 0.727273
vt 0.933333 0.818182
vt 0.933333 0.909091
vt 0.933333 1.000000
vt 0.950000 0.090909
vt 0.950000 0.000000
vt 0.950000 0.181818
vt 0.950000 0.272727
vt 0.950000 0.363636
vt 0.950000 0.454545
vt 0.950000 0.545455
vt 0.950000 0.636364
vt 0.950000 0.727273
vt 0.950000 0.818182
vt 0.950000 0.909091
vt 0.950000 1.000000
vt 0.966667 0.090909
vt 0.966667 0.000000
vt 0.966667 0.181818
vt 0.966667 0.272727
vt 0.966667 0.363636
vt 0.966667 0.454545
vt 0.966667 0.545455
vt 0.966667 0.636364
vt 0.966667 0.727273
vt 0.966667 0.818182
vt 0.966667 0.909091
vt 0.966667 1.000000
vt 0.983333 0.090909
vt 0.983333 0.000000
vt 0.983333 0.181818
vt 0.983333 0.272727
vt 0.983333 0.363636
vt 0.983333 0.454545
vt 0.983333 0.545455
vt 0.983333 0.636364
vt 0.983333 0.727273
vt 0.983333 0.818182
vt 0.983333 0.909091
vt 0.983333 1.000000
s 0
usemtl Gold.009
f 47/1/1 49/2/1 48/3/1
f 46/4/1 49/2/1 47/1/1
f 46/4/1 50/5/1 49/2/1
f 45/6/1 50/5/1 46/4/1
f 45/6/1 51/7/1 50/5/1
f 44/8/1 51/7/1 45/6/1
f 44/8/1 52/9/1 51/7/1
f 43/10/1 52/9/1 44/8/1
f 43/10/1 53/11/1 52/9/1
f 42/12/1 53/11/1 43/10/1
f 42/12/1 54/13/1 53/11/1
f 41/14/1 54/13/1 42/12/1
f 41/14/1 55/15/1 54/13/1
f 40/16/1 110/17/1 41/14/1
f 110/17/1 109/18/1 41/14/1
f 109/18/1 55/15/1 41/14/1
f 108/19/1 55/15/1 109/18/1
f 40/16/1 111/20/1 110/17/1
f 107/21/1 55/15/1 108/19/1
f 107/21/1 56/22/1 55/15/1
f 40/16/1 112/23/1 111/20/1
f 106/24/1 56/22/1 107/21/1
f 40/16/1 113/25/1 112/23/1
f 105/26/1 56/22/1 106/24/1
f 39/27/1 113/25/1 40/16/1
f 39/27/1 114/28/1 113/25/1
f 104/29/1 56/22/1 105/26/1
f 39/27/1 115/30/1 114/28/1
f 103/31/1 56/22/1 104/29/1
f 103/31/1 57/32/1 56/22/1
f 39/27/1 116/33/1 115/30/1
f 38/34/1 116/33/1 39/27/1
f 102/35/1 57/32/1 103/31/1
f 38/34/1 117/36/1 116/33/1
f 101/37/1 57/32/1 102/35/1
f 38/34/1 118/38/1 117/36/1
f 101/37/1 58/39/1 57/32/1
f 37/40/1 118/38/1 38/34/1
f 100/41/1 58/39/1 101/37/1
f 37/40/1 119/42/1 118/38/1
f 99/43/1 58/39/1 100/41/1
f 37/40/1 120/44/1 119/42/1
f 36/45/1 120/44/1 37/40/1
f 99/43/1 59/46/1 58/39/1
f 98/47/1 59/46/1 99/43/1
f 36/45/1 121/48/1 120/44/1
f 97/49/1 59/46/1 98/47/1
f 36/45/1 122/50/1 121/48/1
f 35/51/1 122/50/1 36/45/1
f 97/49/1 60/52/1 59/46/1
f 35/51/1 123/53/1 122/50/1
f 96/54/1 60/52/1 97/49/1
f 95/55/1 60/52/1 96/54/1
f 94/56/1 60/52/1 95/55/1
f 93/57/1 60/52/1 94/56/1
f 34/58/1 123/53/1 35/51/1
f 34/58/1 124/59/1 123/53/1
f 92/60/1 60/52/1 93/57/1
f 91/61/1 60/52/1 92/60/1
f 90/62/1 60/52/1 91/61/1
f 34/58/1 125/63/1 124/59/1
f 89/64/1 60/52/1 90/62/1
f 89/64/1 61/65/1 60/52/1
f 88/66/1 61/65/1 89/64/1
f 87/67/1 61/65/1 88/66/1
f 34/58/1 126/68/1 125/63/1
f 33/69/1 126/68/1 34/58/1
f 86/70/1 61/65/1 87/67/1
f 85/71/1 61/65/1 86/70/1
f 33/69/1 127/72/1 126/68/1
f 84/73/1 61/65/1 85/71/1
f 33/69/1 128/74/1 127/72/1
f 83/75/1 61/65/1 84/73/1
f 32/76/1 128/74/1 33/69/1
f 82/77/1 61/65/1 83/75/1
f 32/76/1 129/78/1 128/74/1
f 81/79/1 61/65/1 82/77/1
f 81/79/1 62/80/1 61/65/1
f 80/81/1 62/80/1 81/79/1
f 32/76/1 130/82/1 129/78/1
f 79/83/1 62/80/1 80/81/1
f 78/84/1 62/80/1 79/83/1
f 32/76/1 131/85/1 130/82/1
f 77/86/1 62/80/1 78/84/1
f 31/87/1 131/85/1 32/76/1
f 31/87/1 132/88/1 131/85/1
f 76/89/1 62/80/1 77/86/1
f 75/90/1 62/80/1 76/89/1
f 31/87/1 133/91/1 132/88/1
f 74/92/1 62/80/1 75/90/1
f 133/91/1 62/80/1 74/92/1
f 31/87/1 62/80/1 133/91/1
f 30/93/1 62/80/1 31/87/1
f 30/93/1 63/94/1 62/80/1
f 29/95/1 63/94/1 30/93/1
f 28/96/1 12/97/1 29/95/1
f 12/97/1 63/94/1 29/95/1
f 28/96/1 13/98/1 12/97/1
f 11/99/1 63/94/1 12/97/1
f 27/100/1 13/98/1 28/96/1
f 11/99/1 64/101/1 63/94/1
f 27/100/1 14/102/1 13/98/1
f 27/100/1 15/103/1 14/102/1
f 27/100/1 16/104/1 15/103/1
f 26/105/1 16/104/1 27/100/1
f 26/105/1 17/106/1 16/104/1
f 26/105/1 18/107/1 17/106/1
f 26/105/1 19/108/1 18/107/1
f 10/109/1 64/101/1 11/99/1
f 25/110/1 19/108/1 26/105/1
f 25/110/1 20/111/1 19/108/1
f 25/110/1 21/112/1 20/111/1
f 25/110/1 22/113/1 21/112/1
f 24/114/1 22/113/1 25/110/1
f 24/114/1 23/115/1 22/113/1
f 9/116/1 64/101/1 10/109/1
f 9/116/1 65/117/1 64/101/1
f 8/118/1 65/117/1 9/116/1
f 8/118/1 66/119/1 65/117/1
f 7/120/1 66/119/1 8/118/1
f 6/121/1 66/119/1 7/120/1
f 6/121/1 67/122/1 66/119/1
f 5/123/1 67/122/1 6/121/1
f 4/124/1 67/122/1 5/123/1
f 4/124/1 68/125/1 67/122/1
f 3/126/1 68/125/1 4/124/1
f 2/127/1 68/125/1 3/126/1
f 2/127/1 69/128/1 68/125/1
f 1/129/1 69/128/1 2/127/1
f 73/130/1 69/128/1 1/129/1
f 73/130/1 70/131/1 69/128/1
f 72/132/1 70/131/1 73/130/1
f 72/132/1 71/133/1 70/131/1
f 180/1/2 181/3/2 182/2/2
f 179/4/2 180/1/2 182/2/2
f 179/4/2 182/2/2 183/5/2
f 178/6/2 179/4/2 183/5/2
f 178/6/2 183/5/2 184/7/2
f 177/8/2 178/6/2 184/7/2
f 177/8/2 184/7/2 185/9/2
f 176/10/2 177/8/2 185/9/2
f 176/10/2 185/9/2 186/11/2
f 175/12/2 176/10/2 186/11/2
f 175/12/2 186/11/2 187/13/2
f 174/14/2 175/12/2 187/13/2
f 174/14/2 187/13/2 188/15/2
f 173/16/2 174/14/2 243/17/2
f 243/17/2 174/14/2 242/18/2
f 242/18/2 174/14/2 188/15/2
f 241/19/2 242/18/2 188/15/2
f 173/16/2 243/17/2 244/20/2
f 240/21/2 241/19/2 188/15/2
f 240/21/2 188/15/2 189/22/2
f 173/16/2 244/20/2 245/23/2
f 239/24/2 240/21/2 189/22/2
f 173/16/2 245/23/2 246/25/2
f 238/26/2 239/24/2 189/22/2
f 172/27/2 173/16/2 246/25/2
f 172/27/2 246/25/2 247/28/2
f 237/29/2 238/26/2 189/22/2
f 172/27/2 247/28/2 248/30/2
f 236/31/2 237/29/2 189/22/2
f 236/31/2 189/22/2 190/32/2
f 172/27/2 248/30/2 249/33/2
f 171/34/2 172/27/2 249/33/2
f 235/35/2 236/31/2 190/32/2
f 171/34/2 249/33/2 250/36/2
f 234/37/2 235/35/2 190/32/2
f 171/34/2 250/36/2 251/38/2
f 234/37/2 190/32/2 191/39/2
f 170/40/2 171/34/2 251/38/2
f 233/41/2 234/37/2 191/39/2
f 170/40/2 251/38/2 252/42/2
f 232/43/2 233/41/2 191/39/2
f 170/40/2 252/42/2 253/44/2
f 169/45/2 170/40/2 253/44/2
f 232/43/2 191/39/2 192/46/2
f 231/47/2 232/43/2 192/46/2
f 169/45/2 253/44/2 254/48/2
f 230/49/2 231/47/2 192/46/2
f 169/45/2 254/48/2 255/50/2
f 168/51/2 169/45/2 255/50/2
f 230/49/2 192/46/2 193/52/2
f 168/51/2 255/50/2 256/53/2
f 229/54/2 230/49/2 193/52/2
f 228/55/2 229/54/2 193/52/2
f 227/56/2 228/55/2 193/52/2
f 226/57/2 227/56/2 193/52/2
f 167/58/2 168/51/2 256/53/2
f 167/58/2 256/53/2 257/59/2
f 225/60/2 226/57/2 193/52/2
f 224/61/2 225/60/2 193/52/2
f 223/62/2 224/61/2 193/52/2
f 167/58/2 257/59/2 258/63/2
f 222/64/2 223/62/2 193/52/2
f 222/64/2 193/52/2 194/65/2
f 221/66/2 222/64/2 194/65/2
f 220/67/2 221/66/2 194/65/2
f 167/58/2 258/63/2 259/68/2
f 166/69/2 167/58/2 259/68/2
f 219/70/2 220/67/2 194/65/2
f 218/71/2 219/70/2 194/65/2
f 166/69/2 259/68/2 260/72/2
f 217/73/2 218/71/2 194/65/2
f 166/69/2 260/72/2 261/74/2
f 216/75/2 217/73/2 194/65/2
f 165/76/2 166/69/2 261/74/2
f 215/77/2 216/75/2 194/65/2
f 165/76/2 261/74/2 262/78/2
f 214/79/2 215/77/2 194/65/2
f 214/79/2 194/65/2 195/80/2
f 213/81/2 214/79/2 195/80/2
f 165/76/2 262/78/2 263/82/2
f 212/83/2 213/81/2 195/80/2
f 211/84/2 212/83/2 195/80/2
f 165/76/2 263/82/2 264/85/2
f 210/86/2 211/84/2 195/80/2
f 164/87/2 165/76/2 264/85/2
f 164/87/2 264/85/2 265/88/2
f 209/89/2 210/86/2 195/80/2
f 208/90/2 209/89/2 195/80/2
f 164/87/2 265/88/2 266/91/2
f 207/92/2 208/90/2 195/80/2
f 266/91/2 207/92/2 195/80/2
f 164/87/2 266/91/2 195/80/2
f 163/93/2 164/87/2 195/80/2
f 163/93/2 195/80/2 196/94/2
f 162/95/2 163/93/2 196/94/2
f 161/96/2 162/95/2 145/97/2
f 145/97/2 162/95/2 196/94/2
f 161/96/2 145/97/2 146/98/2
f 144/99/2 145/97/2 196/94/2
f 160/100/2 161/96/2 146/98/2
f 144/99/2 196/94/2 197/101/2
f 160/100/2 146/98/2 147/102/2
f 160/100/2 147/102/2 148/103/2
f 160/100/2 148/103/2 149/104/2
f 159/105/2 160/100/2 149/104/2
f 159/105/2 149/104/2 150/106/2
f 159/105/2 150/106/2 151/107/2
f 159/105/2 151/107/2 152/108/2
f 143/109/2 144/99/2 197/101/2
f 158/110/2 159/105/2 152/108/2
f 158/110/2 152/108/2 153/111/2
f 158/110/2 153/111/2 154/112/2
f 158/110/2 154/112/2 155/113/2
f 157/114/2 158/110/2 155/113/2
f 157/114/2 155/113/2 156/115/2
f 142/116/2 143/109/2 197/101/2
f 142/116/2 197/101/2 198/117/2
f 141/118/2 142/116/2 198/117/2
f 141/118/2 198/117/2 199/119/2
f 140/120/2 141/118/2 199/119/2
f 139/121/2 140/120/2 199/119/2
f 139/121/2 199/119/2 200/122/2
f 138/123/2 139/121/2 200/122/2
f 137/124/2 138/123/2 200/122/2
f 137/124/2 200/122/2 201/125/2
f 136/126/2 137/124/2 201/125/2
f 135/127/2 136/126/2 201/125/2
f 135/127/2 201/125/2 202/128/2
f 134/129/2 135/127/2 202/128/2
f 206/130/2 134/129/2 202/128/2
f 206/130/2 202/128/2 203/131/2
f 205/132/2 206/130/2 203/131/2
f 205/132/2 203/131/2 204/133/2
s 1
f 268/134/3 280/135/4 279/136/5 267/129/6
f 269/137/7 281/138/8 280/135/4 268/134/3
f 270/139/9 282/140/10 281/138/8 269/137/7
f 271/141/11 283/142/12 282/140/10 270/139/9
f 272/143/13 284/144/14 283/142/12 271/141/11
f 273/145/15 285/146/16 284/144/14 272/143/13
f 274/147/17 286/148/18 285/146/16 273/145/15
f 275/149/19 287/150/20 286/148/18 274/147/17
f 276/151/21 288/152/22 287/150/20 275/149/19
f 277/153/23 289/154/24 288/152/22 276/151/21
f 278/155/25 290/156/26 289/154/24 277/153/23
f 280/135/4 292/157/27 291/158/28 279/136/5
f 281/138/8 293/159/29 292/157/27 280/135/4
f 282/140/10 294/160/30 293/159/29 281/138/8
f 283/142/12 295/161/31 294/160/30 282/140/10
f 284/144/14 296/162/32 295/161/31 283/142/12
f 285/146/16 297/163/33 296/162/32 284/144/14
f 286/148/18 298/164/34 297/163/33 285/146/16
f 287/150/20 299/165/35 298/164/34 286/148/18
f 288/152/22 300/166/36 299/165/35 287/150/20
f 289/154/24 301/167/37 300/166/36 288/152/22
f 290/156/26 302/168/38 301/167/37 289/154/24
f 292/157/27 304/169/39 303/170/40 291/158/28
f 293/159/29 305/171/41 304/169/39 292/157/27
f 294/160/30 306/172/42 305/171/41 293/159/29
f 295/161/31 307/173/43 306/172/42 294/160/30
f 296/162/32 308/174/44 307/173/43 295/161/31
f 297/163/33 309/175/45 308/174/44 296/162/32
f 298/164/34 310/176/46 309/175/45 297/163/33
f 299/165/35 311/177/47 310/176/46 298/164/34
f 300/166/36 312/178/48 311/177/47 299/165/35
f 301/167/37 313/179/49 312/178/48 300/166/36
f 302/168/38 314/180/50 313/179/49 301/167/37
f 304/169/39 316/181/51 315/182/52 303/170/40
f 305/171/41 317/183/53 316/181/51 304/169/39
f 306/172/42 318/184/54 317/183/53 305/171/41
f 307/173/43 319/185/55 318/184/54 306/172/42
f 308/174/44 320/186/56 319/185/55 307/173/43
f 309/175/45 321/187/57 320/186/56 308/174/44
f 310/176/46 322/188/58 321/187/57 309/175/45
f 311/177/47 323/189/59 322/188/58 310/176/46
f 312/178/48 324/190/60 323/189/59 311/177/47
f 313/179/49 325/191/61 324/190/60 312/178/48
f 314/180/50 326/192/62 325/191/61 313/179/49
f 316/181/51 328/193/63 327/194/64 315/182/52
f 317/183/53 329/195/65 328/193/63 316/181/51
f 318/184/54 330/196/66 329/195/65 317/183/53
f 319/185/55 331/197/67 330/196/66 318/184/54
f 320/186/56 332/198/68 331/197/67 319/185/55
f 321/187/57 333/199/69 332/198/68 320/186/56
f 322/188/58 334/200/70 333/199/69 321/187/57
f 323/189/59 335/201/71 334/200/70 322/188/58
f 324/190/60 336/202/72 335/201/71 323/189/59
f 325/191/61 337/203/73 336/202/72 324/190/60
f 326/192/62 338/204/74 337/203/73 325/191/61
f 328/193/63 340/205/75 339/206/76 327/194/64
f 329/195/65 341/207/77 340/205/75 328/193/63
f 330/196/66 342/208/78 341/207/77 329/195/65
f 331/197/67 343/209/79 342/208/78 330/196/66
f 332/198/68 344/210/80 343/209/79 331/197/67
f 333/199/69 345/211/81 344/210/80 332/198/68
f 334/200/70 346/212/82 345/211/81 333/199/69
f 335/201/71 347/213/83 346/212/82 334/200/70
f 336/202/72 348/214/84 347/213/83 335/201/71
f 337/203/73 349/215/85 348/214/84 336/202/72
f 338/204/74 350/216/86 349/215/85 337/203/73
f 340/205/75 352/217/87 351/218/88 339/206/76
f 341/207/77 353/219/89 352/217/87 340/205/75
f 342/208/78 354/220/90 353/219/89 341/207/77
f 343/209/79 355/221/91 354/220/90 342/208/78
f 344/210/80 356/222/92 355/221/91 343/209/79
f 345/211/81 357/223/93 356/222/92 344/210/80
f 346/212/82 358/224/94 357/223/93 345/211/81
f 347/213/83 359/225/95 358/224/94 346/212/82
f 348/214/84 360/226/96 359/225/95 347/213/83
f 349/215/85 361/227/97 360/226/96 348/214/84
f 350/216/86 362/228/98 361/227/97 349/215/85
f 352/217/87 364/229/99 363/230/100 351/218/88
f 353/219/89 365/231/101 364/229/99 352/217/87
f 354/220/90 366/232/102 365/231/101 353/219/89
f 355/221/91 367/233/103 366/232/102 354/220/90
f 356/222/92 368/234/104 367/233/103 355/221/91
f 357/223/93 369/235/105 368/234/104 356/222/92
f 358/224/94 370/236/106 369/235/105 357/223/93
f 359/225/95 371/237/107 370/236/106 358/224/94
f 360/226/96 372/238/108 371/237/107 359/225/95
f 361/227/97 373/239/109 372/238/108 360/226/96
f 362/228/98 374/240/110 373/239/109 361/227/97
f 364/229/99 376/241/111 375/242/112 363/230/100
f 365/231/101 377/243/113 376/241/111 364/229/99
f 366/232/102 378/244/114 377/243/113 365/231/101
f 367/233/103 379/245/115 378/244/114 366/232/102
f 368/234/104 380/246/116 379/245/115 367/233/103
f 369/235/105 381/247/117 380/246/116 368/234/104
f 370/236/106 382/248/118 381/247/117 369/235/105
f 371/237/107 383/249/119 382/248/118 370/236/106
f 372/238/108 384/250/120 383/249/119 371/237/107
f 373/239/109 385/251/121 384/250/120 372/238/108
f 374/240/110 386/252/122 385/251/121 373/239/109
f 376/241/111 388/253/123 387/254/124 375/242/112
f 377/243/113 389/255/125 388/253/123 376/241/111
f 378/244/114 390/256/126 389/255/125 377/243/113
f 379/245/115 391/257/127 390/256/126 378/244/114
f 380/246/116 392/258/128 391/257/127 379/245/115
f 381/247/117 393/259/129 392/258/128 380/246/116
f 382/248/118 394/260/130 393/259/129 381/247/117
f 383/249/119 395/261/131 394/260/130 382/248/118
f 384/250/120 396/262/132 395/261/131 383/249/119
f 385/251/121 397/263/133 396/262/132 384/250/120
f 386/252/122 398/264/134 397/263/133 385/251/121
f 388/253/123 400/265/135 399/266/136 387/254/124
f 389/255/125 401/267/137 400/265/135 388/253/123
f 390/256/126 402/268/138 401/267/137 389/255/125
f 391/257/127 403/269/139 402/268/138 390/256/126
f 392/258/128 404/270/140 403/269/139 391/257/127
f 393/259/129 405/271/141 404/270/140 392/258/128
f 394/260/130 406/272/142 405/271/141 393/259/129
f 395/261/131 407/273/143 406/272/142 394/260/130
f 396/262/132 408/274/144 407/273/143 395/261/131
f 397/263/133 409/275/145 408/274/144 396/262/132
f 398/264/134 410/276/146 409/275/145 397/263/133
f 400/265/135 412/277/147 411/278/148 399/266/136
f 401/267/137 413/279/149 412/277/147 400/265/135
f 402/268/138 414/280/150 413/279/149 401/267/137
f 403/269/139 415/281/151 414/280/150 402/268/138
f 404/270/140 416/282/152 415/281/151 403/269/139
f 405/271/141 417/283/153 416/282/152 404/270/140
f 406/272/142 418/284/154 417/283/153 405/271/141
f 407/273/143 419/285/155 418/284/154 406/272/142
f 408/274/144 420/286/156 419/285/155 407/273/143
f 409/275/145 421/287/157 420/286/156 408/274/144
f 410/276/146 422/288/158 421/287/157 409/275/145
f 412/277/147 424/289/159 423/290/160 411/278/148
f 413/279/149 425/291/161 424/289/159 412/277/147
f 414/280/150 426/292/162 425/291/161 413/279/149
f 415/281/151 427/293/163 426/292/162 414/280/150
f 416/282/152 428/294/164 427/293/163 415/281/151
f 417/283/153 429/295/165 428/294/164 416/282/152
f 418/284/154 430/296/166 429/295/165 417/283/153
f 419/285/155 431/297/167 430/296/166 418/284/154
f 420/286/156 432/298/168 431/297/167 419/285/155
f 421/287/157 433/299/169 432/298/168 420/286/156
f 422/288/158 434/300/170 433/299/169 421/287/157
f 424/289/159 436/301/171 435/302/172 423/290/160
f 425/291/161 437/303/173 436/301/171 424/289/159
f 426/292/162 438/304/174 437/303/173 425/291/161
f 427/293/163 439/305/175 438/304/174 426/292/162
f 428/294/164 440/306/176 439/305/175 427/293/163
f 429/295/165 441/307/177 440/306/176 428/294/164
f 430/296/166 442/308/178 441/307/177 429/295/165
f 431/297/167 443/309/179 442/308/178 430/296/166
f 432/298/168 444/310/180 443/309/179 431/297/167
f 433/299/169 445/311/181 444/310/180 432/298/168
f 434/300/170 446/312/182 445/311/181 433/299/169
f 436/301/171 448/313/183 447/314/184 435/302/172
f 437/303/173 449/315/185 448/313/183 436/301/171
f 438/304/174 450/316/186 449/315/185 437/303/173
f 439/305/175 451/317/187 450/316/186 438/304/174
f 440/306/176 452/318/188 451/317/187 439/305/175
f 441/307/177 453/319/189 452/318/188 440/306/176
f 442/308/178 454/320/190 453/319/189 441/307/177
f 443/309/179 455/321/191 454/320/190 442/308/178
f 444/310/180 456/322/192 455/321/191 443/309/179
f 445/311/181 457/323/193 456/322/192 444/310/180
f 446/312/182 458/324/194 457/323/193 445/311/181
f 448/313/183 460/325/195 459/326/196 447/314/184
f 449/315/185 461/327/197 460/325/195 448/313/183
f 450/316/186 462/328/198 461/327/197 449/315/185
f 451/317/187 463/329/199 462/328/198 450/316/186
f 452/318/188 464/330/200 463/329/199 451/317/187
f 453/319/189 465/331/201 464/330/200 452/318/188
f 454/320/190 466/332/202 465/331/201 453/319/189
f 455/321/191 467/333/203 466/332/202 454/320/190
f 456/322/192 468/334/204 467/333/203 455/321/191
f 457/323/193 469/335/205 468/334/204 456/322/192
f 458/324/194 470/336/206 469/335/205 457/323/193
f 460/325/195 472/337/207 471/338/208 459/326/196
f 461/327/197 473/339/209 472/337/207 460/325/195
f 462/328/198 474/340/210 473/339/209 461/327/197
f 463/329/199 475/341/211 474/340/210 462/328/198
f 464/330/200 476/342/212 475/341/211 463/329/199
f 465/331/201 477/343/213 476/342/212 464/330/200
f 466/332/202 478/344/214 477/343/213 465/331/201
f 467/333/203 479/345/215 478/344/214 466/332/202
f 468/334/204 480/346/216 479/345/215 467/333/203
f 469/335/205 481/347/217 480/346/216 468/334/204
f 470/336/206 482/348/218 481/347/217 469/335/205
f 472/337/207 484/349/219 483/350/220 471/338/208
f 473/339/209 485/351/221 484/349/219 472/337/207
f 474/340/210 486/352/222 485/351/221 473/339/209
f 475/341/211 487/353/223 486/352/222 474/340/210
f 476/342/212 488/354/224 487/353/223 475/341/211
f 477/343/213 489/355/225 488/354/224 476/342/212
f 478/344/214 490/356/226 489/355/225 477/343/213
f 479/345/215 491/357/227 490/356/226 478/344/214
f 480/346/216 492/358/228 491/357/227 479/345/215
f 481/347/217 493/359/229 492/358/228 480/346/216
f 482/348/218 494/360/230 493/359/229 481/347/217
f 484/349/219 496/361/231 495/362/232 483/350/220
f 485/351/221 497/363/233 496/361/231 484/349/219
f 486/352/222 498/364/234 497/363/233 485/351/221
f 487/353/223 499/365/235 498/364/234 486/352/222
f 488/354/224 500/366/236 499/365/235 487/353/223
f 489/355/225 501/367/237 500/366/236 488/354/224
f 490/356/226 502/368/238 501/367/237 489/355/225
f 491/357/227 503/369/239 502/368/238 490/356/226
f 492/358/228 504/370/240 503/369/239 491/357/227
f 493/359/229 505/371/241 504/370/240 492/358/228
f 494/360/230 506/372/242 505/371/241 493/359/229
f 496/361/231 508/373/243 507/374/244 495/362/232
f 497/363/233 509/375/245 508/373/243 496/361/231
f 498/364/234 510/376/246 509/375/245 497/363/233
f 499/365/235 511/377/247 510/376/246 498/364/234
f 500/366/236 512/378/248 511/377/247 499/365/235
f 501/367/237 513/379/249 512/378/248 500/366/236
f 502/368/238 514/380/250 513/379/249 501/367/237
f 503/369/239 515/381/251 514/380/250 502/368/238
f 504/370/240 516/382/252 515/381/251 503/369/239
f 505/371/241 517/383/253 516/382/252 504/370/240
f 506/372/242 518/384/254 517/383/253 505/371/241
f 508/373/243 520/385/255 519/386/256 507/374/244
f 509/375/245 521/387/257 520/385/255 508/373/243
f 510/376/246 522/388/258 521/387/257 509/375/245
f 511/377/247 523/389/259 522/388/258 510/376/246
f 512/378/248 524/390/260 523/389/259 511/377/247
f 513/379/249 525/391/261 524/390/260 512/378/248
f 514/380/250 526/392/262 525/391/261 513/379/249
f 515/381/251 527/393/263 526/392/262 514/380/250
f 516/382/252 528/394/264 527/393/263 515/381/251
f 517/383/253 529/395/265 528/394/264 516/382/252
f 518/384/254 530/396/266 529/395/265 517/383/253
f 520/385/255 532/397/267 531/398/268 519/386/256
f 521/387/257 533/399/269 532/397/267 520/385/255
f 522/388/258 534/400/270 533/399/269 521/387/257
f 523/389/259 535/401/271 534/400/270 522/388/258
f 524/390/260 536/402/272 535/401/271 523/389/259
f 525/391/261 537/403/273 536/402/272 524/390/260
f 526/392/262 538/404/274 537/403/273 525/391/261
f 527/393/263 539/405/275 538/404/274 526/392/262
f 528/394/264 540/406/276 539/405/275 527/393/263
f 529/395/265 541/407/277 540/406/276 528/394/264
f 530/396/266 542/408/278 541/407/277 529/395/265
f 532/397/267 544/409/279 543/410/280 531/398/268
f 533/399/269 545/411/281 544/409/279 532/397/267
f 534/400/270 546/412/282 545/411/281 533/399/269
f 535/401/271 547/413/283 546/412/282 534/400/270
f 536/402/272 548/414/284 547/413/283 535/401/271
f 537/403/273 549/415/285 548/414/284 536/402/272
f 538/404/274 550/416/286 549/415/285 537/403/273
f 539/405/275 551/417/287 550/416/286 538/404/274
f 540/406/276 552/418/288 551/417/287 539/405/275
f 541/407/277 553/419/289 552/418/288 540/406/276
f 542/408/278 554/420/290 553/419/289 541/407/277
f 544/409/279 556/421/291 555/422/292 543/410/280
f 545/411/281 557/423/293 556/421/291 544/409/279
f 546/412/282 558/424/294 557/423/293 545/411/281
f 547/413/283 559/425/295 558/424/294 546/412/282
f 548/414/284 560/426/296 559/425/295 547/413/283
f 549/415/285 561/427/297 560/426/296 548/414/284
f 550/416/286 562/428/298 561/427/297 549/415/285
f 551/417/287 563/429/299 562/428/298 550/416/286
f 552/418/288 564/430/300 563/429/299 551/417/287
f 553/419/289 565/431/301 564/430/300 552/418/288
f 554/420/290 566/432/302 565/431/301 553/419/289
f 556/421/291 568/433/303 567/434/304 555/422/292
f 557/423/293 569/435/305 568/433/303 556/421/291
f 558/424/294 570/436/306 569/435/305 557/423/293
f 559/425/295 571/437/307 570/436/306 558/424/294
f 560/426/296 572/438/308 571/437/307 559/425/295
f 561/427/297 573/439/309 572/438/308 560/426/296
f 562/428/298 574/440/310 573/439/309 561/427/297
f 563/429/299 575/441/311 574/440/310 562/428/298
f 564/430/300 576/442/312 575/441/311 563/429/299
f 565/431/301 577/443/313 576/442/312 564/430/300
f 566/432/302 578/444/314 577/443/313 565/431/301
f 568/433/303 580/445/315 579/446/316 567/434/304
f 569/435/305 581/447/317 580/445/315 568/433/303
f 570/436/306 582/448/318 581/447/317 569/435/305
f 571/437/307 583/449/319 582/448/318 570/436/306
f 572/438/308 584/450/320 583/449/319 571/437/307
f 573/439/309 585/451/321 584/450/320 572/438/308
f 574/440/310 586/452/322 585/451/321 573/439/309
f 575/441/311 587/453/323 586/452/322 574/440/310
f 576/442/312 588/454/324 587/453/323 575/441/311
f 577/443/313 589/455/325 588/454/324 576/442/312
f 578/444/314 590/456/326 589/455/325 577/443/313
f 580/445/315 592/457/327 591/458/328 579/446/316
f 581/447/317 593/459/329 592/457/327 580/445/315
f 582/448/318 594/460/330 593/459/329 581/447/317
f 583/449/319 595/461/331 594/460/330 582/448/318
f 584/450/320 596/462/332 595/461/331 583/449/319
f 585/451/321 597/463/333 596/462/332 584/450/320
f 586/452/322 598/464/334 597/463/333 585/451/321
f 587/453/323 599/465/335 598/464/334 586/452/322
f 588/454/324 600/466/336 599/465/335 587/453/323
f 589/455/325 601/467/337 600/466/336 588/454/324
f 590/456/326 602/468/338 601/467/337 589/455/325
f 592/457/327 604/469/339 603/470/340 591/458/328
f 593/459/329 605/471/341 604/469/339 592/457/327
f 594/460/330 606/472/342 605/471/341 593/459/329
f 595/461/331 607/473/343 606/472/342 594/460/330
f 596/462/332 608/474/344 607/473/343 595/461/331
f 597/463/333 609/475/345 608/474/344 596/462/332
f 598/464/334 610/476/346 609/475/345 597/463/333
f 599/465/335 611/477/347 610/476/346 598/464/334
f 600/466/336 612/478/348 611/477/347 599/465/335
f 601/467/337 613/479/349 612/478/348 600/466/336
f 602/468/338 614/480/350 613/479/349 601/467/337
f 604/469/339 616/481/351 615/482/352 603/470/340
f 605/471/341 617/483/353 616/481/351 604/469/339
f 606/472/342 618/484/354 617/483/353 605/471/341
f 607/473/343 619/485/355 618/484/354 606/472/342
f 608/474/344 620/486/356 619/485/355 607/473/343
f 609/475/345 621/487/357 620/486/356 608/474/344
f 610/476/346 622/488/358 621/487/357 609/475/345
f 611/477/347 623/489/359 622/488/358 610/476/346
f 612/478/348 624/490/360 623/489/359 611/477/347
f 613/479/349 625/491/361 624/490/360 612/478/348
f 614/480/350 626/492/362 625/491/361 613/479/349
f 616/481/351 628/493/363 627/494/364 615/482/352
f 617/483/353 629/495/365 628/493/363 616/481/351
f 618/484/354 630/496/366 629/495/365 617/483/353
f 619/485/355 631/497/367 630/496/366 618/484/354
f 620/486/356 632/498/368 631/497/367 619/485/355
f 621/487/357 633/499/369 632/498/368 620/486/356
f 622/488/358 634/500/370 633/499/369 621/487/357
f 623/489/359 635/501/371 634/500/370 622/488/358
f 624/490/360 636/502/372 635/501/371 623/489/359
f 625/491/361 637/503/373 636/502/372 624/490/360
f 626/492/362 638/504/374 637/503/373 625/491/361
f 628/493/363 640/505/375 639/506/376 627/494/364
f 629/495/365 641/507/377 640/505/375 628/493/363
f 630/496/366 642/508/378 641/507/377 629/495/365
f 631/497/367 643/509/379 642/508/378 630/496/366
f 632/498/368 644/510/380 643/509/379 631/497/367
f 633/499/369 645/511/381 644/510/380 632/498/368
f 634/500/370 646/512/382 645/511/381 633/499/369
f 635/501/371 647/513/383 646/512/382 634/500/370
f 636/502/372 648/514/384 647/513/383 635/501/371
f 637/503/373 649/515/385 648/514/384 636/502/372
f 638/504/374 650/516/386 649/515/385 637/503/373
f 640/505/375 652/517/387 651/518/388 639/506/376
f 641/507/377 653/519/389 652/517/387 640/505/375
f 642/508/378 654/520/390 653/519/389 641/507/377
f 643/509/379 655/521/391 654/520/390 642/508/378
f 644/510/380 656/522/392 655/521/391 643/509/379
f 645/511/381 657/523/393 656/522/392 644/510/380
f 646/512/382 658/524/394 657/523/393 645/511/381
f 647/513/383 659/525/395 658/524/394 646/512/382
f 648/514/384 660/526/396 659/525/395 647/513/383
f 649/515/385 661/527/397 660/526/396 648/514/384
f 650/516/386 662/528/398 661/527/397 649/515/385
f 652/517/387 664/529/399 663/530/400 651/518/388
f 653/519/389 665/531/401 664/529/399 652/517/387
f 654/520/390 666/532/402 665/531/401 653/519/389
f 655/521/391 667/533/403 666/532/402 654/520/390
f 656/522/392 668/534/404 667/533/403 655/521/391
f 657/523/393 669/535/405 668/534/404 656/522/392
f 658/524/394 670/536/406 669/535/405 657/523/393
f 659/525/395 671/537/407 670/536/406 658/524/394
f 660/526/396 672/538/408 671/537/407 659/525/395
f 661/527/397 673/539/409 672/538/408 660/526/396
f 662/528/398 674/540/410 673/539/409 661/527/397
f 664/529/399 676/541/411 675/542/412 663/530/400
f 665/531/401 677/543/413 676/541/411 664/529/399
f 666/532/402 678/544/414 677/543/413 665/531/401
f 667/533/403 679/545/415 678/544/414 666/532/402
f 668/534/404 680/546/416 679/545/415 667/533/403
f 669/535/405 681/547/417 680/546/416 668/534/404
f 670/536/406 682/548/418 681/547/417 669/535/405
f 671/537/407 683/549/419 682/548/418 670/536/406
f 672/538/408 684/550/420 683/549/419 671/537/407
f 673/539/409 685/551/421 684/550/420 672/538/408
f 674/540/410 686/552/422 685/551/421 673/539/409
f 676/541/411 688/553/423 687/554/424 675/542/412
f 677/543/413 689/555/425 688/553/423 676/541/411
f 678/544/414 690/556/426 689/555/425 677/543/413
f 679/545/415 691/557/427 690/556/426 678/544/414
f 680/546/416 692/558/428 691/557/427 679/545/415
f 681/547/417 693/559/429 692/558/428 680/546/416
f 682/548/418 694/560/430 693/559/429 681/547/417
f 683/549/419 695/561/431 694/560/430 682/548/418
f 684/550/420 696/562/432 695/561/431 683/549/419
f 685/551/421 697/563/433 696/562/432 684/550/420
f 686/552/422 698/564/434 697/563/433 685/551/421
f 688/553/423 700/565/435 699/566/436 687/554/424
f 689/555/425 701/567/437 700/565/435 688/553/423
f 690/556/426 702/568/438 701/567/437 689/555/425
f 691/557/427 703/569/439 702/568/438 690/556/426
f 692/558/428 704/570/440 703/569/439 691/557/427
f 693/559/429 705/571/441 704/570/440 692/558/428
f 694/560/430 706/572/442 705/571/441 693/559/429
f 695/561/431 707/573/443 706/572/442 694/560/430
f 696/562/432 708/574/444 707/573/443 695/561/431
f 697/563/433 709/575/445 708/574/444 696/562/432
f 698/564/434 710/576/446 709/575/445 697/563/433
f 700/565/435 712/577/447 711/578/448 699/566/436
f 701/567/437 713/579/449 712/577/447 700/565/435
f 702/568/438 714/580/450 713/579/449 701/567/437
f 703/569/439 715/581/451 714/580/450 702/568/438
f 704/570/440 716/582/452 715/581/451 703/569/439
f 705/571/441 717/583/453 716/582/452 704/570/440
f 706/572/442 718/584/454 717/583/453 705/571/441
f 707/573/443 719/585/455 718/584/454 706/572/442
f 708/574/444 720/586/456 719/585/455 707/573/443
f 709/575/445 721/587/457 720/586/456 708/574/444
f 710/576/446 722/588/458 721/587/457 709/575/445
f 712/577/447 724/589/459 723/590/460 711/578/448
f 713/579/449 725/591/461 724/589/459 712/577/447
f 714/580/450 726/592/462 725/591/461 713/579/449
f 715/581/451 727/593/463 726/592/462 714/580/450
f 716/582/452 728/594/464 727/593/463 715/581/451
f 717/583/453 729/595/465 728/594/464 716/582/452
f 718/584/454 730/596/466 729/595/465 717/583/453
f 719/585/455 731/597/467 730/596/466 718/584/454
f 720/586/456 732/598/468 731/597/467 719/585/455
f 721/587/457 733/599/469 732/598/468 720/586/456
f 722/588/458 734/600/470 733/599/469 721/587/457
f 724/589/459 736/601/471 735/602/472 723/590/460
f 725/591/461 737/603/473 736/601/471 724/589/459
f 726/592/462 738/604/474 737/603/473 725/591/461
f 727/593/463 739/605/475 738/604/474 726/592/462
f 728/594/464 740/606/476 739/605/475 727/593/463
f 729/595/465 741/607/477 740/606/476 728/594/464
f 730/596/466 742/608/478 741/607/477 729/595/465
f 731/597/467 743/609/479 742/608/478 730/596/466
f 732/598/468 744/610/480 743/609/479 731/597/467
f 733/599/469 745/611/481 744/610/480 732/598/468
f 734/600/470 746/612/482 745/611/481 733/599/469
f 736/601/471 748/613/483 747/614/484 735/602/472
f 737/603/473 749/615/485 748/613/483 736/601/471
f 738/604/474 750/616/486 749/615/485 737/603/473
f 739/605/475 751/617/487 750/616/486 738/604/474
f 740/606/476 752/618/488 751/617/487 739/605/475
f 741/607/477 753/619/489 752/618/488 740/606/476
f 742/608/478 754/620/490 753/619/489 741/607/477
f 743/609/479 755/621/491 754/620/490 742/608/478
f 744/610/480 756/622/492 755/621/491 743/609/479
f 745/611/481 757/623/493 756/622/492 744/610/480
f 746/612/482 758/624/494 757/623/493 745/611/481
f 748/613/483 760/625/495 759/626/496 747/614/484
f 749/615/485 761/627/497 760/625/495 748/613/483
f 750/616/486 762/628/498 761/627/497 749/615/485
f 751/617/487 763/629/499 762/628/498 750/616/486
f 752/618/488 764/630/500 763/629/499 751/617/487
f 753/619/489 765/631/501 764/630/500 752/618/488
f 754/620/490 766/632/502 765/631/501 753/619/489
f 755/621/491 767/633/503 766/632/502 754/620/490
f 756/622/492 768/634/504 767/633/503 755/621/491
f 757/623/493 769/635/505 768/634/504 756/622/492
f 758/624/494 770/636/506 769/635/505 757/623/493
f 760/625/495 772/637/507 771/638/508 759/626/496
f 761/627/497 773/639/509 772/637/507 760/625/495
f 762/628/498 774/640/510 773/639/509 761/627/497
f 763/629/499 775/641/511 774/640/510 762/628/498
f 764/630/500 776/642/512 775/641/511 763/629/499
f 765/631/501 777/643/513 776/642/512 764/630/500
f 766/632/502 778/644/514 777/643/513 765/631/501
f 767/633/503 779/645/515 778/644/514 766/632/502
f 768/634/504 780/646/516 779/645/515 767/633/503
f 769/635/505 781/647/517 780/646/516 768/634/504
f 770/636/506 782/648/518 781/647/517 769/635/505
f 772/637/507 784/649/519 783/650/520 771/638/508
f 773/639/509 785/651/521 784/649/519 772/637/507
f 774/640/510 786/652/522 785/651/521 773/639/509
f 775/641/511 787/653/523 786/652/522 774/640/510
f 776/642/512 788/654/524 787/653/523 775/641/511
f 777/643/513 789/655/525 788/654/524 776/642/512
f 778/644/514 790/656/526 789/655/525 777/643/513
f 779/645/515 791/657/527 790/656/526 778/644/514
f 780/646/516 792/658/528 791/657/527 779/645/515
f 781/647/517 793/659/529 792/658/528 780/646/516
f 782/648/518 794/660/530 793/659/529 781/647/517
f 784/649/519 796/661/531 795/662/532 783/650/520
f 785/651/521 797/663/533 796/661/531 784/649/519
f 786/652/522 798/664/534 797/663/533 785/651/521
f 787/653/523 799/665/535 798/664/534 786/652/522
f 788/654/524 800/666/536 799/665/535 787/653/523
f 789/655/525 801/667/537 800/666/536 788/654/524
f 790/656/526 802/668/538 801/667/537 789/655/525
f 791/657/527 803/669/539 802/668/538 790/656/526
f 792/658/528 804/670/540 803/669/539 791/657/527
f 793/659/529 805/671/541 804/670/540 792/658/528
f 794/660/530 806/672/542 805/671/541 793/659/529
f 796/661/531 808/673/543 807/674/544 795/662/532
f 797/663/533 809/675/545 808/673/543 796/661/531
f 798/664/534 810/676/546 809/675/545 797/663/533
f 799/665/535 811/677/547 810/676/546 798/664/534
f 800/666/536 812/678/548 811/677/547 799/665/535
f 801/667/537 813/679/549 812/678/548 800/666/536
f 802/668/538 814/680/550 813/679/549 801/667/537
f 803/669/539 815/681/551 814/680/550 802/668/538
f 804/670/540 816/682/552 815/681/551 803/669/539
f 805/671/541 817/683/553 816/682/552 804/670/540
f 806/672/542 818/684/554 817/683/553 805/671/541
f 808/673/543 820/685/555 819/686/556 807/674/544
f 809/675/545 821/687/557 820/685/555 808/673/543
f 810/676/546 822/688/558 821/687/557 809/675/545
f 811/677/547 823/689/559 822/688/558 810/676/546
f 812/678/548 824/690/560 823/689/559 811/677/547
f 813/679/549 825/691/561 824/690/560 812/678/548
f 814/680/550 826/692/562 825/691/561 813/679/549
f 815/681/551 827/693/563 826/692/562 814/680/550
f 816/682/552 828/694/564 827/693/563 815/681/551
f 817/683/553 829/695/565 828/694/564 816/682/552
f 818/684/554 830/696/566 829/695/565 817/683/553
f 820/685/555 832/697/567 831/698/568 819/686/556
f 821/687/557 833/699/569 832/697/567 820/685/555
f 822/688/558 834/700/570 833/699/569 821/687/557
f 823/689/559 835/701/571 834/700/570 822/688/558
f 824/690/560 836/702/572 835/701/571 823/689/559
f 825/691/561 837/703/573 836/702/572 824/690/560
f 826/692/562 838/704/574 837/703/573 825/691/561
f 827/693/563 839/705/575 838/704/574 826/692/562
f 828/694/564 840/706/576 839/705/575 827/693/563
f 829/695/565 841/707/577 840/706/576 828/694/564
f 830/696/566 842/708/578 841/707/577 829/695/565
f 832/697/567 844/709/579 843/710/580 831/698/568
f 833/699/569 845/711/581 844/709/579 832/697/567
f 834/700/570 846/712/582 845/711/581 833/699/569
f 835/701/571 847/713/583 846/712/582 834/700/570
f 836/702/572 848/714/584 847/713/583 835/701/571
f 837/703/573 849/715/585 848/714/584 836/702/572
f 838/704/574 850/716/586 849/715/585 837/703/573
f 839/705/575 851/717/587 850/716/586 838/704/574
f 840/706/576 852/718/588 851/717/587 839/705/575
f 841/707/577 853/719/589 852/718/588 840/706/576
f 842/708/578 854/720/590 853/719/589 841/707/577
f 844/709/579 856/721/591 855/722/592 843/710/580
f 845/711/581 857/723/593 856/721/591 844/709/579
f 846/712/582 858/724/594 857/723/593 845/711/581
f 847/713/583 859/725/595 858/724/594 846/712/582
f 848/714/584 860/726/596 859/725/595 847/713/583
f 849/715/585 861/727/597 860/726/596 848/714/584
f 850/716/586 862/728/598 861/727/597 849/715/585
f 851/717/587 863/729/599 862/728/598 850/716/586
f 852/718/588 864/730/600 863/729/599 851/717/587
f 853/719/589 865/731/601 864/730/600 852/718/588
f 854/720/590 866/732/602 865/731/601 853/719/589
f 856/721/591 868/733/603 867/734/604 855/722/592
f 857/723/593 869/735/605 868/733/603 856/721/591
f 858/724/594 870/736/606 869/735/605 857/723/593
f 859/725/595 871/737/607 870/736/606 858/724/594
f 860/726/596 872/738/608 871/737/607 859/725/595
f 861/727/597 873/739/609 872/738/608 860/726/596
f 862/728/598 874/740/610 873/739/609 861/727/597
f 863/729/599 875/741/611 874/740/610 862/728/598
f 864/730/600 876/742/612 875/741/611 863/729/599
f 865/731/601 877/743/613 876/742/612 864/730/600
f 866/732/602 878/744/614 877/743/613 865/731/601
f 868/733/603 880/745/615 879/746/616 867/734/604
f 869/735/605 881/747/617 880/745/615 868/733/603
f 870/736/606 882/748/618 881/747/617 869/735/605
f 871/737/607 883/749/619 882/748/618 870/736/606
f 872/738/608 884/750/620 883/749/619 871/737/607
f 873/739/609 885/751/621 884/750/620 872/738/608
f 874/740/610 886/752/622 885/751/621 873/739/609
f 875/741/611 887/753/623 886/752/622 874/740/610
f 876/742/612 888/754/624 887/753/623 875/741/611
f 877/743/613 889/755/625 888/754/624 876/742/612
f 878/744/614 890/756/626 889/755/625 877/743/613
f 880/745/615 892/757/627 891/758/628 879/746/616
f 881/747/617 893/759/629 892/757/627 880/745/615
f 882/748/618 894/760/630 893/759/629 881/747/617
f 883/749/619 895/761/631 894/760/630 882/748/618
f 884/750/620 896/762/632 895/761/631 883/749/619
f 885/751/621 897/763/633 896/762/632 884/750/620
f 886/752/622 898/764/634 897/763/633 885/751/621
f 887/753/623 899/765/635 898/764/634 886/752/622
f 888/754/624 900/766/636 899/765/635 887/753/623
f 889/755/625 901/767/637 900/766/636 888/754/624
f 890/756/626 902/768/638 901/767/637 889/755/625
f 892/757/627 904/769/639 903/770/640 891/758/628
f 893/759/629 905/771/641 904/769/639 892/757/627
f 894/760/630 906/772/642 905/771/641 893/759/629
f 895/761/631 907/773/643 906/772/642 894/760/630
f 896/762/632 908/774/644 907/773/643 895/761/631
f 897/763/633 909/775/645 908/774/644 896/762/632
f 898/764/634 910/776/646 909/775/645 897/763/633
f 899/765/635 911/777/647 910/776/646 898/764/634
f 900/766/636 912/778/648 911/777/647 899/765/635
f 901/767/637 913/779/649 912/778/648 900/766/636
f 902/768/638 914/780/650 913/779/649 901/767/637
f 904/769/639 916/781/651 915/782/652 903/770/640
f 905/771/641 917/783/653 916/781/651 904/769/639
f 906/772/642 918/784/654 917/783/653 905/771/641
f 907/773/643 919/785/655 918/784/654 906/772/642
f 908/774/644 920/786/656 919/785/655 907/773/643
f 909/775/645 921/787/657 920/786/656 908/774/644
f 910/776/646 922/788/658 921/787/657 909/775/645
f 911/777/647 923/789/659 922/788/658 910/776/646
f 912/778/648 924/790/660 923/789/659 911/777/647
f 913/779/649 925/791/661 924/790/660 912/778/648
f 914/780/650 926/792/662 925/791/661 913/779/649
f 916/781/651 928/793/663 927/794/664 915/782/652
f 917/783/653 929/795/665 928/793/663 916/781/651
f 918/784/654 930/796/666 929/795/665 917/783/653
f 919/785/655 931/797/667 930/796/666 918/784/654
f 920/786/656 932/798/668 931/797/667 919/785/655
f 921/787/657 933/799/669 932/798/668 920/786/656
f 922/788/658 934/800/670 933/799/669 921/787/657
f 923/789/659 935/801/671 934/800/670 922/788/658
f 924/790/660 936/802/672 935/801/671 923/789/659
f 925/791/661 937/803/673 936/802/672 924/790/660
f 926/792/662 938/804/674 937/803/673 925/791/661
f 928/793/663 940/805/675 939/806/676 927/794/664
f 929/795/665 941/807/677 940/805/675 928/793/663
f 930/796/666 942/808/678 941/807/677 929/795/665
f 931/797/667 943/809/679 942/808/678 930/796/666
f 932/798/668 944/810/680 943/809/679 931/797/667
f 933/799/669 945/811/681 944/810/680 932/798/668
f 934/800/670 946/812/682 945/811/681 933/799/669
f 935/801/671 947/813/683 946/812/682 934/800/670
f 936/802/672 948/814/684 947/813/683 935/801/671
f 937/803/673 949/815/685 948/814/684 936/802/672
f 938/804/674 950/816/686 949/815/685 937/803/673
f 940/805/675 952/817/687 951/818/688 939/806/676
f 941/807/677 953/819/689 952/817/687 940/805/675
f 942/808/678 954/820/690 953/819/689 941/807/677
f 943/809/679 955/821/691 954/820/690 942/808/678
f 944/810/680 956/822/692 955/821/691 943/809/679
f 945/811/681 957/823/693 956/822/692 944/810/680
f 946/812/682 958/824/694 957/823/693 945/811/681
f 947/813/683 959/825/695 958/824/694 946/812/682
f 948/814/684 960/826/696 959/825/695 947/813/683
f 949/815/685 961/827/697 960/826/696 948/814/684
f 950/816/686 962/828/698 961/827/697 949/815/685
f 952/817/687 964/829/699 963/830/700 951/818/688
f 953/819/689 965/831/701 964/829/699 952/817/687
f 954/820/690 966/832/702 965/831/701 953/819/689
f 955/821/691 967/833/703 966/832/702 954/820/690
f 956/822/692 968/834/704 967/833/703 955/821/691
f 957/823/693 969/835/705 968/834/704 956/822/692
f 958/824/694 970/836/706 969/835/705 957/823/693
f 959/825/695 971/837/707 970/836/706 958/824/694
f 960/826/696 972/838/708 971/837/707 959/825/695
f 961/827/697 973/839/709 972/838/708 960/826/696
f 962/828/698 974/840/710 973/839/709 961/827/697
f 964/829/699 976/841/711 975/842/712 963/830/700
f 965/831/701 977/843/713 976/841/711 964/829/699
f 966/832/702 978/844/714 977/843/713 965/831/701
f 967/833/703 979/845/715 978/844/714 966/832/702
f 968/834/704 980/846/716 979/845/715 967/833/703
f 969/835/705 981/847/717 980/846/716 968/834/704
f 970/836/706 982/848/718 981/847/717 969/835/705
f 971/837/707 983/849/719 982/848/718 970/836/706
f 972/838/708 984/850/720 983/849/719 971/837/707
f 973/839/709 985/851/721 984/850/720 972/838/708
f 974/840/710 986/852/722 985/851/721 973/839/709
f 976/841/711 988/853/723 987/854/724 975/842/712
f 977/843/713 989/855/725 988/853/723 976/841/711
f 978/844/714 990/856/726 989/855/725 977/843/713
f 979/845/715 991/857/727 990/856/726 978/844/714
f 980/846/716 992/858/728 991/857/727 979/845/715
f 981/847/717 993/859/729 992/858/728 980/846/716
f 982/848/718 994/860/730 993/859/729 981/847/717
f 983/849/719 995/861/731 994/860/730 982/848/718
f 984/850/720 996/862/732 995/861/731 983/849/719
f 985/851/721 997/863/733 996/862/732 984/850/720
f 986/852/722 998/864/734 997/863/733 985/851/721
f 988/853/723 1000/865/735 999/866/736 987/854/724
f 989/855/725 1001/867/737 1000/865/735 988/853/723
f 990/856/726 1002/868/738 1001/867/737 989/855/725
f 991/857/727 1003/869/739 1002/868/738 990/856/726
f 992/858/728 1004/870/740 1003/869/739 991/857/727
f 993/859/729 1005/871/741 1004/870/740 992/858/728
f 994/860/730 1006/872/742 1005/871/741 993/859/729
f 995/861/731 1007/873/743 1006/872/742 994/860/730
f 996/862/732 1008/874/744 1007/873/743 995/861/731
f 997/863/733 1009/875/745 1008/874/744 996/862/732
f 998/864/734 1010/876/746 1009/875/745 997/863/733
f 1000/865/735 1012/877/747 1011/878/748 999/866/736
f 1001/867/737 1013/879/749 1012/877/747 1000/865/735
f 1002/868/738 1014/880/750 1013/879/749 1001/867/737
f 1003/869/739 1015/881/751 1014/880/750 1002/868/738
f 1004/870/740 1016/882/752 1015/881/751 1003/869/739
f 1005/871/741 1017/883/753 1016/882/752 1004/870/740
f 1006/872/742 1018/884/754 1017/883/753 1005/871/741
f 1007/873/743 1019/885/755 1018/884/754 1006/872/742
f 1008/874/744 1020/886/756 1019/885/755 1007/873/743
f 1009/875/745 1021/887/757 1020/886/756 1008/874/744
f 1010/876/746 1022/888/758 1021/887/757 1009/875/745
f 1012/877/747 1024/889/759 1023/890/760 1011/878/748
f 1013/879/749 1025/891/761 1024/889/759 1012/877/747
f 1014/880/750 1026/892/762 1025/891/761 1013/879/749
f 1015/881/751 1027/893/763 1026/892/762 1014/880/750
f 1016/882/752 1028/894/764 1027/893/763 1015/881/751
f 1017/883/753 1029/895/765 1028/894/764 1016/882/752
f 1018/884/754 1030/896/766 1029/895/765 1017/883/753
f 1019/885/755 1031/897/767 1030/896/766 1018/884/754
f 1020/886/756 1032/898/768 1031/897/767 1019/885/755
f 1021/887/757 1033/899/769 1032/898/768 1020/886/756
f 1022/888/758 1034/900/770 1033/899/769 1021/887/757
f 1024/889/759 1036/901/771 1035/902/772 1023/890/760
f 1025/891/761 1037/903/773 1036/901/771 1024/889/759
f 1026/892/762 1038/904/774 1037/903/773 1025/891/761
f 1027/893/763 1039/905/775 1038/904/774 1026/892/762
f 1028/894/764 1040/906/776 1039/905/775 1027/893/763
f 1029/895/765 1041/907/777 1040/906/776 1028/894/764
f 1030/896/766 1042/908/778 1041/907/777 1029/895/765
f 1031/897/767 1043/909/779 1042/908/778 1030/896/766
f 1032/898/768 1044/910/780 1043/909/779 1031/897/767
f 1033/899/769 1045/911/781 1044/910/780 1032/898/768
f 1034/900/770 1046/912/782 1045/911/781 1033/899/769
f 1036/901/771 1048/913/783 1047/914/784 1035/902/772
f 1037/903/773 1049/915/785 1048/913/783 1036/901/771
f 1038/904/774 1050/916/786 1049/915/785 1037/903/773
f 1039/905/775 1051/917/787 1050/916/786 1038/904/774
f 1040/906/776 1052/918/788 1051/917/787 1039/905/775
f 1041/907/777 1053/919/789 1052/918/788 1040/906/776
f 1042/908/778 1054/920/790 1053/919/789 1041/907/777
f 1043/909/779 1055/921/791 1054/920/790 1042/908/778
f 1044/910/780 1056/922/792 1055/921/791 1043/909/779
f 1045/911/781 1057/923/793 1056/922/792 1044/910/780
f 1046/912/782 1058/924/794 1057/923/793 1045/911/781
f 1048/913/783 1060/925/795 1059/926/796 1047/914/784
f 1049/915/785 1061/927/797 1060/925/795 1048/913/783
f 1050/916/786 1062/928/798 1061/927/797 1049/915/785
f 1051/917/787 1063/929/799 1062/928/798 1050/916/786
f 1052/918/788 1064/930/800 1063/929/799 1051/917/787
f 1053/919/789 1065/931/801 1064/930/800 1052/918/788
f 1054/920/790 1066/932/802 1065/931/801 1053/919/789
f 1055/921/791 1067/933/803 1066/932/802 1054/920/790
f 1056/922/792 1068/934/804 1067/933/803 1055/921/791
f 1057/923/793 1069/935/805 1068/934/804 1056/922/792
f 1058/924/794 1070/936/806 1069/935/805 1057/923/793
f 1060/925/795 1072/937/807 1071/938/808 1059/926/796
f 1061/927/797 1073/939/809 1072/937/807 1060/925/795
f 1062/928/798 1074/940/810 1073/939/809 1061/927/797
f 1063/929/799 1075/941/811 1074/940/810 1062/928/798
f 1064/930/800 1076/942/812 1075/941/811 1063/929/799
f 1065/931/801 1077/943/813 1076/942/812 1064/930/800
f 1066/932/802 1078/944/814 1077/943/813 1065/931/801
f 1067/933/803 1079/945/815 1078/944/814 1066/932/802
f 1068/934/804 1080/946/816 1079/945/815 1067/933/803
f 1069/935/805 1081/947/817 1080/946/816 1068/934/804
f 1070/936/806 1082/948/818 1081/947/817 1069/935/805
f 1072/937/807 1084/949/819 1083/950/820 1071/938/808
f 1073/939/809 1085/951/821 1084/949/819 1072/937/807
f 1074/940/810 1086/952/822 1085/951/821 1073/939/809
f 1075/941/811 1087/953/823 1086/952/822 1074/940/810
f 1076/942/812 1088/954/824 1087/953/823 1075/941/811
f 1077/943/813 1089/955/825 1088/954/824 1076/942/812
f 1078/944/814 1090/956/826 1089/955/825 1077/943/813
f 1079/945/815 1091/957/827 1090/956/826 1078/944/814
f 1080/946/816 1092/958/828 1091/957/827 1079/945/815
f 1081/947/817 1093/959/829 1092/958/828 1080/946/816
f 1082/948/818 1094/960/830 1093/959/829 1081/947/817
f 1084/949/819 1096/961/831 1095/962/832 1083/950/820
f 1085/951/821 1097/963/833 1096/961/831 1084/949/819
f 1086/952/822 1098/964/834 1097/963/833 1085/951/821
f 1087/953/823 1099/965/835 1098/964/834 1086/952/822
f 1088/954/824 1100/966/836 1099/965/835 1087/953/823
f 1089/955/825 1101/967/837 1100/966/836 1088/954/824
f 1090/956/826 1102/968/838 1101/967/837 1089/955/825
f 1091/957/827 1103/969/839 1102/968/838 1090/956/826
f 1092/958/828 1104/970/840 1103/969/839 1091/957/827
f 1093/959/829 1105/971/841 1104/970/840 1092/958/828
f 1094/960/830 1106/972/842 1105/971/841 1093/959/829
f 1096/961/831 1108/973/843 1107/974/844 1095/962/832
f 1097/963/833 1109/975/845 1108/973/843 1096/961/831
f 1098/964/834 1110/976/846 1109/975/845 1097/963/833
f 1099/965/835 1111/977/847 1110/976/846 1098/964/834
f 1100/966/836 1112/978/848 1111/977/847 1099/965/835
f 1101/967/837 1113/979/849 1112/978/848 1100/966/836
f 1102/968/838 1114/980/850 1113/979/849 1101/967/837
f 1103/969/839 1115/981/851 1114/980/850 1102/968/838
f 1104/970/840 1116/982/852 1115/981/851 1103/969/839
f 1105/971/841 1117/983/853 1116/982/852 1104/970/840
f 1106/972/842 1118/984/854 1117/983/853 1105/971/841
f 1108/973/843 1120/985/855 1119/986/856 1107/974/844
f 1109/975/845 1121/987/857 1120/985/855 1108/973/843
f 1110/976/846 1122/988/858 1121/987/857 1109/975/845
f 1111/977/847 1123/989/859 1122/988/858 1110/976/846
f 1112/978/848 1124/990/860 1123/989/859 1111/977/847
f 1113/979/849 1125/991/861 1124/990/860 1112/978/848
f 1114/980/850 1126/992/862 1125/991/861 1113/979/849
f 1115/981/851 1127/993/863 1126/992/862 1114/980/850
f 1116/982/852 1128/994/864 1127/993/863 1115/981/851
f 1117/983/853 1129/995/865 1128/994/864 1116/982/852
f 1118/984/854 1130/996/866 1129/995/865 1117/983/853
f 1120/985/855 1132/997/867 1131/998/868 1119/986/856
f 1121/987/857 1133/999/869 1132/997/867 1120/985/855
f 1122/988/858 1134/1000/870 1133/999/869 1121/987/857
f 1123/989/859 1135/1001/871 1134/1000/870 1122/988/858
f 1124/990/860 1136/1002/872 1135/1001/871 1123/989/859
f 1125/991/861 1137/1003/873 1136/1002/872 1124/990/860
f 1126/992/862 1138/1004/874 1137/1003/873 1125/991/861
f 1127/993/863 1139/1005/875 1138/1004/874 1126/992/862
f 1128/994/864 1140/1006/876 1139/1005/875 1127/993/863
f 1129/995/865 1141/1007/877 1140/1006/876 1128/994/864
f 1130/996/866 1142/1008/878 1141/1007/877 1129/995/865
f 1132/997/867 268/1009/3 267/91/6 1131/998/868
f 1133/999/869 269/1010/7 268/1009/3 1132/997/867
f 1134/1000/870 270/1011/9 269/1010/7 1133/999/869
f 1135/1001/871 271/1012/11 270/1011/9 1134/1000/870
f 1136/1002/872 272/1013/13 271/1012/11 1135/1001/871
f 1137/1003/873 273/1014/15 272/1013/13 1136/1002/872
f 1138/1004/874 274/1015/17 273/1014/15 1137/1003/873
f 1139/1005/875 275/1016/19 274/1015/17 1138/1004/874
f 1140/1006/876 276/1017/21 275/1016/19 1139/1005/875
f 1141/1007/877 277/1018/23 276/1017/21 1140/1006/876
f 1142/1008/878 278/1019/25 277/1018/23 1141/1007/877
f 1144/134/879 1156/1020/880 1155/1021/881 1143/129/882
f 1145/137/883 1157/1022/884 1156/1020/880 1144/134/879
f 1146/139/885 1158/1023/886 1157/1022/884 1145/137/883
f 1147/141/887 1159/1024/888 1158/1023/886 1146/139/885
f 1148/143/889 1160/1025/890 1159/1024/888 1147/141/887
f 1149/145/891 1161/1026/892 1160/1025/890 1148/143/889
f 1150/147/893 1162/1027/894 1161/1026/892 1149/145/891
f 1151/149/895 1163/1028/896 1162/1027/894 1150/147/893
f 1152/151/897 1164/1029/898 1163/1028/896 1151/149/895
f 1153/153/899 1165/1030/900 1164/1029/898 1152/151/897
f 1154/155/901 1166/1031/902 1165/1030/900 1153/153/899
f 1156/1020/880 1168/1032/903 1167/1033/904 1155/1021/881
f 1157/1022/884 1169/1034/905 1168/1032/903 1156/1020/880
f 1158/1023/886 1170/1035/906 1169/1034/905 1157/1022/884
f 1159/1024/888 1171/1036/907 1170/1035/906 1158/1023/886
f 1160/1025/890 1172/1037/908 1171/1036/907 1159/1024/888
f 1161/1026/892 1173/1038/909 1172/1037/908 1160/1025/890
f 1162/1027/894 1174/1039/910 1173/1038/909 1161/1026/892
f 1163/1028/896 1175/1040/911 1174/1039/910 1162/1027/894
f 1164/1029/898 1176/1041/912 1175/1040/911 1163/1028/896
f 1165/1030/900 1177/1042/913 1176/1041/912 1164/1029/898
f 1166/1031/902 1178/1043/914 1177/1042/913 1165/1030/900
f 1168/1032/903 1180/1044/915 1179/1045/916 1167/1033/904
f 1169/1034/905 1181/1046/917 1180/1044/915 1168/1032/903
f 1170/1035/906 1182/1047/918 1181/1046/917 1169/1034/905
f 1171/1036/907 1183/1048/919 1182/1047/918 1170/1035/906
f 1172/1037/908 1184/1049/920 1183/1048/919 1171/1036/907
f 1173/1038/909 1185/1050/921 1184/1049/920 1172/1037/908
f 1174/1039/910 1186/1051/922 1185/1050/921 1173/1038/909
f 1175/1040/911 1187/1052/923 1186/1051/922 1174/1039/910
f 1176/1041/912 1188/1053/924 1187/1052/923 1175/1040/911
f 1177/1042/913 1189/1054/925 1188/1053/924 1176/1041/912
f 1178/1043/914 1190/1055/926 1189/1054/925 1177/1042/913
f 1180/1044/915 1192/1056/927 1191/1057/928 1179/1045/916
f 1181/1046/917 1193/1058/929 1192/1056/927 1180/1044/915
f 1182/1047/918 1194/1059/930 1193/1058/929 1181/1046/917
f 1183/1048/919 1195/1060/931 1194/1059/930 1182/1047/918
f 1184/1049/920 1196/1061/932 1195/1060/931 1183/1048/919
f 1185/1050/921 1197/1062/933 1196/1061/932 1184/1049/920
f 1186/1051/922 1198/1063/934 1197/1062/933 1185/1050/921
f 1187/1052/923 1199/1064/935 1198/1063/934 1186/1051/922
f 1188/1053/924 1200/1065/936 1199/1064/935 1187/1052/923
f 1189/1054/925 1201/1066/937 1200/1065/936 1188/1053/924
f 1190/1055/926 1202/1067/938 1201/1066/937 1189/1054/925
f 1192/1056/927 1204/1068/939 1203/97/940 1191/1057/928
f 1193/1058/929 1205/1069/941 1204/1068/939 1192/1056/927
f 1194/1059/930 1206/1070/942 1205/1069/941 1193/1058/929
f 1195/1060/931 1207/1071/943 1206/1070/942 1194/1059/930
f 1196/1061/932 1208/1072/944 1207/1071/943 1195/1060/931
f 1197/1062/933 1209/1073/945 1208/1072/944 1196/1061/932
f 1198/1063/934 1210/1074/946 1209/1073/945 1197/1062/933
f 1199/1064/935 1211/1075/947 1210/1074/946 1198/1063/934
f 1200/1065/936 1212/1076/948 1211/1075/947 1199/1064/935
f 1201/1066/937 1213/1077/949 1212/1076/948 1200/1065/936
f 1202/1067/938 1214/1078/950 1213/1077/949 1201/1066/937
f 1204/1068/939 1216/1079/951 1215/1080/952 1203/97/940
f 1205/1069/941 1217/1081/953 1216/1079/951 1204/1068/939
f 1206/1070/942 1218/1082/954 1217/1081/953 1205/1069/941
f 1207/1071/943 1219/1083/955 1218/1082/954 1206/1070/942
f 1208/1072/944 1220/1084/956 1219/1083/955 1207/1071/943
f 1209/1073/945 1221/1085/957 1220/1084/956 1208/1072/944
f 1210/1074/946 1222/1086/958 1221/1085/957 1209/1073/945
f 1211/1075/947 1223/1087/959 1222/1086/958 1210/1074/946
f 1212/1076/948 1224/1088/960 1223/1087/959 1211/1075/947
f 1213/1077/949 1225/1089/961 1224/1088/960 1212/1076/948
f 1214/1078/950 1226/1090/962 1225/1089/961 1213/1077/949
f 1216/1079/951 1228/1091/963 1227/1092/964 1215/1080/952
f 1217/1081/953 1229/1093/965 1228/1091/963 1216/1079/951
f 1218/1082/954 1230/1094/966 1229/1093/965 1217/1081/953
f 1219/1083/955 1231/1095/967 1230/1094/966 1218/1082/954
f 1220/1084/956 1232/1096/968 1231/1095/967 1219/1083/955
f 1221/1085/957 1233/1097/969 1232/1096/968 1220/1084/956
f 1222/1086/958 1234/1098/970 1233/1097/969 1221/1085/957
f 1223/1087/959 1235/1099/971 1234/1098/970 1222/1086/958
f 1224/1088/960 1236/1100/972 1235/1099/971 1223/1087/959
f 1225/1089/961 1237/1101/973 1236/1100/972 1224/1088/960
f 1226/1090/962 1238/1102/974 1237/1101/973 1225/1089/961
f 1228/1091/963 1240/1103/975 1239/1104/976 1227/1092/964
f 1229/1093/965 1241/1105/977 1240/1103/975 1228/1091/963
f 1230/1094/966 1242/1106/978 1241/1105/977 1229/1093/965
f 1231/1095/967 1243/1107/979 1242/1106/978 1230/1094/966
f 1232/1096/968 1244/1108/980 1243/1107/979 1231/1095/967
f 1233/1097/969 1245/1109/981 1244/1108/980 1232/1096/968
f 1234/1098/970 1246/1110/982 1245/1109/981 1233/1097/969
f 1235/1099/971 1247/1111/983 1246/1110/982 1234/1098/970
f 1236/1100/972 1248/1112/984 1247/1111/983 1235/1099/971
f 1237/1101/973 1249/1113/985 1248/1112/984 1236/1100/972
f 1238/1102/974 1250/1114/986 1249/1113/985 1237/1101/973
f 1240/1103/975 1252/1115/987 1251/1116/988 1239/1104/976
f 1241/1105/977 1253/1117/989 1252/1115/987 1240/1103/975
f 1242/1106/978 1254/1118/990 1253/1117/989 1241/1105/977
f 1243/1107/979 1255/1119/991 1254/1118/990 1242/1106/978
f 1244/1108/980 1256/1120/992 1255/1119/991 1243/1107/979
f 1245/1109/981 1257/1121/993 1256/1120/992 1244/1108/980
f 1246/1110/982 1258/1122/994 1257/1121/993 1245/1109/981
f 1247/1111/983 1259/1123/995 1258/1122/994 1246/1110/982
f 1248/1112/984 1260/1124/996 1259/1123/995 1247/1111/983
f 1249/1113/985 1261/1125/997 1260/1124/996 1248/1112/984
f 1250/1114/986 1262/1126/998 1261/1125/997 1249/1113/985
f 1252/1115/987 1264/1127/999 1263/115/1000 1251/1116/988
f 1253/1117/989 1265/1128/1001 1264/1127/999 1252/1115/987
f 1254/1118/990 1266/1129/1002 1265/1128/1001 1253/1117/989
f 1255/1119/991 1267/1130/1003 1266/1129/1002 1254/1118/990
f 1256/1120/992 1268/1131/1004 1267/1130/1003 1255/1119/991
f 1257/1121/993 1269/1132/1005 1268/1131/1004 1256/1120/992
f 1258/1122/994 1270/1133/1006 1269/1132/1005 1257/1121/993
f 1259/1123/995 1271/1134/1007 1270/1133/1006 1258/1122/994
f 1260/1124/996 1272/1135/1008 1271/1134/1007 1259/1123/995
f 1261/1125/997 1273/1136/1009 1272/1135/1008 1260/1124/996
f 1262/1126/998 1274/1137/1010 1273/1136/1009 1261/1125/997
f 1264/1127/999 1276/1138/1011 1275/1139/1012 1263/115/1000
f 1265/1128/1001 1277/1140/1013 1276/1138/1011 1264/1127/999
f 1266/1129/1002 1278/1141/1014 1277/1140/1013 1265/1128/1001
f 1267/1130/1003 1279/1142/1015 1278/1141/1014 1266/1129/1002
f 1268/1131/1004 1280/1143/1016 1279/1142/1015 1267/1130/1003
f 1269/1132/1005 1281/1144/1017 1280/1143/1016 1268/1131/1004
f 1270/1133/1006 1282/1145/1018 1281/1144/1017 1269/1132/1005
f 1271/1134/1007 1283/1146/1019 1282/1145/1018 1270/1133/1006
f 1272/1135/1008 1284/1147/1020 1283/1146/1019 1271/1134/1007
f 1273/1136/1009 1285/1148/1021 1284/1147/1020 1272/1135/1008
f 1274/1137/1010 1286/1149/1022 1285/1148/1021 1273/1136/1009
f 1276/1138/1011 1288/1150/1023 1287/1151/1024 1275/1139/1012
f 1277/1140/1013 1289/1152/1025 1288/1150/1023 1276/1138/1011
f 1278/1141/1014 1290/1153/1026 1289/1152/1025 1277/1140/1013
f 1279/1142/1015 1291/1154/1027 1290/1153/1026 1278/1141/1014
f 1280/1143/1016 1292/1155/1028 1291/1154/1027 1279/1142/1015
f 1281/1144/1017 1293/1156/1029 1292/1155/1028 1280/1143/1016
f 1282/1145/1018 1294/1157/1030 1293/1156/1029 1281/1144/1017
f 1283/1146/1019 1295/1158/1031 1294/1157/1030 1282/1145/1018
f 1284/1147/1020 1296/1159/1032 1295/1158/1031 1283/1146/1019
f 1285/1148/1021 1297/1160/1033 1296/1159/1032 1284/1147/1020
f 1286/1149/1022 1298/1161/1034 1297/1160/1033 1285/1148/1021
f 1288/1150/1023 1300/1162/1035 1299/1163/1036 1287/1151/1024
f 1289/1152/1025 1301/1164/1037 1300/1162/1035 1288/1150/1023
f 1290/1153/1026 1302/1165/1038 1301/1164/1037 1289/1152/1025
f 1291/1154/1027 1303/1166/1039 1302/1165/1038 1290/1153/1026
f 1292/1155/1028 1304/1167/1040 1303/1166/1039 1291/1154/1027
f 1293/1156/1029 1305/1168/1041 1304/1167/1040 1292/1155/1028
f 1294/1157/1030 1306/1169/1042 1305/1168/1041 1293/1156/1029
f 1295/1158/1031 1307/1170/1043 1306/1169/1042 1294/1157/1030
f 1296/1159/1032 1308/1171/1044 1307/1170/1043 1295/1158/1031
f 1297/1160/1033 1309/1172/1045 1308/1171/1044 1296/1159/1032
f 1298/1161/1034 1310/1173/1046 1309/1172/1045 1297/1160/1033
f 1300/1162/1035 1312/1174/1047 1311/1175/1048 1299/1163/1036
f 1301/1164/1037 1313/1176/1049 1312/1174/1047 1300/1162/1035
f 1302/1165/1038 1314/1177/1050 1313/1176/1049 1301/1164/1037
f 1303/1166/1039 1315/1178/1051 1314/1177/1050 1302/1165/1038
f 1304/1167/1040 1316/1179/1052 1315/1178/1051 1303/1166/1039
f 1305/1168/1041 1317/1180/1053 1316/1179/1052 1304/1167/1040
f 1306/1169/1042 1318/1181/1054 1317/1180/1053 1305/1168/1041
f 1307/1170/1043 1319/1182/1055 1318/1181/1054 1306/1169/1042
f 1308/1171/1044 1320/1183/1056 1319/1182/1055 1307/1170/1043
f 1309/1172/1045 1321/1184/1057 1320/1183/1056 1308/1171/1044
f 1310/1173/1046 1322/1185/1058 1321/1184/1057 1309/1172/1045
f 1312/1174/1047 1324/1186/1059 1323/58/1060 1311/1175/1048
f 1313/1176/1049 1325/1187/1061 1324/1186/1059 1312/1174/1047
f 1314/1177/1050 1326/1188/1062 1325/1187/1061 1313/1176/1049
f 1315/1178/1051 1327/1189/1063 1326/1188/1062 1314/1177/1050
f 1316/1179/1052 1328/1190/1064 1327/1189/1063 1315/1178/1051
f 1317/1180/1053 1329/1191/1065 1328/1190/1064 1316/1179/1052
f 1318/1181/1054 1330/1192/1066 1329/1191/1065 1317/1180/1053
f 1319/1182/1055 1331/1193/1067 1330/1192/1066 1318/1181/1054
f 1320/1183/1056 1332/1194/1068 1331/1193/1067 1319/1182/1055
f 1321/1184/1057 1333/1195/1069 1332/1194/1068 1320/1183/1056
f 1322/1185/1058 1334/1196/1070 1333/1195/1069 1321/1184/1057
f 1324/1186/1059 1336/1197/1071 1335/1198/1072 1323/58/1060
f 1325/1187/1061 1337/1199/1073 1336/1197/1071 1324/1186/1059
f 1326/1188/1062 1338/1200/1074 1337/1199/1073 1325/1187/1061
f 1327/1189/1063 1339/1201/1075 1338/1200/1074 1326/1188/1062
f 1328/1190/1064 1340/1202/1076 1339/1201/1075 1327/1189/1063
f 1329/1191/1065 1341/1203/1077 1340/1202/1076 1328/1190/1064
f 1330/1192/1066 1342/1204/1078 1341/1203/1077 1329/1191/1065
f 1331/1193/1067 1343/1205/1079 1342/1204/1078 1330/1192/1066
f 1332/1194/1068 1344/1206/1080 1343/1205/1079 1331/1193/1067
f 1333/1195/1069 1345/1207/1081 1344/1206/1080 1332/1194/1068
f 1334/1196/1070 1346/1208/1082 1345/1207/1081 1333/1195/1069
f 1336/1197/1071 1348/1209/1083 1347/1210/1084 1335/1198/1072
f 1337/1199/1073 1349/1211/1085 1348/1209/1083 1336/1197/1071
f 1338/1200/1074 1350/1212/1086 1349/1211/1085 1337/1199/1073
f 1339/1201/1075 1351/1213/1087 1350/1212/1086 1338/1200/1074
f 1340/1202/1076 1352/1214/1088 1351/1213/1087 1339/1201/1075
f 1341/1203/1077 1353/1215/1089 1352/1214/1088 1340/1202/1076
f 1342/1204/1078 1354/1216/1090 1353/1215/1089 1341/1203/1077
f 1343/1205/1079 1355/1217/1091 1354/1216/1090 1342/1204/1078
f 1344/1206/1080 1356/1218/1092 1355/1217/1091 1343/1205/1079
f 1345/1207/1081 1357/1219/1093 1356/1218/1092 1344/1206/1080
f 1346/1208/1082 1358/1220/1094 1357/1219/1093 1345/1207/1081
f 1348/1209/1083 1360/1221/1095 1359/1222/1096 1347/1210/1084
f 1349/1211/1085 1361/1223/1097 1360/1221/1095 1348/1209/1083
f 1350/1212/1086 1362/1224/1098 1361/1223/1097 1349/1211/1085
f 1351/1213/1087 1363/1225/1099 1362/1224/1098 1350/1212/1086
f 1352/1214/1088 1364/1226/1100 1363/1225/1099 1351/1213/1087
f 1353/1215/1089 1365/1227/1101 1364/1226/1100 1352/1214/1088
f 1354/1216/1090 1366/1228/1102 1365/1227/1101 1353/1215/1089
f 1355/1217/1091 1367/1229/1103 1366/1228/1102 1354/1216/1090
f 1356/1218/1092 1368/1230/1104 1367/1229/1103 1355/1217/1091
f 1357/1219/1093 1369/1231/1105 1368/1230/1104 1356/1218/1092
f 1358/1220/1094 1370/1232/1106 1369/1231/1105 1357/1219/1093
f 1360/1221/1095 1372/1233/1107 1371/1234/1108 1359/1222/1096
f 1361/1223/1097 1373/1235/1109 1372/1233/1107 1360/1221/1095
f 1362/1224/1098 1374/1236/1110 1373/1235/1109 1361/1223/1097
f 1363/1225/1099 1375/1237/1111 1374/1236/1110 1362/1224/1098
f 1364/1226/1100 1376/1238/1112 1375/1237/1111 1363/1225/1099
f 1365/1227/1101 1377/1239/1113 1376/1238/1112 1364/1226/1100
f 1366/1228/1102 1378/1240/1114 1377/1239/1113 1365/1227/1101
f 1367/1229/1103 1379/1241/1115 1378/1240/1114 1366/1228/1102
f 1368/1230/1104 1380/1242/1116 1379/1241/1115 1367/1229/1103
f 1369/1231/1105 1381/1243/1117 1380/1242/1116 1368/1230/1104
f 1370/1232/1106 1382/1244/1118 1381/1243/1117 1369/1231/1105
f 1372/1233/1107 1384/1245/1119 1383/6/1120 1371/1234/1108
f 1373/1235/1109 1385/1246/1121 1384/1245/1119 1372/1233/1107
f 1374/1236/1110 1386/1247/1122 1385/1246/1121 1373/1235/1109
f 1375/1237/1111 1387/1248/1123 1386/1247/1122 1374/1236/1110
f 1376/1238/1112 1388/1249/1124 1387/1248/1123 1375/1237/1111
f 1377/1239/1113 1389/1250/1125 1388/1249/1124 1376/1238/1112
f 1378/1240/1114 1390/1251/1126 1389/1250/1125 1377/1239/1113
f 1379/1241/1115 1391/1252/1127 1390/1251/1126 1378/1240/1114
f 1380/1242/1116 1392/1253/1128 1391/1252/1127 1379/1241/1115
f 1381/1243/1117 1393/1254/1129 1392/1253/1128 1380/1242/1116
f 1382/1244/1118 1394/1255/1130 1393/1254/1129 1381/1243/1117
f 1384/1245/1119 1396/1256/1131 1395/1257/1132 1383/6/1120
f 1385/1246/1121 1397/1258/1133 1396/1256/1131 1384/1245/1119
f 1386/1247/1122 1398/1259/1134 1397/1258/1133 1385/1246/1121
f 1387/1248/1123 1399/1260/1135 1398/1259/1134 1386/1247/1122
f 1388/1249/1124 1400/1261/1136 1399/1260/1135 1387/1248/1123
f 1389/1250/1125 1401/1262/1137 1400/1261/1136 1388/1249/1124
f 1390/1251/1126 1402/1263/1138 1401/1262/1137 1389/1250/1125
f 1391/1252/1127 1403/1264/1139 1402/1263/1138 1390/1251/1126
f 1392/1253/1128 1404/1265/1140 1403/1264/1139 1391/1252/1127
f 1393/1254/1129 1405/1266/1141 1404/1265/1140 1392/1253/1128
f 1394/1255/1130 1406/1267/1142 1405/1266/1141 1393/1254/1129
f 1396/1256/1131 1408/1268/1143 1407/1269/1144 1395/1257/1132
f 1397/1258/1133 1409/1270/1145 1408/1268/1143 1396/1256/1131
f 1398/1259/1134 1410/1271/1146 1409/1270/1145 1397/1258/1133
f 1399/1260/1135 1411/1272/1147 1410/1271/1146 1398/1259/1134
f 1400/1261/1136 1412/1273/1148 1411/1272/1147 1399/1260/1135
f 1401/1262/1137 1413/1274/1149 1412/1273/1148 1400/1261/1136
f 1402/1263/1138 1414/1275/1150 1413/1274/1149 1401/1262/1137
f 1403/1264/1139 1415/1276/1151 1414/1275/1150 1402/1263/1138
f 1404/1265/1140 1416/1277/1152 1415/1276/1151 1403/1264/1139
f 1405/1266/1141 1417/1278/1153 1416/1277/1152 1404/1265/1140
f 1406/1267/1142 1418/1279/1154 1417/1278/1153 1405/1266/1141
f 1408/1268/1143 1420/1280/1155 1419/1281/1156 1407/1269/1144
f 1409/1270/1145 1421/1282/1157 1420/1280/1155 1408/1268/1143
f 1410/1271/1146 1422/1283/1158 1421/1282/1157 1409/1270/1145
f 1411/1272/1147 1423/1284/1159 1422/1283/1158 1410/1271/1146
f 1412/1273/1148 1424/1285/1160 1423/1284/1159 1411/1272/1147
f 1413/1274/1149 1425/1286/1161 1424/1285/1160 1412/1273/1148
f 1414/1275/1150 1426/1287/1162 1425/1286/1161 1413/1274/1149
f 1415/1276/1151 1427/1288/1163 1426/1287/1162 1414/1275/1150
f 1416/1277/1152 1428/1289/1164 1427/1288/1163 1415/1276/1151
f 1417/1278/1153 1429/1290/1165 1428/1289/1164 1416/1277/1152
f 1418/1279/1154 1430/1291/1166 1429/1290/1165 1417/1278/1153
f 1420/1280/1155 1432/1292/1167 1431/1293/1168 1419/1281/1156
f 1421/1282/1157 1433/1294/1169 1432/1292/1167 1420/1280/1155
f 1422/1283/1158 1434/1295/1170 1433/1294/1169 1421/1282/1157
f 1423/1284/1159 1435/1296/1171 1434/1295/1170 1422/1283/1158
f 1424/1285/1160 1436/1297/1172 1435/1296/1171 1423/1284/1159
f 1425/1286/1161 1437/1298/1173 1436/1297/1172 1424/1285/1160
f 1426/1287/1162 1438/1299/1174 1437/1298/1173 1425/1286/1161
f 1427/1288/1163 1439/1300/1175 1438/1299/1174 1426/1287/1162
f 1428/1289/1164 1440/1301/1176 1439/1300/1175 1427/1288/1163
f 1429/1290/1165 1441/1302/1177 1440/1301/1176 1428/1289/1164
f 1430/1291/1166 1442/1303/1178 1441/1302/1177 1429/1290/1165
f 1432/1292/1167 1444/1304/1179 1443/22/1180 1431/1293/1168
f 1433/1294/1169 1445/1305/1181 1444/1304/1179 1432/1292/1167
f 1434/1295/1170 1446/1306/1182 1445/1305/1181 1433/1294/1169
f 1435/1296/1171 1447/1307/1183 1446/1306/1182 1434/1295/1170
f 1436/1297/1172 1448/1308/1184 1447/1307/1183 1435/1296/1171
f 1437/1298/1173 1449/1309/1185 1448/1308/1184 1436/1297/1172
f 1438/1299/1174 1450/1310/1186 1449/1309/1185 1437/1298/1173
f 1439/1300/1175 1451/1311/1187 1450/1310/1186 1438/1299/1174
f 1440/1301/1176 1452/1312/1188 1451/1311/1187 1439/1300/1175
f 1441/1302/1177 1453/1313/1189 1452/1312/1188 1440/1301/1176
f 1442/1303/1178 1454/1314/1190 1453/1313/1189 1441/1302/1177
f 1444/1304/1179 1456/1315/1191 1455/1316/1192 1443/22/1180
f 1445/1305/1181 1457/1317/1193 1456/1315/1191 1444/1304/1179
f 1446/1306/1182 1458/1318/1194 1457/1317/1193 1445/1305/1181
f 1447/1307/1183 1459/1319/1195 1458/1318/1194 1446/1306/1182
f 1448/1308/1184 1460/1320/1196 1459/1319/1195 1447/1307/1183
f 1449/1309/1185 1461/1321/1197 1460/1320/1196 1448/1308/1184
f 1450/1310/1186 1462/1322/1198 1461/1321/1197 1449/1309/1185
f 1451/1311/1187 1463/1323/1199 1462/1322/1198 1450/1310/1186
f 1452/1312/1188 1464/1324/1200 1463/1323/1199 1451/1311/1187
f 1453/1313/1189 1465/1325/1201 1464/1324/1200 1452/1312/1188
f 1454/1314/1190 1466/1326/1202 1465/1325/1201 1453/1313/1189
f 1456/1315/1191 1468/1327/1203 1467/1328/1204 1455/1316/1192
f 1457/1317/1193 1469/1329/1205 1468/1327/1203 1456/1315/1191
f 1458/1318/1194 1470/1330/1206 1469/1329/1205 1457/1317/1193
f 1459/1319/1195 1471/1331/1207 1470/1330/1206 1458/1318/1194
f 1460/1320/1196 1472/1332/1208 1471/1331/1207 1459/1319/1195
f 1461/1321/1197 1473/1333/1209 1472/1332/1208 1460/1320/1196
f 1462/1322/1198 1474/1334/1210 1473/1333/1209 1461/1321/1197
f 1463/1323/1199 1475/1335/1211 1474/1334/1210 1462/1322/1198
f 1464/1324/1200 1476/1336/1212 1475/1335/1211 1463/1323/1199
f 1465/1325/1201 1477/1337/1213 1476/1336/1212 1464/1324/1200
f 1466/1326/1202 1478/1338/1214 1477/1337/1213 1465/1325/1201
f 1468/1327/1203 1480/1339/1215 1479/1340/1216 1467/1328/1204
f 1469/1329/1205 1481/1341/1217 1480/1339/1215 1468/1327/1203
f 1470/1330/1206 1482/1342/1218 1481/1341/1217 1469/1329/1205
f 1471/1331/1207 1483/1343/1219 1482/1342/1218 1470/1330/1206
f 1472/1332/1208 1484/1344/1220 1483/1343/1219 1471/1331/1207
f 1473/1333/1209 1485/1345/1221 1484/1344/1220 1472/1332/1208
f 1474/1334/1210 1486/1346/1222 1485/1345/1221 1473/1333/1209
f 1475/1335/1211 1487/1347/1223 1486/1346/1222 1474/1334/1210
f 1476/1336/1212 1488/1348/1224 1487/1347/1223 1475/1335/1211
f 1477/1337/1213 1489/1349/1225 1488/1348/1224 1476/1336/1212
f 1478/1338/1214 1490/1350/1226 1489/1349/1225 1477/1337/1213
f 1480/1339/1215 1492/1351/1227 1491/1352/1228 1479/1340/1216
f 1481/1341/1217 1493/1353/1229 1492/1351/1227 1480/1339/1215
f 1482/1342/1218 1494/1354/1230 1493/1353/1229 1481/1341/1217
f 1483/1343/1219 1495/1355/1231 1494/1354/1230 1482/1342/1218
f 1484/1344/1220 1496/1356/1232 1495/1355/1231 1483/1343/1219
f 1485/1345/1221 1497/1357/1233 1496/1356/1232 1484/1344/1220
f 1486/1346/1222 1498/1358/1234 1497/1357/1233 1485/1345/1221
f 1487/1347/1223 1499/1359/1235 1498/1358/1234 1486/1346/1222
f 1488/1348/1224 1500/1360/1236 1499/1359/1235 1487/1347/1223
f 1489/1349/1225 1501/1361/1237 1500/1360/1236 1488/1348/1224
f 1490/1350/1226 1502/1362/1238 1501/1361/1237 1489/1349/1225
f 1492/1351/1227 1504/1363/1239 1503/122/1240 1491/1352/1228
f 1493/1353/1229 1505/1364/1241 1504/1363/1239 1492/1351/1227
f 1494/1354/1230 1506/1365/1242 1505/1364/1241 1493/1353/1229
f 1495/1355/1231 1507/1366/1243 1506/1365/1242 1494/1354/1230
f 1496/1356/1232 1508/1367/1244 1507/1366/1243 1495/1355/1231
f 1497/1357/1233 1509/1368/1245 1508/1367/1244 1496/1356/1232
f 1498/1358/1234 1510/1369/1246 1509/1368/1245 1497/1357/1233
f 1499/1359/1235 1511/1370/1247 1510/1369/1246 1498/1358/1234
f 1500/1360/1236 1512/1371/1248 1511/1370/1247 1499/1359/1235
f 1501/1361/1237 1513/1372/1249 1512/1371/1248 1500/1360/1236
f 1502/1362/1238 1514/1373/1250 1513/1372/1249 1501/1361/1237
f 1504/1363/1239 1516/1374/1251 1515/1375/1252 1503/122/1240
f 1505/1364/1241 1517/1376/1253 1516/1374/1251 1504/1363/1239
f 1506/1365/1242 1518/1377/1254 1517/1376/1253 1505/1364/1241
f 1507/1366/1243 1519/1378/1255 1518/1377/1254 1506/1365/1242
f 1508/1367/1244 1520/1379/1256 1519/1378/1255 1507/1366/1243
f 1509/1368/1245 1521/1380/1257 1520/1379/1256 1508/1367/1244
f 1510/1369/1246 1522/1381/1258 1521/1380/1257 1509/1368/1245
f 1511/1370/1247 1523/1382/1259 1522/1381/1258 1510/1369/1246
f 1512/1371/1248 1524/1383/1260 1523/1382/1259 1511/1370/1247
f 1513/1372/1249 1525/1384/1261 1524/1383/1260 1512/1371/1248
f 1514/1373/1250 1526/1385/1262 1525/1384/1261 1513/1372/1249
f 1516/1374/1251 1528/1386/1263 1527/1387/1264 1515/1375/1252
f 1517/1376/1253 1529/1388/1265 1528/1386/1263 1516/1374/1251
f 1518/1377/1254 1530/1389/1266 1529/1388/1265 1517/1376/1253
f 1519/1378/1255 1531/1390/1267 1530/1389/1266 1518/1377/1254
f 1520/1379/1256 1532/1391/1268 1531/1390/1267 1519/1378/1255
f 1521/1380/1257 1533/1392/1269 1532/1391/1268 1520/1379/1256
f 1522/1381/1258 1534/1393/1270 1533/1392/1269 1521/1380/1257
f 1523/1382/1259 1535/1394/1271 1534/1393/1270 1522/1381/1258
f 1524/1383/1260 1536/1395/1272 1535/1394/1271 1523/1382/1259
f 1525/1384/1261 1537/1396/1273 1536/1395/1272 1524/1383/1260
f 1526/1385/1262 1538/1397/1274 1537/1396/1273 1525/1384/1261
f 1528/1386/1263 1540/1398/1275 1539/1399/1276 1527/1387/1264
f 1529/1388/1265 1541/1400/1277 1540/1398/1275 1528/1386/1263
f 1530/1389/1266 1542/1401/1278 1541/1400/1277 1529/1388/1265
f 1531/1390/1267 1543/1402/1279 1542/1401/1278 1530/1389/1266
f 1532/1391/1268 1544/1403/1280 1543/1402/1279 1531/1390/1267
f 1533/1392/1269 1545/1404/1281 1544/1403/1280 1532/1391/1268
f 1534/1393/1270 1546/1405/1282 1545/1404/1281 1533/1392/1269
f 1535/1394/1271 1547/1406/1283 1546/1405/1282 1534/1393/1270
f 1536/1395/1272 1548/1407/1284 1547/1406/1283 1535/1394/1271
f 1537/1396/1273 1549/1408/1285 1548/1407/1284 1536/1395/1272
f 1538/1397/1274 1550/1409/1286 1549/1408/1285 1537/1396/1273
f 1540/1398/1275 1552/1410/1287 1551/1411/1288 1539/1399/1276
f 1541/1400/1277 1553/1412/1289 1552/1410/1287 1540/1398/1275
f 1542/1401/1278 1554/1413/1290 1553/1412/1289 1541/1400/1277
f 1543/1402/1279 1555/1414/1291 1554/1413/1290 1542/1401/1278
f 1544/1403/1280 1556/1415/1292 1555/1414/1291 1543/1402/1279
f 1545/1404/1281 1557/1416/1293 1556/1415/1292 1544/1403/1280
f 1546/1405/1282 1558/1417/1294 1557/1416/1293 1545/1404/1281
f 1547/1406/1283 1559/1418/1295 1558/1417/1294 1546/1405/1282
f 1548/1407/1284 1560/1419/1296 1559/1418/1295 1547/1406/1283
f 1549/1408/1285 1561/1420/1297 1560/1419/1296 1548/1407/1284
f 1550/1409/1286 1562/1421/1298 1561/1420/1297 1549/1408/1285
f 1552/1410/1287 1564/1422/1299 1563/84/1300 1551/1411/1288
f 1553/1412/1289 1565/1423/1301 1564/1422/1299 1552/1410/1287
f 1554/1413/1290 1566/1424/1302 1565/1423/1301 1553/1412/1289
f 1555/1414/1291 1567/1425/1303 1566/1424/1302 1554/1413/1290
f 1556/1415/1292 1568/1426/1304 1567/1425/1303 1555/1414/1291
f 1557/1416/1293 1569/1427/1305 1568/1426/1304 1556/1415/1292
f 1558/1417/1294 1570/1428/1306 1569/1427/1305 1557/1416/1293
f 1559/1418/1295 1571/1429/1307 1570/1428/1306 1558/1417/1294
f 1560/1419/1296 1572/1430/1308 1571/1429/1307 1559/1418/1295
f 1561/1420/1297 1573/1431/1309 1572/1430/1308 1560/1419/1296
f 1562/1421/1298 1574/1432/1310 1573/1431/1309 1561/1420/1297
f 1564/1422/1299 1576/1433/1311 1575/1434/1312 1563/84/1300
f 1565/1423/1301 1577/1435/1313 1576/1433/1311 1564/1422/1299
f 1566/1424/1302 1578/1436/1314 1577/1435/1313 1565/1423/1301
f 1567/1425/1303 1579/1437/1315 1578/1436/1314 1566/1424/1302
f 1568/1426/1304 1580/1438/1316 1579/1437/1315 1567/1425/1303
f 1569/1427/1305 1581/1439/1317 1580/1438/1316 1568/1426/1304
f 1570/1428/1306 1582/1440/1318 1581/1439/1317 1569/1427/1305
f 1571/1429/1307 1583/1441/1319 1582/1440/1318 1570/1428/1306
f 1572/1430/1308 1584/1442/1320 1583/1441/1319 1571/1429/1307
f 1573/1431/1309 1585/1443/1321 1584/1442/1320 1572/1430/1308
f 1574/1432/1310 1586/1444/1322 1585/1443/1321 1573/1431/1309
f 1576/1433/1311 1588/1445/1323 1587/1446/1324 1575/1434/1312
f 1577/1435/1313 1589/1447/1325 1588/1445/1323 1576/1433/1311
f 1578/1436/1314 1590/1448/1326 1589/1447/1325 1577/1435/1313
f 1579/1437/1315 1591/1449/1327 1590/1448/1326 1578/1436/1314
f 1580/1438/1316 1592/1450/1328 1591/1449/1327 1579/1437/1315
f 1581/1439/1317 1593/1451/1329 1592/1450/1328 1580/1438/1316
f 1582/1440/1318 1594/1452/1330 1593/1451/1329 1581/1439/1317
f 1583/1441/1319 1595/1453/1331 1594/1452/1330 1582/1440/1318
f 1584/1442/1320 1596/1454/1332 1595/1453/1331 1583/1441/1319
f 1585/1443/1321 1597/1455/1333 1596/1454/1332 1584/1442/1320
f 1586/1444/1322 1598/1456/1334 1597/1455/1333 1585/1443/1321
f 1588/1445/1323 1600/1457/1335 1599/1458/1336 1587/1446/1324
f 1589/1447/1325 1601/1459/1337 1600/1457/1335 1588/1445/1323
f 1590/1448/1326 1602/1460/1338 1601/1459/1337 1589/1447/1325
f 1591/1449/1327 1603/1461/1339 1602/1460/1338 1590/1448/1326
f 1592/1450/1328 1604/1462/1340 1603/1461/1339 1591/1449/1327
f 1593/1451/1329 1605/1463/1341 1604/1462/1340 1592/1450/1328
f 1594/1452/1330 1606/1464/1342 1605/1463/1341 1593/1451/1329
f 1595/1453/1331 1607/1465/1343 1606/1464/1342 1594/1452/1330
f 1596/1454/1332 1608/1466/1344 1607/1465/1343 1595/1453/1331
f 1597/1455/1333 1609/1467/1345 1608/1466/1344 1596/1454/1332
f 1598/1456/1334 1610/1468/1346 1609/1467/1345 1597/1455/1333
f 1600/1457/1335 1612/1469/1347 1611/1470/1348 1599/1458/1336
f 1601/1459/1337 1613/1471/1349 1612/1469/1347 1600/1457/1335
f 1602/1460/1338 1614/1472/1350 1613/1471/1349 1601/1459/1337
f 1603/1461/1339 1615/1473/1351 1614/1472/1350 1602/1460/1338
f 1604/1462/1340 1616/1474/1352 1615/1473/1351 1603/1461/1339
f 1605/1463/1341 1617/1475/1353 1616/1474/1352 1604/1462/1340
f 1606/1464/1342 1618/1476/1354 1617/1475/1353 1605/1463/1341
f 1607/1465/1343 1619/1477/1355 1618/1476/1354 1606/1464/1342
f 1608/1466/1344 1620/1478/1356 1619/1477/1355 1607/1465/1343
f 1609/1467/1345 1621/1479/1357 1620/1478/1356 1608/1466/1344
f 1610/1468/1346 1622/1480/1358 1621/1479/1357 1609/1467/1345
f 1612/1469/1347 1624/1481/1359 1623/64/1360 1611/1470/1348
f 1613/1471/1349 1625/1482/1361 1624/1481/1359 1612/1469/1347
f 1614/1472/1350 1626/1483/1362 1625/1482/1361 1613/1471/1349
f 1615/1473/1351 1627/1484/1363 1626/1483/1362 1614/1472/1350
f 1616/1474/1352 1628/1485/1364 1627/1484/1363 1615/1473/1351
f 1617/1475/1353 1629/1486/1365 1628/1485/1364 1616/1474/1352
f 1618/1476/1354 1630/1487/1366 1629/1486/1365 1617/1475/1353
f 1619/1477/1355 1631/1488/1367 1630/1487/1366 1618/1476/1354
f 1620/1478/1356 1632/1489/1368 1631/1488/1367 1619/1477/1355
f 1621/1479/1357 1633/1490/1369 1632/1489/1368 1620/1478/1356
f 1622/1480/1358 1634/1491/1370 1633/1490/1369 1621/1479/1357
f 1624/1481/1359 1636/1492/1371 1635/1493/1372 1623/64/1360
f 1625/1482/1361 1637/1494/1373 1636/1492/1371 1624/1481/1359
f 1626/1483/1362 1638/1495/1374 1637/1494/1373 1625/1482/1361
f 1627/1484/1363 1639/1496/1375 1638/1495/1374 1626/1483/1362
f 1628/1485/1364 1640/1497/1376 1639/1496/1375 1627/1484/1363
f 1629/1486/1365 1641/1498/1377 1640/1497/1376 1628/1485/1364
f 1630/1487/1366 1642/1499/1378 1641/1498/1377 1629/1486/1365
f 1631/1488/1367 1643/1500/1379 1642/1499/1378 1630/1487/1366
f 1632/1489/1368 1644/1501/1380 1643/1500/1379 1631/1488/1367
f 1633/1490/1369 1645/1502/1381 1644/1501/1380 1632/1489/1368
f 1634/1491/1370 1646/1503/1382 1645/1502/1381 1633/1490/1369
f 1636/1492/1371 1648/1504/1383 1647/1505/1384 1635/1493/1372
f 1637/1494/1373 1649/1506/1385 1648/1504/1383 1636/1492/1371
f 1638/1495/1374 1650/1507/1386 1649/1506/1385 1637/1494/1373
f 1639/1496/1375 1651/1508/1387 1650/1507/1386 1638/1495/1374
f 1640/1497/1376 1652/1509/1388 1651/1508/1387 1639/1496/1375
f 1641/1498/1377 1653/1510/1389 1652/1509/1388 1640/1497/1376
f 1642/1499/1378 1654/1511/1390 1653/1510/1389 1641/1498/1377
f 1643/1500/1379 1655/1512/1391 1654/1511/1390 1642/1499/1378
f 1644/1501/1380 1656/1513/1392 1655/1512/1391 1643/1500/1379
f 1645/1502/1381 1657/1514/1393 1656/1513/1392 1644/1501/1380
f 1646/1503/1382 1658/1515/1394 1657/1514/1393 1645/1502/1381
f 1648/1504/1383 1660/1516/1395 1659/1517/1396 1647/1505/1384
f 1649/1506/1385 1661/1518/1397 1660/1516/1395 1648/1504/1383
f 1650/1507/1386 1662/1519/1398 1661/1518/1397 1649/1506/1385
f 1651/1508/1387 1663/1520/1399 1662/1519/1398 1650/1507/1386
f 1652/1509/1388 1664/1521/1400 1663/1520/1399 1651/1508/1387
f 1653/1510/1389 1665/1522/1401 1664/1521/1400 1652/1509/1388
f 1654/1511/1390 1666/1523/1402 1665/1522/1401 1653/1510/1389
f 1655/1512/1391 1667/1524/1403 1666/1523/1402 1654/1511/1390
f 1656/1513/1392 1668/1525/1404 1667/1524/1403 1655/1512/1391
f 1657/1514/1393 1669/1526/1405 1668/1525/1404 1656/1513/1392
f 1658/1515/1394 1670/1527/1406 1669/1526/1405 1657/1514/1393
f 1660/1516/1395 1672/1528/1407 1671/1529/1408 1659/1517/1396
f 1661/1518/1397 1673/1530/1409 1672/1528/1407 1660/1516/1395
f 1662/1519/1398 1674/1531/1410 1673/1530/1409 1661/1518/1397
f 1663/1520/1399 1675/1532/1411 1674/1531/1410 1662/1519/1398
f 1664/1521/1400 1676/1533/1412 1675/1532/1411 1663/1520/1399
f 1665/1522/1401 1677/1534/1413 1676/1533/1412 1664/1521/1400
f 1666/1523/1402 1678/1535/1414 1677/1534/1413 1665/1522/1401
f 1667/1524/1403 1679/1536/1415 1678/1535/1414 1666/1523/1402
f 1668/1525/1404 1680/1537/1416 1679/1536/1415 1667/1524/1403
f 1669/1526/1405 1681/1538/1417 1680/1537/1416 1668/1525/1404
f 1670/1527/1406 1682/1539/1418 1681/1538/1417 1669/1526/1405
f 1672/1528/1407 1684/1540/1419 1683/41/1420 1671/1529/1408
f 1673/1530/1409 1685/1541/1421 1684/1540/1419 1672/1528/1407
f 1674/1531/1410 1686/1542/1422 1685/1541/1421 1673/1530/1409
f 1675/1532/1411 1687/1543/1423 1686/1542/1422 1674/1531/1410
f 1676/1533/1412 1688/1544/1424 1687/1543/1423 1675/1532/1411
f 1677/1534/1413 1689/1545/1425 1688/1544/1424 1676/1533/1412
f 1678/1535/1414 1690/1546/1426 1689/1545/1425 1677/1534/1413
f 1679/1536/1415 1691/1547/1427 1690/1546/1426 1678/1535/1414
f 1680/1537/1416 1692/1548/1428 1691/1547/1427 1679/1536/1415
f 1681/1538/1417 1693/1549/1429 1692/1548/1428 1680/1537/1416
f 1682/1539/1418 1694/1550/1430 1693/1549/1429 1681/1538/1417
f 1684/1540/1419 1696/1551/1431 1695/1552/1432 1683/41/1420
f 1685/1541/1421 1697/1553/1433 1696/1551/1431 1684/1540/1419
f 1686/1542/1422 1698/1554/1434 1697/1553/1433 1685/1541/1421
f 1687/1543/1423 1699/1555/1435 1698/1554/1434 1686/1542/1422
f 1688/1544/1424 1700/1556/1436 1699/1555/1435 1687/1543/1423
f 1689/1545/1425 1701/1557/1437 1700/1556/1436 1688/1544/1424
f 1690/1546/1426 1702/1558/1438 1701/1557/1437 1689/1545/1425
f 1691/1547/1427 1703/1559/1439 1702/1558/1438 1690/1546/1426
f 1692/1548/1428 1704/1560/1440 1703/1559/1439 1691/1547/1427
f 1693/1549/1429 1705/1561/1441 1704/1560/1440 1692/1548/1428
f 1694/1550/1430 1706/1562/1442 1705/1561/1441 1693/1549/1429
f 1696/1551/1431 1708/1563/1443 1707/1564/1444 1695/1552/1432
f 1697/1553/1433 1709/1565/1445 1708/1563/1443 1696/1551/1431
f 1698/1554/1434 1710/1566/1446 1709/1565/1445 1697/1553/1433
f 1699/1555/1435 1711/1567/1447 1710/1566/1446 1698/1554/1434
f 1700/1556/1436 1712/1568/1448 1711/1567/1447 1699/1555/1435
f 1701/1557/1437 1713/1569/1449 1712/1568/1448 1700/1556/1436
f 1702/1558/1438 1714/1570/1450 1713/1569/1449 1701/1557/1437
f 1703/1559/1439 1715/1571/1451 1714/1570/1450 1702/1558/1438
f 1704/1560/1440 1716/1572/1452 1715/1571/1451 1703/1559/1439
f 1705/1561/1441 1717/1573/1453 1716/1572/1452 1704/1560/1440
f 1706/1562/1442 1718/1574/1454 1717/1573/1453 1705/1561/1441
f 1708/1563/1443 1720/1575/1455 1719/1576/1456 1707/1564/1444
f 1709/1565/1445 1721/1577/1457 1720/1575/1455 1708/1563/1443
f 1710/1566/1446 1722/1578/1458 1721/1577/1457 1709/1565/1445
f 1711/1567/1447 1723/1579/1459 1722/1578/1458 1710/1566/1446
f 1712/1568/1448 1724/1580/1460 1723/1579/1459 1711/1567/1447
f 1713/1569/1449 1725/1581/1461 1724/1580/1460 1712/1568/1448
f 1714/1570/1450 1726/1582/1462 1725/1581/1461 1713/1569/1449
f 1715/1571/1451 1727/1583/1463 1726/1582/1462 1714/1570/1450
f 1716/1572/1452 1728/1584/1464 1727/1583/1463 1715/1571/1451
f 1717/1573/1453 1729/1585/1465 1728/1584/1464 1716/1572/1452
f 1718/1574/1454 1730/1586/1466 1729/1585/1465 1717/1573/1453
f 1720/1575/1455 1732/1587/1467 1731/1588/1468 1719/1576/1456
f 1721/1577/1457 1733/1589/1469 1732/1587/1467 1720/1575/1455
f 1722/1578/1458 1734/1590/1470 1733/1589/1469 1721/1577/1457
f 1723/1579/1459 1735/1591/1471 1734/1590/1470 1722/1578/1458
f 1724/1580/1460 1736/1592/1472 1735/1591/1471 1723/1579/1459
f 1725/1581/1461 1737/1593/1473 1736/1592/1472 1724/1580/1460
f 1726/1582/1462 1738/1594/1474 1737/1593/1473 1725/1581/1461
f 1727/1583/1463 1739/1595/1475 1738/1594/1474 1726/1582/1462
f 1728/1584/1464 1740/1596/1476 1739/1595/1475 1727/1583/1463
f 1729/1585/1465 1741/1597/1477 1740/1596/1476 1728/1584/1464
f 1730/1586/1466 1742/1598/1478 1741/1597/1477 1729/1585/1465
f 1732/1587/1467 1744/1599/1479 1743/20/1480 1731/1588/1468
f 1733/1589/1469 1745/1600/1481 1744/1599/1479 1732/1587/1467
f 1734/1590/1470 1746/1601/1482 1745/1600/1481 1733/1589/1469
f 1735/1591/1471 1747/1602/1483 1746/1601/1482 1734/1590/1470
f 1736/1592/1472 1748/1603/1484 1747/1602/1483 1735/1591/1471
f 1737/1593/1473 1749/1604/1485 1748/1603/1484 1736/1592/1472
f 1738/1594/1474 1750/1605/1486 1749/1604/1485 1737/1593/1473
f 1739/1595/1475 1751/1606/1487 1750/1605/1486 1738/1594/1474
f 1740/1596/1476 1752/1607/1488 1751/1606/1487 1739/1595/1475
f 1741/1597/1477 1753/1608/1489 1752/1607/1488 1740/1596/1476
f 1742/1598/1478 1754/1609/1490 1753/1608/1489 1741/1597/1477
f 1744/1599/1479 1756/1610/1491 1755/1611/1492 1743/20/1480
f 1745/1600/1481 1757/1612/1493 1756/1610/1491 1744/1599/1479
f 1746/1601/1482 1758/1613/1494 1757/1612/1493 1745/1600/1481
f 1747/1602/1483 1759/1614/1495 1758/1613/1494 1746/1601/1482
f 1748/1603/1484 1760/1615/1496 1759/1614/1495 1747/1602/1483
f 1749/1604/1485 1761/1616/1497 1760/1615/1496 1748/1603/1484
f 1750/1605/1486 1762/1617/1498 1761/1616/1497 1749/1604/1485
f 1751/1606/1487 1763/1618/1499 1762/1617/1498 1750/1605/1486
f 1752/1607/1488 1764/1619/1500 1763/1618/1499 1751/1606/1487
f 1753/1608/1489 1765/1620/1501 1764/1619/1500 1752/1607/1488
f 1754/1609/1490 1766/1621/1502 1765/1620/1501 1753/1608/1489
f 1756/1610/1491 1768/1622/1503 1767/1623/1504 1755/1611/1492
f 1757/1612/1493 1769/1624/1505 1768/1622/1503 1756/1610/1491
f 1758/1613/1494 1770/1625/1506 1769/1624/1505 1757/1612/1493
f 1759/1614/1495 1771/1626/1507 1770/1625/1506 1758/1613/1494
f 1760/1615/1496 1772/1627/1508 1771/1626/1507 1759/1614/1495
f 1761/1616/1497 1773/1628/1509 1772/1627/1508 1760/1615/1496
f 1762/1617/1498 1774/1629/1510 1773/1628/1509 1761/1616/1497
f 1763/1618/1499 1775/1630/1511 1774/1629/1510 1762/1617/1498
f 1764/1619/1500 1776/1631/1512 1775/1630/1511 1763/1618/1499
f 1765/1620/1501 1777/1632/1513 1776/1631/1512 1764/1619/1500
f 1766/1621/1502 1778/1633/1514 1777/1632/1513 1765/1620/1501
f 1768/1622/1503 1780/1634/1515 1779/1635/1516 1767/1623/1504
f 1769/1624/1505 1781/1636/1517 1780/1634/1515 1768/1622/1503
f 1770/1625/1506 1782/1637/1518 1781/1636/1517 1769/1624/1505
f 1771/1626/1507 1783/1638/1519 1782/1637/1518 1770/1625/1506
f 1772/1627/1508 1784/1639/1520 1783/1638/1519 1771/1626/1507
f 1773/1628/1509 1785/1640/1521 1784/1639/1520 1772/1627/1508
f 1774/1629/1510 1786/1641/1522 1785/1640/1521 1773/1628/1509
f 1775/1630/1511 1787/1642/1523 1786/1641/1522 1774/1629/1510
f 1776/1631/1512 1788/1643/1524 1787/1642/1523 1775/1630/1511
f 1777/1632/1513 1789/1644/1525 1788/1643/1524 1776/1631/1512
f 1778/1633/1514 1790/1645/1526 1789/1644/1525 1777/1632/1513
f 1780/1634/1515 1792/1646/1527 1791/1647/1528 1779/1635/1516
f 1781/1636/1517 1793/1648/1529 1792/1646/1527 1780/1634/1515
f 1782/1637/1518 1794/1649/1530 1793/1648/1529 1781/1636/1517
f 1783/1638/1519 1795/1650/1531 1794/1649/1530 1782/1637/1518
f 1784/1639/1520 1796/1651/1532 1795/1650/1531 1783/1638/1519
f 1785/1640/1521 1797/1652/1533 1796/1651/1532 1784/1639/1520
f 1786/1641/1522 1798/1653/1534 1797/1652/1533 1785/1640/1521
f 1787/1642/1523 1799/1654/1535 1798/1653/1534 1786/1641/1522
f 1788/1643/1524 1800/1655/1536 1799/1654/1535 1787/1642/1523
f 1789/1644/1525 1801/1656/1537 1800/1655/1536 1788/1643/1524
f 1790/1645/1526 1802/1657/1538 1801/1656/1537 1789/1644/1525
f 1792/1646/1527 1804/1658/1539 1803/50/1540 1791/1647/1528
f 1793/1648/1529 1805/1659/1541 1804/1658/1539 1792/1646/1527
f 1794/1649/1530 1806/1660/1542 1805/1659/1541 1793/1648/1529
f 1795/1650/1531 1807/1661/1543 1806/1660/1542 1794/1649/1530
f 1796/1651/1532 1808/1662/1544 1807/1661/1543 1795/1650/1531
f 1797/1652/1533 1809/1663/1545 1808/1662/1544 1796/1651/1532
f 1798/1653/1534 1810/1664/1546 1809/1663/1545 1797/1652/1533
f 1799/1654/1535 1811/1665/1547 1810/1664/1546 1798/1653/1534
f 1800/1655/1536 1812/1666/1548 1811/1665/1547 1799/1654/1535
f 1801/1656/1537 1813/1667/1549 1812/1666/1548 1800/1655/1536
f 1802/1657/1538 1814/1668/1550 1813/1667/1549 1801/1656/1537
f 1804/1658/1539 1816/1669/1551 1815/1670/1552 1803/50/1540
f 1805/1659/1541 1817/1671/1553 1816/1669/1551 1804/1658/1539
f 1806/1660/1542 1818/1672/1554 1817/1671/1553 1805/1659/1541
f 1807/1661/1543 1819/1673/1555 1818/1672/1554 1806/1660/1542
f 1808/1662/1544 1820/1674/1556 1819/1673/1555 1807/1661/1543
f 1809/1663/1545 1821/1675/1557 1820/1674/1556 1808/1662/1544
f 1810/1664/1546 1822/1676/1558 1821/1675/1557 1809/1663/1545
f 1811/1665/1547 1823/1677/1559 1822/1676/1558 1810/1664/1546
f 1812/1666/1548 1824/1678/1560 1823/1677/1559 1811/1665/1547
f 1813/1667/1549 1825/1679/1561 1824/1678/1560 1812/1666/1548
f 1814/1668/1550 1826/1680/1562 1825/1679/1561 1813/1667/1549
f 1816/1669/1551 1828/1681/1563 1827/1682/1564 1815/1670/1552
f 1817/1671/1553 1829/1683/1565 1828/1681/1563 1816/1669/1551
f 1818/1672/1554 1830/1684/1566 1829/1683/1565 1817/1671/1553
f 1819/1673/1555 1831/1685/1567 1830/1684/1566 1818/1672/1554
f 1820/1674/1556 1832/1686/1568 1831/1685/1567 1819/1673/1555
f 1821/1675/1557 1833/1687/1569 1832/1686/1568 1820/1674/1556
f 1822/1676/1558 1834/1688/1570 1833/1687/1569 1821/1675/1557
f 1823/1677/1559 1835/1689/1571 1834/1688/1570 1822/1676/1558
f 1824/1678/1560 1836/1690/1572 1835/1689/1571 1823/1677/1559
f 1825/1679/1561 1837/1691/1573 1836/1690/1572 1824/1678/1560
f 1826/1680/1562 1838/1692/1574 1837/1691/1573 1825/1679/1561
f 1828/1681/1563 1840/1693/1575 1839/1694/1576 1827/1682/1564
f 1829/1683/1565 1841/1695/1577 1840/1693/1575 1828/1681/1563
f 1830/1684/1566 1842/1696/1578 1841/1695/1577 1829/1683/1565
f 1831/1685/1567 1843/1697/1579 1842/1696/1578 1830/1684/1566
f 1832/1686/1568 1844/1698/1580 1843/1697/1579 1831/1685/1567
f 1833/1687/1569 1845/1699/1581 1844/1698/1580 1832/1686/1568
f 1834/1688/1570 1846/1700/1582 1845/1699/1581 1833/1687/1569
f 1835/1689/1571 1847/1701/1583 1846/1700/1582 1834/1688/1570
f 1836/1690/1572 1848/1702/1584 1847/1701/1583 1835/1689/1571
f 1837/1691/1573 1849/1703/1585 1848/1702/1584 1836/1690/1572
f 1838/1692/1574 1850/1704/1586 1849/1703/1585 1837/1691/1573
f 1840/1693/1575 1852/1705/1587 1851/1706/1588 1839/1694/1576
f 1841/1695/1577 1853/1707/1589 1852/1705/1587 1840/1693/1575
f 1842/1696/1578 1854/1708/1590 1853/1707/1589 1841/1695/1577
f 1843/1697/1579 1855/1709/1591 1854/1708/1590 1842/1696/1578
f 1844/1698/1580 1856/1710/1592 1855/1709/1591 1843/1697/1579
f 1845/1699/1581 1857/1711/1593 1856/1710/1592 1844/1698/1580
f 1846/1700/1582 1858/1712/1594 1857/1711/1593 1845/1699/1581
f 1847/1701/1583 1859/1713/1595 1858/1712/1594 1846/1700/1582
f 1848/1702/1584 1860/1714/1596 1859/1713/1595 1847/1701/1583
f 1849/1703/1585 1861/1715/1597 1860/1714/1596 1848/1702/1584
f 1850/1704/1586 1862/1716/1598 1861/1715/1597 1849/1703/1585
f 1852/1705/1587 1144/1009/879 1143/91/882 1851/1706/1588
f 1853/1707/1589 1145/1010/883 1144/1009/879 1852/1705/1587
f 1854/1708/1590 1146/1011/885 1145/1010/883 1853/1707/1589
f 1855/1709/1591 1147/1012/887 1146/1011/885 1854/1708/1590
f 1856/1710/1592 1148/1013/889 1147/1012/887 1855/1709/1591
f 1857/1711/1593 1149/1014/891 1148/1013/889 1856/1710/1592
f 1858/1712/1594 1150/1015/893 1149/1014/891 1857/1711/1593
f 1859/1713/1595 1151/1016/895 1150/1015/893 1858/1712/1594
f 1860/1714/1596 1152/1017/897 1151/1016/895 1859/1713/1595
f 1861/1715/1597 1153/1018/899 1152/1017/897 1860/1714/1596
f 1862/1716/1598 1154/1019/901 1153/1018/899 1861/1715/1597
