# Blender 4.1.1
# www.blender.org
mtllib Number_0.mtl
g Number_0_Number_0
v -0.032058 0.347124 -0.050000
v -0.062130 0.338657 -0.050000
v -0.090063 0.324844 -0.050000
v -0.115705 0.305926 -0.050000
v -0.138900 0.282147 -0.050000
v -0.159500 0.253750 -0.050000
v -0.177350 0.220978 -0.050000
v -0.192297 0.184074 -0.050000
v -0.204188 0.143281 -0.050000
v -0.212870 0.098843 -0.050000
v -0.218192 0.051001 -0.050000
v -0.220000 0.000000 -0.050000
v -0.218192 -0.051001 -0.050000
v -0.212870 -0.098843 -0.050000
v -0.204187 -0.143281 -0.050000
v -0.192297 -0.184074 -0.050000
v -0.177350 -0.220978 -0.050000
v -0.159499 -0.253750 -0.050000
v -0.138900 -0.282147 -0.050000
v -0.115703 -0.305926 -0.050000
v -0.090062 -0.324844 -0.050000
v -0.062130 -0.338657 -0.050000
v -0.032058 -0.347124 -0.050000
v 0.000000 -0.350000 -0.050000
v 0.032058 -0.347124 -0.050000
v 0.062129 -0.338658 -0.050000
v 0.090062 -0.324844 -0.050000
v 0.115704 -0.305926 -0.050000
v 0.138901 -0.282147 -0.050000
v 0.159500 -0.253750 -0.050000
v 0.177349 -0.220978 -0.050000
v 0.192296 -0.184074 -0.050000
v 0.204188 -0.143281 -0.050000
v 0.212870 -0.098843 -0.050000
v 0.218192 -0.051001 -0.050000
v 0.220000 0.000000 -0.050000
v 0.218192 0.051001 -0.050000
v 0.212870 0.098843 -0.050000
v 0.204188 0.143281 -0.050000
v 0.192296 0.184074 -0.050000
v 0.177349 0.220978 -0.050000
v 0.159500 0.253750 -0.050000
v 0.138901 0.282147 -0.050000
v 0.115704 0.305926 -0.050000
v 0.090062 0.324844 -0.050000
v 0.062129 0.338657 -0.050000
v 0.032058 0.347124 -0.050000
v 0.000000 0.350000 -0.050000
v -0.018367 -0.254999 -0.050000
v -0.035427 -0.249074 -0.050000
v -0.051126 -0.239344 -0.050000
v -0.065408 -0.225926 -0.050000
v -0.078219 -0.208939 -0.050000
v -0.089501 -0.188500 -0.050000
v -0.099200 -0.164728 -0.050000
v -0.107260 -0.137741 -0.050000
v -0.113626 -0.107656 -0.050000
v -0.118241 -0.074593 -0.050000
v -0.121051 -0.038668 -0.050000
v -0.122000 0.000000 -0.050000
v -0.121051 0.038668 -0.050000
v -0.118241 0.074593 -0.050000
v -0.113626 0.107656 -0.050000
v -0.107259 0.137741 -0.050000
v -0.099199 0.164728 -0.050000
v -0.089500 0.188500 -0.050000
v -0.078218 0.208939 -0.050000
v -0.065407 0.225926 -0.050000
v -0.051126 0.239344 -0.050000
v -0.035426 0.249074 -0.050000
v -0.018366 0.254999 -0.050000
v 0.000000 0.257000 -0.050000
v 0.018367 0.254999 -0.050000
v 0.035427 0.249074 -0.050000
v 0.051126 0.239344 -0.050000
v 0.065408 0.225926 -0.050000
v 0.078218 0.208939 -0.050000
v 0.089501 0.188500 -0.050000
v 0.099200 0.164728 -0.050000
v 0.107260 0.137741 -0.050000
v 0.113625 0.107656 -0.050000
v 0.118241 0.074593 -0.050000
v 0.121051 0.038668 -0.050000
v 0.122000 0.000000 -0.050000
v 0.121050 -0.038668 -0.050000
v 0.118240 -0.074593 -0.050000
v 0.113624 -0.107656 -0.050000
v 0.107259 -0.137741 -0.050000
v 0.099199 -0.164728 -0.050000
v 0.089499 -0.188500 -0.050000
v 0.078217 -0.208939 -0.050000
v 0.065407 -0.225926 -0.050000
v 0.051125 -0.239344 -0.050000
v 0.035426 -0.249074 -0.050000
v 0.018366 -0.254999 -0.050000
v 0.000000 -0.257000 -0.050000
v -0.032058 0.347124 0.050000
v -0.062130 0.338657 0.050000
v -0.090063 0.324844 0.050000
v -0.115705 0.305926 0.050000
v -0.138900 0.282147 0.050000
v -0.159500 0.253750 0.050000
v -0.177350 0.220978 0.050000
v -0.192297 0.184074 0.050000
v -0.204188 0.143281 0.050000
v -0.212870 0.098843 0.050000
v -0.218192 0.051001 0.050000
v -0.220000 0.000000 0.050000
v -0.218192 -0.051001 0.050000
v -0.212870 -0.098843 0.050000
v -0.204187 -0.143281 0.050000
v -0.192297 -0.184074 0.050000
v -0.177350 -0.220978 0.050000
v -0.159499 -0.253750 0.050000
v -0.138900 -0.282147 0.050000
v -0.115703 -0.305926 0.050000
v -0.090062 -0.324844 0.050000
v -0.062130 -0.338657 0.050000
v -0.032058 -0.347124 0.050000
v 0.000000 -0.350000 0.050000
v 0.032058 -0.347124 0.050000
v 0.062129 -0.338658 0.050000
v 0.090062 -0.324844 0.050000
v 0.115704 -0.305926 0.050000
v 0.138901 -0.282147 0.050000
v 0.159500 -0.253750 0.050000
v 0.177349 -0.220978 0.050000
v 0.192296 -0.184074 0.050000
v 0.204188 -0.143281 0.050000
v 0.212870 -0.098843 0.050000
v 0.218192 -0.051001 0.050000
v 0.220000 0.000000 0.050000
v 0.218192 0.051001 0.050000
v 0.212870 0.098843 0.050000
v 0.204188 0.143281 0.050000
v 0.192296 0.184074 0.050000
v 0.177349 0.220978 0.050000
v 0.159500 0.253750 0.050000
v 0.138901 0.282147 0.050000
v 0.115704 0.305926 0.050000
v 0.090062 0.324844 0.050000
v 0.062129 0.338657 0.050000
v 0.032058 0.347124 0.050000
v 0.000000 0.350000 0.050000
v -0.018367 -0.254999 0.050000
v -0.035427 -0.249074 0.050000
v -0.051126 -0.239344 0.050000
v -0.065408 -0.225926 0.050000
v -0.078219 -0.208939 0.050000
v -0.089501 -0.188500 0.050000
v -0.099200 -0.164728 0.050000
v -0.107260 -0.137741 0.050000
v -0.113626 -0.107656 0.050000
v -0.118241 -0.074593 0.050000
v -0.121051 -0.038668 0.050000
v -0.122000 0.000000 0.050000
v -0.121051 0.038668 0.050000
v -0.118241 0.074593 0.050000
v -0.113626 0.107656 0.050000
v -0.107259 0.137741 0.050000
v -0.099199 0.164728 0.050000
v -0.089500 0.188500 0.050000
v -0.078218 0.208939 0.050000
v -0.065407 0.225926 0.050000
v -0.051126 0.239344 0.050000
v -0.035426 0.249074 0.050000
v -0.018366 0.254999 0.050000
v 0.000000 0.257000 0.050000
v 0.018367 0.254999 0.050000
v 0.035427 0.249074 0.050000
v 0.051126 0.239344 0.050000
v 0.065408 0.225926 0.050000
v 0.078218 0.208939 0.050000
v 0.089501 0.188500 0.050000
v 0.099200 0.164728 0.050000
v 0.107260 0.137741 0.050000
v 0.113625 0.107656 0.050000
v 0.118241 0.074593 0.050000
v 0.121051 0.038668 0.050000
v 0.122000 0.000000 0.050000
v 0.121050 -0.038668 0.050000
v 0.118240 -0.074593 0.050000
v 0.113624 -0.107656 0.050000
v 0.107259 -0.137741 0.050000
v 0.099199 -0.164728 0.050000
v 0.089499 -0.188500 0.050000
v 0.078217 -0.208939 0.050000
v 0.065407 -0.225926 0.050000
v 0.051125 -0.239344 0.050000
v 0.035426 -0.249074 0.050000
v 0.018366 -0.254999 0.050000
v 0.000000 -0.257000 0.050000
v -0.032058 0.347124 0.050000
v -0.032620 0.350176 0.049511
v -0.033126 0.352929 0.048090
v -0.033528 0.355115 0.045878
v -0.033787 0.356518 0.043090
v -0.033876 0.357001 0.040000
v -0.033876 0.357001 -0.040000
v -0.033787 0.356518 -0.043090
v -0.033528 0.355115 -0.045878
v -0.033126 0.352929 -0.048090
v -0.032620 0.350176 -0.049511
v -0.032058 0.347124 -0.050000
v -0.062130 0.338657 0.050000
v -0.063243 0.341554 0.049511
v -0.064247 0.344168 0.048090
v -0.065045 0.346242 0.045878
v -0.065557 0.347573 0.043090
v -0.065732 0.348032 0.040000
v -0.065732 0.348032 -0.040000
v -0.065557 0.347573 -0.043090
v -0.065045 0.346242 -0.045878
v -0.064247 0.344168 -0.048090
v -0.063243 0.341554 -0.049511
v -0.062130 0.338657 -0.050000
v -0.090063 0.324844 0.050000
v -0.091677 0.327493 0.049511
v -0.093134 0.329882 0.048090
v -0.094290 0.331778 0.045878
v -0.095032 0.332996 0.043090
v -0.095288 0.333416 0.040000
v -0.095288 0.333416 -0.040000
v -0.095032 0.332996 -0.043090
v -0.094290 0.331778 -0.045878
v -0.093134 0.329882 -0.048090
v -0.091677 0.327493 -0.049511
v -0.090063 0.324844 -0.050000
v -0.115705 0.305926 0.050000
v -0.117740 0.308263 0.049511
v -0.119578 0.310372 0.048090
v -0.121037 0.312046 0.045878
v -0.121973 0.313120 0.043090
v -0.122295 0.313490 0.040000
v -0.122295 0.313490 -0.040000
v -0.121973 0.313120 -0.043090
v -0.121037 0.312046 -0.045878
v -0.119578 0.310372 -0.048090
v -0.117740 0.308263 -0.049511
v -0.115705 0.305926 -0.050000
v -0.138900 0.282147 0.050000
v -0.141270 0.284144 0.049511
v -0.143407 0.285945 0.048090
v -0.145103 0.287374 0.045878
v -0.146193 0.288292 0.043090
v -0.146567 0.288608 0.040000
v -0.146567 0.288608 -0.040000
v -0.146193 0.288292 -0.043090
v -0.145103 0.287374 -0.045878
v -0.143407 0.285945 -0.048090
v -0.141270 0.284144 -0.049511
v -0.138900 0.282147 -0.050000
v -0.159500 0.253750 0.050000
v -0.162118 0.255403 0.049511
v -0.164480 0.256894 0.048090
v -0.166355 0.258078 0.045878
v -0.167558 0.258838 0.043090
v -0.167974 0.259100 0.040000
v -0.167974 0.259100 -0.040000
v -0.167558 0.258838 -0.043090
v -0.166355 0.258078 -0.045878
v -0.164480 0.256894 -0.048090
v -0.162118 0.255403 -0.049511
v -0.159500 0.253750 -0.050000
v -0.177350 0.220978 0.050000
v -0.180147 0.222301 0.049511
v -0.182672 0.223495 0.048090
v -0.184674 0.224443 0.045878
v -0.185960 0.225051 0.043090
v -0.186404 0.225260 0.040000
v -0.186404 0.225260 -0.040000
v -0.185960 0.225051 -0.043090
v -0.184674 0.224443 -0.045878
v -0.182672 0.223495 -0.048090
v -0.180147 0.222301 -0.049511
v -0.177350 0.220978 -0.050000
v -0.192297 0.184074 0.050000
v -0.195220 0.185089 0.049511
v -0.197856 0.186005 0.048090
v -0.199948 0.186731 0.045878
v -0.201293 0.187198 0.043090
v -0.201756 0.187359 0.040000
v -0.201756 0.187359 -0.040000
v -0.201293 0.187198 -0.043090
v -0.199948 0.186731 -0.045878
v -0.197856 0.186005 -0.048090
v -0.195220 0.185089 -0.049511
v -0.192297 0.184074 -0.050000
v -0.204188 0.143281 0.050000
v -0.207194 0.144011 0.049511
v -0.209905 0.144670 0.048090
v -0.212057 0.145193 0.045878
v -0.213439 0.145529 0.043090
v -0.213915 0.145644 0.040000
v -0.213915 0.145644 -0.040000
v -0.213439 0.145529 -0.043090
v -0.212057 0.145193 -0.045878
v -0.209905 0.144670 -0.048090
v -0.207194 0.144011 -0.049511
v -0.204188 0.143281 -0.050000
v -0.212870 0.098843 0.050000
v -0.215927 0.099310 0.049511
v -0.218685 0.099733 0.048090
v -0.220874 0.100068 0.045878
v -0.222280 0.100283 0.043090
v -0.222764 0.100357 0.040000
v -0.222764 0.100357 -0.040000
v -0.222280 0.100283 -0.043090
v -0.220874 0.100068 -0.045878
v -0.218685 0.099733 -0.048090
v -0.215927 0.099310 -0.049511
v -0.212870 0.098843 -0.050000
v -0.218192 0.051001 0.050000
v -0.221276 0.051227 0.049511
v -0.224059 0.051431 0.048090
v -0.226267 0.051592 0.045878
v -0.227684 0.051696 0.043090
v -0.228172 0.051732 0.040000
v -0.228172 0.051732 -0.040000
v -0.227684 0.051696 -0.043090
v -0.226267 0.051592 -0.045878
v -0.224059 0.051431 -0.048090
v -0.221276 0.051227 -0.049511
v -0.218192 0.051001 -0.050000
v -0.220000 0.000000 0.050000
v -0.223093 0.000000 0.049511
v -0.225881 0.000000 0.048090
v -0.228096 0.000000 0.045878
v -0.229517 0.000000 0.043090
v -0.230006 0.000000 0.040000
v -0.230006 0.000000 -0.040000
v -0.229517 0.000000 -0.043090
v -0.228096 0.000000 -0.045878
v -0.225881 0.000000 -0.048090
v -0.223093 0.000000 -0.049511
v -0.220000 0.000000 -0.050000
v -0.218192 -0.051001 0.050000
v -0.221276 -0.051227 0.049511
v -0.224058 -0.051431 0.048090
v -0.226266 -0.051593 0.045878
v -0.227684 -0.051696 0.043090
v -0.228172 -0.051732 0.040000
v -0.228172 -0.051732 -0.040000
v -0.227684 -0.051696 -0.043090
v -0.226266 -0.051593 -0.045878
v -0.224058 -0.051431 -0.048090
v -0.221276 -0.051227 -0.049511
v -0.218192 -0.051001 -0.050000
v -0.212870 -0.098843 0.050000
v -0.215927 -0.099311 0.049511
v -0.218685 -0.099733 0.048090
v -0.220874 -0.100068 0.045878
v -0.222280 -0.100283 0.043090
v -0.222764 -0.100357 0.040000
v -0.222764 -0.100357 -0.040000
v -0.222280 -0.100283 -0.043090
v -0.220874 -0.100068 -0.045878
v -0.218685 -0.099733 -0.048090
v -0.215927 -0.099311 -0.049511
v -0.212870 -0.098843 -0.050000
v -0.204187 -0.143281 0.050000
v -0.207193 -0.144012 0.049511
v -0.209905 -0.144670 0.048090
v -0.212057 -0.145193 0.045878
v -0.213439 -0.145529 0.043090
v -0.213915 -0.145644 0.040000
v -0.213915 -0.145644 -0.040000
v -0.213439 -0.145529 -0.043090
v -0.212057 -0.145193 -0.045878
v -0.209905 -0.144670 -0.048090
v -0.207193 -0.144012 -0.049511
v -0.204187 -0.143281 -0.050000
v -0.192297 -0.184074 0.050000
v -0.195220 -0.185089 0.049511
v -0.197856 -0.186005 0.048090
v -0.199948 -0.186732 0.045878
v -0.201292 -0.187198 0.043090
v -0.201755 -0.187359 0.040000
v -0.201755 -0.187359 -0.040000
v -0.201292 -0.187198 -0.043090
v -0.199948 -0.186732 -0.045878
v -0.197856 -0.186005 -0.048090
v -0.195220 -0.185089 -0.049511
v -0.192297 -0.184074 -0.050000
v -0.177350 -0.220978 0.050000
v -0.180147 -0.222301 0.049511
v -0.182672 -0.223495 0.048090
v -0.184674 -0.224443 0.045878
v -0.185960 -0.225051 0.043090
v -0.186403 -0.225261 0.040000
v -0.186403 -0.225261 -0.040000
v -0.185960 -0.225051 -0.043090
v -0.184674 -0.224443 -0.045878
v -0.182672 -0.223495 -0.048090
v -0.180147 -0.222301 -0.049511
v -0.177350 -0.220978 -0.050000
v -0.159499 -0.253750 0.050000
v -0.162118 -0.255403 0.049511
v -0.164480 -0.256895 0.048090
v -0.166354 -0.258078 0.045878
v -0.167558 -0.258838 0.043090
v -0.167974 -0.259100 0.040000
v -0.167974 -0.259100 -0.040000
v -0.167558 -0.258838 -0.043090
v -0.166354 -0.258078 -0.045878
v -0.164480 -0.256895 -0.048090
v -0.162118 -0.255403 -0.049511
v -0.159499 -0.253750 -0.050000
v -0.138900 -0.282147 0.050000
v -0.141269 -0.284144 0.049511
v -0.143407 -0.285945 0.048090
v -0.145103 -0.287375 0.045878
v -0.146193 -0.288292 0.043090
v -0.146567 -0.288609 0.040000
v -0.146567 -0.288609 -0.040000
v -0.146193 -0.288292 -0.043090
v -0.145103 -0.287375 -0.045878
v -0.143407 -0.285945 -0.048090
v -0.141269 -0.284144 -0.049511
v -0.138900 -0.282147 -0.050000
v -0.115703 -0.305926 0.050000
v -0.117740 -0.308264 0.049511
v -0.119577 -0.310372 0.048090
v -0.121035 -0.312046 0.045878
v -0.121971 -0.313120 0.043090
v -0.122294 -0.313490 0.040000
v -0.122294 -0.313490 -0.040000
v -0.121971 -0.313120 -0.043090
v -0.121035 -0.312046 -0.045878
v -0.119577 -0.310372 -0.048090
v -0.117740 -0.308264 -0.049511
v -0.115703 -0.305926 -0.050000
v -0.090062 -0.324844 0.050000
v -0.091677 -0.327493 0.049511
v -0.093134 -0.329882 0.048090
v -0.094290 -0.331779 0.045878
v -0.095032 -0.332996 0.043090
v -0.095288 -0.333416 0.040000
v -0.095288 -0.333416 -0.040000
v -0.095032 -0.332996 -0.043090
v -0.094290 -0.331779 -0.045878
v -0.093134 -0.329882 -0.048090
v -0.091677 -0.327493 -0.049511
v -0.090062 -0.324844 -0.050000
v -0.062130 -0.338657 0.050000
v -0.063243 -0.341554 0.049511
v -0.064247 -0.344168 0.048090
v -0.065044 -0.346242 0.045878
v -0.065557 -0.347573 0.043090
v -0.065732 -0.348032 0.040000
v -0.065732 -0.348032 -0.040000
v -0.065557 -0.347573 -0.043090
v -0.065044 -0.346242 -0.045878
v -0.064247 -0.344168 -0.048090
v -0.063243 -0.341554 -0.049511
v -0.062130 -0.338657 -0.050000
v -0.032058 -0.347124 0.050000
v -0.032620 -0.350176 0.049511
v -0.033126 -0.352929 0.048090
v -0.033528 -0.355115 0.045878
v -0.033786 -0.356518 0.043090
v -0.033875 -0.357001 0.040000
v -0.033875 -0.357001 -0.040000
v -0.033786 -0.356518 -0.043090
v -0.033528 -0.355115 -0.045878
v -0.033126 -0.352929 -0.048090
v -0.032620 -0.350176 -0.049511
v -0.032058 -0.347124 -0.050000
v 0.000000 -0.350000 0.050000
v 0.000000 -0.353103 0.049511
v 0.000000 -0.355902 0.048090
v 0.000000 -0.358123 0.045878
v 0.000000 -0.359549 0.043090
v 0.000000 -0.360040 0.040000
v 0.000000 -0.360040 -0.040000
v 0.000000 -0.359549 -0.043090
v 0.000000 -0.358123 -0.045878
v 0.000000 -0.355902 -0.048090
v 0.000000 -0.353103 -0.049511
v 0.000000 -0.350000 -0.050000
v 0.032058 -0.347124 0.050000
v 0.032619 -0.350176 0.049511
v 0.033126 -0.352930 0.048090
v 0.033528 -0.355115 0.045878
v 0.033786 -0.356518 0.043090
v 0.033875 -0.357001 0.040000
v 0.033875 -0.357001 -0.040000
v 0.033786 -0.356518 -0.043090
v 0.033528 -0.355115 -0.045878
v 0.033126 -0.352930 -0.048090
v 0.032619 -0.350176 -0.049511
v 0.032058 -0.347124 -0.050000
v 0.062129 -0.338658 0.050000
v 0.063241 -0.341554 0.049511
v 0.064247 -0.344168 0.048090
v 0.065042 -0.346242 0.045878
v 0.065555 -0.347573 0.043090
v 0.065731 -0.348032 0.040000
v 0.065731 -0.348032 -0.040000
v 0.065555 -0.347573 -0.043090
v 0.065042 -0.346242 -0.045878
v 0.064247 -0.344168 -0.048090
v 0.063241 -0.341554 -0.049511
v 0.062129 -0.338658 -0.050000
v 0.090062 -0.324844 0.050000
v 0.091677 -0.327493 0.049511
v 0.093133 -0.329882 0.048090
v 0.094290 -0.331779 0.045878
v 0.095032 -0.332996 0.043090
v 0.095288 -0.333416 0.040000
v 0.095288 -0.333416 -0.040000
v 0.095032 -0.332996 -0.043090
v 0.094290 -0.331779 -0.045878
v 0.093133 -0.329882 -0.048090
v 0.091677 -0.327493 -0.049511
v 0.090062 -0.324844 -0.050000
v 0.115704 -0.305926 0.050000
v 0.117740 -0.308264 0.049511
v 0.119578 -0.310372 0.048090
v 0.121036 -0.312046 0.045878
v 0.121972 -0.313120 0.043090
v 0.122295 -0.313491 0.040000
v 0.122295 -0.313491 -0.040000
v 0.121972 -0.313120 -0.043090
v 0.121036 -0.312046 -0.045878
v 0.119578 -0.310372 -0.048090
v 0.117740 -0.308264 -0.049511
v 0.115704 -0.305926 -0.050000
v 0.138901 -0.282147 0.050000
v 0.141270 -0.284144 0.049511
v 0.143407 -0.285945 0.048090
v 0.145103 -0.287375 0.045878
v 0.146192 -0.288292 0.043090
v 0.146567 -0.288609 0.040000
v 0.146567 -0.288609 -0.040000
v 0.146192 -0.288292 -0.043090
v 0.145103 -0.287375 -0.045878
v 0.143407 -0.285945 -0.048090
v 0.141270 -0.284144 -0.049511
v 0.138901 -0.282147 -0.050000
v 0.159500 -0.253750 0.050000
v 0.162117 -0.255403 0.049511
v 0.164481 -0.256894 0.048090
v 0.166355 -0.258078 0.045878
v 0.167559 -0.258838 0.043090
v 0.167973 -0.259100 0.040000
v 0.167973 -0.259100 -0.040000
v 0.167559 -0.258838 -0.043090
v 0.166355 -0.258078 -0.045878
v 0.164481 -0.256894 -0.048090
v 0.162117 -0.255403 -0.049511
v 0.159500 -0.253750 -0.050000
v 0.177349 -0.220978 0.050000
v 0.180148 -0.222301 0.049511
v 0.182671 -0.223495 0.048090
v 0.184675 -0.224443 0.045878
v 0.185961 -0.225051 0.043090
v 0.186404 -0.225260 0.040000
v 0.186404 -0.225260 -0.040000
v 0.185961 -0.225051 -0.043090
v 0.184675 -0.224443 -0.045878
v 0.182671 -0.223495 -0.048090
v 0.180148 -0.222301 -0.049511
v 0.177349 -0.220978 -0.050000
v 0.192296 -0.184074 0.050000
v 0.195219 -0.185089 0.049511
v 0.197855 -0.186005 0.048090
v 0.199949 -0.186731 0.045878
v 0.201292 -0.187198 0.043090
v 0.201755 -0.187359 0.040000
v 0.201755 -0.187359 -0.040000
v 0.201292 -0.187198 -0.043090
v 0.199949 -0.186731 -0.045878
v 0.197855 -0.186005 -0.048090
v 0.195219 -0.185089 -0.049511
v 0.192296 -0.184074 -0.050000
v 0.204188 -0.143281 0.050000
v 0.207194 -0.144011 0.049511
v 0.209905 -0.144670 0.048090
v 0.212057 -0.145193 0.045878
v 0.213439 -0.145529 0.043090
v 0.213915 -0.145644 0.040000
v 0.213915 -0.145644 -0.040000
v 0.213439 -0.145529 -0.043090
v 0.212057 -0.145193 -0.045878
v 0.209905 -0.144670 -0.048090
v 0.207194 -0.144011 -0.049511
v 0.204188 -0.143281 -0.050000
v 0.212870 -0.098843 0.050000
v 0.215927 -0.099311 0.049511
v 0.218685 -0.099733 0.048090
v 0.220874 -0.100068 0.045878
v 0.222279 -0.100283 0.043090
v 0.222764 -0.100357 0.040000
v 0.222764 -0.100357 -0.040000
v 0.222279 -0.100283 -0.043090
v 0.220874 -0.100068 -0.045878
v 0.218685 -0.099733 -0.048090
v 0.215927 -0.099311 -0.049511
v 0.212870 -0.098843 -0.050000
v 0.218192 -0.051001 0.050000
v 0.221277 -0.051227 0.049511
v 0.224059 -0.051431 0.048090
v 0.226267 -0.051593 0.045878
v 0.227684 -0.051696 0.043090
v 0.228173 -0.051732 0.040000
v 0.228173 -0.051732 -0.040000
v 0.227684 -0.051696 -0.043090
v 0.226267 -0.051593 -0.045878
v 0.224059 -0.051431 -0.048090
v 0.221277 -0.051227 -0.049511
v 0.218192 -0.051001 -0.050000
v 0.220000 0.000000 0.050000
v 0.223092 0.000000 0.049511
v 0.225881 0.000000 0.048090
v 0.228095 0.000000 0.045878
v 0.229517 0.000000 0.043090
v 0.230007 0.000000 0.040000
v 0.230007 0.000000 -0.040000
v 0.229517 0.000000 -0.043090
v 0.228095 0.000000 -0.045878
v 0.225881 0.000000 -0.048090
v 0.223092 0.000000 -0.049511
v 0.220000 0.000000 -0.050000
v 0.218192 0.051001 0.050000
v 0.221277 0.051227 0.049511
v 0.224059 0.051431 0.048090
v 0.226267 0.051592 0.045878
v 0.227684 0.051696 0.043090
v 0.228173 0.051732 0.040000
v 0.228173 0.051732 -0.040000
v 0.227684 0.051696 -0.043090
v 0.226267 0.051592 -0.045878
v 0.224059 0.051431 -0.048090
v 0.221277 0.051227 -0.049511
v 0.218192 0.051001 -0.050000
v 0.212870 0.098843 0.050000
v 0.215927 0.099310 0.049511
v 0.218685 0.099733 0.048090
v 0.220874 0.100068 0.045878
v 0.222279 0.100283 0.043090
v 0.222764 0.100357 0.040000
v 0.222764 0.100357 -0.040000
v 0.222279 0.100283 -0.043090
v 0.220874 0.100068 -0.045878
v 0.218685 0.099733 -0.048090
v 0.215927 0.099310 -0.049511
v 0.212870 0.098843 -0.050000
v 0.204188 0.143281 0.050000
v 0.207194 0.144011 0.049511
v 0.209905 0.144670 0.048090
v 0.212057 0.145193 0.045878
v 0.213439 0.145529 0.043090
v 0.213915 0.145644 0.040000
v 0.213915 0.145644 -0.040000
v 0.213439 0.145529 -0.043090
v 0.212057 0.145193 -0.045878
v 0.209905 0.144670 -0.048090
v 0.207194 0.144011 -0.049511
v 0.204188 0.143281 -0.050000
v 0.192296 0.184074 0.050000
v 0.195219 0.185089 0.049511
v 0.197855 0.186005 0.048090
v 0.199949 0.186731 0.045878
v 0.201292 0.187198 0.043090
v 0.201755 0.187359 0.040000
v 0.201755 0.187359 -0.040000
v 0.201292 0.187198 -0.043090
v 0.199949 0.186731 -0.045878
v 0.197855 0.186005 -0.048090
v 0.195219 0.185089 -0.049511
v 0.192296 0.184074 -0.050000
v 0.177349 0.220978 0.050000
v 0.180148 0.222301 0.049511
v 0.182671 0.223495 0.048090
v 0.184675 0.224443 0.045878
v 0.185961 0.225051 0.043090
v 0.186404 0.225260 0.040000
v 0.186404 0.225260 -0.040000
v 0.185961 0.225051 -0.043090
v 0.184675 0.224443 -0.045878
v 0.182671 0.223495 -0.048090
v 0.180148 0.222301 -0.049511
v 0.177349 0.220978 -0.050000
v 0.159500 0.253750 0.050000
v 0.162117 0.255403 0.049511
v 0.164481 0.256894 0.048090
v 0.166355 0.258078 0.045878
v 0.167559 0.258838 0.043090
v 0.167973 0.259100 0.040000
v 0.167973 0.259100 -0.040000
v 0.167559 0.258838 -0.043090
v 0.166355 0.258078 -0.045878
v 0.164481 0.256894 -0.048090
v 0.162117 0.255403 -0.049511
v 0.159500 0.253750 -0.050000
v 0.138901 0.282147 0.050000
v 0.141270 0.284144 0.049511
v 0.143407 0.285945 0.048090
v 0.145103 0.287374 0.045878
v 0.146192 0.288292 0.043090
v 0.146567 0.288608 0.040000
v 0.146567 0.288608 -0.040000
v 0.146192 0.288292 -0.043090
v 0.145103 0.287374 -0.045878
v 0.143407 0.285945 -0.048090
v 0.141270 0.284144 -0.049511
v 0.138901 0.282147 -0.050000
v 0.115704 0.305926 0.050000
v 0.117740 0.308263 0.049511
v 0.119578 0.310372 0.048090
v 0.121036 0.312046 0.045878
v 0.121972 0.313120 0.043090
v 0.122295 0.313490 0.040000
v 0.122295 0.313490 -0.040000
v 0.121972 0.313120 -0.043090
v 0.121036 0.312046 -0.045878
v 0.119578 0.310372 -0.048090
v 0.117740 0.308263 -0.049511
v 0.115704 0.305926 -0.050000
v 0.090062 0.324844 0.050000
v 0.091677 0.327493 0.049511
v 0.093133 0.329882 0.048090
v 0.094290 0.331779 0.045878
v 0.095032 0.332996 0.043090
v 0.095288 0.333416 0.040000
v 0.095288 0.333416 -0.040000
v 0.095032 0.332996 -0.043090
v 0.094290 0.331779 -0.045878
v 0.093133 0.329882 -0.048090
v 0.091677 0.327493 -0.049511
v 0.090062 0.324844 -0.050000
v 0.062129 0.338657 0.050000
v 0.063241 0.341554 0.049511
v 0.064247 0.344168 0.048090
v 0.065042 0.346242 0.045878
v 0.065555 0.347573 0.043090
v 0.065731 0.348032 0.040000
v 0.065731 0.348032 -0.040000
v 0.065555 0.347573 -0.043090
v 0.065042 0.346242 -0.045878
v 0.064247 0.344168 -0.048090
v 0.063241 0.341554 -0.049511
v 0.062129 0.338657 -0.050000
v 0.032058 0.347124 0.050000
v 0.032619 0.350176 0.049511
v 0.033126 0.352929 0.048090
v 0.033528 0.355115 0.045878
v 0.033786 0.356518 0.043090
v 0.033875 0.357001 0.040000
v 0.033875 0.357001 -0.040000
v 0.033786 0.356518 -0.043090
v 0.033528 0.355115 -0.045878
v 0.033126 0.352929 -0.048090
v 0.032619 0.350176 -0.049511
v 0.032058 0.347124 -0.050000
v 0.000000 0.350000 0.050000
v 0.000000 0.353103 0.049511
v 0.000000 0.355901 0.048090
v 0.000000 0.358123 0.045878
v 0.000000 0.359549 0.043090
v 0.000000 0.360040 0.040000
v 0.000000 0.360040 -0.040000
v 0.000000 0.359549 -0.043090
v 0.000000 0.358123 -0.045878
v 0.000000 0.355901 -0.048090
v 0.000000 0.353103 -0.049511
v 0.000000 0.350000 -0.050000
v -0.018367 -0.254999 0.050000
v -0.017684 -0.251965 0.049511
v -0.017068 -0.249228 0.048090
v -0.016579 -0.247056 0.045878
v -0.016265 -0.245661 0.043090
v -0.016157 -0.245181 0.040000
v -0.016157 -0.245181 -0.040000
v -0.016265 -0.245661 -0.043090
v -0.016579 -0.247056 -0.045878
v -0.017068 -0.249228 -0.048090
v -0.017684 -0.251965 -0.049511
v -0.018367 -0.254999 -0.050000
v -0.035427 -0.249074 0.050000
v -0.034091 -0.246267 0.049511
v -0.032884 -0.243735 0.048090
v -0.031927 -0.241726 0.045878
v -0.031312 -0.240435 0.043090
v -0.031100 -0.239991 0.040000
v -0.031100 -0.239991 -0.040000
v -0.031312 -0.240435 -0.043090
v -0.031927 -0.241726 -0.045878
v -0.032884 -0.243735 -0.048090
v -0.034091 -0.246267 -0.049511
v -0.035427 -0.249074 -0.050000
v -0.051126 -0.239344 0.050000
v -0.049235 -0.236880 0.049511
v -0.047530 -0.234657 0.048090
v -0.046177 -0.232894 0.045878
v -0.045307 -0.231761 0.043090
v -0.045008 -0.231371 0.040000
v -0.045008 -0.231371 -0.040000
v -0.045307 -0.231761 -0.043090
v -0.046177 -0.232894 -0.045878
v -0.047530 -0.234657 -0.048090
v -0.049235 -0.236880 -0.049511
v -0.051126 -0.239344 -0.050000
v -0.065408 -0.225926 0.050000
v -0.063100 -0.223855 0.049511
v -0.061018 -0.221986 0.048090
v -0.059365 -0.220503 0.045878
v -0.058304 -0.219551 0.043090
v -0.057940 -0.219223 0.040000
v -0.057940 -0.219223 -0.040000
v -0.058304 -0.219551 -0.043090
v -0.059365 -0.220503 -0.045878
v -0.061018 -0.221986 -0.048090
v -0.063100 -0.223855 -0.049511
v -0.065408 -0.225926 -0.050000
v -0.078219 -0.208939 0.050000
v -0.075619 -0.207253 0.049511
v -0.073274 -0.205733 0.048090
v -0.071414 -0.204526 0.045878
v -0.070220 -0.203751 0.043090
v -0.069808 -0.203484 0.040000
v -0.069808 -0.203484 -0.040000
v -0.070220 -0.203751 -0.043090
v -0.071414 -0.204526 -0.045878
v -0.073274 -0.205733 -0.048090
v -0.075619 -0.207253 -0.049511
v -0.078219 -0.208939 -0.050000
v -0.089501 -0.188500 0.050000
v -0.086709 -0.187165 0.049511
v -0.084189 -0.185961 0.048090
v -0.082190 -0.185005 0.045878
v -0.080906 -0.184392 0.043090
v -0.080463 -0.184180 0.040000
v -0.080463 -0.184180 -0.040000
v -0.080906 -0.184392 -0.043090
v -0.082190 -0.185005 -0.045878
v -0.084189 -0.185961 -0.048090
v -0.086709 -0.187165 -0.049511
v -0.089501 -0.188500 -0.050000
v -0.099200 -0.164728 0.050000
v -0.096282 -0.163700 0.049511
v -0.093650 -0.162772 0.048090
v -0.091561 -0.162036 0.045878
v -0.090219 -0.161563 0.043090
v -0.089757 -0.161401 0.040000
v -0.089757 -0.161401 -0.040000
v -0.090219 -0.161563 -0.043090
v -0.091561 -0.162036 -0.045878
v -0.093650 -0.162772 -0.048090
v -0.096282 -0.163700 -0.049511
v -0.099200 -0.164728 -0.050000
v -0.107260 -0.137741 0.050000
v -0.104263 -0.136977 0.049511
v -0.101559 -0.136289 0.048090
v -0.099414 -0.135742 0.045878
v -0.098036 -0.135392 0.043090
v -0.097561 -0.135271 0.040000
v -0.097561 -0.135271 -0.040000
v -0.098036 -0.135392 -0.043090
v -0.099414 -0.135742 -0.045878
v -0.101559 -0.136289 -0.048090
v -0.104263 -0.136977 -0.049511
v -0.107260 -0.137741 -0.050000
v -0.113626 -0.107656 0.050000
v -0.110580 -0.107122 0.049511
v -0.107833 -0.106640 0.048090
v -0.105652 -0.106258 0.045878
v -0.104252 -0.106012 0.043090
v -0.103770 -0.105928 0.040000
v -0.103770 -0.105928 -0.040000
v -0.104252 -0.106012 -0.043090
v -0.105652 -0.106258 -0.045878
v -0.107833 -0.106640 -0.048090
v -0.110580 -0.107122 -0.049511
v -0.113626 -0.107656 -0.050000
v -0.118241 -0.074593 0.050000
v -0.115168 -0.074258 0.049511
v -0.112395 -0.073957 0.048090
v -0.110195 -0.073717 0.045878
v -0.108782 -0.073563 0.043090
v -0.108296 -0.073510 0.040000
v -0.108296 -0.073510 -0.040000
v -0.108782 -0.073563 -0.043090
v -0.110195 -0.073717 -0.045878
v -0.112395 -0.073957 -0.048090
v -0.115168 -0.074258 -0.049511
v -0.118241 -0.074593 -0.050000
v -0.121051 -0.038668 0.050000
v -0.117964 -0.038509 0.049511
v -0.115180 -0.038366 0.048090
v -0.112969 -0.038253 0.045878
v -0.111550 -0.038180 0.043090
v -0.111061 -0.038155 0.040000
v -0.111061 -0.038155 -0.040000
v -0.111550 -0.038180 -0.043090
v -0.112969 -0.038253 -0.045878
v -0.115180 -0.038366 -0.048090
v -0.117964 -0.038509 -0.049511
v -0.121051 -0.038668 -0.050000
v -0.122000 0.000000 0.050000
v -0.118909 0.000000 0.049511
v -0.116121 0.000000 0.048090
v -0.113908 0.000000 0.045878
v -0.112487 0.000000 0.043090
v -0.111997 0.000000 0.040000
v -0.111997 0.000000 -0.040000
v -0.112487 0.000000 -0.043090
v -0.113908 0.000000 -0.045878
v -0.116121 0.000000 -0.048090
v -0.118909 0.000000 -0.049511
v -0.122000 0.000000 -0.050000
v -0.121051 0.038668 0.050000
v -0.117963 0.038509 0.049511
v -0.115178 0.038366 0.048090
v -0.112968 0.038253 0.045878
v -0.111549 0.038180 0.043090
v -0.111060 0.038155 0.040000
v -0.111060 0.038155 -0.040000
v -0.111549 0.038180 -0.043090
v -0.112968 0.038253 -0.045878
v -0.115178 0.038366 -0.048090
v -0.117963 0.038509 -0.049511
v -0.121051 0.038668 -0.050000
v -0.118241 0.074593 0.050000
v -0.115167 0.074258 0.049511
v -0.112394 0.073956 0.048090
v -0.110194 0.073717 0.045878
v -0.108781 0.073563 0.043090
v -0.108295 0.073510 0.040000
v -0.108295 0.073510 -0.040000
v -0.108781 0.073563 -0.043090
v -0.110194 0.073717 -0.045878
v -0.112394 0.073956 -0.048090
v -0.115167 0.074258 -0.049511
v -0.118241 0.074593 -0.050000
v -0.113626 0.107656 0.050000
v -0.110579 0.107122 0.049511
v -0.107832 0.106640 0.048090
v -0.105652 0.106258 0.045878
v -0.104252 0.106012 0.043090
v -0.103769 0.105928 0.040000
v -0.103769 0.105928 -0.040000
v -0.104252 0.106012 -0.043090
v -0.105652 0.106258 -0.045878
v -0.107832 0.106640 -0.048090
v -0.110579 0.107122 -0.049511
v -0.113626 0.107656 -0.050000
v -0.107259 0.137741 0.050000
v -0.104262 0.136977 0.049511
v -0.101558 0.136289 0.048090
v -0.099413 0.135742 0.045878
v -0.098035 0.135392 0.043090
v -0.097560 0.135271 0.040000
v -0.097560 0.135271 -0.040000
v -0.098035 0.135392 -0.043090
v -0.099413 0.135742 -0.045878
v -0.101558 0.136289 -0.048090
v -0.104262 0.136977 -0.049511
v -0.107259 0.137741 -0.050000
v -0.099199 0.164728 0.050000
v -0.096282 0.163700 0.049511
v -0.093649 0.162772 0.048090
v -0.091560 0.162036 0.045878
v -0.090219 0.161563 0.043090
v -0.089756 0.161400 0.040000
v -0.089756 0.161400 -0.040000
v -0.090219 0.161563 -0.043090
v -0.091560 0.162036 -0.045878
v -0.093649 0.162772 -0.048090
v -0.096282 0.163700 -0.049511
v -0.099199 0.164728 -0.050000
v -0.089500 0.188500 0.050000
v -0.086707 0.187165 0.049511
v -0.084188 0.185961 0.048090
v -0.082188 0.185005 0.045878
v -0.080905 0.184391 0.043090
v -0.080462 0.184180 0.040000
v -0.080462 0.184180 -0.040000
v -0.080905 0.184391 -0.043090
v -0.082188 0.185005 -0.045878
v -0.084188 0.185961 -0.048090
v -0.086707 0.187165 -0.049511
v -0.089500 0.188500 -0.050000
v -0.078218 0.208939 0.050000
v -0.075618 0.207253 0.049511
v -0.073273 0.205733 0.048090
v -0.071414 0.204526 0.045878
v -0.070219 0.203751 0.043090
v -0.069806 0.203484 0.040000
v -0.069806 0.203484 -0.040000
v -0.070219 0.203751 -0.043090
v -0.071414 0.204526 -0.045878
v -0.073273 0.205733 -0.048090
v -0.075618 0.207253 -0.049511
v -0.078218 0.208939 -0.050000
v -0.065407 0.225926 0.050000
v -0.063099 0.223855 0.049511
v -0.061018 0.221986 0.048090
v -0.059364 0.220503 0.045878
v -0.058303 0.219551 0.043090
v -0.057938 0.219223 0.040000
v -0.057938 0.219223 -0.040000
v -0.058303 0.219551 -0.043090
v -0.059364 0.220503 -0.045878
v -0.061018 0.221986 -0.048090
v -0.063099 0.223855 -0.049511
v -0.065407 0.225926 -0.050000
v -0.051126 0.239344 0.050000
v -0.049235 0.236880 0.049511
v -0.047529 0.234657 0.048090
v -0.046176 0.232894 0.045878
v -0.045306 0.231761 0.043090
v -0.045007 0.231371 0.040000
v -0.045007 0.231371 -0.040000
v -0.045306 0.231761 -0.043090
v -0.046176 0.232894 -0.045878
v -0.047529 0.234657 -0.048090
v -0.049235 0.236880 -0.049511
v -0.051126 0.239344 -0.050000
v -0.035426 0.249074 0.050000
v -0.034090 0.246267 0.049511
v -0.032883 0.243735 0.048090
v -0.031926 0.241726 0.045878
v -0.031312 0.240435 0.043090
v -0.031099 0.239991 0.040000
v -0.031099 0.239991 -0.040000
v -0.031312 0.240435 -0.043090
v -0.031926 0.241726 -0.045878
v -0.032883 0.243735 -0.048090
v -0.034090 0.246267 -0.049511
v -0.035426 0.249074 -0.050000
v -0.018366 0.254999 0.050000
v -0.017684 0.251965 0.049511
v -0.017067 0.249228 0.048090
v -0.016578 0.247056 0.045878
v -0.016264 0.245661 0.043090
v -0.016156 0.245180 0.040000
v -0.016156 0.245180 -0.040000
v -0.016264 0.245661 -0.043090
v -0.016578 0.247056 -0.045878
v -0.017067 0.249228 -0.048090
v -0.017684 0.251965 -0.049511
v -0.018366 0.254999 -0.050000
v 0.000000 0.257000 0.050000
v 0.000000 0.253892 0.049511
v 0.000000 0.251087 0.048090
v 0.000000 0.248862 0.045878
v 0.000000 0.247433 0.043090
v 0.000000 0.246941 0.040000
v 0.000000 0.246941 -0.040000
v 0.000000 0.247433 -0.043090
v 0.000000 0.248862 -0.045878
v 0.000000 0.251087 -0.048090
v 0.000000 0.253892 -0.049511
v 0.000000 0.257000 -0.050000
v 0.018367 0.254999 0.050000
v 0.017684 0.251965 0.049511
v 0.017067 0.249228 0.048090
v 0.016579 0.247056 0.045878
v 0.016264 0.245661 0.043090
v 0.016157 0.245180 0.040000
v 0.016157 0.245180 -0.040000
v 0.016264 0.245661 -0.043090
v 0.016579 0.247056 -0.045878
v 0.017067 0.249228 -0.048090
v 0.017684 0.251965 -0.049511
v 0.018367 0.254999 -0.050000
v 0.035427 0.249074 0.050000
v 0.034090 0.246267 0.049511
v 0.032883 0.243735 0.048090
v 0.031926 0.241726 0.045878
v 0.031312 0.240435 0.043090
v 0.031100 0.239991 0.040000
v 0.031100 0.239991 -0.040000
v 0.031312 0.240435 -0.043090
v 0.031926 0.241726 -0.045878
v 0.032883 0.243735 -0.048090
v 0.034090 0.246267 -0.049511
v 0.035427 0.249074 -0.050000
v 0.051126 0.239344 0.050000
v 0.049235 0.236880 0.049511
v 0.047530 0.234657 0.048090
v 0.046175 0.232893 0.045878
v 0.045307 0.231761 0.043090
v 0.045008 0.231371 0.040000
v 0.045008 0.231371 -0.040000
v 0.045307 0.231761 -0.043090
v 0.046175 0.232893 -0.045878
v 0.047530 0.234657 -0.048090
v 0.049235 0.236880 -0.049511
v 0.051126 0.239344 -0.050000
v 0.065408 0.225926 0.050000
v 0.063100 0.223855 0.049511
v 0.061017 0.221986 0.048090
v 0.059365 0.220503 0.045878
v 0.058304 0.219551 0.043090
v 0.057938 0.219223 0.040000
v 0.057938 0.219223 -0.040000
v 0.058304 0.219551 -0.043090
v 0.059365 0.220503 -0.045878
v 0.061017 0.221986 -0.048090
v 0.063100 0.223855 -0.049511
v 0.065408 0.225926 -0.050000
v 0.078218 0.208939 0.050000
v 0.075619 0.207253 0.049511
v 0.073274 0.205733 0.048090
v 0.071413 0.204526 0.045878
v 0.070218 0.203751 0.043090
v 0.069807 0.203484 0.040000
v 0.069807 0.203484 -0.040000
v 0.070218 0.203751 -0.043090
v 0.071413 0.204526 -0.045878
v 0.073274 0.205733 -0.048090
v 0.075619 0.207253 -0.049511
v 0.078218 0.208939 -0.050000
v 0.089501 0.188500 0.050000
v 0.086708 0.187165 0.049511
v 0.084188 0.185961 0.048090
v 0.082189 0.185005 0.045878
v 0.080904 0.184391 0.043090
v 0.080462 0.184180 0.040000
v 0.080462 0.184180 -0.040000
v 0.080904 0.184391 -0.043090
v 0.082189 0.185005 -0.045878
v 0.084188 0.185961 -0.048090
v 0.086708 0.187165 -0.049511
v 0.089501 0.188500 -0.050000
v 0.099200 0.164728 0.050000
v 0.096282 0.163700 0.049511
v 0.093648 0.162772 0.048090
v 0.091560 0.162036 0.045878
v 0.090219 0.161563 0.043090
v 0.089756 0.161400 0.040000
v 0.089756 0.161400 -0.040000
v 0.090219 0.161563 -0.043090
v 0.091560 0.162036 -0.045878
v 0.093648 0.162772 -0.048090
v 0.096282 0.163700 -0.049511
v 0.099200 0.164728 -0.050000
v 0.107260 0.137741 0.050000
v 0.104263 0.136977 0.049511
v 0.101559 0.136289 0.048090
v 0.099412 0.135742 0.045878
v 0.098036 0.135392 0.043090
v 0.097561 0.135271 0.040000
v 0.097561 0.135271 -0.040000
v 0.098036 0.135392 -0.043090
v 0.099412 0.135742 -0.045878
v 0.101559 0.136289 -0.048090
v 0.104263 0.136977 -0.049511
v 0.107260 0.137741 -0.050000
v 0.113625 0.107656 0.050000
v 0.110579 0.107122 0.049511
v 0.107831 0.106640 0.048090
v 0.105652 0.106258 0.045878
v 0.104252 0.106012 0.043090
v 0.103770 0.105928 0.040000
v 0.103770 0.105928 -0.040000
v 0.104252 0.106012 -0.043090
v 0.105652 0.106258 -0.045878
v 0.107831 0.106640 -0.048090
v 0.110579 0.107122 -0.049511
v 0.113625 0.107656 -0.050000
v 0.118241 0.074593 0.050000
v 0.115168 0.074258 0.049511
v 0.112395 0.073956 0.048090
v 0.110195 0.073717 0.045878
v 0.108782 0.073563 0.043090
v 0.108294 0.073510 0.040000
v 0.108294 0.073510 -0.040000
v 0.108782 0.073563 -0.043090
v 0.110195 0.073717 -0.045878
v 0.112395 0.073956 -0.048090
v 0.115168 0.074258 -0.049511
v 0.118241 0.074593 -0.050000
v 0.121051 0.038668 0.050000
v 0.117964 0.038509 0.049511
v 0.115179 0.038366 0.048090
v 0.112968 0.038253 0.045878
v 0.111550 0.038180 0.043090
v 0.111061 0.038155 0.040000
v 0.111061 0.038155 -0.040000
v 0.111550 0.038180 -0.043090
v 0.112968 0.038253 -0.045878
v 0.115179 0.038366 -0.048090
v 0.117964 0.038509 -0.049511
v 0.121051 0.038668 -0.050000
v 0.122000 0.000000 0.050000
v 0.118909 0.000000 0.049511
v 0.116121 0.000000 0.048090
v 0.113908 0.000000 0.045878
v 0.112487 0.000000 0.043090
v 0.111997 0.000000 0.040000
v 0.111997 0.000000 -0.040000
v 0.112487 0.000000 -0.043090
v 0.113908 0.000000 -0.045878
v 0.116121 0.000000 -0.048090
v 0.118909 0.000000 -0.049511
v 0.122000 0.000000 -0.050000
v 0.121050 -0.038668 0.050000
v 0.117963 -0.038509 0.049511
v 0.115178 -0.038366 0.048090
v 0.112967 -0.038253 0.045878
v 0.111549 -0.038180 0.043090
v 0.111060 -0.038155 0.040000
v 0.111060 -0.038155 -0.040000
v 0.111549 -0.038180 -0.043090
v 0.112967 -0.038253 -0.045878
v 0.115178 -0.038366 -0.048090
v 0.117963 -0.038509 -0.049511
v 0.121050 -0.038668 -0.050000
v 0.118240 -0.074593 0.050000
v 0.115167 -0.074258 0.049511
v 0.112394 -0.073956 0.048090
v 0.110194 -0.073717 0.045878
v 0.108781 -0.073563 0.043090
v 0.108294 -0.073510 0.040000
v 0.108294 -0.073510 -0.040000
v 0.108781 -0.073563 -0.043090
v 0.110194 -0.073717 -0.045878
v 0.112394 -0.073956 -0.048090
v 0.115167 -0.074258 -0.049511
v 0.118240 -0.074593 -0.050000
v 0.113624 -0.107656 0.050000
v 0.110579 -0.107122 0.049511
v 0.107831 -0.106640 0.048090
v 0.105651 -0.106258 0.045878
v 0.104250 -0.106012 0.043090
v 0.103769 -0.105928 0.040000
v 0.103769 -0.105928 -0.040000
v 0.104250 -0.106012 -0.043090
v 0.105651 -0.106258 -0.045878
v 0.107831 -0.106640 -0.048090
v 0.110579 -0.107122 -0.049511
v 0.113624 -0.107656 -0.050000
v 0.107259 -0.137741 0.050000
v 0.104262 -0.136977 0.049511
v 0.101558 -0.136289 0.048090
v 0.099411 -0.135742 0.045878
v 0.098035 -0.135392 0.043090
v 0.097559 -0.135271 0.040000
v 0.097559 -0.135271 -0.040000
v 0.098035 -0.135392 -0.043090
v 0.099411 -0.135742 -0.045878
v 0.101558 -0.136289 -0.048090
v 0.104262 -0.136977 -0.049511
v 0.107259 -0.137741 -0.050000
v 0.099199 -0.164728 0.050000
v 0.096281 -0.163700 0.049511
v 0.093647 -0.162772 0.048090
v 0.091558 -0.162036 0.045878
v 0.090218 -0.161563 0.043090
v 0.089756 -0.161401 0.040000
v 0.089756 -0.161401 -0.040000
v 0.090218 -0.161563 -0.043090
v 0.091558 -0.162036 -0.045878
v 0.093647 -0.162772 -0.048090
v 0.096281 -0.163700 -0.049511
v 0.099199 -0.164728 -0.050000
v 0.089499 -0.188500 0.050000
v 0.086707 -0.187165 0.049511
v 0.084187 -0.185961 0.048090
v 0.082188 -0.185005 0.045878
v 0.080904 -0.184392 0.043090
v 0.080462 -0.184180 0.040000
v 0.080462 -0.184180 -0.040000
v 0.080904 -0.184392 -0.043090
v 0.082188 -0.185005 -0.045878
v 0.084187 -0.185961 -0.048090
v 0.086707 -0.187165 -0.049511
v 0.089499 -0.188500 -0.050000
v 0.078217 -0.208939 0.050000
v 0.075618 -0.207253 0.049511
v 0.073273 -0.205733 0.048090
v 0.071412 -0.204526 0.045878
v 0.070217 -0.203751 0.043090
v 0.069806 -0.203484 0.040000
v 0.069806 -0.203484 -0.040000
v 0.070217 -0.203751 -0.043090
v 0.071412 -0.204526 -0.045878
v 0.073273 -0.205733 -0.048090
v 0.075618 -0.207253 -0.049511
v 0.078217 -0.208939 -0.050000
v 0.065407 -0.225926 0.050000
v 0.063098 -0.223855 0.049511
v 0.061016 -0.221986 0.048090
v 0.059364 -0.220503 0.045878
v 0.058303 -0.219551 0.043090
v 0.057937 -0.219223 0.040000
v 0.057937 -0.219223 -0.040000
v 0.058303 -0.219551 -0.043090
v 0.059364 -0.220503 -0.045878
v 0.061016 -0.221986 -0.048090
v 0.063098 -0.223855 -0.049511
v 0.065407 -0.225926 -0.050000
v 0.051125 -0.239344 0.050000
v 0.049233 -0.236880 0.049511
v 0.047529 -0.234657 0.048090
v 0.046175 -0.232894 0.045878
v 0.045306 -0.231761 0.043090
v 0.045007 -0.231371 0.040000
v 0.045007 -0.231371 -0.040000
v 0.045306 -0.231761 -0.043090
v 0.046175 -0.232894 -0.045878
v 0.047529 -0.234657 -0.048090
v 0.049233 -0.236880 -0.049511
v 0.051125 -0.239344 -0.050000
v 0.035426 -0.249074 0.050000
v 0.034089 -0.246267 0.049511
v 0.032883 -0.243735 0.048090
v 0.031926 -0.241726 0.045878
v 0.031311 -0.240435 0.043090
v 0.031099 -0.239991 0.040000
v 0.031099 -0.239991 -0.040000
v 0.031311 -0.240435 -0.043090
v 0.031926 -0.241726 -0.045878
v 0.032883 -0.243735 -0.048090
v 0.034089 -0.246267 -0.049511
v 0.035426 -0.249074 -0.050000
v 0.018366 -0.254999 0.050000
v 0.017683 -0.251965 0.049511
v 0.017066 -0.249228 0.048090
v 0.016578 -0.247056 0.045878
v 0.016263 -0.245661 0.043090
v 0.016156 -0.245181 0.040000
v 0.016156 -0.245181 -0.040000
v 0.016263 -0.245661 -0.043090
v 0.016578 -0.247056 -0.045878
v 0.017066 -0.249228 -0.048090
v 0.017683 -0.251965 -0.049511
v 0.018366 -0.254999 -0.050000
v 0.000000 -0.257000 0.050000
v 0.000000 -0.253892 0.049511
v 0.000000 -0.251087 0.048090
v 0.000000 -0.248862 0.045878
v 0.000000 -0.247433 0.043090
v 0.000000 -0.246941 0.040000
v 0.000000 -0.246941 -0.040000
v 0.000000 -0.247433 -0.043090
v 0.000000 -0.248862 -0.045878
v 0.000000 -0.251087 -0.048090
v 0.000000 -0.253892 -0.049511
v 0.000000 -0.257000 -0.050000
vn -0.0000 -0.0000 -1.0000
vn -0.0000 -0.0000 1.0000
vn -0.0572 0.3110 0.9487
vn -0.1134 0.2951 0.9487
vn -0.0558 0.1453 0.9878
vn -0.0282 0.1531 0.9878
vn -0.1072 0.5824 0.8058
vn -0.2124 0.5528 0.8058
vn -0.1467 0.7976 0.5851
vn -0.2909 0.7570 0.5850
vn -0.1722 0.9359 0.3074
vn -0.3413 0.8882 0.3074
vn -0.1804 0.9805 0.0784
vn -0.3576 0.9306 0.0784
vn -0.1804 0.9805 -0.0784
vn -0.3576 0.9306 -0.0784
vn -0.1722 0.9359 -0.3074
vn -0.3413 0.8882 -0.3074
vn -0.1467 0.7976 -0.5851
vn -0.2909 0.7570 -0.5850
vn -0.1072 0.5824 -0.8058
vn -0.2124 0.5528 -0.8058
vn -0.0572 0.3110 -0.9487
vn -0.1134 0.2951 -0.9487
vn -0.0282 0.1531 -0.9878
vn -0.0558 0.1453 -0.9878
vn -0.1644 0.2697 0.9488
vn -0.0811 0.1330 0.9878
vn -0.3082 0.5055 0.8059
vn -0.4221 0.6924 0.5851
vn -0.4953 0.8125 0.3075
vn -0.5189 0.8512 0.0784
vn -0.5189 0.8512 -0.0784
vn -0.4953 0.8125 -0.3075
vn -0.4221 0.6924 -0.5851
vn -0.3082 0.5055 -0.8059
vn -0.1644 0.2697 -0.9488
vn -0.0811 0.1330 -0.9878
vn -0.2072 0.2378 0.9490
vn -0.1024 0.1175 0.9878
vn -0.3888 0.4462 0.8061
vn -0.5327 0.6114 0.5852
vn -0.6251 0.7174 0.3075
vn -0.6549 0.7516 0.0783
vn -0.6549 0.7516 -0.0783
vn -0.6251 0.7174 -0.3075
vn -0.5327 0.6114 -0.5852
vn -0.3888 0.4462 -0.8061
vn -0.2072 0.2378 -0.9490
vn -0.1024 0.1175 -0.9878
vn -0.2408 0.2029 0.9491
vn -0.1192 0.1005 0.9878
vn -0.4523 0.3812 0.8063
vn -0.6200 0.5225 0.5854
vn -0.7276 0.6132 0.3076
vn -0.7623 0.6425 0.0783
vn -0.7623 0.6425 -0.0783
vn -0.7276 0.6132 -0.3076
vn -0.6200 0.5225 -0.5854
vn -0.4523 0.3812 -0.8063
vn -0.2408 0.2029 -0.9491
vn -0.1192 0.1005 -0.9878
vn -0.2657 0.1678 0.9493
vn -0.1319 0.0833 0.9878
vn -0.4999 0.3156 0.8065
vn -0.6855 0.4328 0.5855
vn -0.8045 0.5079 0.3077
vn -0.8430 0.5322 0.0784
vn -0.8430 0.5322 -0.0784
vn -0.8045 0.5079 -0.3077
vn -0.6855 0.4328 -0.5855
vn -0.4999 0.3156 -0.8065
vn -0.2657 0.1678 -0.9493
vn -0.1319 0.0833 -0.9878
vn -0.2836 0.1341 0.9495
vn -0.1411 0.0667 0.9877
vn -0.5342 0.2527 0.8067
vn -0.7327 0.3466 0.5857
vn -0.8601 0.4068 0.3079
vn -0.9012 0.4262 0.0785
vn -0.9012 0.4262 -0.0785
vn -0.8601 0.4068 -0.3079
vn -0.7327 0.3466 -0.5857
vn -0.5342 0.2527 -0.8067
vn -0.2836 0.1341 -0.9495
vn -0.1411 0.0667 -0.9877
vn -0.2959 0.1028 0.9497
vn -0.1475 0.0512 0.9877
vn -0.5580 0.1938 0.8069
vn -0.7655 0.2658 0.5859
vn -0.8987 0.3121 0.3080
vn -0.9418 0.3270 0.0784
vn -0.9418 0.3270 -0.0784
vn -0.8987 0.3121 -0.3080
vn -0.7657 0.2660 -0.5856
vn -0.5580 0.1938 -0.8069
vn -0.2959 0.1028 -0.9497
vn -0.1475 0.0512 -0.9877
vn -0.3040 0.0738 0.9498
vn -0.1517 0.0369 0.9877
vn -0.5737 0.1394 0.8071
vn -0.7873 0.1913 0.5861
vn -0.9245 0.2246 0.3080
vn -0.9688 0.2353 0.0783
vn -0.9688 0.2353 -0.0783
vn -0.9245 0.2246 -0.3080
vn -0.7873 0.1913 -0.5861
vn -0.5737 0.1394 -0.8071
vn -0.3040 0.0738 -0.9498
vn -0.1517 0.0369 -0.9877
vn -0.3089 0.0473 0.9499
vn -0.1544 0.0236 0.9877
vn -0.5834 0.0893 0.8073
vn -0.8008 0.1226 0.5862
vn -0.9404 0.1439 0.3080
vn -0.9855 0.1508 0.0783
vn -0.9855 0.1508 -0.0783
vn -0.9404 0.1439 -0.3080
vn -0.8008 0.1226 -0.5862
vn -0.5834 0.0893 -0.8073
vn -0.3089 0.0473 -0.9499
vn -0.1544 0.0236 -0.9877
vn -0.3114 0.0228 0.9500
vn -0.1558 0.0114 0.9877
vn -0.5884 0.0431 0.8074
vn -0.8079 0.0592 0.5863
vn -0.9488 0.0695 0.3080
vn -0.9943 0.0728 0.0783
vn -0.9943 0.0728 -0.0783
vn -0.9488 0.0695 -0.3080
vn -0.8079 0.0592 -0.5863
vn -0.5884 0.0431 -0.8074
vn -0.3114 0.0228 -0.9500
vn -0.1558 0.0114 -0.9877
vn -0.3121 -0.0000 0.9501
vn -0.1562 -0.0000 0.9877
vn -0.5899 -0.0000 0.8075
vn -0.8100 -0.0000 0.5864
vn -0.9514 -0.0000 0.3080
vn -0.9969 -0.0000 0.0783
vn -0.9969 -0.0000 -0.0783
vn -0.9514 -0.0000 -0.3080
vn -0.8100 -0.0000 -0.5864
vn -0.5899 -0.0000 -0.8075
vn -0.3121 -0.0000 -0.9501
vn -0.1562 -0.0000 -0.9877
vn -0.3114 -0.0228 0.9500
vn -0.1558 -0.0114 0.9877
vn -0.5884 -0.0431 0.8074
vn -0.8079 -0.0592 0.5863
vn -0.9488 -0.0695 0.3081
vn -0.9943 -0.0728 0.0783
vn -0.9943 -0.0728 -0.0783
vn -0.9488 -0.0695 -0.3081
vn -0.8079 -0.0592 -0.5863
vn -0.5884 -0.0431 -0.8074
vn -0.3114 -0.0228 -0.9500
vn -0.1558 -0.0114 -0.9877
vn -0.3089 -0.0473 0.9499
vn -0.1544 -0.0236 0.9877
vn -0.5834 -0.0893 0.8073
vn -0.8008 -0.1226 0.5862
vn -0.9404 -0.1439 0.3081
vn -0.9855 -0.1508 0.0783
vn -0.9855 -0.1508 -0.0783
vn -0.9404 -0.1439 -0.3081
vn -0.8008 -0.1226 -0.5862
vn -0.5834 -0.0893 -0.8073
vn -0.3089 -0.0473 -0.9499
vn -0.1544 -0.0236 -0.9877
vn -0.3040 -0.0738 0.9498
vn -0.1517 -0.0369 0.9877
vn -0.5737 -0.1394 0.8071
vn -0.7873 -0.1913 0.5861
vn -0.9245 -0.2246 0.3080
vn -0.9688 -0.2353 0.0783
vn -0.9688 -0.2353 -0.0783
vn -0.9245 -0.2246 -0.3080
vn -0.7873 -0.1913 -0.5861
vn -0.5737 -0.1394 -0.8071
vn -0.3040 -0.0738 -0.9498
vn -0.1517 -0.0369 -0.9877
vn -0.2959 -0.1028 0.9497
vn -0.1475 -0.0512 0.9877
vn -0.5580 -0.1938 0.8069
vn -0.7656 -0.2659 0.5859
vn -0.8988 -0.3121 0.3079
vn -0.9418 -0.3270 0.0784
vn -0.9418 -0.3270 -0.0784
vn -0.8988 -0.3121 -0.3079
vn -0.7656 -0.2659 -0.5859
vn -0.5580 -0.1938 -0.8069
vn -0.2959 -0.1028 -0.9497
vn -0.1475 -0.0512 -0.9877
vn -0.2836 -0.1341 0.9495
vn -0.1411 -0.0667 0.9877
vn -0.5342 -0.2527 0.8067
vn -0.7327 -0.3466 0.5857
vn -0.8601 -0.4068 0.3078
vn -0.9012 -0.4262 0.0784
vn -0.9012 -0.4262 -0.0784
vn -0.8601 -0.4068 -0.3078
vn -0.7327 -0.3466 -0.5857
vn -0.5342 -0.2527 -0.8067
vn -0.2836 -0.1341 -0.9495
vn -0.1411 -0.0667 -0.9877
vn -0.2657 -0.1677 0.9493
vn -0.1319 -0.0833 0.9878
vn -0.4999 -0.3156 0.8065
vn -0.6855 -0.4328 0.5855
vn -0.8045 -0.5079 0.3078
vn -0.8430 -0.5322 0.0784
vn -0.8430 -0.5322 -0.0784
vn -0.8045 -0.5079 -0.3078
vn -0.6855 -0.4328 -0.5855
vn -0.4999 -0.3156 -0.8065
vn -0.2657 -0.1677 -0.9493
vn -0.1319 -0.0833 -0.9878
vn -0.2407 -0.2029 0.9491
vn -0.1192 -0.1005 0.9878
vn -0.4523 -0.3812 0.8063
vn -0.6200 -0.5225 0.5854
vn -0.7276 -0.6132 0.3076
vn -0.7623 -0.6425 0.0784
vn -0.7623 -0.6425 -0.0784
vn -0.7276 -0.6132 -0.3076
vn -0.6200 -0.5225 -0.5854
vn -0.4523 -0.3812 -0.8063
vn -0.2407 -0.2029 -0.9491
vn -0.1192 -0.1005 -0.9878
vn -0.2072 -0.2378 0.9489
vn -0.1023 -0.1175 0.9878
vn -0.3888 -0.4462 0.8061
vn -0.5327 -0.6114 0.5852
vn -0.6251 -0.7174 0.3075
vn -0.6549 -0.7516 0.0784
vn -0.6549 -0.7516 -0.0784
vn -0.6251 -0.7174 -0.3075
vn -0.5327 -0.6114 -0.5852
vn -0.3888 -0.4462 -0.8061
vn -0.2072 -0.2378 -0.9489
vn -0.1023 -0.1175 -0.9878
vn -0.1644 -0.2697 0.9488
vn -0.0810 -0.1329 0.9878
vn -0.3082 -0.5055 0.8059
vn -0.4221 -0.6925 0.5851
vn -0.4953 -0.8125 0.3074
vn -0.5189 -0.8512 0.0784
vn -0.5189 -0.8512 -0.0784
vn -0.4953 -0.8125 -0.3075
vn -0.4221 -0.6925 -0.5851
vn -0.3082 -0.5055 -0.8059
vn -0.1644 -0.2697 -0.9488
vn -0.0810 -0.1329 -0.9878
vn -0.1134 -0.2951 0.9487
vn -0.0558 -0.1453 0.9878
vn -0.2124 -0.5528 0.8058
vn -0.2909 -0.7571 0.5850
vn -0.3413 -0.8882 0.3074
vn -0.3576 -0.9306 0.0784
vn -0.3576 -0.9306 -0.0784
vn -0.3413 -0.8882 -0.3074
vn -0.2909 -0.7571 -0.5850
vn -0.2124 -0.5528 -0.8058
vn -0.1134 -0.2951 -0.9487
vn -0.0558 -0.1453 -0.9878
vn -0.0572 -0.3109 0.9487
vn -0.0282 -0.1531 0.9878
vn -0.1072 -0.5824 0.8058
vn -0.1468 -0.7976 0.5850
vn -0.1722 -0.9359 0.3074
vn -0.1804 -0.9805 0.0784
vn -0.1804 -0.9805 -0.0784
vn -0.1722 -0.9359 -0.3074
vn -0.1468 -0.7976 -0.5850
vn -0.1072 -0.5824 -0.8058
vn -0.0572 -0.3109 -0.9487
vn -0.0282 -0.1531 -0.9878
vn -0.0000 -0.3160 0.9488
vn -0.0000 -0.1557 0.9878
vn -0.0000 -0.5921 0.8059
vn -0.0000 -0.8110 0.5851
vn -0.0000 -0.9516 0.3074
vn -0.0000 -0.9969 0.0784
vn -0.0000 -0.9969 -0.0784
vn -0.0000 -0.9516 -0.3074
vn -0.0000 -0.8110 -0.5851
vn -0.0000 -0.5921 -0.8059
vn -0.0000 -0.3160 -0.9488
vn -0.0000 -0.1557 -0.9878
vn 0.0572 -0.3109 0.9487
vn 0.0282 -0.1531 0.9878
vn 0.1072 -0.5824 0.8058
vn 0.1468 -0.7977 0.5850
vn 0.1722 -0.9359 0.3074
vn 0.1804 -0.9805 0.0784
vn 0.1804 -0.9805 -0.0784
vn 0.1722 -0.9359 -0.3074
vn 0.1468 -0.7977 -0.5850
vn 0.1072 -0.5824 -0.8058
vn 0.0572 -0.3109 -0.9487
vn 0.0282 -0.1531 -0.9878
vn 0.1134 -0.2951 0.9487
vn 0.0558 -0.1453 0.9878
vn 0.2124 -0.5528 0.8058
vn 0.2909 -0.7571 0.5850
vn 0.3413 -0.8882 0.3074
vn 0.3576 -0.9306 0.0784
vn 0.3576 -0.9306 -0.0784
vn 0.3413 -0.8882 -0.3074
vn 0.2909 -0.7571 -0.5850
vn 0.2124 -0.5528 -0.8058
vn 0.1134 -0.2951 -0.9487
vn 0.0558 -0.1453 -0.9878
vn 0.1644 -0.2697 0.9488
vn 0.0810 -0.1330 0.9878
vn 0.3082 -0.5055 0.8059
vn 0.4221 -0.6925 0.5851
vn 0.4953 -0.8125 0.3075
vn 0.5189 -0.8512 0.0785
vn 0.5189 -0.8512 -0.0785
vn 0.4953 -0.8125 -0.3075
vn 0.4221 -0.6925 -0.5851
vn 0.3082 -0.5055 -0.8059
vn 0.1644 -0.2697 -0.9488
vn 0.0810 -0.1330 -0.9878
vn 0.2072 -0.2378 0.9489
vn 0.1023 -0.1175 0.9878
vn 0.3888 -0.4462 0.8061
vn 0.5327 -0.6114 0.5852
vn 0.6251 -0.7174 0.3076
vn 0.6549 -0.7516 0.0785
vn 0.6549 -0.7516 -0.0785
vn 0.6251 -0.7174 -0.3076
vn 0.5327 -0.6114 -0.5852
vn 0.3888 -0.4462 -0.8061
vn 0.2072 -0.2378 -0.9489
vn 0.1023 -0.1175 -0.9878
vn 0.2407 -0.2029 0.9491
vn 0.1192 -0.1005 0.9878
vn 0.4523 -0.3812 0.8063
vn 0.6200 -0.5225 0.5853
vn 0.7276 -0.6132 0.3076
vn 0.7623 -0.6425 0.0784
vn 0.7623 -0.6425 -0.0784
vn 0.7276 -0.6132 -0.3076
vn 0.6200 -0.5225 -0.5853
vn 0.4523 -0.3812 -0.8063
vn 0.2407 -0.2029 -0.9491
vn 0.1192 -0.1005 -0.9878
vn 0.2657 -0.1678 0.9493
vn 0.1319 -0.0833 0.9878
vn 0.4999 -0.3156 0.8065
vn 0.6855 -0.4328 0.5855
vn 0.8046 -0.5080 0.3076
vn 0.8430 -0.5322 0.0783
vn 0.8430 -0.5322 -0.0783
vn 0.8046 -0.5080 -0.3076
vn 0.6855 -0.4328 -0.5855
vn 0.4999 -0.3156 -0.8065
vn 0.2657 -0.1678 -0.9493
vn 0.1319 -0.0833 -0.9878
vn 0.2836 -0.1341 0.9495
vn 0.1411 -0.0667 0.9877
vn 0.5341 -0.2526 0.8068
vn 0.7327 -0.3465 0.5858
vn 0.8601 -0.4068 0.3077
vn 0.9012 -0.4262 0.0783
vn 0.9012 -0.4262 -0.0783
vn 0.8601 -0.4068 -0.3077
vn 0.7327 -0.3465 -0.5858
vn 0.5341 -0.2526 -0.8068
vn 0.2836 -0.1341 -0.9495
vn 0.1411 -0.0667 -0.9877
vn 0.2959 -0.1028 0.9497
vn 0.1475 -0.0512 0.9877
vn 0.5579 -0.1937 0.8070
vn 0.7655 -0.2658 0.5859
vn 0.8988 -0.3121 0.3078
vn 0.9418 -0.3270 0.0784
vn 0.9418 -0.3270 -0.0784
vn 0.8988 -0.3121 -0.3078
vn 0.7655 -0.2658 -0.5859
vn 0.5579 -0.1937 -0.8070
vn 0.2959 -0.1028 -0.9497
vn 0.1475 -0.0512 -0.9877
vn 0.3040 -0.0739 0.9498
vn 0.1517 -0.0369 0.9877
vn 0.5737 -0.1394 0.8071
vn 0.7874 -0.1913 0.5861
vn 0.9245 -0.2246 0.3080
vn 0.9688 -0.2353 0.0784
vn 0.9688 -0.2353 -0.0784
vn 0.9245 -0.2246 -0.3080
vn 0.7874 -0.1913 -0.5861
vn 0.5737 -0.1394 -0.8071
vn 0.3040 -0.0739 -0.9498
vn 0.1517 -0.0369 -0.9877
vn 0.3089 -0.0473 0.9499
vn 0.1544 -0.0236 0.9877
vn 0.5834 -0.0893 0.8073
vn 0.8009 -0.1226 0.5862
vn 0.9404 -0.1439 0.3081
vn 0.9854 -0.1508 0.0784
vn 0.9854 -0.1508 -0.0784
vn 0.9404 -0.1439 -0.3081
vn 0.8009 -0.1226 -0.5862
vn 0.5834 -0.0893 -0.8073
vn 0.3089 -0.0473 -0.9499
vn 0.1544 -0.0236 -0.9877
vn 0.3114 -0.0228 0.9500
vn 0.1558 -0.0114 0.9877
vn 0.5884 -0.0431 0.8074
vn 0.8080 -0.0592 0.5863
vn 0.9488 -0.0695 0.3081
vn 0.9943 -0.0728 0.0785
vn 0.9943 -0.0728 -0.0785
vn 0.9488 -0.0695 -0.3081
vn 0.8080 -0.0592 -0.5863
vn 0.5884 -0.0431 -0.8074
vn 0.3114 -0.0228 -0.9500
vn 0.1558 -0.0114 -0.9877
vn 0.3121 -0.0000 0.9501
vn 0.1562 -0.0000 0.9877
vn 0.5899 -0.0000 0.8075
vn 0.8100 -0.0000 0.5864
vn 0.9513 -0.0000 0.3082
vn 0.9969 -0.0000 0.0784
vn 0.9969 -0.0000 -0.0784
vn 0.9513 -0.0000 -0.3082
vn 0.8100 -0.0000 -0.5864
vn 0.5899 -0.0000 -0.8075
vn 0.3121 -0.0000 -0.9501
vn 0.1562 -0.0000 -0.9877
vn 0.3114 0.0228 0.9500
vn 0.1558 0.0114 0.9877
vn 0.5884 0.0431 0.8074
vn 0.8080 0.0592 0.5863
vn 0.9488 0.0695 0.3081
vn 0.9943 0.0728 0.0785
vn 0.9943 0.0728 -0.0785
vn 0.9488 0.0695 -0.3081
vn 0.8080 0.0592 -0.5863
vn 0.5884 0.0431 -0.8074
vn 0.3114 0.0228 -0.9500
vn 0.1558 0.0114 -0.9877
vn 0.3089 0.0473 0.9499
vn 0.1544 0.0236 0.9877
vn 0.5834 0.0893 0.8073
vn 0.8009 0.1226 0.5862
vn 0.9404 0.1439 0.3081
vn 0.9854 0.1508 0.0784
vn 0.9854 0.1508 -0.0784
vn 0.9404 0.1439 -0.3081
vn 0.8009 0.1226 -0.5862
vn 0.5834 0.0893 -0.8073
vn 0.3089 0.0473 -0.9499
vn 0.1544 0.0236 -0.9877
vn 0.3040 0.0739 0.9498
vn 0.1517 0.0369 0.9877
vn 0.5737 0.1394 0.8071
vn 0.7874 0.1913 0.5861
vn 0.9245 0.2246 0.3080
vn 0.9688 0.2353 0.0784
vn 0.9688 0.2353 -0.0784
vn 0.9245 0.2246 -0.3080
vn 0.7874 0.1913 -0.5861
vn 0.5737 0.1394 -0.8071
vn 0.3040 0.0739 -0.9498
vn 0.1517 0.0369 -0.9877
vn 0.2959 0.1028 0.9497
vn 0.1475 0.0512 0.9877
vn 0.5579 0.1937 0.8070
vn 0.7655 0.2658 0.5859
vn 0.8988 0.3121 0.3078
vn 0.9418 0.3270 0.0784
vn 0.9418 0.3270 -0.0784
vn 0.8988 0.3121 -0.3078
vn 0.7657 0.2661 -0.5855
vn 0.5579 0.1937 -0.8070
vn 0.2959 0.1028 -0.9497
vn 0.1475 0.0512 -0.9877
vn 0.2836 0.1341 0.9495
vn 0.1411 0.0667 0.9877
vn 0.5341 0.2526 0.8068
vn 0.7327 0.3465 0.5858
vn 0.8601 0.4068 0.3077
vn 0.9012 0.4262 0.0783
vn 0.9012 0.4262 -0.0783
vn 0.8601 0.4068 -0.3077
vn 0.7327 0.3465 -0.5858
vn 0.5341 0.2526 -0.8068
vn 0.2836 0.1341 -0.9495
vn 0.1411 0.0667 -0.9877
vn 0.2657 0.1678 0.9493
vn 0.1319 0.0833 0.9878
vn 0.4999 0.3156 0.8065
vn 0.6854 0.4328 0.5855
vn 0.8046 0.5080 0.3076
vn 0.8430 0.5322 0.0783
vn 0.8430 0.5322 -0.0783
vn 0.8046 0.5080 -0.3076
vn 0.6854 0.4328 -0.5855
vn 0.4999 0.3156 -0.8065
vn 0.2657 0.1678 -0.9493
vn 0.1319 0.0833 -0.9878
vn 0.2407 0.2029 0.9491
vn 0.1192 0.1005 0.9878
vn 0.4523 0.3812 0.8063
vn 0.6200 0.5225 0.5853
vn 0.7276 0.6132 0.3076
vn 0.7623 0.6425 0.0783
vn 0.7623 0.6425 -0.0783
vn 0.7276 0.6132 -0.3076
vn 0.6200 0.5225 -0.5853
vn 0.4523 0.3812 -0.8063
vn 0.2407 0.2029 -0.9491
vn 0.1192 0.1005 -0.9878
vn 0.2072 0.2378 0.9490
vn 0.1024 0.1175 0.9878
vn 0.3888 0.4462 0.8061
vn 0.5327 0.6114 0.5852
vn 0.6251 0.7174 0.3075
vn 0.6549 0.7516 0.0784
vn 0.6549 0.7516 -0.0784
vn 0.6251 0.7174 -0.3075
vn 0.5327 0.6114 -0.5852
vn 0.3888 0.4462 -0.8061
vn 0.2072 0.2378 -0.9490
vn 0.1024 0.1175 -0.9878
vn 0.1644 0.2697 0.9488
vn 0.0810 0.1330 0.9878
vn 0.3082 0.5055 0.8059
vn 0.4221 0.6925 0.5851
vn 0.4953 0.8125 0.3075
vn 0.5189 0.8512 0.0785
vn 0.5189 0.8512 -0.0785
vn 0.4953 0.8125 -0.3075
vn 0.4221 0.6925 -0.5851
vn 0.3082 0.5055 -0.8059
vn 0.1644 0.2697 -0.9488
vn 0.0810 0.1330 -0.9878
vn 0.1134 0.2951 0.9487
vn 0.0558 0.1453 0.9878
vn 0.2124 0.5528 0.8058
vn 0.2909 0.7571 0.5850
vn 0.3413 0.8882 0.3074
vn 0.3576 0.9306 0.0784
vn 0.3576 0.9306 -0.0784
vn 0.3413 0.8882 -0.3074
vn 0.2909 0.7571 -0.5850
vn 0.2124 0.5528 -0.8058
vn 0.1134 0.2951 -0.9487
vn 0.0558 0.1453 -0.9878
vn 0.0572 0.3110 0.9487
vn 0.0282 0.1531 0.9878
vn 0.1072 0.5824 0.8058
vn 0.1468 0.7976 0.5851
vn 0.1722 0.9359 0.3074
vn 0.1804 0.9805 0.0784
vn 0.1804 0.9805 -0.0784
vn 0.1722 0.9359 -0.3074
vn 0.1468 0.7976 -0.5851
vn 0.1072 0.5824 -0.8058
vn 0.0572 0.3110 -0.9487
vn 0.0282 0.1531 -0.9878
vn -0.0000 0.3160 0.9488
vn -0.0000 0.1557 0.9878
vn -0.0000 0.5921 0.8059
vn -0.0000 0.8109 0.5851
vn -0.0000 0.9516 0.3074
vn -0.0000 0.9969 0.0784
vn -0.0000 0.9969 -0.0784
vn -0.0000 0.9516 -0.3074
vn -0.0000 0.8109 -0.5851
vn -0.0000 0.5921 -0.8059
vn -0.0000 0.3160 -0.9488
vn -0.0000 0.1557 -0.9878
vn 0.0652 0.2899 0.9548
vn 0.1279 0.2685 0.9547
vn 0.0668 0.1403 0.9879
vn 0.0341 0.1515 0.9879
vn 0.1269 0.5639 0.8160
vn 0.2487 0.5221 0.8158
vn 0.1764 0.7837 0.5956
vn 0.3455 0.7254 0.5954
vn 0.2085 0.9262 0.3141
vn 0.4083 0.8571 0.3140
vn 0.2189 0.9725 0.0793
vn 0.4287 0.9000 0.0793
vn 0.2189 0.9725 -0.0793
vn 0.4287 0.9000 -0.0793
vn 0.2085 0.9262 -0.3141
vn 0.4083 0.8571 -0.3140
vn 0.1764 0.7837 -0.5956
vn 0.3455 0.7254 -0.5954
vn 0.1269 0.5639 -0.8160
vn 0.2487 0.5221 -0.8158
vn 0.0652 0.2899 -0.9548
vn 0.1279 0.2685 -0.9547
vn 0.0341 0.1515 -0.9879
vn 0.0668 0.1403 -0.9879
vn 0.1818 0.2370 0.9543
vn 0.0947 0.1234 0.9878
vn 0.3528 0.4597 0.8150
vn 0.4896 0.6380 0.5944
vn 0.5781 0.7534 0.3133
vn 0.6069 0.7909 0.0791
vn 0.6069 0.7909 -0.0791
vn 0.5781 0.7534 -0.3133
vn 0.4896 0.6380 -0.5944
vn 0.3528 0.4597 -0.8150
vn 0.1818 0.2370 -0.9543
vn 0.0947 0.1234 -0.9878
vn 0.2236 0.2006 0.9538
vn 0.1159 0.1040 0.9878
vn 0.4324 0.3880 0.8140
vn 0.5992 0.5377 0.5932
vn 0.7070 0.6345 0.3124
vn 0.7419 0.6658 0.0790
vn 0.7419 0.6658 -0.0790
vn 0.7070 0.6345 -0.3124
vn 0.5992 0.5377 -0.5932
vn 0.4324 0.3880 -0.8140
vn 0.2236 0.2006 -0.9538
vn 0.1159 0.1040 -0.9878
vn 0.2534 0.1643 0.9533
vn 0.1308 0.0848 0.9878
vn 0.4886 0.3168 0.8130
vn 0.6762 0.4385 0.5920
vn 0.7972 0.5169 0.3117
vn 0.8364 0.5423 0.0789
vn 0.8364 0.5423 -0.0789
vn 0.7972 0.5169 -0.3117
vn 0.6762 0.4385 -0.5920
vn 0.4886 0.3168 -0.8130
vn 0.2534 0.1643 -0.9533
vn 0.1308 0.0848 -0.9878
vn 0.2736 0.1308 0.9529
vn 0.1408 0.0673 0.9877
vn 0.5263 0.2516 0.8122
vn 0.7277 0.3478 0.5912
vn 0.8574 0.4098 0.3112
vn 0.8994 0.4299 0.0789
vn 0.8994 0.4299 -0.0789
vn 0.8574 0.4098 -0.3112
vn 0.7277 0.3478 -0.5912
vn 0.5263 0.2516 -0.8122
vn 0.2736 0.1308 -0.9529
vn 0.1408 0.0673 -0.9877
vn 0.2870 0.1011 0.9526
vn 0.1473 0.0519 0.9877
vn 0.5510 0.1942 0.8116
vn 0.7611 0.2682 0.5906
vn 0.8964 0.3159 0.3108
vn 0.9402 0.3313 0.0788
vn 0.9402 0.3313 -0.0788
vn 0.8964 0.3159 -0.3108
vn 0.7611 0.2682 -0.5906
vn 0.5510 0.1942 -0.8116
vn 0.2870 0.1011 -0.9526
vn 0.1473 0.0519 -0.9877
vn 0.2957 0.0753 0.9523
vn 0.1513 0.0385 0.9877
vn 0.5668 0.1443 0.8111
vn 0.7824 0.1992 0.5901
vn 0.9212 0.2346 0.3105
vn 0.9661 0.2460 0.0787
vn 0.9661 0.2460 -0.0787
vn 0.9212 0.2346 -0.3105
vn 0.7824 0.1992 -0.5901
vn 0.5668 0.1443 -0.8111
vn 0.2957 0.0753 -0.9523
vn 0.1513 0.0385 -0.9877
vn 0.3011 0.0528 0.9521
vn 0.1539 0.0270 0.9877
vn 0.5765 0.1011 0.8108
vn 0.7955 0.1395 0.5897
vn 0.9364 0.1642 0.3102
vn 0.9819 0.1722 0.0786
vn 0.9819 0.1722 -0.0786
vn 0.9364 0.1642 -0.3102
vn 0.7955 0.1395 -0.5897
vn 0.5765 0.1011 -0.8108
vn 0.3011 0.0528 -0.9521
vn 0.1539 0.0270 -0.9877
vn 0.3044 0.0331 0.9520
vn 0.1553 0.0169 0.9877
vn 0.5822 0.0634 0.8105
vn 0.8031 0.0874 0.5894
vn 0.9452 0.1028 0.3100
vn 0.9911 0.1078 0.0785
vn 0.9911 0.1078 -0.0785
vn 0.9452 0.1028 -0.3100
vn 0.8031 0.0874 -0.5894
vn 0.5822 0.0634 -0.8105
vn 0.3044 0.0331 -0.9520
vn 0.1553 0.0169 -0.9877
vn 0.3062 0.0157 0.9518
vn 0.1560 0.0080 0.9877
vn 0.5852 0.0300 0.8103
vn 0.8069 0.0414 0.5892
vn 0.9495 0.0488 0.3099
vn 0.9956 0.0511 0.0786
vn 0.9956 0.0511 -0.0786
vn 0.9495 0.0488 -0.3099
vn 0.8069 0.0414 -0.5892
vn 0.5852 0.0300 -0.8103
vn 0.3062 0.0157 -0.9518
vn 0.1560 0.0080 -0.9877
vn 0.3068 -0.0000 0.9518
vn 0.5861 -0.0000 0.8102
vn 0.8081 -0.0000 0.5891
vn 0.9508 -0.0000 0.3098
vn 0.9969 -0.0000 0.0786
vn 0.9969 -0.0000 -0.0786
vn 0.9508 -0.0000 -0.3098
vn 0.8081 -0.0000 -0.5891
vn 0.5861 -0.0000 -0.8102
vn 0.3068 -0.0000 -0.9518
vn 0.3061 -0.0157 0.9519
vn 0.1560 -0.0080 0.9877
vn 0.5849 -0.0299 0.8105
vn 0.8069 -0.0414 0.5892
vn 0.9495 -0.0488 0.3099
vn 0.9956 -0.0511 0.0786
vn 0.9956 -0.0511 -0.0786
vn 0.9495 -0.0488 -0.3099
vn 0.8069 -0.0414 -0.5892
vn 0.5849 -0.0299 -0.8105
vn 0.3061 -0.0157 -0.9519
vn 0.1560 -0.0080 -0.9877
vn 0.3044 -0.0331 0.9520
vn 0.1553 -0.0169 0.9877
vn 0.5823 -0.0634 0.8105
vn 0.8031 -0.0874 0.5894
vn 0.9452 -0.1028 0.3100
vn 0.9911 -0.1078 0.0786
vn 0.9911 -0.1078 -0.0786
vn 0.9452 -0.1028 -0.3100
vn 0.8031 -0.0874 -0.5894
vn 0.5823 -0.0634 -0.8105
vn 0.3044 -0.0331 -0.9520
vn 0.1553 -0.0169 -0.9877
vn 0.3011 -0.0528 0.9521
vn 0.1538 -0.0270 0.9877
vn 0.5766 -0.1011 0.8108
vn 0.7955 -0.1395 0.5897
vn 0.9364 -0.1642 0.3102
vn 0.9819 -0.1722 0.0787
vn 0.9819 -0.1722 -0.0787
vn 0.9364 -0.1642 -0.3102
vn 0.7955 -0.1395 -0.5897
vn 0.5766 -0.1011 -0.8108
vn 0.3011 -0.0528 -0.9521
vn 0.1538 -0.0270 -0.9877
vn 0.2957 -0.0753 0.9523
vn 0.1513 -0.0385 0.9877
vn 0.5668 -0.1443 0.8111
vn 0.7824 -0.1993 0.5900
vn 0.9212 -0.2346 0.3105
vn 0.9661 -0.2460 0.0788
vn 0.9661 -0.2460 -0.0788
vn 0.9212 -0.2346 -0.3105
vn 0.7824 -0.1993 -0.5900
vn 0.5668 -0.1443 -0.8111
vn 0.2957 -0.0753 -0.9523
vn 0.1513 -0.0385 -0.9877
vn 0.2870 -0.1011 0.9526
vn 0.1473 -0.0519 0.9877
vn 0.5510 -0.1942 0.8116
vn 0.7611 -0.2682 0.5905
vn 0.8964 -0.3159 0.3108
vn 0.9402 -0.3313 0.0788
vn 0.9402 -0.3313 -0.0788
vn 0.8964 -0.3159 -0.3108
vn 0.7611 -0.2682 -0.5905
vn 0.5510 -0.1942 -0.8116
vn 0.2870 -0.1011 -0.9526
vn 0.1476 -0.0519 -0.9877
vn 0.2736 -0.1308 0.9529
vn 0.1408 -0.0673 0.9878
vn 0.5263 -0.2516 0.8122
vn 0.7277 -0.3478 0.5912
vn 0.8574 -0.4098 0.3113
vn 0.8994 -0.4299 0.0789
vn 0.8994 -0.4299 -0.0789
vn 0.8574 -0.4098 -0.3113
vn 0.7277 -0.3478 -0.5912
vn 0.5263 -0.2516 -0.8122
vn 0.2736 -0.1308 -0.9529
vn 0.1408 -0.0673 -0.9878
vn 0.2534 -0.1643 0.9533
vn 0.1308 -0.0848 0.9878
vn 0.4886 -0.3168 0.8130
vn 0.6762 -0.4384 0.5921
vn 0.7972 -0.5169 0.3119
vn 0.8364 -0.5423 0.0790
vn 0.8364 -0.5423 -0.0790
vn 0.7972 -0.5169 -0.3119
vn 0.6762 -0.4384 -0.5921
vn 0.4886 -0.3168 -0.8130
vn 0.2534 -0.1643 -0.9533
vn 0.1308 -0.0848 -0.9878
vn 0.2236 -0.2006 0.9538
vn 0.1159 -0.1040 0.9878
vn 0.4324 -0.3880 0.8140
vn 0.5992 -0.5377 0.5932
vn 0.7070 -0.6344 0.3125
vn 0.7419 -0.6658 0.0791
vn 0.7419 -0.6658 -0.0791
vn 0.7070 -0.6344 -0.3125
vn 0.5992 -0.5377 -0.5932
vn 0.4324 -0.3880 -0.8140
vn 0.2236 -0.2006 -0.9538
vn 0.1159 -0.1040 -0.9878
vn 0.1818 -0.2370 0.9543
vn 0.0947 -0.1234 0.9878
vn 0.3528 -0.4597 0.8150
vn 0.4896 -0.6380 0.5944
vn 0.5781 -0.7534 0.3133
vn 0.6069 -0.7908 0.0792
vn 0.6069 -0.7908 -0.0792
vn 0.5781 -0.7534 -0.3133
vn 0.4896 -0.6380 -0.5944
vn 0.3528 -0.4597 -0.8150
vn 0.1818 -0.2370 -0.9543
vn 0.0947 -0.1234 -0.9878
vn 0.1279 -0.2685 0.9547
vn 0.0668 -0.1403 0.9879
vn 0.2487 -0.5221 0.8158
vn 0.3455 -0.7254 0.5953
vn 0.4083 -0.8571 0.3140
vn 0.4287 -0.9000 0.0794
vn 0.4287 -0.9000 -0.0794
vn 0.4083 -0.8571 -0.3140
vn 0.3455 -0.7254 -0.5953
vn 0.2487 -0.5221 -0.8158
vn 0.1279 -0.2685 -0.9547
vn 0.0668 -0.1403 -0.9879
vn 0.0653 -0.2899 0.9548
vn 0.0341 -0.1516 0.9879
vn 0.1269 -0.5639 0.8160
vn 0.1764 -0.7837 0.5956
vn 0.2085 -0.9262 0.3141
vn 0.2189 -0.9725 0.0794
vn 0.2189 -0.9725 -0.0794
vn 0.2085 -0.9262 -0.3141
vn 0.1764 -0.7837 -0.5956
vn 0.1269 -0.5639 -0.8160
vn 0.0653 -0.2899 -0.9548
vn 0.0341 -0.1516 -0.9879
vn -0.0000 -0.2976 0.9547
vn -0.0000 -0.1554 0.9878
vn -0.0000 -0.5785 0.8157
vn -0.0000 -0.8036 0.5952
vn -0.0000 -0.9495 0.3139
vn -0.0000 -0.9968 0.0794
vn -0.0000 -0.9968 -0.0794
vn -0.0000 -0.9495 -0.3139
vn -0.0000 -0.8036 -0.5952
vn -0.0000 -0.5785 -0.8157
vn -0.0000 -0.2976 -0.9547
vn -0.0000 -0.1554 -0.9878
vn -0.0653 -0.2899 0.9548
vn -0.0341 -0.1515 0.9879
vn -0.1269 -0.5639 0.8160
vn -0.1764 -0.7837 0.5956
vn -0.2084 -0.9262 0.3141
vn -0.2189 -0.9725 0.0794
vn -0.2189 -0.9725 -0.0794
vn -0.2084 -0.9262 -0.3141
vn -0.1764 -0.7837 -0.5956
vn -0.1269 -0.5639 -0.8160
vn -0.0653 -0.2899 -0.9548
vn -0.0341 -0.1515 -0.9879
vn -0.1279 -0.2685 0.9547
vn -0.0668 -0.1403 0.9879
vn -0.2487 -0.5221 0.8158
vn -0.3456 -0.7254 0.5953
vn -0.4083 -0.8572 0.3139
vn -0.4287 -0.9000 0.0793
vn -0.4287 -0.9000 -0.0793
vn -0.4083 -0.8572 -0.3139
vn -0.3456 -0.7254 -0.5953
vn -0.2487 -0.5221 -0.8158
vn -0.1279 -0.2685 -0.9547
vn -0.0668 -0.1403 -0.9879
vn -0.1818 -0.2370 0.9544
vn -0.0947 -0.1234 0.9878
vn -0.3527 -0.4596 0.8150
vn -0.4896 -0.6380 0.5944
vn -0.5782 -0.7534 0.3132
vn -0.6069 -0.7908 0.0792
vn -0.6069 -0.7908 -0.0792
vn -0.5782 -0.7534 -0.3132
vn -0.4896 -0.6380 -0.5944
vn -0.3527 -0.4596 -0.8150
vn -0.1818 -0.2370 -0.9544
vn -0.0947 -0.1234 -0.9878
vn -0.2235 -0.2006 0.9538
vn -0.1159 -0.1040 0.9878
vn -0.4323 -0.3879 0.8140
vn -0.5992 -0.5377 0.5932
vn -0.7070 -0.6344 0.3125
vn -0.7419 -0.6658 0.0791
vn -0.7419 -0.6658 -0.0791
vn -0.7070 -0.6344 -0.3125
vn -0.5992 -0.5377 -0.5932
vn -0.4323 -0.3879 -0.8140
vn -0.2235 -0.2006 -0.9538
vn -0.1159 -0.1040 -0.9878
vn -0.2534 -0.1643 0.9533
vn -0.1308 -0.0848 0.9878
vn -0.4885 -0.3168 0.8130
vn -0.6761 -0.4384 0.5921
vn -0.7972 -0.5169 0.3118
vn -0.8365 -0.5423 0.0789
vn -0.8365 -0.5423 -0.0789
vn -0.7972 -0.5169 -0.3118
vn -0.6761 -0.4384 -0.5921
vn -0.4885 -0.3168 -0.8130
vn -0.2534 -0.1643 -0.9533
vn -0.1308 -0.0848 -0.9878
vn -0.2736 -0.1308 0.9529
vn -0.1408 -0.0673 0.9878
vn -0.5263 -0.2516 0.8122
vn -0.7276 -0.3478 0.5913
vn -0.8574 -0.4098 0.3113
vn -0.8994 -0.4299 0.0788
vn -0.8994 -0.4299 -0.0788
vn -0.8574 -0.4098 -0.3113
vn -0.7276 -0.3478 -0.5913
vn -0.5263 -0.2516 -0.8122
vn -0.2736 -0.1308 -0.9529
vn -0.1408 -0.0673 -0.9878
vn -0.2870 -0.1011 0.9526
vn -0.1472 -0.0519 0.9877
vn -0.5510 -0.1942 0.8116
vn -0.7612 -0.2682 0.5905
vn -0.8964 -0.3159 0.3108
vn -0.9402 -0.3313 0.0788
vn -0.9402 -0.3313 -0.0788
vn -0.8964 -0.3159 -0.3108
vn -0.7612 -0.2682 -0.5905
vn -0.5510 -0.1942 -0.8116
vn -0.2870 -0.1011 -0.9526
vn -0.1472 -0.0519 -0.9877
vn -0.2956 -0.0753 0.9523
vn -0.1516 -0.0387 0.9877
vn -0.5667 -0.1443 0.8112
vn -0.7825 -0.1993 0.5900
vn -0.9212 -0.2346 0.3103
vn -0.9661 -0.2460 0.0787
vn -0.9661 -0.2460 -0.0787
vn -0.9212 -0.2346 -0.3103
vn -0.7825 -0.1993 -0.5900
vn -0.5667 -0.1443 -0.8112
vn -0.2956 -0.0753 -0.9523
vn -0.1513 -0.0385 -0.9877
vn -0.3011 -0.0528 0.9521
vn -0.1539 -0.0270 0.9877
vn -0.5765 -0.1011 0.8108
vn -0.7955 -0.1395 0.5896
vn -0.9364 -0.1642 0.3102
vn -0.9819 -0.1722 0.0787
vn -0.9819 -0.1722 -0.0787
vn -0.9364 -0.1642 -0.3102
vn -0.7955 -0.1395 -0.5896
vn -0.5765 -0.1011 -0.8108
vn -0.3011 -0.0528 -0.9521
vn -0.1539 -0.0270 -0.9877
vn -0.3044 -0.0331 0.9520
vn -0.1553 -0.0169 0.9877
vn -0.5823 -0.0634 0.8105
vn -0.8031 -0.0874 0.5894
vn -0.9451 -0.1028 0.3101
vn -0.9910 -0.1078 0.0787
vn -0.9910 -0.1078 -0.0787
vn -0.9451 -0.1028 -0.3101
vn -0.8031 -0.0874 -0.5894
vn -0.5823 -0.0634 -0.8105
vn -0.3044 -0.0331 -0.9520
vn -0.1553 -0.0169 -0.9877
vn -0.3061 -0.0157 0.9519
vn -0.1560 -0.0080 0.9877
vn -0.5852 -0.0300 0.8104
vn -0.8069 -0.0414 0.5892
vn -0.9495 -0.0488 0.3099
vn -0.9956 -0.0511 0.0787
vn -0.9956 -0.0511 -0.0787
vn -0.9495 -0.0488 -0.3099
vn -0.8069 -0.0414 -0.5892
vn -0.5852 -0.0300 -0.8104
vn -0.3061 -0.0157 -0.9519
vn -0.1560 -0.0080 -0.9877
vn -0.3068 -0.0000 0.9518
vn -0.1566 -0.0000 0.9877
vn -0.5861 -0.0000 0.8102
vn -0.8081 -0.0000 0.5891
vn -0.9508 -0.0000 0.3098
vn -0.9969 -0.0000 0.0786
vn -0.9969 -0.0000 -0.0786
vn -0.9508 -0.0000 -0.3098
vn -0.8081 -0.0000 -0.5891
vn -0.5861 -0.0000 -0.8102
vn -0.3068 -0.0000 -0.9518
vn -0.1566 -0.0000 -0.9877
vn -0.3061 0.0157 0.9519
vn -0.1560 0.0080 0.9877
vn -0.5852 0.0301 0.8104
vn -0.8069 0.0414 0.5892
vn -0.9495 0.0488 0.3099
vn -0.9956 0.0511 0.0786
vn -0.9956 0.0511 -0.0786
vn -0.9495 0.0488 -0.3099
vn -0.8069 0.0414 -0.5892
vn -0.5852 0.0301 -0.8104
vn -0.3061 0.0157 -0.9519
vn -0.1560 0.0080 -0.9877
vn -0.3044 0.0331 0.9520
vn -0.1553 0.0169 0.9877
vn -0.5822 0.0634 0.8106
vn -0.8031 0.0874 0.5894
vn -0.9452 0.1028 0.3100
vn -0.9911 0.1078 0.0786
vn -0.9911 0.1078 -0.0786
vn -0.9452 0.1028 -0.3100
vn -0.8031 0.0874 -0.5894
vn -0.5822 0.0634 -0.8106
vn -0.3044 0.0331 -0.9520
vn -0.1553 0.0169 -0.9877
vn -0.3011 0.0528 0.9521
vn -0.1539 0.0270 0.9877
vn -0.5765 0.1011 0.8108
vn -0.7955 0.1395 0.5897
vn -0.9364 0.1642 0.3102
vn -0.9819 0.1722 0.0786
vn -0.9819 0.1722 -0.0786
vn -0.9364 0.1642 -0.3102
vn -0.7955 0.1395 -0.5897
vn -0.5765 0.1011 -0.8108
vn -0.3011 0.0528 -0.9521
vn -0.1539 0.0270 -0.9877
vn -0.2956 0.0753 0.9523
vn -0.1513 0.0385 0.9877
vn -0.5667 0.1443 0.8112
vn -0.7824 0.1993 0.5900
vn -0.9212 0.2346 0.3103
vn -0.9661 0.2460 0.0787
vn -0.9661 0.2460 -0.0787
vn -0.9212 0.2346 -0.3103
vn -0.7824 0.1993 -0.5900
vn -0.5667 0.1443 -0.8112
vn -0.2956 0.0753 -0.9523
vn -0.1513 0.0385 -0.9877
vn -0.2870 0.1011 0.9526
vn -0.1476 0.0519 0.9877
vn -0.5509 0.1941 0.8117
vn -0.7612 0.2682 0.5905
vn -0.8965 0.3159 0.3106
vn -0.9402 0.3313 0.0788
vn -0.9402 0.3313 -0.0788
vn -0.8965 0.3159 -0.3106
vn -0.7612 0.2682 -0.5905
vn -0.5509 0.1941 -0.8117
vn -0.2870 0.1011 -0.9526
vn -0.1476 0.0519 -0.9877
vn -0.2736 0.1308 0.9529
vn -0.1408 0.0673 0.9877
vn -0.5263 0.2516 0.8122
vn -0.7277 0.3478 0.5912
vn -0.8575 0.4099 0.3111
vn -0.8994 0.4299 0.0788
vn -0.8994 0.4299 -0.0788
vn -0.8575 0.4099 -0.3111
vn -0.7277 0.3478 -0.5912
vn -0.5263 0.2516 -0.8122
vn -0.2736 0.1308 -0.9529
vn -0.1408 0.0673 -0.9877
vn -0.2534 0.1643 0.9533
vn -0.1308 0.0848 0.9878
vn -0.4885 0.3168 0.8130
vn -0.6762 0.4384 0.5921
vn -0.7972 0.5169 0.3118
vn -0.8364 0.5424 0.0789
vn -0.8364 0.5424 -0.0789
vn -0.7972 0.5169 -0.3118
vn -0.6762 0.4384 -0.5921
vn -0.4885 0.3168 -0.8130
vn -0.2534 0.1643 -0.9533
vn -0.1308 0.0848 -0.9878
vn -0.2236 0.2006 0.9538
vn -0.1159 0.1040 0.9878
vn -0.4324 0.3880 0.8140
vn -0.5992 0.5377 0.5932
vn -0.7070 0.6344 0.3125
vn -0.7419 0.6658 0.0791
vn -0.7419 0.6658 -0.0791
vn -0.7070 0.6344 -0.3125
vn -0.5992 0.5377 -0.5932
vn -0.4324 0.3880 -0.8140
vn -0.2236 0.2006 -0.9538
vn -0.1159 0.1040 -0.9878
vn -0.1818 0.2370 0.9543
vn -0.0947 0.1234 0.9878
vn -0.3528 0.4597 0.8150
vn -0.4896 0.6380 0.5944
vn -0.5781 0.7534 0.3133
vn -0.6069 0.7908 0.0792
vn -0.6069 0.7908 -0.0792
vn -0.5781 0.7534 -0.3133
vn -0.4896 0.6380 -0.5944
vn -0.3528 0.4597 -0.8150
vn -0.1818 0.2370 -0.9543
vn -0.0947 0.1234 -0.9878
vn -0.1279 0.2685 0.9547
vn -0.0668 0.1403 0.9879
vn -0.2487 0.5221 0.8158
vn -0.3455 0.7254 0.5954
vn -0.4083 0.8572 0.3139
vn -0.4287 0.9000 0.0793
vn -0.4287 0.9000 -0.0793
vn -0.4083 0.8572 -0.3139
vn -0.3455 0.7254 -0.5954
vn -0.2487 0.5221 -0.8158
vn -0.1279 0.2685 -0.9547
vn -0.0668 0.1403 -0.9879
vn -0.0653 0.2899 0.9548
vn -0.0341 0.1515 0.9879
vn -0.1269 0.5640 0.8160
vn -0.1764 0.7837 0.5956
vn -0.2085 0.9262 0.3141
vn -0.2189 0.9725 0.0793
vn -0.2189 0.9725 -0.0793
vn -0.2085 0.9262 -0.3141
vn -0.1764 0.7837 -0.5956
vn -0.1269 0.5640 -0.8160
vn -0.0653 0.2899 -0.9548
vn -0.0341 0.1515 -0.9879
vn -0.0000 0.2976 0.9547
vn -0.0000 0.1554 0.9878
vn -0.0000 0.5785 0.8157
vn -0.0000 0.8036 0.5952
vn -0.0000 0.9495 0.3138
vn -0.0000 0.9969 0.0793
vn -0.0000 0.9969 -0.0793
vn -0.0000 0.9495 -0.3138
vn -0.0000 0.8036 -0.5952
vn -0.0000 0.5785 -0.8157
vn -0.0000 0.2976 -0.9547
vn -0.0000 0.1554 -0.9878
vt 0.231579 0.000000
vt 0.252632 0.000000
vt 0.242105 0.000000
vt 0.263158 0.000000
vt 0.221053 0.000000
vt 0.273684 0.000000
vt 0.210526 0.000000
vt 0.284211 0.000000
vt 0.200000 0.000000
vt 0.189474 0.000000
vt 0.294737 0.000000
vt 0.178947 0.000000
vt 1.000000 0.000000
vt 0.305263 0.000000
vt 0.505263 0.000000
vt 0.989474 0.000000
vt 0.515789 0.000000
vt 0.978947 0.000000
vt 0.168421 0.000000
vt 0.315789 0.000000
vt 0.526316 0.000000
vt 0.968421 0.000000
vt 0.536842 0.000000
vt 0.957895 0.000000
vt 0.547368 0.000000
vt 0.947368 0.000000
vt 0.157895 0.000000
vt 0.326316 0.000000
vt 0.557895 0.000000
vt 0.936842 0.000000
vt 0.568421 0.000000
vt 0.926316 0.000000
vt 0.147368 0.000000
vt 0.336842 0.000000
vt 0.578947 0.000000
vt 0.915789 0.000000
vt 0.136842 0.000000
vt 0.347368 0.000000
vt 0.589474 0.000000
vt 0.905263 0.000000
vt 0.600000 0.000000
vt 0.894737 0.000000
vt 0.126316 0.000000
vt 0.357895 0.000000
vt 0.610526 0.000000
vt 0.884211 0.000000
vt 0.115789 0.000000
vt 0.368421 0.000000
vt 0.621053 0.000000
vt 0.873684 0.000000
vt 0.105263 0.000000
vt 0.631579 0.000000
vt 0.863158 0.000000
vt 0.378947 0.000000
vt 0.642105 0.000000
vt 0.852632 0.000000
vt 0.094737 0.000000
vt 0.389474 0.000000
vt 0.652632 0.000000
vt 0.842105 0.000000
vt 0.084211 0.000000
vt 0.400000 0.000000
vt 0.831579 0.000000
vt 0.663158 0.000000
vt 0.821053 0.000000
vt 0.673684 0.000000
vt 0.073684 0.000000
vt 0.410526 0.000000
vt 0.810526 0.000000
vt 0.684211 0.000000
vt 0.063158 0.000000
vt 0.421053 0.000000
vt 0.800000 0.000000
vt 0.694737 0.000000
vt 0.789474 0.000000
vt 0.705263 0.000000
vt 0.052632 0.000000
vt 0.431579 0.000000
vt 0.778947 0.000000
vt 0.715789 0.000000
vt 0.768421 0.000000
vt 0.726316 0.000000
vt 0.757895 0.000000
vt 0.736842 0.000000
vt 0.042105 0.000000
vt 0.442105 0.000000
vt 0.747368 0.000000
vt 0.031579 0.000000
vt 0.452632 0.000000
vt 0.021053 0.000000
vt 0.463158 0.000000
vt 0.010526 0.000000
vt 0.473684 0.000000
vt 0.000000 0.000000
vt 0.484211 0.000000
vt 0.494737 0.000000
vt 0.000000 0.090909
vt 0.020833 0.090909
vt 0.020833 0.000000
vt 0.000000 0.181818
vt 0.020833 0.181818
vt 0.000000 0.272727
vt 0.020833 0.272727
vt 0.000000 0.363636
vt 0.020833 0.363636
vt 0.000000 0.454545
vt 0.020833 0.454545
vt 0.000000 0.545455
vt 0.020833 0.545455
vt 0.000000 0.636364
vt 0.020833 0.636364
vt 0.000000 0.727273
vt 0.020833 0.727273
vt 0.000000 0.818182
vt 0.020833 0.818182
vt 0.000000 0.909091
vt 0.020833 0.909091
vt 0.000000 1.000000
vt 0.020833 1.000000
vt 0.041667 0.090909
vt 0.041667 0.000000
vt 0.041667 0.181818
vt 0.041667 0.272727
vt 0.041667 0.363636
vt 0.041667 0.454545
vt 0.041667 0.545455
vt 0.041667 0.636364
vt 0.041667 0.727273
vt 0.041667 0.818182
vt 0.041667 0.909091
vt 0.041667 1.000000
vt 0.062500 0.090909
vt 0.062500 0.000000
vt 0.062500 0.181818
vt 0.062500 0.272727
vt 0.062500 0.363636
vt 0.062500 0.454545
vt 0.062500 0.545455
vt 0.062500 0.636364
vt 0.062500 0.727273
vt 0.062500 0.818182
vt 0.062500 0.909091
vt 0.062500 1.000000
vt 0.083333 0.090909
vt 0.083333 0.000000
vt 0.083333 0.181818
vt 0.083333 0.272727
vt 0.083333 0.363636
vt 0.083333 0.454545
vt 0.083333 0.545455
vt 0.083333 0.636364
vt 0.083333 0.727273
vt 0.083333 0.818182
vt 0.083333 0.909091
vt 0.083333 1.000000
vt 0.104167 0.090909
vt 0.104167 0.000000
vt 0.104167 0.181818
vt 0.104167 0.272727
vt 0.104167 0.363636
vt 0.104167 0.454545
vt 0.104167 0.545455
vt 0.104167 0.636364
vt 0.104167 0.727273
vt 0.104167 0.818182
vt 0.104167 0.909091
vt 0.104167 1.000000
vt 0.125000 0.090909
vt 0.125000 0.000000
vt 0.125000 0.181818
vt 0.125000 0.272727
vt 0.125000 0.363636
vt 0.125000 0.454545
vt 0.125000 0.545455
vt 0.125000 0.636364
vt 0.125000 0.727273
vt 0.125000 0.818182
vt 0.125000 0.909091
vt 0.125000 1.000000
vt 0.145833 0.090909
vt 0.145833 0.000000
vt 0.145833 0.181818
vt 0.145833 0.272727
vt 0.145833 0.363636
vt 0.145833 0.454545
vt 0.145833 0.545455
vt 0.145833 0.636364
vt 0.145833 0.727273
vt 0.145833 0.818182
vt 0.145833 0.909091
vt 0.145833 1.000000
vt 0.166667 0.090909
vt 0.166667 0.000000
vt 0.166667 0.181818
vt 0.166667 0.272727
vt 0.166667 0.363636
vt 0.166667 0.454545
vt 0.166667 0.545455
vt 0.166667 0.636364
vt 0.166667 0.727273
vt 0.166667 0.818182
vt 0.166667 0.909091
vt 0.166667 1.000000
vt 0.187500 0.090909
vt 0.187500 0.000000
vt 0.187500 0.181818
vt 0.187500 0.272727
vt 0.187500 0.363636
vt 0.187500 0.454545
vt 0.187500 0.545455
vt 0.187500 0.636364
vt 0.187500 0.727273
vt 0.187500 0.818182
vt 0.187500 0.909091
vt 0.187500 1.000000
vt 0.208333 0.090909
vt 0.208333 0.000000
vt 0.208333 0.181818
vt 0.208333 0.272727
vt 0.208333 0.363636
vt 0.208333 0.454545
vt 0.208333 0.545455
vt 0.208333 0.636364
vt 0.208333 0.727273
vt 0.208333 0.818182
vt 0.208333 0.909091
vt 0.208333 1.000000
vt 0.229167 0.090909
vt 0.229167 0.000000
vt 0.229167 0.181818
vt 0.229167 0.272727
vt 0.229167 0.363636
vt 0.229167 0.454545
vt 0.229167 0.545455
vt 0.229167 0.636364
vt 0.229167 0.727273
vt 0.229167 0.818182
vt 0.229167 0.909091
vt 0.229167 1.000000
vt 0.250000 0.090909
vt 0.250000 0.000000
vt 0.250000 0.181818
vt 0.250000 0.272727
vt 0.250000 0.363636
vt 0.250000 0.454545
vt 0.250000 0.545455
vt 0.250000 0.636364
vt 0.250000 0.727273
vt 0.250000 0.818182
vt 0.250000 0.909091
vt 0.250000 1.000000
vt 0.270833 0.090909
vt 0.270833 0.000000
vt 0.270833 0.181818
vt 0.270833 0.272727
vt 0.270833 0.363636
vt 0.270833 0.454545
vt 0.270833 0.545455
vt 0.270833 0.636364
vt 0.270833 0.727273
vt 0.270833 0.818182
vt 0.270833 0.909091
vt 0.270833 1.000000
vt 0.291667 0.090909
vt 0.291667 0.000000
vt 0.291667 0.181818
vt 0.291667 0.272727
vt 0.291667 0.363636
vt 0.291667 0.454545
vt 0.291667 0.545455
vt 0.291667 0.636364
vt 0.291667 0.727273
vt 0.291667 0.818182
vt 0.291667 0.909091
vt 0.291667 1.000000
vt 0.312500 0.090909
vt 0.312500 0.000000
vt 0.312500 0.181818
vt 0.312500 0.272727
vt 0.312500 0.363636
vt 0.312500 0.454545
vt 0.312500 0.545455
vt 0.312500 0.636364
vt 0.312500 0.727273
vt 0.312500 0.818182
vt 0.312500 0.909091
vt 0.312500 1.000000
vt 0.333333 0.090909
vt 0.333333 0.000000
vt 0.333333 0.181818
vt 0.333333 0.272727
vt 0.333333 0.363636
vt 0.333333 0.454545
vt 0.333333 0.545455
vt 0.333333 0.636364
vt 0.333333 0.727273
vt 0.333333 0.818182
vt 0.333333 0.909091
vt 0.333333 1.000000
vt 0.354167 0.090909
vt 0.354167 0.000000
vt 0.354167 0.181818
vt 0.354167 0.272727
vt 0.354167 0.363636
vt 0.354167 0.454545
vt 0.354167 0.545455
vt 0.354167 0.636364
vt 0.354167 0.727273
vt 0.354167 0.818182
vt 0.354167 0.909091
vt 0.354167 1.000000
vt 0.375000 0.090909
vt 0.375000 0.000000
vt 0.375000 0.181818
vt 0.375000 0.272727
vt 0.375000 0.363636
vt 0.375000 0.454545
vt 0.375000 0.545455
vt 0.375000 0.636364
vt 0.375000 0.727273
vt 0.375000 0.818182
vt 0.375000 0.909091
vt 0.375000 1.000000
vt 0.395833 0.090909
vt 0.395833 0.000000
vt 0.395833 0.181818
vt 0.395833 0.272727
vt 0.395833 0.363636
vt 0.395833 0.454545
vt 0.395833 0.545455
vt 0.395833 0.636364
vt 0.395833 0.727273
vt 0.395833 0.818182
vt 0.395833 0.909091
vt 0.395833 1.000000
vt 0.416667 0.090909
vt 0.416667 0.000000
vt 0.416667 0.181818
vt 0.416667 0.272727
vt 0.416667 0.363636
vt 0.416667 0.454545
vt 0.416667 0.545455
vt 0.416667 0.636364
vt 0.416667 0.727273
vt 0.416667 0.818182
vt 0.416667 0.909091
vt 0.416667 1.000000
vt 0.437500 0.090909
vt 0.437500 0.000000
vt 0.437500 0.181818
vt 0.437500 0.272727
vt 0.437500 0.363636
vt 0.437500 0.454545
vt 0.437500 0.545455
vt 0.437500 0.636364
vt 0.437500 0.727273
vt 0.437500 0.818182
vt 0.437500 0.909091
vt 0.437500 1.000000
vt 0.458333 0.090909
vt 0.458333 0.000000
vt 0.458333 0.181818
vt 0.458333 0.272727
vt 0.458333 0.363636
vt 0.458333 0.454545
vt 0.458333 0.545455
vt 0.458333 0.636364
vt 0.458333 0.727273
vt 0.458333 0.818182
vt 0.458333 0.909091
vt 0.458333 1.000000
vt 0.479167 0.090909
vt 0.479167 0.000000
vt 0.479167 0.181818
vt 0.479167 0.272727
vt 0.479167 0.363636
vt 0.479167 0.454545
vt 0.479167 0.545455
vt 0.479167 0.636364
vt 0.479167 0.727273
vt 0.479167 0.818182
vt 0.479167 0.909091
vt 0.479167 1.000000
vt 0.500000 0.090909
vt 0.500000 0.000000
vt 0.500000 0.181818
vt 0.500000 0.272727
vt 0.500000 0.363636
vt 0.500000 0.454545
vt 0.500000 0.545455
vt 0.500000 0.636364
vt 0.500000 0.727273
vt 0.500000 0.818182
vt 0.500000 0.909091
vt 0.500000 1.000000
vt 0.520833 0.090909
vt 0.520833 0.000000
vt 0.520833 0.181818
vt 0.520833 0.272727
vt 0.520833 0.363636
vt 0.520833 0.454545
vt 0.520833 0.545455
vt 0.520833 0.636364
vt 0.520833 0.727273
vt 0.520833 0.818182
vt 0.520833 0.909091
vt 0.520833 1.000000
vt 0.541667 0.090909
vt 0.541667 0.000000
vt 0.541667 0.181818
vt 0.541667 0.272727
vt 0.541667 0.363636
vt 0.541667 0.454545
vt 0.541667 0.545455
vt 0.541667 0.636364
vt 0.541667 0.727273
vt 0.541667 0.818182
vt 0.541667 0.909091
vt 0.541667 1.000000
vt 0.562500 0.090909
vt 0.562500 0.000000
vt 0.562500 0.181818
vt 0.562500 0.272727
vt 0.562500 0.363636
vt 0.562500 0.454545
vt 0.562500 0.545455
vt 0.562500 0.636364
vt 0.562500 0.727273
vt 0.562500 0.818182
vt 0.562500 0.909091
vt 0.562500 1.000000
vt 0.583333 0.090909
vt 0.583333 0.000000
vt 0.583333 0.181818
vt 0.583333 0.272727
vt 0.583333 0.363636
vt 0.583333 0.454545
vt 0.583333 0.545455
vt 0.583333 0.636364
vt 0.583333 0.727273
vt 0.583333 0.818182
vt 0.583333 0.909091
vt 0.583333 1.000000
vt 0.604167 0.090909
vt 0.604167 0.000000
vt 0.604167 0.181818
vt 0.604167 0.272727
vt 0.604167 0.363636
vt 0.604167 0.454545
vt 0.604167 0.545455
vt 0.604167 0.636364
vt 0.604167 0.727273
vt 0.604167 0.818182
vt 0.604167 0.909091
vt 0.604167 1.000000
vt 0.625000 0.090909
vt 0.625000 0.000000
vt 0.625000 0.181818
vt 0.625000 0.272727
vt 0.625000 0.363636
vt 0.625000 0.454545
vt 0.625000 0.545455
vt 0.625000 0.636364
vt 0.625000 0.727273
vt 0.625000 0.818182
vt 0.625000 0.909091
vt 0.625000 1.000000
vt 0.645833 0.090909
vt 0.645833 0.000000
vt 0.645833 0.181818
vt 0.645833 0.272727
vt 0.645833 0.363636
vt 0.645833 0.454545
vt 0.645833 0.545455
vt 0.645833 0.636364
vt 0.645833 0.727273
vt 0.645833 0.818182
vt 0.645833 0.909091
vt 0.645833 1.000000
vt 0.666667 0.090909
vt 0.666667 0.000000
vt 0.666667 0.181818
vt 0.666667 0.272727
vt 0.666667 0.363636
vt 0.666667 0.454545
vt 0.666667 0.545455
vt 0.666667 0.636364
vt 0.666667 0.727273
vt 0.666667 0.818182
vt 0.666667 0.909091
vt 0.666667 1.000000
vt 0.687500 0.090909
vt 0.687500 0.000000
vt 0.687500 0.181818
vt 0.687500 0.272727
vt 0.687500 0.363636
vt 0.687500 0.454545
vt 0.687500 0.545455
vt 0.687500 0.636364
vt 0.687500 0.727273
vt 0.687500 0.818182
vt 0.687500 0.909091
vt 0.687500 1.000000
vt 0.708333 0.090909
vt 0.708333 0.000000
vt 0.708333 0.181818
vt 0.708333 0.272727
vt 0.708333 0.363636
vt 0.708333 0.454545
vt 0.708333 0.545455
vt 0.708333 0.636364
vt 0.708333 0.727273
vt 0.708333 0.818182
vt 0.708333 0.909091
vt 0.708333 1.000000
vt 0.729167 0.090909
vt 0.729167 0.000000
vt 0.729167 0.181818
vt 0.729167 0.272727
vt 0.729167 0.363636
vt 0.729167 0.454545
vt 0.729167 0.545455
vt 0.729167 0.636364
vt 0.729167 0.727273
vt 0.729167 0.818182
vt 0.729167 0.909091
vt 0.729167 1.000000
vt 0.750000 0.090909
vt 0.750000 0.000000
vt 0.750000 0.181818
vt 0.750000 0.272727
vt 0.750000 0.363636
vt 0.750000 0.454545
vt 0.750000 0.545455
vt 0.750000 0.636364
vt 0.750000 0.727273
vt 0.750000 0.818182
vt 0.750000 0.909091
vt 0.750000 1.000000
vt 0.770833 0.090909
vt 0.770833 0.000000
vt 0.770833 0.181818
vt 0.770833 0.272727
vt 0.770833 0.363636
vt 0.770833 0.454545
vt 0.770833 0.545455
vt 0.770833 0.636364
vt 0.770833 0.727273
vt 0.770833 0.818182
vt 0.770833 0.909091
vt 0.770833 1.000000
vt 0.791667 0.090909
vt 0.791667 0.000000
vt 0.791667 0.181818
vt 0.791667 0.272727
vt 0.791667 0.363636
vt 0.791667 0.454545
vt 0.791667 0.545455
vt 0.791667 0.636364
vt 0.791667 0.727273
vt 0.791667 0.818182
vt 0.791667 0.909091
vt 0.791667 1.000000
vt 0.812500 0.090909
vt 0.812500 0.000000
vt 0.812500 0.181818
vt 0.812500 0.272727
vt 0.812500 0.363636
vt 0.812500 0.454545
vt 0.812500 0.545455
vt 0.812500 0.636364
vt 0.812500 0.727273
vt 0.812500 0.818182
vt 0.812500 0.909091
vt 0.812500 1.000000
vt 0.833333 0.090909
vt 0.833333 0.000000
vt 0.833333 0.181818
vt 0.833333 0.272727
vt 0.833333 0.363636
vt 0.833333 0.454545
vt 0.833333 0.545455
vt 0.833333 0.636364
vt 0.833333 0.727273
vt 0.833333 0.818182
vt 0.833333 0.909091
vt 0.833333 1.000000
vt 0.854167 0.090909
vt 0.854167 0.000000
vt 0.854167 0.181818
vt 0.854167 0.272727
vt 0.854167 0.363636
vt 0.854167 0.454545
vt 0.854167 0.545455
vt 0.854167 0.636364
vt 0.854167 0.727273
vt 0.854167 0.818182
vt 0.854167 0.909091
vt 0.854167 1.000000
vt 0.875000 0.090909
vt 0.875000 0.000000
vt 0.875000 0.181818
vt 0.875000 0.272727
vt 0.875000 0.363636
vt 0.875000 0.454545
vt 0.875000 0.545455
vt 0.875000 0.636364
vt 0.875000 0.727273
vt 0.875000 0.818182
vt 0.875000 0.909091
vt 0.875000 1.000000
vt 0.895833 0.090909
vt 0.895833 0.000000
vt 0.895833 0.181818
vt 0.895833 0.272727
vt 0.895833 0.363636
vt 0.895833 0.454545
vt 0.895833 0.545455
vt 0.895833 0.636364
vt 0.895833 0.727273
vt 0.895833 0.818182
vt 0.895833 0.909091
vt 0.895833 1.000000
vt 0.916667 0.090909
vt 0.916667 0.000000
vt 0.916667 0.181818
vt 0.916667 0.272727
vt 0.916667 0.363636
vt 0.916667 0.454545
vt 0.916667 0.545455
vt 0.916667 0.636364
vt 0.916667 0.727273
vt 0.916667 0.818182
vt 0.916667 0.909091
vt 0.916667 1.000000
vt 0.937500 0.090909
vt 0.937500 0.000000
vt 0.937500 0.181818
vt 0.937500 0.272727
vt 0.937500 0.363636
vt 0.937500 0.454545
vt 0.937500 0.545455
vt 0.937500 0.636364
vt 0.937500 0.727273
vt 0.937500 0.818182
vt 0.937500 0.909091
vt 0.937500 1.000000
vt 0.958333 0.090909
vt 0.958333 0.000000
vt 0.958333 0.181818
vt 0.958333 0.272727
vt 0.958333 0.363636
vt 0.958333 0.454545
vt 0.958333 0.545455
vt 0.958333 0.636364
vt 0.958333 0.727273
vt 0.958333 0.818182
vt 0.958333 0.909091
vt 0.958333 1.000000
vt 0.979167 0.090909
vt 0.979167 0.000000
vt 0.979167 0.181818
vt 0.979167 0.272727
vt 0.979167 0.363636
vt 0.979167 0.454545
vt 0.979167 0.545455
vt 0.979167 0.636364
vt 0.979167 0.727273
vt 0.979167 0.818182
vt 0.979167 0.909091
vt 0.979167 1.000000
vt 1.000000 0.090909
vt 1.000000 0.181818
vt 1.000000 0.272727
vt 1.000000 0.363636
vt 1.000000 0.454545
vt 1.000000 0.545455
vt 1.000000 0.636364
vt 1.000000 0.727273
vt 1.000000 0.818182
vt 1.000000 0.909091
vt 1.000000 1.000000
s 0
usemtl Gold.010
f 23/1/1 25/2/1 24/3/1
f 23/1/1 26/4/1 25/2/1
f 22/5/1 26/4/1 23/1/1
f 22/5/1 27/6/1 26/4/1
f 21/7/1 27/6/1 22/5/1
f 21/7/1 28/8/1 27/6/1
f 20/9/1 28/8/1 21/7/1
f 19/10/1 28/8/1 20/9/1
f 19/10/1 29/11/1 28/8/1
f 18/12/1 29/11/1 19/10/1
f 18/12/1 96/13/1 29/11/1
f 96/13/1 30/14/1 29/11/1
f 18/12/1 49/15/1 96/13/1
f 95/16/1 30/14/1 96/13/1
f 18/12/1 50/17/1 49/15/1
f 94/18/1 30/14/1 95/16/1
f 17/19/1 50/17/1 18/12/1
f 94/18/1 31/20/1 30/14/1
f 17/19/1 51/21/1 50/17/1
f 93/22/1 31/20/1 94/18/1
f 17/19/1 52/23/1 51/21/1
f 92/24/1 31/20/1 93/22/1
f 17/19/1 53/25/1 52/23/1
f 91/26/1 31/20/1 92/24/1
f 16/27/1 53/25/1 17/19/1
f 91/26/1 32/28/1 31/20/1
f 16/27/1 54/29/1 53/25/1
f 90/30/1 32/28/1 91/26/1
f 16/27/1 55/31/1 54/29/1
f 89/32/1 32/28/1 90/30/1
f 15/33/1 55/31/1 16/27/1
f 89/32/1 33/34/1 32/28/1
f 15/33/1 56/35/1 55/31/1
f 88/36/1 33/34/1 89/32/1
f 14/37/1 56/35/1 15/33/1
f 88/36/1 34/38/1 33/34/1
f 14/37/1 57/39/1 56/35/1
f 87/40/1 34/38/1 88/36/1
f 14/37/1 58/41/1 57/39/1
f 86/42/1 34/38/1 87/40/1
f 13/43/1 58/41/1 14/37/1
f 86/42/1 35/44/1 34/38/1
f 13/43/1 59/45/1 58/41/1
f 85/46/1 35/44/1 86/42/1
f 12/47/1 59/45/1 13/43/1
f 85/46/1 36/48/1 35/44/1
f 12/47/1 60/49/1 59/45/1
f 84/50/1 36/48/1 85/46/1
f 11/51/1 60/49/1 12/47/1
f 11/51/1 61/52/1 60/49/1
f 83/53/1 36/48/1 84/50/1
f 83/53/1 37/54/1 36/48/1
f 11/51/1 62/55/1 61/52/1
f 82/56/1 37/54/1 83/53/1
f 10/57/1 62/55/1 11/51/1
f 82/56/1 38/58/1 37/54/1
f 10/57/1 63/59/1 62/55/1
f 81/60/1 38/58/1 82/56/1
f 9/61/1 63/59/1 10/57/1
f 81/60/1 39/62/1 38/58/1
f 80/63/1 39/62/1 81/60/1
f 9/61/1 64/64/1 63/59/1
f 79/65/1 39/62/1 80/63/1
f 9/61/1 65/66/1 64/64/1
f 8/67/1 65/66/1 9/61/1
f 79/65/1 40/68/1 39/62/1
f 78/69/1 40/68/1 79/65/1
f 8/67/1 66/70/1 65/66/1
f 7/71/1 66/70/1 8/67/1
f 78/69/1 41/72/1 40/68/1
f 77/73/1 41/72/1 78/69/1
f 7/71/1 67/74/1 66/70/1
f 76/75/1 41/72/1 77/73/1
f 7/71/1 68/76/1 67/74/1
f 6/77/1 68/76/1 7/71/1
f 76/75/1 42/78/1 41/72/1
f 75/79/1 42/78/1 76/75/1
f 6/77/1 69/80/1 68/76/1
f 74/81/1 42/78/1 75/79/1
f 6/77/1 70/82/1 69/80/1
f 73/83/1 42/78/1 74/81/1
f 6/77/1 71/84/1 70/82/1
f 5/85/1 71/84/1 6/77/1
f 73/83/1 43/86/1 42/78/1
f 72/87/1 43/86/1 73/83/1
f 5/85/1 72/87/1 71/84/1
f 5/85/1 43/86/1 72/87/1
f 4/88/1 43/86/1 5/85/1
f 4/88/1 44/89/1 43/86/1
f 3/90/1 44/89/1 4/88/1
f 3/90/1 45/91/1 44/89/1
f 2/92/1 45/91/1 3/90/1
f 2/92/1 46/93/1 45/91/1
f 1/94/1 46/93/1 2/92/1
f 1/94/1 47/95/1 46/93/1
f 48/96/1 47/95/1 1/94/1
f 119/1/2 120/3/2 121/2/2
f 119/1/2 121/2/2 122/4/2
f 118/5/2 119/1/2 122/4/2
f 118/5/2 122/4/2 123/6/2
f 117/7/2 118/5/2 123/6/2
f 117/7/2 123/6/2 124/8/2
f 116/9/2 117/7/2 124/8/2
f 115/10/2 116/9/2 124/8/2
f 115/10/2 124/8/2 125/11/2
f 114/12/2 115/10/2 125/11/2
f 114/12/2 125/11/2 192/13/2
f 192/13/2 125/11/2 126/14/2
f 114/12/2 192/13/2 145/15/2
f 191/16/2 192/13/2 126/14/2
f 114/12/2 145/15/2 146/17/2
f 190/18/2 191/16/2 126/14/2
f 113/19/2 114/12/2 146/17/2
f 190/18/2 126/14/2 127/20/2
f 113/19/2 146/17/2 147/21/2
f 189/22/2 190/18/2 127/20/2
f 113/19/2 147/21/2 148/23/2
f 188/24/2 189/22/2 127/20/2
f 113/19/2 148/23/2 149/25/2
f 187/26/2 188/24/2 127/20/2
f 112/27/2 113/19/2 149/25/2
f 187/26/2 127/20/2 128/28/2
f 112/27/2 149/25/2 150/29/2
f 186/30/2 187/26/2 128/28/2
f 112/27/2 150/29/2 151/31/2
f 185/32/2 186/30/2 128/28/2
f 111/33/2 112/27/2 151/31/2
f 185/32/2 128/28/2 129/34/2
f 111/33/2 151/31/2 152/35/2
f 184/36/2 185/32/2 129/34/2
f 110/37/2 111/33/2 152/35/2
f 184/36/2 129/34/2 130/38/2
f 110/37/2 152/35/2 153/39/2
f 183/40/2 184/36/2 130/38/2
f 110/37/2 153/39/2 154/41/2
f 182/42/2 183/40/2 130/38/2
f 109/43/2 110/37/2 154/41/2
f 182/42/2 130/38/2 131/44/2
f 109/43/2 154/41/2 155/45/2
f 181/46/2 182/42/2 131/44/2
f 108/47/2 109/43/2 155/45/2
f 181/46/2 131/44/2 132/48/2
f 108/47/2 155/45/2 156/49/2
f 180/50/2 181/46/2 132/48/2
f 107/51/2 108/47/2 156/49/2
f 107/51/2 156/49/2 157/52/2
f 179/53/2 180/50/2 132/48/2
f 179/53/2 132/48/2 133/54/2
f 107/51/2 157/52/2 158/55/2
f 178/56/2 179/53/2 133/54/2
f 106/57/2 107/51/2 158/55/2
f 178/56/2 133/54/2 134/58/2
f 106/57/2 158/55/2 159/59/2
f 177/60/2 178/56/2 134/58/2
f 105/61/2 106/57/2 159/59/2
f 177/60/2 134/58/2 135/62/2
f 176/63/2 177/60/2 135/62/2
f 105/61/2 159/59/2 160/64/2
f 175/65/2 176/63/2 135/62/2
f 105/61/2 160/64/2 161/66/2
f 104/67/2 105/61/2 161/66/2
f 175/65/2 135/62/2 136/68/2
f 174/69/2 175/65/2 136/68/2
f 104/67/2 161/66/2 162/70/2
f 103/71/2 104/67/2 162/70/2
f 174/69/2 136/68/2 137/72/2
f 173/73/2 174/69/2 137/72/2
f 103/71/2 162/70/2 163/74/2
f 172/75/2 173/73/2 137/72/2
f 103/71/2 163/74/2 164/76/2
f 102/77/2 103/71/2 164/76/2
f 172/75/2 137/72/2 138/78/2
f 171/79/2 172/75/2 138/78/2
f 102/77/2 164/76/2 165/80/2
f 170/81/2 171/79/2 138/78/2
f 102/77/2 165/80/2 166/82/2
f 169/83/2 170/81/2 138/78/2
f 102/77/2 166/82/2 167/84/2
f 101/85/2 102/77/2 167/84/2
f 169/83/2 138/78/2 139/86/2
f 168/87/2 169/83/2 139/86/2
f 101/85/2 167/84/2 168/87/2
f 101/85/2 168/87/2 139/86/2
f 100/88/2 101/85/2 139/86/2
f 100/88/2 139/86/2 140/89/2
f 99/90/2 100/88/2 140/89/2
f 99/90/2 140/89/2 141/91/2
f 98/92/2 99/90/2 141/91/2
f 98/92/2 141/91/2 142/93/2
f 97/94/2 98/92/2 142/93/2
f 97/94/2 142/93/2 143/95/2
f 144/96/2 97/94/2 143/95/2
s 1
f 194/97/3 206/98/4 205/99/5 193/94/6
f 195/100/7 207/101/8 206/98/4 194/97/3
f 196/102/9 208/103/10 207/101/8 195/100/7
f 197/104/11 209/105/12 208/103/10 196/102/9
f 198/106/13 210/107/14 209/105/12 197/104/11
f 199/108/15 211/109/16 210/107/14 198/106/13
f 200/110/17 212/111/18 211/109/16 199/108/15
f 201/112/19 213/113/20 212/111/18 200/110/17
f 202/114/21 214/115/22 213/113/20 201/112/19
f 203/116/23 215/117/24 214/115/22 202/114/21
f 204/118/25 216/119/26 215/117/24 203/116/23
f 206/98/4 218/120/27 217/121/28 205/99/5
f 207/101/8 219/122/29 218/120/27 206/98/4
f 208/103/10 220/123/30 219/122/29 207/101/8
f 209/105/12 221/124/31 220/123/30 208/103/10
f 210/107/14 222/125/32 221/124/31 209/105/12
f 211/109/16 223/126/33 222/125/32 210/107/14
f 212/111/18 224/127/34 223/126/33 211/109/16
f 213/113/20 225/128/35 224/127/34 212/111/18
f 214/115/22 226/129/36 225/128/35 213/113/20
f 215/117/24 227/130/37 226/129/36 214/115/22
f 216/119/26 228/131/38 227/130/37 215/117/24
f 218/120/27 230/132/39 229/133/40 217/121/28
f 219/122/29 231/134/41 230/132/39 218/120/27
f 220/123/30 232/135/42 231/134/41 219/122/29
f 221/124/31 233/136/43 232/135/42 220/123/30
f 222/125/32 234/137/44 233/136/43 221/124/31
f 223/126/33 235/138/45 234/137/44 222/125/32
f 224/127/34 236/139/46 235/138/45 223/126/33
f 225/128/35 237/140/47 236/139/46 224/127/34
f 226/129/36 238/141/48 237/140/47 225/128/35
f 227/130/37 239/142/49 238/141/48 226/129/36
f 228/131/38 240/143/50 239/142/49 227/130/37
f 230/132/39 242/144/51 241/145/52 229/133/40
f 231/134/41 243/146/53 242/144/51 230/132/39
f 232/135/42 244/147/54 243/146/53 231/134/41
f 233/136/43 245/148/55 244/147/54 232/135/42
f 234/137/44 246/149/56 245/148/55 233/136/43
f 235/138/45 247/150/57 246/149/56 234/137/44
f 236/139/46 248/151/58 247/150/57 235/138/45
f 237/140/47 249/152/59 248/151/58 236/139/46
f 238/141/48 250/153/60 249/152/59 237/140/47
f 239/142/49 251/154/61 250/153/60 238/141/48
f 240/143/50 252/155/62 251/154/61 239/142/49
f 242/144/51 254/156/63 253/157/64 241/145/52
f 243/146/53 255/158/65 254/156/63 242/144/51
f 244/147/54 256/159/66 255/158/65 243/146/53
f 245/148/55 257/160/67 256/159/66 244/147/54
f 246/149/56 258/161/68 257/160/67 245/148/55
f 247/150/57 259/162/69 258/161/68 246/149/56
f 248/151/58 260/163/70 259/162/69 247/150/57
f 249/152/59 261/164/71 260/163/70 248/151/58
f 250/153/60 262/165/72 261/164/71 249/152/59
f 251/154/61 263/166/73 262/165/72 250/153/60
f 252/155/62 264/167/74 263/166/73 251/154/61
f 254/156/63 266/168/75 265/169/76 253/157/64
f 255/158/65 267/170/77 266/168/75 254/156/63
f 256/159/66 268/171/78 267/170/77 255/158/65
f 257/160/67 269/172/79 268/171/78 256/159/66
f 258/161/68 270/173/80 269/172/79 257/160/67
f 259/162/69 271/174/81 270/173/80 258/161/68
f 260/163/70 272/175/82 271/174/81 259/162/69
f 261/164/71 273/176/83 272/175/82 260/163/70
f 262/165/72 274/177/84 273/176/83 261/164/71
f 263/166/73 275/178/85 274/177/84 262/165/72
f 264/167/74 276/179/86 275/178/85 263/166/73
f 266/168/75 278/180/87 277/181/88 265/169/76
f 267/170/77 279/182/89 278/180/87 266/168/75
f 268/171/78 280/183/90 279/182/89 267/170/77
f 269/172/79 281/184/91 280/183/90 268/171/78
f 270/173/80 282/185/92 281/184/91 269/172/79
f 271/174/81 283/186/93 282/185/92 270/173/80
f 272/175/82 284/187/94 283/186/93 271/174/81
f 273/176/83 285/188/95 284/187/94 272/175/82
f 274/177/84 286/189/96 285/188/95 273/176/83
f 275/178/85 287/190/97 286/189/96 274/177/84
f 276/179/86 288/191/98 287/190/97 275/178/85
f 278/180/87 290/192/99 289/193/100 277/181/88
f 279/182/89 291/194/101 290/192/99 278/180/87
f 280/183/90 292/195/102 291/194/101 279/182/89
f 281/184/91 293/196/103 292/195/102 280/183/90
f 282/185/92 294/197/104 293/196/103 281/184/91
f 283/186/93 295/198/105 294/197/104 282/185/92
f 284/187/94 296/199/106 295/198/105 283/186/93
f 285/188/95 297/200/107 296/199/106 284/187/94
f 286/189/96 298/201/108 297/200/107 285/188/95
f 287/190/97 299/202/109 298/201/108 286/189/96
f 288/191/98 300/203/110 299/202/109 287/190/97
f 290/192/99 302/204/111 301/205/112 289/193/100
f 291/194/101 303/206/113 302/204/111 290/192/99
f 292/195/102 304/207/114 303/206/113 291/194/101
f 293/196/103 305/208/115 304/207/114 292/195/102
f 294/197/104 306/209/116 305/208/115 293/196/103
f 295/198/105 307/210/117 306/209/116 294/197/104
f 296/199/106 308/211/118 307/210/117 295/198/105
f 297/200/107 309/212/119 308/211/118 296/199/106
f 298/201/108 310/213/120 309/212/119 297/200/107
f 299/202/109 311/214/121 310/213/120 298/201/108
f 300/203/110 312/215/122 311/214/121 299/202/109
f 302/204/111 314/216/123 313/217/124 301/205/112
f 303/206/113 315/218/125 314/216/123 302/204/111
f 304/207/114 316/219/126 315/218/125 303/206/113
f 305/208/115 317/220/127 316/219/126 304/207/114
f 306/209/116 318/221/128 317/220/127 305/208/115
f 307/210/117 319/222/129 318/221/128 306/209/116
f 308/211/118 320/223/130 319/222/129 307/210/117
f 309/212/119 321/224/131 320/223/130 308/211/118
f 310/213/120 322/225/132 321/224/131 309/212/119
f 311/214/121 323/226/133 322/225/132 310/213/120
f 312/215/122 324/227/134 323/226/133 311/214/121
f 314/216/123 326/228/135 325/229/136 313/217/124
f 315/218/125 327/230/137 326/228/135 314/216/123
f 316/219/126 328/231/138 327/230/137 315/218/125
f 317/220/127 329/232/139 328/231/138 316/219/126
f 318/221/128 330/233/140 329/232/139 317/220/127
f 319/222/129 331/234/141 330/233/140 318/221/128
f 320/223/130 332/235/142 331/234/141 319/222/129
f 321/224/131 333/236/143 332/235/142 320/223/130
f 322/225/132 334/237/144 333/236/143 321/224/131
f 323/226/133 335/238/145 334/237/144 322/225/132
f 324/227/134 336/239/146 335/238/145 323/226/133
f 326/228/135 338/240/147 337/241/148 325/229/136
f 327/230/137 339/242/149 338/240/147 326/228/135
f 328/231/138 340/243/150 339/242/149 327/230/137
f 329/232/139 341/244/151 340/243/150 328/231/138
f 330/233/140 342/245/152 341/244/151 329/232/139
f 331/234/141 343/246/153 342/245/152 330/233/140
f 332/235/142 344/247/154 343/246/153 331/234/141
f 333/236/143 345/248/155 344/247/154 332/235/142
f 334/237/144 346/249/156 345/248/155 333/236/143
f 335/238/145 347/250/157 346/249/156 334/237/144
f 336/239/146 348/251/158 347/250/157 335/238/145
f 338/240/147 350/252/159 349/253/160 337/241/148
f 339/242/149 351/254/161 350/252/159 338/240/147
f 340/243/150 352/255/162 351/254/161 339/242/149
f 341/244/151 353/256/163 352/255/162 340/243/150
f 342/245/152 354/257/164 353/256/163 341/244/151
f 343/246/153 355/258/165 354/257/164 342/245/152
f 344/247/154 356/259/166 355/258/165 343/246/153
f 345/248/155 357/260/167 356/259/166 344/247/154
f 346/249/156 358/261/168 357/260/167 345/248/155
f 347/250/157 359/262/169 358/261/168 346/249/156
f 348/251/158 360/263/170 359/262/169 347/250/157
f 350/252/159 362/264/171 361/265/172 349/253/160
f 351/254/161 363/266/173 362/264/171 350/252/159
f 352/255/162 364/267/174 363/266/173 351/254/161
f 353/256/163 365/268/175 364/267/174 352/255/162
f 354/257/164 366/269/176 365/268/175 353/256/163
f 355/258/165 367/270/177 366/269/176 354/257/164
f 356/259/166 368/271/178 367/270/177 355/258/165
f 357/260/167 369/272/179 368/271/178 356/259/166
f 358/261/168 370/273/180 369/272/179 357/260/167
f 359/262/169 371/274/181 370/273/180 358/261/168
f 360/263/170 372/275/182 371/274/181 359/262/169
f 362/264/171 374/276/183 373/277/184 361/265/172
f 363/266/173 375/278/185 374/276/183 362/264/171
f 364/267/174 376/279/186 375/278/185 363/266/173
f 365/268/175 377/280/187 376/279/186 364/267/174
f 366/269/176 378/281/188 377/280/187 365/268/175
f 367/270/177 379/282/189 378/281/188 366/269/176
f 368/271/178 380/283/190 379/282/189 367/270/177
f 369/272/179 381/284/191 380/283/190 368/271/178
f 370/273/180 382/285/192 381/284/191 369/272/179
f 371/274/181 383/286/193 382/285/192 370/273/180
f 372/275/182 384/287/194 383/286/193 371/274/181
f 374/276/183 386/288/195 385/289/196 373/277/184
f 375/278/185 387/290/197 386/288/195 374/276/183
f 376/279/186 388/291/198 387/290/197 375/278/185
f 377/280/187 389/292/199 388/291/198 376/279/186
f 378/281/188 390/293/200 389/292/199 377/280/187
f 379/282/189 391/294/201 390/293/200 378/281/188
f 380/283/190 392/295/202 391/294/201 379/282/189
f 381/284/191 393/296/203 392/295/202 380/283/190
f 382/285/192 394/297/204 393/296/203 381/284/191
f 383/286/193 395/298/205 394/297/204 382/285/192
f 384/287/194 396/299/206 395/298/205 383/286/193
f 386/288/195 398/300/207 397/301/208 385/289/196
f 387/290/197 399/302/209 398/300/207 386/288/195
f 388/291/198 400/303/210 399/302/209 387/290/197
f 389/292/199 401/304/211 400/303/210 388/291/198
f 390/293/200 402/305/212 401/304/211 389/292/199
f 391/294/201 403/306/213 402/305/212 390/293/200
f 392/295/202 404/307/214 403/306/213 391/294/201
f 393/296/203 405/308/215 404/307/214 392/295/202
f 394/297/204 406/309/216 405/308/215 393/296/203
f 395/298/205 407/310/217 406/309/216 394/297/204
f 396/299/206 408/311/218 407/310/217 395/298/205
f 398/300/207 410/312/219 409/313/220 397/301/208
f 399/302/209 411/314/221 410/312/219 398/300/207
f 400/303/210 412/315/222 411/314/221 399/302/209
f 401/304/211 413/316/223 412/315/222 400/303/210
f 402/305/212 414/317/224 413/316/223 401/304/211
f 403/306/213 415/318/225 414/317/224 402/305/212
f 404/307/214 416/319/226 415/318/225 403/306/213
f 405/308/215 417/320/227 416/319/226 404/307/214
f 406/309/216 418/321/228 417/320/227 405/308/215
f 407/310/217 419/322/229 418/321/228 406/309/216
f 408/311/218 420/323/230 419/322/229 407/310/217
f 410/312/219 422/324/231 421/325/232 409/313/220
f 411/314/221 423/326/233 422/324/231 410/312/219
f 412/315/222 424/327/234 423/326/233 411/314/221
f 413/316/223 425/328/235 424/327/234 412/315/222
f 414/317/224 426/329/236 425/328/235 413/316/223
f 415/318/225 427/330/237 426/329/236 414/317/224
f 416/319/226 428/331/238 427/330/237 415/318/225
f 417/320/227 429/332/239 428/331/238 416/319/226
f 418/321/228 430/333/240 429/332/239 417/320/227
f 419/322/229 431/334/241 430/333/240 418/321/228
f 420/323/230 432/335/242 431/334/241 419/322/229
f 422/324/231 434/336/243 433/337/244 421/325/232
f 423/326/233 435/338/245 434/336/243 422/324/231
f 424/327/234 436/339/246 435/338/245 423/326/233
f 425/328/235 437/340/247 436/339/246 424/327/234
f 426/329/236 438/341/248 437/340/247 425/328/235
f 427/330/237 439/342/249 438/341/248 426/329/236
f 428/331/238 440/343/250 439/342/249 427/330/237
f 429/332/239 441/344/251 440/343/250 428/331/238
f 430/333/240 442/345/252 441/344/251 429/332/239
f 431/334/241 443/346/253 442/345/252 430/333/240
f 432/335/242 444/347/254 443/346/253 431/334/241
f 434/336/243 446/348/255 445/349/256 433/337/244
f 435/338/245 447/350/257 446/348/255 434/336/243
f 436/339/246 448/351/258 447/350/257 435/338/245
f 437/340/247 449/352/259 448/351/258 436/339/246
f 438/341/248 450/353/260 449/352/259 437/340/247
f 439/342/249 451/354/261 450/353/260 438/341/248
f 440/343/250 452/355/262 451/354/261 439/342/249
f 441/344/251 453/356/263 452/355/262 440/343/250
f 442/345/252 454/357/264 453/356/263 441/344/251
f 443/346/253 455/358/265 454/357/264 442/345/252
f 444/347/254 456/359/266 455/358/265 443/346/253
f 446/348/255 458/360/267 457/361/268 445/349/256
f 447/350/257 459/362/269 458/360/267 446/348/255
f 448/351/258 460/363/270 459/362/269 447/350/257
f 449/352/259 461/364/271 460/363/270 448/351/258
f 450/353/260 462/365/272 461/364/271 449/352/259
f 451/354/261 463/366/273 462/365/272 450/353/260
f 452/355/262 464/367/274 463/366/273 451/354/261
f 453/356/263 465/368/275 464/367/274 452/355/262
f 454/357/264 466/369/276 465/368/275 453/356/263
f 455/358/265 467/370/277 466/369/276 454/357/264
f 456/359/266 468/371/278 467/370/277 455/358/265
f 458/360/267 470/372/279 469/373/280 457/361/268
f 459/362/269 471/374/281 470/372/279 458/360/267
f 460/363/270 472/375/282 471/374/281 459/362/269
f 461/364/271 473/376/283 472/375/282 460/363/270
f 462/365/272 474/377/284 473/376/283 461/364/271
f 463/366/273 475/378/285 474/377/284 462/365/272
f 464/367/274 476/379/286 475/378/285 463/366/273
f 465/368/275 477/380/287 476/379/286 464/367/274
f 466/369/276 478/381/288 477/380/287 465/368/275
f 467/370/277 479/382/289 478/381/288 466/369/276
f 468/371/278 480/383/290 479/382/289 467/370/277
f 470/372/279 482/384/291 481/385/292 469/373/280
f 471/374/281 483/386/293 482/384/291 470/372/279
f 472/375/282 484/387/294 483/386/293 471/374/281
f 473/376/283 485/388/295 484/387/294 472/375/282
f 474/377/284 486/389/296 485/388/295 473/376/283
f 475/378/285 487/390/297 486/389/296 474/377/284
f 476/379/286 488/391/298 487/390/297 475/378/285
f 477/380/287 489/392/299 488/391/298 476/379/286
f 478/381/288 490/393/300 489/392/299 477/380/287
f 479/382/289 491/394/301 490/393/300 478/381/288
f 480/383/290 492/395/302 491/394/301 479/382/289
f 482/384/291 494/396/303 493/397/304 481/385/292
f 483/386/293 495/398/305 494/396/303 482/384/291
f 484/387/294 496/399/306 495/398/305 483/386/293
f 485/388/295 497/400/307 496/399/306 484/387/294
f 486/389/296 498/401/308 497/400/307 485/388/295
f 487/390/297 499/402/309 498/401/308 486/389/296
f 488/391/298 500/403/310 499/402/309 487/390/297
f 489/392/299 501/404/311 500/403/310 488/391/298
f 490/393/300 502/405/312 501/404/311 489/392/299
f 491/394/301 503/406/313 502/405/312 490/393/300
f 492/395/302 504/407/314 503/406/313 491/394/301
f 494/396/303 506/408/315 505/409/316 493/397/304
f 495/398/305 507/410/317 506/408/315 494/396/303
f 496/399/306 508/411/318 507/410/317 495/398/305
f 497/400/307 509/412/319 508/411/318 496/399/306
f 498/401/308 510/413/320 509/412/319 497/400/307
f 499/402/309 511/414/321 510/413/320 498/401/308
f 500/403/310 512/415/322 511/414/321 499/402/309
f 501/404/311 513/416/323 512/415/322 500/403/310
f 502/405/312 514/417/324 513/416/323 501/404/311
f 503/406/313 515/418/325 514/417/324 502/405/312
f 504/407/314 516/419/326 515/418/325 503/406/313
f 506/408/315 518/420/327 517/421/328 505/409/316
f 507/410/317 519/422/329 518/420/327 506/408/315
f 508/411/318 520/423/330 519/422/329 507/410/317
f 509/412/319 521/424/331 520/423/330 508/411/318
f 510/413/320 522/425/332 521/424/331 509/412/319
f 511/414/321 523/426/333 522/425/332 510/413/320
f 512/415/322 524/427/334 523/426/333 511/414/321
f 513/416/323 525/428/335 524/427/334 512/415/322
f 514/417/324 526/429/336 525/428/335 513/416/323
f 515/418/325 527/430/337 526/429/336 514/417/324
f 516/419/326 528/431/338 527/430/337 515/418/325
f 518/420/327 530/432/339 529/433/340 517/421/328
f 519/422/329 531/434/341 530/432/339 518/420/327
f 520/423/330 532/435/342 531/434/341 519/422/329
f 521/424/331 533/436/343 532/435/342 520/423/330
f 522/425/332 534/437/344 533/436/343 521/424/331
f 523/426/333 535/438/345 534/437/344 522/425/332
f 524/427/334 536/439/346 535/438/345 523/426/333
f 525/428/335 537/440/347 536/439/346 524/427/334
f 526/429/336 538/441/348 537/440/347 525/428/335
f 527/430/337 539/442/349 538/441/348 526/429/336
f 528/431/338 540/443/350 539/442/349 527/430/337
f 530/432/339 542/444/351 541/445/352 529/433/340
f 531/434/341 543/446/353 542/444/351 530/432/339
f 532/435/342 544/447/354 543/446/353 531/434/341
f 533/436/343 545/448/355 544/447/354 532/435/342
f 534/437/344 546/449/356 545/448/355 533/436/343
f 535/438/345 547/450/357 546/449/356 534/437/344
f 536/439/346 548/451/358 547/450/357 535/438/345
f 537/440/347 549/452/359 548/451/358 536/439/346
f 538/441/348 550/453/360 549/452/359 537/440/347
f 539/442/349 551/454/361 550/453/360 538/441/348
f 540/443/350 552/455/362 551/454/361 539/442/349
f 542/444/351 554/456/363 553/457/364 541/445/352
f 543/446/353 555/458/365 554/456/363 542/444/351
f 544/447/354 556/459/366 555/458/365 543/446/353
f 545/448/355 557/460/367 556/459/366 544/447/354
f 546/449/356 558/461/368 557/460/367 545/448/355
f 547/450/357 559/462/369 558/461/368 546/449/356
f 548/451/358 560/463/370 559/462/369 547/450/357
f 549/452/359 561/464/371 560/463/370 548/451/358
f 550/453/360 562/465/372 561/464/371 549/452/359
f 551/454/361 563/466/373 562/465/372 550/453/360
f 552/455/362 564/467/374 563/466/373 551/454/361
f 554/456/363 566/468/375 565/469/376 553/457/364
f 555/458/365 567/470/377 566/468/375 554/456/363
f 556/459/366 568/471/378 567/470/377 555/458/365
f 557/460/367 569/472/379 568/471/378 556/459/366
f 558/461/368 570/473/380 569/472/379 557/460/367
f 559/462/369 571/474/381 570/473/380 558/461/368
f 560/463/370 572/475/382 571/474/381 559/462/369
f 561/464/371 573/476/383 572/475/382 560/463/370
f 562/465/372 574/477/384 573/476/383 561/464/371
f 563/466/373 575/478/385 574/477/384 562/465/372
f 564/467/374 576/479/386 575/478/385 563/466/373
f 566/468/375 578/480/387 577/481/388 565/469/376
f 567/470/377 579/482/389 578/480/387 566/468/375
f 568/471/378 580/483/390 579/482/389 567/470/377
f 569/472/379 581/484/391 580/483/390 568/471/378
f 570/473/380 582/485/392 581/484/391 569/472/379
f 571/474/381 583/486/393 582/485/392 570/473/380
f 572/475/382 584/487/394 583/486/393 571/474/381
f 573/476/383 585/488/395 584/487/394 572/475/382
f 574/477/384 586/489/396 585/488/395 573/476/383
f 575/478/385 587/490/397 586/489/396 574/477/384
f 576/479/386 588/491/398 587/490/397 575/478/385
f 578/480/387 590/492/399 589/493/400 577/481/388
f 579/482/389 591/494/401 590/492/399 578/480/387
f 580/483/390 592/495/402 591/494/401 579/482/389
f 581/484/391 593/496/403 592/495/402 580/483/390
f 582/485/392 594/497/404 593/496/403 581/484/391
f 583/486/393 595/498/405 594/497/404 582/485/392
f 584/487/394 596/499/406 595/498/405 583/486/393
f 585/488/395 597/500/407 596/499/406 584/487/394
f 586/489/396 598/501/408 597/500/407 585/488/395
f 587/490/397 599/502/409 598/501/408 586/489/396
f 588/491/398 600/503/410 599/502/409 587/490/397
f 590/492/399 602/504/411 601/505/412 589/493/400
f 591/494/401 603/506/413 602/504/411 590/492/399
f 592/495/402 604/507/414 603/506/413 591/494/401
f 593/496/403 605/508/415 604/507/414 592/495/402
f 594/497/404 606/509/416 605/508/415 593/496/403
f 595/498/405 607/510/417 606/509/416 594/497/404
f 596/499/406 608/511/418 607/510/417 595/498/405
f 597/500/407 609/512/419 608/511/418 596/499/406
f 598/501/408 610/513/420 609/512/419 597/500/407
f 599/502/409 611/514/421 610/513/420 598/501/408
f 600/503/410 612/515/422 611/514/421 599/502/409
f 602/504/411 614/516/423 613/517/424 601/505/412
f 603/506/413 615/518/425 614/516/423 602/504/411
f 604/507/414 616/519/426 615/518/425 603/506/413
f 605/508/415 617/520/427 616/519/426 604/507/414
f 606/509/416 618/521/428 617/520/427 605/508/415
f 607/510/417 619/522/429 618/521/428 606/509/416
f 608/511/418 620/523/430 619/522/429 607/510/417
f 609/512/419 621/524/431 620/523/430 608/511/418
f 610/513/420 622/525/432 621/524/431 609/512/419
f 611/514/421 623/526/433 622/525/432 610/513/420
f 612/515/422 624/527/434 623/526/433 611/514/421
f 614/516/423 626/528/435 625/529/436 613/517/424
f 615/518/425 627/530/437 626/528/435 614/516/423
f 616/519/426 628/531/438 627/530/437 615/518/425
f 617/520/427 629/532/439 628/531/438 616/519/426
f 618/521/428 630/533/440 629/532/439 617/520/427
f 619/522/429 631/534/441 630/533/440 618/521/428
f 620/523/430 632/535/442 631/534/441 619/522/429
f 621/524/431 633/536/443 632/535/442 620/523/430
f 622/525/432 634/537/444 633/536/443 621/524/431
f 623/526/433 635/538/445 634/537/444 622/525/432
f 624/527/434 636/539/446 635/538/445 623/526/433
f 626/528/435 638/540/447 637/541/448 625/529/436
f 627/530/437 639/542/449 638/540/447 626/528/435
f 628/531/438 640/543/450 639/542/449 627/530/437
f 629/532/439 641/544/451 640/543/450 628/531/438
f 630/533/440 642/545/452 641/544/451 629/532/439
f 631/534/441 643/546/453 642/545/452 630/533/440
f 632/535/442 644/547/454 643/546/453 631/534/441
f 633/536/443 645/548/455 644/547/454 632/535/442
f 634/537/444 646/549/456 645/548/455 633/536/443
f 635/538/445 647/550/457 646/549/456 634/537/444
f 636/539/446 648/551/458 647/550/457 635/538/445
f 638/540/447 650/552/459 649/553/460 637/541/448
f 639/542/449 651/554/461 650/552/459 638/540/447
f 640/543/450 652/555/462 651/554/461 639/542/449
f 641/544/451 653/556/463 652/555/462 640/543/450
f 642/545/452 654/557/464 653/556/463 641/544/451
f 643/546/453 655/558/465 654/557/464 642/545/452
f 644/547/454 656/559/466 655/558/465 643/546/453
f 645/548/455 657/560/467 656/559/466 644/547/454
f 646/549/456 658/561/468 657/560/467 645/548/455
f 647/550/457 659/562/469 658/561/468 646/549/456
f 648/551/458 660/563/470 659/562/469 647/550/457
f 650/552/459 662/564/471 661/565/472 649/553/460
f 651/554/461 663/566/473 662/564/471 650/552/459
f 652/555/462 664/567/474 663/566/473 651/554/461
f 653/556/463 665/568/475 664/567/474 652/555/462
f 654/557/464 666/569/476 665/568/475 653/556/463
f 655/558/465 667/570/477 666/569/476 654/557/464
f 656/559/466 668/571/478 667/570/477 655/558/465
f 657/560/467 669/572/479 668/571/478 656/559/466
f 658/561/468 670/573/480 669/572/479 657/560/467
f 659/562/469 671/574/481 670/573/480 658/561/468
f 660/563/470 672/575/482 671/574/481 659/562/469
f 662/564/471 674/576/483 673/577/484 661/565/472
f 663/566/473 675/578/485 674/576/483 662/564/471
f 664/567/474 676/579/486 675/578/485 663/566/473
f 665/568/475 677/580/487 676/579/486 664/567/474
f 666/569/476 678/581/488 677/580/487 665/568/475
f 667/570/477 679/582/489 678/581/488 666/569/476
f 668/571/478 680/583/490 679/582/489 667/570/477
f 669/572/479 681/584/491 680/583/490 668/571/478
f 670/573/480 682/585/492 681/584/491 669/572/479
f 671/574/481 683/586/493 682/585/492 670/573/480
f 672/575/482 684/587/494 683/586/493 671/574/481
f 674/576/483 686/588/495 685/589/496 673/577/484
f 675/578/485 687/590/497 686/588/495 674/576/483
f 676/579/486 688/591/498 687/590/497 675/578/485
f 677/580/487 689/592/499 688/591/498 676/579/486
f 678/581/488 690/593/500 689/592/499 677/580/487
f 679/582/489 691/594/501 690/593/500 678/581/488
f 680/583/490 692/595/502 691/594/501 679/582/489
f 681/584/491 693/596/503 692/595/502 680/583/490
f 682/585/492 694/597/504 693/596/503 681/584/491
f 683/586/493 695/598/505 694/597/504 682/585/492
f 684/587/494 696/599/506 695/598/505 683/586/493
f 686/588/495 698/600/507 697/601/508 685/589/496
f 687/590/497 699/602/509 698/600/507 686/588/495
f 688/591/498 700/603/510 699/602/509 687/590/497
f 689/592/499 701/604/511 700/603/510 688/591/498
f 690/593/500 702/605/512 701/604/511 689/592/499
f 691/594/501 703/606/513 702/605/512 690/593/500
f 692/595/502 704/607/514 703/606/513 691/594/501
f 693/596/503 705/608/515 704/607/514 692/595/502
f 694/597/504 706/609/516 705/608/515 693/596/503
f 695/598/505 707/610/517 706/609/516 694/597/504
f 696/599/506 708/611/518 707/610/517 695/598/505
f 698/600/507 710/612/519 709/613/520 697/601/508
f 699/602/509 711/614/521 710/612/519 698/600/507
f 700/603/510 712/615/522 711/614/521 699/602/509
f 701/604/511 713/616/523 712/615/522 700/603/510
f 702/605/512 714/617/524 713/616/523 701/604/511
f 703/606/513 715/618/525 714/617/524 702/605/512
f 704/607/514 716/619/526 715/618/525 703/606/513
f 705/608/515 717/620/527 716/619/526 704/607/514
f 706/609/516 718/621/528 717/620/527 705/608/515
f 707/610/517 719/622/529 718/621/528 706/609/516
f 708/611/518 720/623/530 719/622/529 707/610/517
f 710/612/519 722/624/531 721/625/532 709/613/520
f 711/614/521 723/626/533 722/624/531 710/612/519
f 712/615/522 724/627/534 723/626/533 711/614/521
f 713/616/523 725/628/535 724/627/534 712/615/522
f 714/617/524 726/629/536 725/628/535 713/616/523
f 715/618/525 727/630/537 726/629/536 714/617/524
f 716/619/526 728/631/538 727/630/537 715/618/525
f 717/620/527 729/632/539 728/631/538 716/619/526
f 718/621/528 730/633/540 729/632/539 717/620/527
f 719/622/529 731/634/541 730/633/540 718/621/528
f 720/623/530 732/635/542 731/634/541 719/622/529
f 722/624/531 734/636/543 733/637/544 721/625/532
f 723/626/533 735/638/545 734/636/543 722/624/531
f 724/627/534 736/639/546 735/638/545 723/626/533
f 725/628/535 737/640/547 736/639/546 724/627/534
f 726/629/536 738/641/548 737/640/547 725/628/535
f 727/630/537 739/642/549 738/641/548 726/629/536
f 728/631/538 740/643/550 739/642/549 727/630/537
f 729/632/539 741/644/551 740/643/550 728/631/538
f 730/633/540 742/645/552 741/644/551 729/632/539
f 731/634/541 743/646/553 742/645/552 730/633/540
f 732/635/542 744/647/554 743/646/553 731/634/541
f 734/636/543 746/648/555 745/649/556 733/637/544
f 735/638/545 747/650/557 746/648/555 734/636/543
f 736/639/546 748/651/558 747/650/557 735/638/545
f 737/640/547 749/652/559 748/651/558 736/639/546
f 738/641/548 750/653/560 749/652/559 737/640/547
f 739/642/549 751/654/561 750/653/560 738/641/548
f 740/643/550 752/655/562 751/654/561 739/642/549
f 741/644/551 753/656/563 752/655/562 740/643/550
f 742/645/552 754/657/564 753/656/563 741/644/551
f 743/646/553 755/658/565 754/657/564 742/645/552
f 744/647/554 756/659/566 755/658/565 743/646/553
f 746/648/555 758/660/567 757/661/568 745/649/556
f 747/650/557 759/662/569 758/660/567 746/648/555
f 748/651/558 760/663/570 759/662/569 747/650/557
f 749/652/559 761/664/571 760/663/570 748/651/558
f 750/653/560 762/665/572 761/664/571 749/652/559
f 751/654/561 763/666/573 762/665/572 750/653/560
f 752/655/562 764/667/574 763/666/573 751/654/561
f 753/656/563 765/668/575 764/667/574 752/655/562
f 754/657/564 766/669/576 765/668/575 753/656/563
f 755/658/565 767/670/577 766/669/576 754/657/564
f 756/659/566 768/671/578 767/670/577 755/658/565
f 758/660/567 194/672/3 193/13/6 757/661/568
f 759/662/569 195/673/7 194/672/3 758/660/567
f 760/663/570 196/674/9 195/673/7 759/662/569
f 761/664/571 197/675/11 196/674/9 760/663/570
f 762/665/572 198/676/13 197/675/11 761/664/571
f 763/666/573 199/677/15 198/676/13 762/665/572
f 764/667/574 200/678/17 199/677/15 763/666/573
f 765/668/575 201/679/19 200/678/17 764/667/574
f 766/669/576 202/680/21 201/679/19 765/668/575
f 767/670/577 203/681/23 202/680/21 766/669/576
f 768/671/578 204/682/25 203/681/23 767/670/577
f 770/97/579 782/98/580 781/99/581 769/94/582
f 771/100/583 783/101/584 782/98/580 770/97/579
f 772/102/585 784/103/586 783/101/584 771/100/583
f 773/104/587 785/105/588 784/103/586 772/102/585
f 774/106/589 786/107/590 785/105/588 773/104/587
f 775/108/591 787/109/592 786/107/590 774/106/589
f 776/110/593 788/111/594 787/109/592 775/108/591
f 777/112/595 789/113/596 788/111/594 776/110/593
f 778/114/597 790/115/598 789/113/596 777/112/595
f 779/116/599 791/117/600 790/115/598 778/114/597
f 780/118/601 792/119/602 791/117/600 779/116/599
f 782/98/580 794/120/603 793/121/604 781/99/581
f 783/101/584 795/122/605 794/120/603 782/98/580
f 784/103/586 796/123/606 795/122/605 783/101/584
f 785/105/588 797/124/607 796/123/606 784/103/586
f 786/107/590 798/125/608 797/124/607 785/105/588
f 787/109/592 799/126/609 798/125/608 786/107/590
f 788/111/594 800/127/610 799/126/609 787/109/592
f 789/113/596 801/128/611 800/127/610 788/111/594
f 790/115/598 802/129/612 801/128/611 789/113/596
f 791/117/600 803/130/613 802/129/612 790/115/598
f 792/119/602 804/131/614 803/130/613 791/117/600
f 794/120/603 806/132/615 805/133/616 793/121/604
f 795/122/605 807/134/617 806/132/615 794/120/603
f 796/123/606 808/135/618 807/134/617 795/122/605
f 797/124/607 809/136/619 808/135/618 796/123/606
f 798/125/608 810/137/620 809/136/619 797/124/607
f 799/126/609 811/138/621 810/137/620 798/125/608
f 800/127/610 812/139/622 811/138/621 799/126/609
f 801/128/611 813/140/623 812/139/622 800/127/610
f 802/129/612 814/141/624 813/140/623 801/128/611
f 803/130/613 815/142/625 814/141/624 802/129/612
f 804/131/614 816/143/626 815/142/625 803/130/613
f 806/132/615 818/144/627 817/145/628 805/133/616
f 807/134/617 819/146/629 818/144/627 806/132/615
f 808/135/618 820/147/630 819/146/629 807/134/617
f 809/136/619 821/148/631 820/147/630 808/135/618
f 810/137/620 822/149/632 821/148/631 809/136/619
f 811/138/621 823/150/633 822/149/632 810/137/620
f 812/139/622 824/151/634 823/150/633 811/138/621
f 813/140/623 825/152/635 824/151/634 812/139/622
f 814/141/624 826/153/636 825/152/635 813/140/623
f 815/142/625 827/154/637 826/153/636 814/141/624
f 816/143/626 828/155/638 827/154/637 815/142/625
f 818/144/627 830/156/639 829/157/640 817/145/628
f 819/146/629 831/158/641 830/156/639 818/144/627
f 820/147/630 832/159/642 831/158/641 819/146/629
f 821/148/631 833/160/643 832/159/642 820/147/630
f 822/149/632 834/161/644 833/160/643 821/148/631
f 823/150/633 835/162/645 834/161/644 822/149/632
f 824/151/634 836/163/646 835/162/645 823/150/633
f 825/152/635 837/164/647 836/163/646 824/151/634
f 826/153/636 838/165/648 837/164/647 825/152/635
f 827/154/637 839/166/649 838/165/648 826/153/636
f 828/155/638 840/167/650 839/166/649 827/154/637
f 830/156/639 842/168/651 841/169/652 829/157/640
f 831/158/641 843/170/653 842/168/651 830/156/639
f 832/159/642 844/171/654 843/170/653 831/158/641
f 833/160/643 845/172/655 844/171/654 832/159/642
f 834/161/644 846/173/656 845/172/655 833/160/643
f 835/162/645 847/174/657 846/173/656 834/161/644
f 836/163/646 848/175/658 847/174/657 835/162/645
f 837/164/647 849/176/659 848/175/658 836/163/646
f 838/165/648 850/177/660 849/176/659 837/164/647
f 839/166/649 851/178/661 850/177/660 838/165/648
f 840/167/650 852/179/662 851/178/661 839/166/649
f 842/168/651 854/180/663 853/181/664 841/169/652
f 843/170/653 855/182/665 854/180/663 842/168/651
f 844/171/654 856/183/666 855/182/665 843/170/653
f 845/172/655 857/184/667 856/183/666 844/171/654
f 846/173/656 858/185/668 857/184/667 845/172/655
f 847/174/657 859/186/669 858/185/668 846/173/656
f 848/175/658 860/187/670 859/186/669 847/174/657
f 849/176/659 861/188/671 860/187/670 848/175/658
f 850/177/660 862/189/672 861/188/671 849/176/659
f 851/178/661 863/190/673 862/189/672 850/177/660
f 852/179/662 864/191/674 863/190/673 851/178/661
f 854/180/663 866/192/675 865/193/676 853/181/664
f 855/182/665 867/194/677 866/192/675 854/180/663
f 856/183/666 868/195/678 867/194/677 855/182/665
f 857/184/667 869/196/679 868/195/678 856/183/666
f 858/185/668 870/197/680 869/196/679 857/184/667
f 859/186/669 871/198/681 870/197/680 858/185/668
f 860/187/670 872/199/682 871/198/681 859/186/669
f 861/188/671 873/200/683 872/199/682 860/187/670
f 862/189/672 874/201/684 873/200/683 861/188/671
f 863/190/673 875/202/685 874/201/684 862/189/672
f 864/191/674 876/203/686 875/202/685 863/190/673
f 866/192/675 878/204/687 877/205/688 865/193/676
f 867/194/677 879/206/689 878/204/687 866/192/675
f 868/195/678 880/207/690 879/206/689 867/194/677
f 869/196/679 881/208/691 880/207/690 868/195/678
f 870/197/680 882/209/692 881/208/691 869/196/679
f 871/198/681 883/210/693 882/209/692 870/197/680
f 872/199/682 884/211/694 883/210/693 871/198/681
f 873/200/683 885/212/695 884/211/694 872/199/682
f 874/201/684 886/213/696 885/212/695 873/200/683
f 875/202/685 887/214/697 886/213/696 874/201/684
f 876/203/686 888/215/698 887/214/697 875/202/685
f 878/204/687 890/216/699 889/217/700 877/205/688
f 879/206/689 891/218/701 890/216/699 878/204/687
f 880/207/690 892/219/702 891/218/701 879/206/689
f 881/208/691 893/220/703 892/219/702 880/207/690
f 882/209/692 894/221/704 893/220/703 881/208/691
f 883/210/693 895/222/705 894/221/704 882/209/692
f 884/211/694 896/223/706 895/222/705 883/210/693
f 885/212/695 897/224/707 896/223/706 884/211/694
f 886/213/696 898/225/708 897/224/707 885/212/695
f 887/214/697 899/226/709 898/225/708 886/213/696
f 888/215/698 900/227/710 899/226/709 887/214/697
f 890/216/699 902/228/711 901/229/424 889/217/700
f 891/218/701 903/230/712 902/228/711 890/216/699
f 892/219/702 904/231/713 903/230/712 891/218/701
f 893/220/703 905/232/714 904/231/713 892/219/702
f 894/221/704 906/233/715 905/232/714 893/220/703
f 895/222/705 907/234/716 906/233/715 894/221/704
f 896/223/706 908/235/717 907/234/716 895/222/705
f 897/224/707 909/236/718 908/235/717 896/223/706
f 898/225/708 910/237/719 909/236/718 897/224/707
f 899/226/709 911/238/720 910/237/719 898/225/708
f 900/227/710 912/239/434 911/238/720 899/226/709
f 902/228/711 914/240/721 913/241/722 901/229/424
f 903/230/712 915/242/723 914/240/721 902/228/711
f 904/231/713 916/243/724 915/242/723 903/230/712
f 905/232/714 917/244/725 916/243/724 904/231/713
f 906/233/715 918/245/726 917/244/725 905/232/714
f 907/234/716 919/246/727 918/245/726 906/233/715
f 908/235/717 920/247/728 919/246/727 907/234/716
f 909/236/718 921/248/729 920/247/728 908/235/717
f 910/237/719 922/249/730 921/248/729 909/236/718
f 911/238/720 923/250/731 922/249/730 910/237/719
f 912/239/434 924/251/732 923/250/731 911/238/720
f 914/240/721 926/252/733 925/253/734 913/241/722
f 915/242/723 927/254/735 926/252/733 914/240/721
f 916/243/724 928/255/736 927/254/735 915/242/723
f 917/244/725 929/256/737 928/255/736 916/243/724
f 918/245/726 930/257/738 929/256/737 917/244/725
f 919/246/727 931/258/739 930/257/738 918/245/726
f 920/247/728 932/259/740 931/258/739 919/246/727
f 921/248/729 933/260/741 932/259/740 920/247/728
f 922/249/730 934/261/742 933/260/741 921/248/729
f 923/250/731 935/262/743 934/261/742 922/249/730
f 924/251/732 936/263/744 935/262/743 923/250/731
f 926/252/733 938/264/745 937/265/746 925/253/734
f 927/254/735 939/266/747 938/264/745 926/252/733
f 928/255/736 940/267/748 939/266/747 927/254/735
f 929/256/737 941/268/749 940/267/748 928/255/736
f 930/257/738 942/269/750 941/268/749 929/256/737
f 931/258/739 943/270/751 942/269/750 930/257/738
f 932/259/740 944/271/752 943/270/751 931/258/739
f 933/260/741 945/272/753 944/271/752 932/259/740
f 934/261/742 946/273/754 945/272/753 933/260/741
f 935/262/743 947/274/755 946/273/754 934/261/742
f 936/263/744 948/275/756 947/274/755 935/262/743
f 938/264/745 950/276/757 949/277/758 937/265/746
f 939/266/747 951/278/759 950/276/757 938/264/745
f 940/267/748 952/279/760 951/278/759 939/266/747
f 941/268/749 953/280/761 952/279/760 940/267/748
f 942/269/750 954/281/762 953/280/761 941/268/749
f 943/270/751 955/282/763 954/281/762 942/269/750
f 944/271/752 956/283/764 955/282/763 943/270/751
f 945/272/753 957/284/765 956/283/764 944/271/752
f 946/273/754 958/285/766 957/284/765 945/272/753
f 947/274/755 959/286/767 958/285/766 946/273/754
f 948/275/756 960/287/768 959/286/767 947/274/755
f 950/276/757 962/288/769 961/289/770 949/277/758
f 951/278/759 963/290/771 962/288/769 950/276/757
f 952/279/760 964/291/772 963/290/771 951/278/759
f 953/280/761 965/292/773 964/291/772 952/279/760
f 954/281/762 966/293/774 965/292/773 953/280/761
f 955/282/763 967/294/775 966/293/774 954/281/762
f 956/283/764 968/295/776 967/294/775 955/282/763
f 957/284/765 969/296/777 968/295/776 956/283/764
f 958/285/766 970/297/778 969/296/777 957/284/765
f 959/286/767 971/298/779 970/297/778 958/285/766
f 960/287/768 972/299/780 971/298/779 959/286/767
f 962/288/769 974/300/781 973/301/782 961/289/770
f 963/290/771 975/302/783 974/300/781 962/288/769
f 964/291/772 976/303/784 975/302/783 963/290/771
f 965/292/773 977/304/785 976/303/784 964/291/772
f 966/293/774 978/305/786 977/304/785 965/292/773
f 967/294/775 979/306/787 978/305/786 966/293/774
f 968/295/776 980/307/788 979/306/787 967/294/775
f 969/296/777 981/308/789 980/307/788 968/295/776
f 970/297/778 982/309/790 981/308/789 969/296/777
f 971/298/779 983/310/791 982/309/790 970/297/778
f 972/299/780 984/311/792 983/310/791 971/298/779
f 974/300/781 986/312/793 985/313/794 973/301/782
f 975/302/783 987/314/795 986/312/793 974/300/781
f 976/303/784 988/315/796 987/314/795 975/302/783
f 977/304/785 989/316/797 988/315/796 976/303/784
f 978/305/786 990/317/798 989/316/797 977/304/785
f 979/306/787 991/318/799 990/317/798 978/305/786
f 980/307/788 992/319/800 991/318/799 979/306/787
f 981/308/789 993/320/801 992/319/800 980/307/788
f 982/309/790 994/321/802 993/320/801 981/308/789
f 983/310/791 995/322/803 994/321/802 982/309/790
f 984/311/792 996/323/804 995/322/803 983/310/791
f 986/312/793 998/324/805 997/325/806 985/313/794
f 987/314/795 999/326/807 998/324/805 986/312/793
f 988/315/796 1000/327/808 999/326/807 987/314/795
f 989/316/797 1001/328/809 1000/327/808 988/315/796
f 990/317/798 1002/329/810 1001/328/809 989/316/797
f 991/318/799 1003/330/811 1002/329/810 990/317/798
f 992/319/800 1004/331/812 1003/330/811 991/318/799
f 993/320/801 1005/332/813 1004/331/812 992/319/800
f 994/321/802 1006/333/814 1005/332/813 993/320/801
f 995/322/803 1007/334/815 1006/333/814 994/321/802
f 996/323/804 1008/335/816 1007/334/815 995/322/803
f 998/324/805 1010/336/817 1009/337/818 997/325/806
f 999/326/807 1011/338/819 1010/336/817 998/324/805
f 1000/327/808 1012/339/820 1011/338/819 999/326/807
f 1001/328/809 1013/340/821 1012/339/820 1000/327/808
f 1002/329/810 1014/341/822 1013/340/821 1001/328/809
f 1003/330/811 1015/342/823 1014/341/822 1002/329/810
f 1004/331/812 1016/343/824 1015/342/823 1003/330/811
f 1005/332/813 1017/344/825 1016/343/824 1004/331/812
f 1006/333/814 1018/345/826 1017/344/825 1005/332/813
f 1007/334/815 1019/346/827 1018/345/826 1006/333/814
f 1008/335/816 1020/347/828 1019/346/827 1007/334/815
f 1010/336/817 1022/348/829 1021/349/830 1009/337/818
f 1011/338/819 1023/350/831 1022/348/829 1010/336/817
f 1012/339/820 1024/351/832 1023/350/831 1011/338/819
f 1013/340/821 1025/352/833 1024/351/832 1012/339/820
f 1014/341/822 1026/353/834 1025/352/833 1013/340/821
f 1015/342/823 1027/354/835 1026/353/834 1014/341/822
f 1016/343/824 1028/355/836 1027/354/835 1015/342/823
f 1017/344/825 1029/356/837 1028/355/836 1016/343/824
f 1018/345/826 1030/357/838 1029/356/837 1017/344/825
f 1019/346/827 1031/358/839 1030/357/838 1018/345/826
f 1020/347/828 1032/359/840 1031/358/839 1019/346/827
f 1022/348/829 1034/360/841 1033/361/842 1021/349/830
f 1023/350/831 1035/362/843 1034/360/841 1022/348/829
f 1024/351/832 1036/363/844 1035/362/843 1023/350/831
f 1025/352/833 1037/364/845 1036/363/844 1024/351/832
f 1026/353/834 1038/365/846 1037/364/845 1025/352/833
f 1027/354/835 1039/366/847 1038/365/846 1026/353/834
f 1028/355/836 1040/367/848 1039/366/847 1027/354/835
f 1029/356/837 1041/368/849 1040/367/848 1028/355/836
f 1030/357/838 1042/369/850 1041/368/849 1029/356/837
f 1031/358/839 1043/370/851 1042/369/850 1030/357/838
f 1032/359/840 1044/371/852 1043/370/851 1031/358/839
f 1034/360/841 1046/372/853 1045/373/854 1033/361/842
f 1035/362/843 1047/374/855 1046/372/853 1034/360/841
f 1036/363/844 1048/375/856 1047/374/855 1035/362/843
f 1037/364/845 1049/376/857 1048/375/856 1036/363/844
f 1038/365/846 1050/377/858 1049/376/857 1037/364/845
f 1039/366/847 1051/378/859 1050/377/858 1038/365/846
f 1040/367/848 1052/379/860 1051/378/859 1039/366/847
f 1041/368/849 1053/380/861 1052/379/860 1040/367/848
f 1042/369/850 1054/381/862 1053/380/861 1041/368/849
f 1043/370/851 1055/382/863 1054/381/862 1042/369/850
f 1044/371/852 1056/383/864 1055/382/863 1043/370/851
f 1046/372/853 1058/384/865 1057/385/866 1045/373/854
f 1047/374/855 1059/386/867 1058/384/865 1046/372/853
f 1048/375/856 1060/387/868 1059/386/867 1047/374/855
f 1049/376/857 1061/388/869 1060/387/868 1048/375/856
f 1050/377/858 1062/389/870 1061/388/869 1049/376/857
f 1051/378/859 1063/390/871 1062/389/870 1050/377/858
f 1052/379/860 1064/391/872 1063/390/871 1051/378/859
f 1053/380/861 1065/392/873 1064/391/872 1052/379/860
f 1054/381/862 1066/393/874 1065/392/873 1053/380/861
f 1055/382/863 1067/394/875 1066/393/874 1054/381/862
f 1056/383/864 1068/395/876 1067/394/875 1055/382/863
f 1058/384/865 1070/396/877 1069/397/878 1057/385/866
f 1059/386/867 1071/398/879 1070/396/877 1058/384/865
f 1060/387/868 1072/399/880 1071/398/879 1059/386/867
f 1061/388/869 1073/400/881 1072/399/880 1060/387/868
f 1062/389/870 1074/401/882 1073/400/881 1061/388/869
f 1063/390/871 1075/402/883 1074/401/882 1062/389/870
f 1064/391/872 1076/403/884 1075/402/883 1063/390/871
f 1065/392/873 1077/404/885 1076/403/884 1064/391/872
f 1066/393/874 1078/405/886 1077/404/885 1065/392/873
f 1067/394/875 1079/406/887 1078/405/886 1066/393/874
f 1068/395/876 1080/407/888 1079/406/887 1067/394/875
f 1070/396/877 1082/408/889 1081/409/890 1069/397/878
f 1071/398/879 1083/410/891 1082/408/889 1070/396/877
f 1072/399/880 1084/411/892 1083/410/891 1071/398/879
f 1073/400/881 1085/412/893 1084/411/892 1072/399/880
f 1074/401/882 1086/413/894 1085/412/893 1073/400/881
f 1075/402/883 1087/414/895 1086/413/894 1074/401/882
f 1076/403/884 1088/415/896 1087/414/895 1075/402/883
f 1077/404/885 1089/416/897 1088/415/896 1076/403/884
f 1078/405/886 1090/417/898 1089/416/897 1077/404/885
f 1079/406/887 1091/418/899 1090/417/898 1078/405/886
f 1080/407/888 1092/419/900 1091/418/899 1079/406/887
f 1082/408/889 1094/420/901 1093/421/902 1081/409/890
f 1083/410/891 1095/422/903 1094/420/901 1082/408/889
f 1084/411/892 1096/423/904 1095/422/903 1083/410/891
f 1085/412/893 1097/424/905 1096/423/904 1084/411/892
f 1086/413/894 1098/425/906 1097/424/905 1085/412/893
f 1087/414/895 1099/426/907 1098/425/906 1086/413/894
f 1088/415/896 1100/427/908 1099/426/907 1087/414/895
f 1089/416/897 1101/428/909 1100/427/908 1088/415/896
f 1090/417/898 1102/429/910 1101/428/909 1089/416/897
f 1091/418/899 1103/430/911 1102/429/910 1090/417/898
f 1092/419/900 1104/431/912 1103/430/911 1091/418/899
f 1094/420/901 1106/432/913 1105/433/914 1093/421/902
f 1095/422/903 1107/434/915 1106/432/913 1094/420/901
f 1096/423/904 1108/435/916 1107/434/915 1095/422/903
f 1097/424/905 1109/436/917 1108/435/916 1096/423/904
f 1098/425/906 1110/437/918 1109/436/917 1097/424/905
f 1099/426/907 1111/438/919 1110/437/918 1098/425/906
f 1100/427/908 1112/439/920 1111/438/919 1099/426/907
f 1101/428/909 1113/440/921 1112/439/920 1100/427/908
f 1102/429/910 1114/441/922 1113/440/921 1101/428/909
f 1103/430/911 1115/442/923 1114/441/922 1102/429/910
f 1104/431/912 1116/443/924 1115/442/923 1103/430/911
f 1106/432/913 1118/444/925 1117/445/926 1105/433/914
f 1107/434/915 1119/446/927 1118/444/925 1106/432/913
f 1108/435/916 1120/447/928 1119/446/927 1107/434/915
f 1109/436/917 1121/448/929 1120/447/928 1108/435/916
f 1110/437/918 1122/449/930 1121/448/929 1109/436/917
f 1111/438/919 1123/450/931 1122/449/930 1110/437/918
f 1112/439/920 1124/451/932 1123/450/931 1111/438/919
f 1113/440/921 1125/452/933 1124/451/932 1112/439/920
f 1114/441/922 1126/453/934 1125/452/933 1113/440/921
f 1115/442/923 1127/454/935 1126/453/934 1114/441/922
f 1116/443/924 1128/455/936 1127/454/935 1115/442/923
f 1118/444/925 1130/456/937 1129/457/938 1117/445/926
f 1119/446/927 1131/458/939 1130/456/937 1118/444/925
f 1120/447/928 1132/459/940 1131/458/939 1119/446/927
f 1121/448/929 1133/460/941 1132/459/940 1120/447/928
f 1122/449/930 1134/461/942 1133/460/941 1121/448/929
f 1123/450/931 1135/462/943 1134/461/942 1122/449/930
f 1124/451/932 1136/463/944 1135/462/943 1123/450/931
f 1125/452/933 1137/464/945 1136/463/944 1124/451/932
f 1126/453/934 1138/465/946 1137/464/945 1125/452/933
f 1127/454/935 1139/466/947 1138/465/946 1126/453/934
f 1128/455/936 1140/467/948 1139/466/947 1127/454/935
f 1130/456/937 1142/468/949 1141/469/950 1129/457/938
f 1131/458/939 1143/470/951 1142/468/949 1130/456/937
f 1132/459/940 1144/471/952 1143/470/951 1131/458/939
f 1133/460/941 1145/472/953 1144/471/952 1132/459/940
f 1134/461/942 1146/473/954 1145/472/953 1133/460/941
f 1135/462/943 1147/474/955 1146/473/954 1134/461/942
f 1136/463/944 1148/475/956 1147/474/955 1135/462/943
f 1137/464/945 1149/476/957 1148/475/956 1136/463/944
f 1138/465/946 1150/477/958 1149/476/957 1137/464/945
f 1139/466/947 1151/478/959 1150/477/958 1138/465/946
f 1140/467/948 1152/479/960 1151/478/959 1139/466/947
f 1142/468/949 1154/480/961 1153/481/962 1141/469/950
f 1143/470/951 1155/482/963 1154/480/961 1142/468/949
f 1144/471/952 1156/483/964 1155/482/963 1143/470/951
f 1145/472/953 1157/484/965 1156/483/964 1144/471/952
f 1146/473/954 1158/485/966 1157/484/965 1145/472/953
f 1147/474/955 1159/486/967 1158/485/966 1146/473/954
f 1148/475/956 1160/487/968 1159/486/967 1147/474/955
f 1149/476/957 1161/488/969 1160/487/968 1148/475/956
f 1150/477/958 1162/489/970 1161/488/969 1149/476/957
f 1151/478/959 1163/490/971 1162/489/970 1150/477/958
f 1152/479/960 1164/491/972 1163/490/971 1151/478/959
f 1154/480/961 1166/492/973 1165/493/974 1153/481/962
f 1155/482/963 1167/494/975 1166/492/973 1154/480/961
f 1156/483/964 1168/495/976 1167/494/975 1155/482/963
f 1157/484/965 1169/496/977 1168/495/976 1156/483/964
f 1158/485/966 1170/497/978 1169/496/977 1157/484/965
f 1159/486/967 1171/498/979 1170/497/978 1158/485/966
f 1160/487/968 1172/499/980 1171/498/979 1159/486/967
f 1161/488/969 1173/500/981 1172/499/980 1160/487/968
f 1162/489/970 1174/501/982 1173/500/981 1161/488/969
f 1163/490/971 1175/502/983 1174/501/982 1162/489/970
f 1164/491/972 1176/503/984 1175/502/983 1163/490/971
f 1166/492/973 1178/504/985 1177/505/986 1165/493/974
f 1167/494/975 1179/506/987 1178/504/985 1166/492/973
f 1168/495/976 1180/507/988 1179/506/987 1167/494/975
f 1169/496/977 1181/508/989 1180/507/988 1168/495/976
f 1170/497/978 1182/509/990 1181/508/989 1169/496/977
f 1171/498/979 1183/510/991 1182/509/990 1170/497/978
f 1172/499/980 1184/511/992 1183/510/991 1171/498/979
f 1173/500/981 1185/512/993 1184/511/992 1172/499/980
f 1174/501/982 1186/513/994 1185/512/993 1173/500/981
f 1175/502/983 1187/514/995 1186/513/994 1174/501/982
f 1176/503/984 1188/515/996 1187/514/995 1175/502/983
f 1178/504/985 1190/516/997 1189/517/998 1177/505/986
f 1179/506/987 1191/518/999 1190/516/997 1178/504/985
f 1180/507/988 1192/519/1000 1191/518/999 1179/506/987
f 1181/508/989 1193/520/1001 1192/519/1000 1180/507/988
f 1182/509/990 1194/521/1002 1193/520/1001 1181/508/989
f 1183/510/991 1195/522/1003 1194/521/1002 1182/509/990
f 1184/511/992 1196/523/1004 1195/522/1003 1183/510/991
f 1185/512/993 1197/524/1005 1196/523/1004 1184/511/992
f 1186/513/994 1198/525/1006 1197/524/1005 1185/512/993
f 1187/514/995 1199/526/1007 1198/525/1006 1186/513/994
f 1188/515/996 1200/527/1008 1199/526/1007 1187/514/995
f 1190/516/997 1202/528/1009 1201/529/1010 1189/517/998
f 1191/518/999 1203/530/1011 1202/528/1009 1190/516/997
f 1192/519/1000 1204/531/1012 1203/530/1011 1191/518/999
f 1193/520/1001 1205/532/1013 1204/531/1012 1192/519/1000
f 1194/521/1002 1206/533/1014 1205/532/1013 1193/520/1001
f 1195/522/1003 1207/534/1015 1206/533/1014 1194/521/1002
f 1196/523/1004 1208/535/1016 1207/534/1015 1195/522/1003
f 1197/524/1005 1209/536/1017 1208/535/1016 1196/523/1004
f 1198/525/1006 1210/537/1018 1209/536/1017 1197/524/1005
f 1199/526/1007 1211/538/1019 1210/537/1018 1198/525/1006
f 1200/527/1008 1212/539/1020 1211/538/1019 1199/526/1007
f 1202/528/1009 1214/540/1021 1213/541/1022 1201/529/1010
f 1203/530/1011 1215/542/1023 1214/540/1021 1202/528/1009
f 1204/531/1012 1216/543/1024 1215/542/1023 1203/530/1011
f 1205/532/1013 1217/544/1025 1216/543/1024 1204/531/1012
f 1206/533/1014 1218/545/1026 1217/544/1025 1205/532/1013
f 1207/534/1015 1219/546/1027 1218/545/1026 1206/533/1014
f 1208/535/1016 1220/547/1028 1219/546/1027 1207/534/1015
f 1209/536/1017 1221/548/1029 1220/547/1028 1208/535/1016
f 1210/537/1018 1222/549/1030 1221/548/1029 1209/536/1017
f 1211/538/1019 1223/550/1031 1222/549/1030 1210/537/1018
f 1212/539/1020 1224/551/1032 1223/550/1031 1211/538/1019
f 1214/540/1021 1226/552/1033 1225/553/1034 1213/541/1022
f 1215/542/1023 1227/554/1035 1226/552/1033 1214/540/1021
f 1216/543/1024 1228/555/1036 1227/554/1035 1215/542/1023
f 1217/544/1025 1229/556/1037 1228/555/1036 1216/543/1024
f 1218/545/1026 1230/557/1038 1229/556/1037 1217/544/1025
f 1219/546/1027 1231/558/1039 1230/557/1038 1218/545/1026
f 1220/547/1028 1232/559/1040 1231/558/1039 1219/546/1027
f 1221/548/1029 1233/560/1041 1232/559/1040 1220/547/1028
f 1222/549/1030 1234/561/1042 1233/560/1041 1221/548/1029
f 1223/550/1031 1235/562/1043 1234/561/1042 1222/549/1030
f 1224/551/1032 1236/563/1044 1235/562/1043 1223/550/1031
f 1226/552/1033 1238/564/1045 1237/565/1046 1225/553/1034
f 1227/554/1035 1239/566/1047 1238/564/1045 1226/552/1033
f 1228/555/1036 1240/567/1048 1239/566/1047 1227/554/1035
f 1229/556/1037 1241/568/1049 1240/567/1048 1228/555/1036
f 1230/557/1038 1242/569/1050 1241/568/1049 1229/556/1037
f 1231/558/1039 1243/570/1051 1242/569/1050 1230/557/1038
f 1232/559/1040 1244/571/1052 1243/570/1051 1231/558/1039
f 1233/560/1041 1245/572/1053 1244/571/1052 1232/559/1040
f 1234/561/1042 1246/573/1054 1245/572/1053 1233/560/1041
f 1235/562/1043 1247/574/1055 1246/573/1054 1234/561/1042
f 1236/563/1044 1248/575/1056 1247/574/1055 1235/562/1043
f 1238/564/1045 1250/576/1057 1249/577/1058 1237/565/1046
f 1239/566/1047 1251/578/1059 1250/576/1057 1238/564/1045
f 1240/567/1048 1252/579/1060 1251/578/1059 1239/566/1047
f 1241/568/1049 1253/580/1061 1252/579/1060 1240/567/1048
f 1242/569/1050 1254/581/1062 1253/580/1061 1241/568/1049
f 1243/570/1051 1255/582/1063 1254/581/1062 1242/569/1050
f 1244/571/1052 1256/583/1064 1255/582/1063 1243/570/1051
f 1245/572/1053 1257/584/1065 1256/583/1064 1244/571/1052
f 1246/573/1054 1258/585/1066 1257/584/1065 1245/572/1053
f 1247/574/1055 1259/586/1067 1258/585/1066 1246/573/1054
f 1248/575/1056 1260/587/1068 1259/586/1067 1247/574/1055
f 1250/576/1057 1262/588/1069 1261/589/1070 1249/577/1058
f 1251/578/1059 1263/590/1071 1262/588/1069 1250/576/1057
f 1252/579/1060 1264/591/1072 1263/590/1071 1251/578/1059
f 1253/580/1061 1265/592/1073 1264/591/1072 1252/579/1060
f 1254/581/1062 1266/593/1074 1265/592/1073 1253/580/1061
f 1255/582/1063 1267/594/1075 1266/593/1074 1254/581/1062
f 1256/583/1064 1268/595/1076 1267/594/1075 1255/582/1063
f 1257/584/1065 1269/596/1077 1268/595/1076 1256/583/1064
f 1258/585/1066 1270/597/1078 1269/596/1077 1257/584/1065
f 1259/586/1067 1271/598/1079 1270/597/1078 1258/585/1066
f 1260/587/1068 1272/599/1080 1271/598/1079 1259/586/1067
f 1262/588/1069 1274/600/1081 1273/601/1082 1261/589/1070
f 1263/590/1071 1275/602/1083 1274/600/1081 1262/588/1069
f 1264/591/1072 1276/603/1084 1275/602/1083 1263/590/1071
f 1265/592/1073 1277/604/1085 1276/603/1084 1264/591/1072
f 1266/593/1074 1278/605/1086 1277/604/1085 1265/592/1073
f 1267/594/1075 1279/606/1087 1278/605/1086 1266/593/1074
f 1268/595/1076 1280/607/1088 1279/606/1087 1267/594/1075
f 1269/596/1077 1281/608/1089 1280/607/1088 1268/595/1076
f 1270/597/1078 1282/609/1090 1281/608/1089 1269/596/1077
f 1271/598/1079 1283/610/1091 1282/609/1090 1270/597/1078
f 1272/599/1080 1284/611/1092 1283/610/1091 1271/598/1079
f 1274/600/1081 1286/612/1093 1285/613/1094 1273/601/1082
f 1275/602/1083 1287/614/1095 1286/612/1093 1274/600/1081
f 1276/603/1084 1288/615/1096 1287/614/1095 1275/602/1083
f 1277/604/1085 1289/616/1097 1288/615/1096 1276/603/1084
f 1278/605/1086 1290/617/1098 1289/616/1097 1277/604/1085
f 1279/606/1087 1291/618/1099 1290/617/1098 1278/605/1086
f 1280/607/1088 1292/619/1100 1291/618/1099 1279/606/1087
f 1281/608/1089 1293/620/1101 1292/619/1100 1280/607/1088
f 1282/609/1090 1294/621/1102 1293/620/1101 1281/608/1089
f 1283/610/1091 1295/622/1103 1294/621/1102 1282/609/1090
f 1284/611/1092 1296/623/1104 1295/622/1103 1283/610/1091
f 1286/612/1093 1298/624/1105 1297/625/1106 1285/613/1094
f 1287/614/1095 1299/626/1107 1298/624/1105 1286/612/1093
f 1288/615/1096 1300/627/1108 1299/626/1107 1287/614/1095
f 1289/616/1097 1301/628/1109 1300/627/1108 1288/615/1096
f 1290/617/1098 1302/629/1110 1301/628/1109 1289/616/1097
f 1291/618/1099 1303/630/1111 1302/629/1110 1290/617/1098
f 1292/619/1100 1304/631/1112 1303/630/1111 1291/618/1099
f 1293/620/1101 1305/632/1113 1304/631/1112 1292/619/1100
f 1294/621/1102 1306/633/1114 1305/632/1113 1293/620/1101
f 1295/622/1103 1307/634/1115 1306/633/1114 1294/621/1102
f 1296/623/1104 1308/635/1116 1307/634/1115 1295/622/1103
f 1298/624/1105 1310/636/1117 1309/637/1118 1297/625/1106
f 1299/626/1107 1311/638/1119 1310/636/1117 1298/624/1105
f 1300/627/1108 1312/639/1120 1311/638/1119 1299/626/1107
f 1301/628/1109 1313/640/1121 1312/639/1120 1300/627/1108
f 1302/629/1110 1314/641/1122 1313/640/1121 1301/628/1109
f 1303/630/1111 1315/642/1123 1314/641/1122 1302/629/1110
f 1304/631/1112 1316/643/1124 1315/642/1123 1303/630/1111
f 1305/632/1113 1317/644/1125 1316/643/1124 1304/631/1112
f 1306/633/1114 1318/645/1126 1317/644/1125 1305/632/1113
f 1307/634/1115 1319/646/1127 1318/645/1126 1306/633/1114
f 1308/635/1116 1320/647/1128 1319/646/1127 1307/634/1115
f 1310/636/1117 1322/648/1129 1321/649/1130 1309/637/1118
f 1311/638/1119 1323/650/1131 1322/648/1129 1310/636/1117
f 1312/639/1120 1324/651/1132 1323/650/1131 1311/638/1119
f 1313/640/1121 1325/652/1133 1324/651/1132 1312/639/1120
f 1314/641/1122 1326/653/1134 1325/652/1133 1313/640/1121
f 1315/642/1123 1327/654/1135 1326/653/1134 1314/641/1122
f 1316/643/1124 1328/655/1136 1327/654/1135 1315/642/1123
f 1317/644/1125 1329/656/1137 1328/655/1136 1316/643/1124
f 1318/645/1126 1330/657/1138 1329/656/1137 1317/644/1125
f 1319/646/1127 1331/658/1139 1330/657/1138 1318/645/1126
f 1320/647/1128 1332/659/1140 1331/658/1139 1319/646/1127
f 1322/648/1129 1334/660/1141 1333/661/1142 1321/649/1130
f 1323/650/1131 1335/662/1143 1334/660/1141 1322/648/1129
f 1324/651/1132 1336/663/1144 1335/662/1143 1323/650/1131
f 1325/652/1133 1337/664/1145 1336/663/1144 1324/651/1132
f 1326/653/1134 1338/665/1146 1337/664/1145 1325/652/1133
f 1327/654/1135 1339/666/1147 1338/665/1146 1326/653/1134
f 1328/655/1136 1340/667/1148 1339/666/1147 1327/654/1135
f 1329/656/1137 1341/668/1149 1340/667/1148 1328/655/1136
f 1330/657/1138 1342/669/1150 1341/668/1149 1329/656/1137
f 1331/658/1139 1343/670/1151 1342/669/1150 1330/657/1138
f 1332/659/1140 1344/671/1152 1343/670/1151 1331/658/1139
f 1334/660/1141 770/672/579 769/13/582 1333/661/1142
f 1335/662/1143 771/673/583 770/672/579 1334/660/1141
f 1336/663/1144 772/674/585 771/673/583 1335/662/1143
f 1337/664/1145 773/675/587 772/674/585 1336/663/1144
f 1338/665/1146 774/676/589 773/675/587 1337/664/1145
f 1339/666/1147 775/677/591 774/676/589 1338/665/1146
f 1340/667/1148 776/678/593 775/677/591 1339/666/1147
f 1341/668/1149 777/679/595 776/678/593 1340/667/1148
f 1342/669/1150 778/680/597 777/679/595 1341/668/1149
f 1343/670/1151 779/681/599 778/680/597 1342/669/1150
f 1344/671/1152 780/682/601 779/681/599 1343/670/1151
