# Blender 4.1.1
# www.blender.org
mtllib Number_2.mtl
g Text.002_Text.011
v -0.227879 -0.319584 0.050000
v -0.227879 -0.312584 0.050000
v -0.208568 -0.289180 0.050000
v -0.188309 -0.264603 0.050000
v -0.167363 -0.239053 0.050000
v -0.145990 -0.212732 0.050000
v -0.124450 -0.185842 0.050000
v -0.103004 -0.158584 0.050000
v -0.081912 -0.131159 0.050000
v -0.061434 -0.103769 0.050000
v -0.041832 -0.076615 0.050000
v -0.023365 -0.049899 0.050000
v -0.006294 -0.023821 0.050000
v 0.009121 0.001416 0.050000
v 0.016788 0.014754 0.050000
v 0.023788 0.027370 0.050000
v 0.030121 0.039416 0.050000
v 0.035788 0.051046 0.050000
v 0.040788 0.062411 0.050000
v 0.045121 0.073666 0.050000
v 0.048788 0.084962 0.050000
v 0.051788 0.096453 0.050000
v 0.054121 0.108291 0.050000
v 0.055788 0.120629 0.050000
v 0.056788 0.133620 0.050000
v 0.057121 0.147416 0.050000
v 0.056098 0.165690 0.050000
v 0.053107 0.182939 0.050000
v 0.048262 0.199057 0.050000
v 0.041676 0.213934 0.050000
v 0.033466 0.227465 0.050000
v 0.023746 0.239541 0.050000
v 0.012630 0.250054 0.050000
v 0.000232 0.258897 0.050000
v -0.013332 0.265963 0.050000
v -0.027948 0.271143 0.050000
v -0.043502 0.274330 0.050000
v -0.059879 0.275416 0.050000
v -0.072152 0.274943 0.050000
v -0.084481 0.273462 0.050000
v -0.096879 0.270885 0.050000
v -0.109360 0.267120 0.050000
v -0.121939 0.262077 0.050000
v -0.134629 0.255666 0.050000
v -0.147444 0.247797 0.050000
v -0.160398 0.238379 0.050000
v -0.173504 0.227322 0.050000
v -0.186777 0.214536 0.050000
v -0.200231 0.199931 0.050000
v -0.213879 0.183416 0.050000
v -0.213879 0.306416 0.050000
v -0.200208 0.316938 0.050000
v -0.186675 0.326509 0.050000
v -0.173254 0.335135 0.050000
v -0.159916 0.342823 0.050000
v -0.146634 0.349582 0.050000
v -0.133379 0.355416 0.050000
v -0.120124 0.360334 0.050000
v -0.106842 0.364342 0.050000
v -0.093504 0.367447 0.050000
v -0.080083 0.369657 0.050000
v -0.066550 0.370977 0.050000
v -0.052879 0.371416 0.050000
v -0.022948 0.369631 0.050000
v 0.005237 0.364388 0.050000
v 0.031512 0.355854 0.050000
v 0.055714 0.344194 0.050000
v 0.077679 0.329576 0.050000
v 0.097246 0.312166 0.050000
v 0.114250 0.292131 0.050000
v 0.128528 0.269638 0.050000
v 0.139918 0.244854 0.050000
v 0.148255 0.217944 0.050000
v 0.153377 0.189076 0.050000
v 0.155121 0.158416 0.050000
v 0.153853 0.130980 0.050000
v 0.149973 0.103925 0.050000
v 0.143371 0.076885 0.050000
v 0.133936 0.049490 0.050000
v 0.121556 0.021373 0.050000
v 0.106121 -0.007834 0.050000
v 0.087519 -0.038499 0.050000
v 0.065640 -0.070991 0.050000
v 0.040371 -0.105678 0.050000
v 0.011602 -0.142927 0.050000
v -0.020777 -0.183106 0.050000
v -0.056879 -0.226584 0.050000
v 0.204121 -0.226584 0.050000
v 0.204121 -0.319584 0.050000
v -0.227879 -0.319584 -0.050000
v -0.227879 -0.312584 -0.050000
v -0.208568 -0.289180 -0.050000
v -0.188309 -0.264603 -0.050000
v -0.167363 -0.239053 -0.050000
v -0.145990 -0.212732 -0.050000
v -0.124450 -0.185842 -0.050000
v -0.103004 -0.158584 -0.050000
v -0.081912 -0.131159 -0.050000
v -0.061434 -0.103769 -0.050000
v -0.041832 -0.076615 -0.050000
v -0.023365 -0.049899 -0.050000
v -0.006294 -0.023821 -0.050000
v 0.009121 0.001416 -0.050000
v 0.016788 0.014754 -0.050000
v 0.023788 0.027370 -0.050000
v 0.030121 0.039416 -0.050000
v 0.035788 0.051046 -0.050000
v 0.040788 0.062411 -0.050000
v 0.045121 0.073666 -0.050000
v 0.048788 0.084962 -0.050000
v 0.051788 0.096453 -0.050000
v 0.054121 0.108291 -0.050000
v 0.055788 0.120629 -0.050000
v 0.056788 0.133620 -0.050000
v 0.057121 0.147416 -0.050000
v 0.056098 0.165690 -0.050000
v 0.053107 0.182939 -0.050000
v 0.048262 0.199057 -0.050000
v 0.041676 0.213934 -0.050000
v 0.033466 0.227465 -0.050000
v 0.023746 0.239541 -0.050000
v 0.012630 0.250054 -0.050000
v 0.000232 0.258897 -0.050000
v -0.013332 0.265963 -0.050000
v -0.027948 0.271143 -0.050000
v -0.043502 0.274330 -0.050000
v -0.059879 0.275416 -0.050000
v -0.072152 0.274943 -0.050000
v -0.084481 0.273462 -0.050000
v -0.096879 0.270885 -0.050000
v -0.109360 0.267120 -0.050000
v -0.121939 0.262077 -0.050000
v -0.134629 0.255666 -0.050000
v -0.147444 0.247797 -0.050000
v -0.160398 0.238379 -0.050000
v -0.173504 0.227322 -0.050000
v -0.186777 0.214536 -0.050000
v -0.200231 0.199931 -0.050000
v -0.213879 0.183416 -0.050000
v -0.213879 0.306416 -0.050000
v -0.200208 0.316938 -0.050000
v -0.186675 0.326509 -0.050000
v -0.173254 0.335135 -0.050000
v -0.159916 0.342823 -0.050000
v -0.146634 0.349582 -0.050000
v -0.133379 0.355416 -0.050000
v -0.120124 0.360334 -0.050000
v -0.106842 0.364342 -0.050000
v -0.093504 0.367447 -0.050000
v -0.080083 0.369657 -0.050000
v -0.066550 0.370977 -0.050000
v -0.052879 0.371416 -0.050000
v -0.022948 0.369631 -0.050000
v 0.005237 0.364388 -0.050000
v 0.031512 0.355854 -0.050000
v 0.055714 0.344194 -0.050000
v 0.077679 0.329576 -0.050000
v 0.097246 0.312166 -0.050000
v 0.114250 0.292131 -0.050000
v 0.128528 0.269638 -0.050000
v 0.139918 0.244854 -0.050000
v 0.148255 0.217944 -0.050000
v 0.153377 0.189076 -0.050000
v 0.155121 0.158416 -0.050000
v 0.153853 0.130980 -0.050000
v 0.149973 0.103925 -0.050000
v 0.143371 0.076885 -0.050000
v 0.133936 0.049490 -0.050000
v 0.121556 0.021373 -0.050000
v 0.106121 -0.007834 -0.050000
v 0.087519 -0.038499 -0.050000
v 0.065640 -0.070991 -0.050000
v 0.040371 -0.105678 -0.050000
v 0.011602 -0.142927 -0.050000
v -0.020777 -0.183106 -0.050000
v -0.056879 -0.226584 -0.050000
v 0.204121 -0.226584 -0.050000
v 0.204121 -0.319584 -0.050000
v -0.227879 -0.319584 -0.050000
v -0.230969 -0.322674 -0.049511
v -0.233757 -0.325462 -0.048090
v -0.235969 -0.327674 -0.045878
v -0.237390 -0.329095 -0.043090
v -0.237879 -0.329584 -0.040000
v -0.237879 -0.329584 0.040000
v -0.237390 -0.329095 0.043090
v -0.235969 -0.327674 0.045878
v -0.233757 -0.325462 0.048090
v -0.230969 -0.322674 0.049511
v -0.227879 -0.319584 0.050000
v -0.227879 -0.312584 -0.050000
v -0.230969 -0.311474 -0.049511
v -0.233757 -0.310472 -0.048090
v -0.235969 -0.309677 -0.045878
v -0.237390 -0.309167 -0.043090
v -0.237879 -0.308991 -0.040000
v -0.237879 -0.308991 0.040000
v -0.237390 -0.309167 0.043090
v -0.235969 -0.309677 0.045878
v -0.233757 -0.310472 0.048090
v -0.230969 -0.311474 0.049511
v -0.227879 -0.312584 0.050000
v -0.208568 -0.289180 -0.050000
v -0.210952 -0.287214 -0.049511
v -0.213103 -0.285440 -0.048090
v -0.214810 -0.284033 -0.045878
v -0.215905 -0.283129 -0.043090
v -0.216283 -0.282818 -0.040000
v -0.216283 -0.282818 0.040000
v -0.215905 -0.283129 0.043090
v -0.214810 -0.284033 0.045878
v -0.213103 -0.285440 0.048090
v -0.210952 -0.287214 0.049511
v -0.208568 -0.289180 0.050000
v -0.188309 -0.264603 -0.050000
v -0.190697 -0.262640 -0.049511
v -0.192850 -0.260870 -0.048090
v -0.194559 -0.259465 -0.045878
v -0.195656 -0.258563 -0.043090
v -0.196034 -0.258252 -0.040000
v -0.196034 -0.258252 0.040000
v -0.195656 -0.258563 0.043090
v -0.194559 -0.259465 0.045878
v -0.192850 -0.260870 0.048090
v -0.190697 -0.262640 0.049511
v -0.188309 -0.264603 0.050000
v -0.167363 -0.239053 -0.050000
v -0.169758 -0.237099 -0.049511
v -0.171918 -0.235337 -0.048090
v -0.173632 -0.233938 -0.045878
v -0.174732 -0.233040 -0.043090
v -0.175111 -0.232731 -0.040000
v -0.175111 -0.232731 0.040000
v -0.174732 -0.233040 0.043090
v -0.173632 -0.233938 0.045878
v -0.171918 -0.235337 0.048090
v -0.169758 -0.237099 0.049511
v -0.167363 -0.239053 0.050000
v -0.145990 -0.212732 -0.050000
v -0.148395 -0.210792 -0.049511
v -0.150565 -0.209042 -0.048090
v -0.152287 -0.207653 -0.045878
v -0.153393 -0.206762 -0.043090
v -0.153774 -0.206454 -0.040000
v -0.153774 -0.206454 0.040000
v -0.153393 -0.206762 0.043090
v -0.152287 -0.207653 0.045878
v -0.150565 -0.209042 0.048090
v -0.148395 -0.210792 0.049511
v -0.145990 -0.212732 0.050000
v -0.124450 -0.185842 -0.050000
v -0.126870 -0.183921 -0.049511
v -0.129054 -0.182187 -0.048090
v -0.130786 -0.180812 -0.045878
v -0.131899 -0.179929 -0.043090
v -0.132282 -0.179624 -0.040000
v -0.132282 -0.179624 0.040000
v -0.131899 -0.179929 0.043090
v -0.130786 -0.180812 0.045878
v -0.129054 -0.182187 0.048090
v -0.126870 -0.183921 0.049511
v -0.124450 -0.185842 0.050000
v -0.103004 -0.158584 -0.050000
v -0.105443 -0.156687 -0.049511
v -0.107643 -0.154975 -0.048090
v -0.109390 -0.153617 -0.045878
v -0.110511 -0.152744 -0.043090
v -0.110897 -0.152444 -0.040000
v -0.110897 -0.152444 0.040000
v -0.110511 -0.152744 0.043090
v -0.109390 -0.153617 0.045878
v -0.107643 -0.154975 0.048090
v -0.105443 -0.156687 0.049511
v -0.103004 -0.158584 0.050000
v -0.081912 -0.131159 -0.050000
v -0.084374 -0.129292 -0.049511
v -0.086596 -0.127608 -0.048090
v -0.088358 -0.126271 -0.045878
v -0.089490 -0.125413 -0.043090
v -0.089880 -0.125117 -0.040000
v -0.089880 -0.125117 0.040000
v -0.089490 -0.125413 0.043090
v -0.088358 -0.126271 0.045878
v -0.086596 -0.127608 0.048090
v -0.084374 -0.129292 0.049511
v -0.081912 -0.131159 0.050000
v -0.061434 -0.103769 -0.050000
v -0.063925 -0.101940 -0.049511
v -0.066172 -0.100289 -0.048090
v -0.067954 -0.098979 -0.045878
v -0.069099 -0.098138 -0.043090
v -0.069494 -0.097848 -0.040000
v -0.069494 -0.097848 0.040000
v -0.069099 -0.098138 0.043090
v -0.067954 -0.098979 0.045878
v -0.066172 -0.100289 0.048090
v -0.063925 -0.101940 0.049511
v -0.061434 -0.103769 0.050000
v -0.041832 -0.076615 -0.050000
v -0.044356 -0.074832 -0.049511
v -0.046633 -0.073224 -0.048090
v -0.048440 -0.071947 -0.045878
v -0.049600 -0.071127 -0.043090
v -0.050000 -0.070845 -0.040000
v -0.050000 -0.070845 0.040000
v -0.049600 -0.071127 0.043090
v -0.048440 -0.071947 0.045878
v -0.046633 -0.073224 0.048090
v -0.044356 -0.074832 0.049511
v -0.041832 -0.076615 0.050000
v -0.023365 -0.049899 -0.050000
v -0.025929 -0.048174 -0.049511
v -0.028242 -0.046617 -0.048090
v -0.030078 -0.045382 -0.045878
v -0.031257 -0.044590 -0.043090
v -0.031663 -0.044316 -0.040000
v -0.031663 -0.044316 0.040000
v -0.031257 -0.044590 0.043090
v -0.030078 -0.045382 0.045878
v -0.028242 -0.046617 0.048090
v -0.025929 -0.048174 0.049511
v -0.023365 -0.049899 0.050000
v -0.006294 -0.023821 -0.050000
v -0.008906 -0.022169 -0.049511
v -0.011262 -0.020679 -0.048090
v -0.013132 -0.019496 -0.045878
v -0.014333 -0.018737 -0.043090
v -0.014746 -0.018475 -0.040000
v -0.014746 -0.018475 0.040000
v -0.014333 -0.018737 0.043090
v -0.013132 -0.019496 0.045878
v -0.011262 -0.020679 0.048090
v -0.008906 -0.022169 0.049511
v -0.006294 -0.023821 0.050000
v 0.009121 0.001416 -0.050000
v 0.006462 0.002992 -0.049511
v 0.004064 0.004413 -0.048090
v 0.002161 0.005541 -0.045878
v 0.000939 0.006265 -0.043090
v 0.000518 0.006515 -0.040000
v 0.000518 0.006515 0.040000
v 0.000939 0.006265 0.043090
v 0.002161 0.005541 0.045878
v 0.004064 0.004413 0.048090
v 0.006462 0.002992 0.049511
v 0.009121 0.001416 0.050000
v 0.016788 0.014754 -0.050000
v 0.014097 0.016274 -0.049511
v 0.011670 0.017645 -0.048090
v 0.009743 0.018733 -0.045878
v 0.008506 0.019431 -0.043090
v 0.008080 0.019672 -0.040000
v 0.008080 0.019672 0.040000
v 0.008506 0.019431 0.043090
v 0.009743 0.018733 0.045878
v 0.011670 0.017645 0.048090
v 0.014097 0.016274 0.049511
v 0.016788 0.014754 0.050000
v 0.023788 0.027370 -0.050000
v 0.021069 0.028839 -0.049511
v 0.018616 0.030164 -0.048090
v 0.016669 0.031215 -0.045878
v 0.015420 0.031890 -0.043090
v 0.014989 0.032123 -0.040000
v 0.014989 0.032123 0.040000
v 0.015420 0.031890 0.043090
v 0.016669 0.031215 0.045878
v 0.018616 0.030164 0.048090
v 0.021069 0.028839 0.049511
v 0.023788 0.027370 0.050000
v 0.030121 0.039416 -0.050000
v 0.027364 0.040812 -0.049511
v 0.024877 0.042072 -0.048090
v 0.022903 0.043071 -0.045878
v 0.021635 0.043713 -0.043090
v 0.021198 0.043934 -0.040000
v 0.021198 0.043934 0.040000
v 0.021635 0.043713 0.043090
v 0.022903 0.043071 0.045878
v 0.024877 0.042072 0.048090
v 0.027364 0.040812 0.049511
v 0.030121 0.039416 0.050000
v 0.035788 0.051046 -0.050000
v 0.032983 0.052345 -0.049511
v 0.030454 0.053517 -0.048090
v 0.028446 0.054448 -0.045878
v 0.027157 0.055045 -0.043090
v 0.026713 0.055251 -0.040000
v 0.026713 0.055251 0.040000
v 0.027157 0.055045 0.043090
v 0.028446 0.054448 0.045878
v 0.030454 0.053517 0.048090
v 0.032983 0.052345 0.049511
v 0.035788 0.051046 0.050000
v 0.040788 0.062411 -0.050000
v 0.037930 0.063589 -0.049511
v 0.035352 0.064652 -0.048090
v 0.033306 0.065495 -0.045878
v 0.031992 0.066037 -0.043090
v 0.031540 0.066223 -0.040000
v 0.031540 0.066223 0.040000
v 0.031992 0.066037 0.043090
v 0.033306 0.065495 0.045878
v 0.035352 0.064652 0.048090
v 0.037930 0.063589 0.049511
v 0.040788 0.062411 0.050000
v 0.045121 0.073666 -0.050000
v 0.042207 0.074699 -0.049511
v 0.039579 0.075631 -0.048090
v 0.037493 0.076370 -0.045878
v 0.036154 0.076845 -0.043090
v 0.035692 0.077009 -0.040000
v 0.035692 0.077009 0.040000
v 0.036154 0.076845 0.043090
v 0.037493 0.076370 0.045878
v 0.039579 0.075631 0.048090
v 0.042207 0.074699 0.049511
v 0.045121 0.073666 0.050000
v 0.048788 0.084962 -0.050000
v 0.045821 0.085830 -0.049511
v 0.043144 0.086613 -0.048090
v 0.041020 0.087235 -0.045878
v 0.039656 0.087634 -0.043090
v 0.039186 0.087771 -0.040000
v 0.039186 0.087771 0.040000
v 0.039656 0.087634 0.043090
v 0.041020 0.087235 0.045878
v 0.043144 0.086613 0.048090
v 0.045821 0.085830 0.049511
v 0.048788 0.084962 0.050000
v 0.051788 0.096453 -0.050000
v 0.048774 0.097143 -0.049511
v 0.046055 0.097765 -0.048090
v 0.043898 0.098259 -0.045878
v 0.042513 0.098576 -0.043090
v 0.042035 0.098685 -0.040000
v 0.042035 0.098685 0.040000
v 0.042513 0.098576 0.043090
v 0.043898 0.098259 0.045878
v 0.046055 0.097765 0.048090
v 0.048774 0.097143 0.049511
v 0.051788 0.096453 0.050000
v 0.054121 0.108291 -0.050000
v 0.051071 0.108797 -0.049511
v 0.048320 0.109254 -0.048090
v 0.046136 0.109616 -0.045878
v 0.044734 0.109849 -0.043090
v 0.044251 0.109929 -0.040000
v 0.044251 0.109929 0.040000
v 0.044734 0.109849 0.043090
v 0.046136 0.109616 0.045878
v 0.048320 0.109254 0.048090
v 0.051071 0.108797 0.049511
v 0.054121 0.108291 0.050000
v 0.055788 0.120629 -0.050000
v 0.052713 0.120955 -0.049511
v 0.049940 0.121248 -0.048090
v 0.047739 0.121482 -0.045878
v 0.046326 0.121631 -0.043090
v 0.045839 0.121683 -0.040000
v 0.045839 0.121683 0.040000
v 0.046326 0.121631 0.043090
v 0.047739 0.121482 0.045878
v 0.049940 0.121248 0.048090
v 0.052713 0.120955 0.049511
v 0.055788 0.120629 0.050000
v 0.056788 0.133620 -0.050000
v 0.053700 0.133776 -0.049511
v 0.050915 0.133916 -0.048090
v 0.048705 0.134028 -0.045878
v 0.047286 0.134100 -0.043090
v 0.046797 0.134125 -0.040000
v 0.046797 0.134125 0.040000
v 0.047286 0.134100 0.043090
v 0.048705 0.134028 0.045878
v 0.050915 0.133916 0.048090
v 0.053700 0.133776 0.049511
v 0.056788 0.133620 0.050000
v 0.057121 0.147416 -0.050000
v 0.054029 0.147367 -0.049511
v 0.051239 0.147323 -0.048090
v 0.049025 0.147288 -0.045878
v 0.047604 0.147265 -0.043090
v 0.047114 0.147257 -0.040000
v 0.047114 0.147257 0.040000
v 0.047604 0.147265 0.043090
v 0.049025 0.147288 0.045878
v 0.051239 0.147323 0.048090
v 0.054029 0.147367 0.049511
v 0.057121 0.147416 0.050000
v 0.056098 0.165690 -0.050000
v 0.053023 0.165338 -0.049511
v 0.050249 0.165021 -0.048090
v 0.048047 0.164769 -0.045878
v 0.046634 0.164608 -0.043090
v 0.046146 0.164552 -0.040000
v 0.046146 0.164552 0.040000
v 0.046634 0.164608 0.043090
v 0.048047 0.164769 0.045878
v 0.050249 0.165021 0.048090
v 0.053023 0.165338 0.049511
v 0.056098 0.165690 0.050000
v 0.053107 0.182939 -0.050000
v 0.050094 0.182228 -0.049511
v 0.047376 0.181586 -0.048090
v 0.045219 0.181077 -0.045878
v 0.043834 0.180750 -0.043090
v 0.043357 0.180637 -0.040000
v 0.043357 0.180637 0.040000
v 0.043834 0.180750 0.043090
v 0.045219 0.181077 0.045878
v 0.047376 0.181586 0.048090
v 0.050094 0.182228 0.049511
v 0.053107 0.182939 0.050000
v 0.048262 0.199057 -0.050000
v 0.045358 0.197982 -0.049511
v 0.042738 0.197013 -0.048090
v 0.040659 0.196244 -0.045878
v 0.039325 0.195750 -0.043090
v 0.038865 0.195580 -0.040000
v 0.038865 0.195580 0.040000
v 0.039325 0.195750 0.043090
v 0.040659 0.196244 0.045878
v 0.042738 0.197013 0.048090
v 0.045358 0.197982 0.049511
v 0.048262 0.199057 0.050000
v 0.041676 0.213934 -0.050000
v 0.038931 0.212502 -0.049511
v 0.036455 0.211209 -0.048090
v 0.034490 0.210183 -0.045878
v 0.033228 0.209525 -0.043090
v 0.032793 0.209298 -0.040000
v 0.032793 0.209298 0.040000
v 0.033228 0.209525 0.043090
v 0.034490 0.210183 0.045878
v 0.036455 0.211209 0.048090
v 0.038931 0.212502 0.049511
v 0.041676 0.213934 0.050000
v 0.033466 0.227465 -0.050000
v 0.030931 0.225687 -0.049511
v 0.028643 0.224083 -0.048090
v 0.026828 0.222810 -0.045878
v 0.025663 0.221993 -0.043090
v 0.025261 0.221711 -0.040000
v 0.025261 0.221711 0.040000
v 0.025663 0.221993 0.043090
v 0.026828 0.222810 0.045878
v 0.028643 0.224083 0.048090
v 0.030931 0.225687 0.049511
v 0.033466 0.227465 0.050000
v 0.023746 0.239541 -0.050000
v 0.021470 0.237440 -0.049511
v 0.019417 0.235545 -0.048090
v 0.017788 0.234040 -0.045878
v 0.016742 0.233075 -0.043090
v 0.016382 0.232742 -0.040000
v 0.016382 0.232742 0.040000
v 0.016742 0.233075 0.043090
v 0.017788 0.234040 0.045878
v 0.019417 0.235545 0.048090
v 0.021470 0.237440 0.049511
v 0.023746 0.239541 0.050000
v 0.012630 0.250054 -0.050000
v 0.010661 0.247662 -0.049511
v 0.008886 0.245505 -0.048090
v 0.007477 0.243792 -0.045878
v 0.006572 0.242693 -0.043090
v 0.006260 0.242314 -0.040000
v 0.006260 0.242314 0.040000
v 0.006572 0.242693 0.043090
v 0.007477 0.243792 0.045878
v 0.008886 0.245505 0.048090
v 0.010661 0.247662 0.049511
v 0.012630 0.250054 0.050000
v 0.000232 0.258897 -0.050000
v -0.001387 0.256256 -0.049511
v -0.002847 0.253874 -0.048090
v -0.004006 0.251983 -0.045878
v -0.004750 0.250769 -0.043090
v -0.005007 0.250351 -0.040000
v -0.005007 0.250351 0.040000
v -0.004750 0.250769 0.043090
v -0.004006 0.251983 0.045878
v -0.002847 0.253874 0.048090
v -0.001387 0.256256 0.049511
v 0.000232 0.258897 0.050000
v -0.013332 0.265963 -0.050000
v -0.014568 0.263122 -0.049511
v -0.015683 0.260560 -0.048090
v -0.016568 0.258526 -0.045878
v -0.017136 0.257221 -0.043090
v -0.017332 0.256771 -0.040000
v -0.017332 0.256771 0.040000
v -0.017136 0.257221 0.043090
v -0.016568 0.258526 0.045878
v -0.015683 0.260560 0.048090
v -0.014568 0.263122 0.049511
v -0.013332 0.265963 0.050000
v -0.027948 0.271143 -0.050000
v -0.028779 0.268159 -0.049511
v -0.029528 0.265466 -0.048090
v -0.030122 0.263330 -0.045878
v -0.030504 0.261958 -0.043090
v -0.030635 0.261486 -0.040000
v -0.030635 0.261486 0.040000
v -0.030504 0.261958 0.043090
v -0.030122 0.263330 0.045878
v -0.029528 0.265466 0.048090
v -0.028779 0.268159 0.049511
v -0.027948 0.271143 0.050000
v -0.043502 0.274330 -0.050000
v -0.043917 0.271260 -0.049511
v -0.044290 0.268491 -0.048090
v -0.044587 0.266294 -0.045878
v -0.044777 0.264883 -0.043090
v -0.044843 0.264397 -0.040000
v -0.044843 0.264397 0.040000
v -0.044777 0.264883 0.043090
v -0.044587 0.266294 0.045878
v -0.044290 0.268491 0.048090
v -0.043917 0.271260 0.049511
v -0.043502 0.274330 0.050000
v -0.059879 0.275416 -0.050000
v -0.059922 0.272322 -0.049511
v -0.059960 0.269531 -0.048090
v -0.059991 0.267316 -0.045878
v -0.060011 0.265893 -0.043090
v -0.060018 0.265403 -0.040000
v -0.060018 0.265403 0.040000
v -0.060011 0.265893 0.043090
v -0.059991 0.267316 0.045878
v -0.059960 0.269531 0.048090
v -0.059922 0.272322 0.049511
v -0.059879 0.275416 0.050000
v -0.072152 0.274943 -0.050000
v -0.071908 0.271860 -0.049511
v -0.071688 0.269078 -0.048090
v -0.071513 0.266871 -0.045878
v -0.071401 0.265454 -0.043090
v -0.071362 0.264966 -0.040000
v -0.071362 0.264966 0.040000
v -0.071401 0.265454 0.043090
v -0.071513 0.266871 0.045878
v -0.071688 0.269078 0.048090
v -0.071908 0.271860 0.049511
v -0.072152 0.274943 0.050000
v -0.084481 0.273462 -0.050000
v -0.083981 0.270410 -0.049511
v -0.083530 0.267656 -0.048090
v -0.083173 0.265471 -0.045878
v -0.082943 0.264068 -0.043090
v -0.082864 0.263585 -0.040000
v -0.082864 0.263585 0.040000
v -0.082943 0.264068 0.043090
v -0.083173 0.265471 0.045878
v -0.083530 0.267656 0.048090
v -0.083981 0.270410 0.049511
v -0.084481 0.273462 0.050000
v -0.096879 0.270885 -0.050000
v -0.096117 0.267887 -0.049511
v -0.095429 0.265183 -0.048090
v -0.094883 0.263037 -0.045878
v -0.094533 0.261659 -0.043090
v -0.094412 0.261184 -0.040000
v -0.094412 0.261184 0.040000
v -0.094533 0.261659 0.043090
v -0.094883 0.263037 0.045878
v -0.095429 0.265183 0.048090
v -0.096117 0.267887 0.049511
v -0.096879 0.270885 0.050000
v -0.109360 0.267120 -0.050000
v -0.108337 0.264201 -0.049511
v -0.107414 0.261567 -0.048090
v -0.106682 0.259478 -0.045878
v -0.106211 0.258136 -0.043090
v -0.106049 0.257673 -0.040000
v -0.106049 0.257673 0.040000
v -0.106211 0.258136 0.043090
v -0.106682 0.259478 0.045878
v -0.107414 0.261567 0.048090
v -0.108337 0.264201 0.049511
v -0.109360 0.267120 0.050000
v -0.121939 0.262077 -0.050000
v -0.120665 0.259258 -0.049511
v -0.119516 0.256716 -0.048090
v -0.118604 0.254698 -0.045878
v -0.118018 0.253403 -0.043090
v -0.117816 0.252956 -0.040000
v -0.117816 0.252956 0.040000
v -0.118018 0.253403 0.043090
v -0.118604 0.254698 0.045878
v -0.119516 0.256716 0.048090
v -0.120665 0.259258 0.049511
v -0.121939 0.262077 0.050000
v -0.134629 0.255666 -0.050000
v -0.133121 0.252966 -0.049511
v -0.131761 0.250530 -0.048090
v -0.130681 0.248596 -0.045878
v -0.129988 0.247355 -0.043090
v -0.129750 0.246927 -0.040000
v -0.129750 0.246927 0.040000
v -0.129988 0.247355 0.043090
v -0.130681 0.248596 0.045878
v -0.131761 0.250530 0.048090
v -0.133121 0.252966 0.049511
v -0.134629 0.255666 0.050000
v -0.147444 0.247797 -0.050000
v -0.145724 0.245227 -0.049511
v -0.144173 0.242908 -0.048090
v -0.142942 0.241068 -0.045878
v -0.142151 0.239886 -0.043090
v -0.141879 0.239479 -0.040000
v -0.141879 0.239479 0.040000
v -0.142151 0.239886 0.043090
v -0.142942 0.241068 0.045878
v -0.144173 0.242908 0.048090
v -0.145724 0.245227 0.049511
v -0.147444 0.247797 0.050000
v -0.160398 0.238379 -0.050000
v -0.158490 0.235945 -0.049511
v -0.156769 0.233750 -0.048090
v -0.155404 0.232007 -0.045878
v -0.154527 0.230888 -0.043090
v -0.154225 0.230503 -0.040000
v -0.154225 0.230503 0.040000
v -0.154527 0.230888 0.043090
v -0.155404 0.232007 0.045878
v -0.156769 0.233750 0.048090
v -0.158490 0.235945 0.049511
v -0.160398 0.238379 0.050000
v -0.173504 0.227322 -0.050000
v -0.171434 0.225026 -0.049511
v -0.169566 0.222955 -0.048090
v -0.168083 0.221311 -0.045878
v -0.167132 0.220255 -0.043090
v -0.166804 0.219891 -0.040000
v -0.166804 0.219891 0.040000
v -0.167132 0.220255 0.043090
v -0.168083 0.221311 0.045878
v -0.169566 0.222955 0.048090
v -0.171434 0.225026 0.049511
v -0.173504 0.227322 0.050000
v -0.186777 0.214536 -0.050000
v -0.184567 0.212375 -0.049511
v -0.182573 0.210425 -0.048090
v -0.180990 0.208877 -0.045878
v -0.179974 0.207884 -0.043090
v -0.179624 0.207542 -0.040000
v -0.179624 0.207542 0.040000
v -0.179974 0.207884 0.043090
v -0.180990 0.208877 0.045878
v -0.182573 0.210425 0.048090
v -0.184567 0.212375 0.049511
v -0.186777 0.214536 0.050000
v -0.200231 0.199931 -0.050000
v -0.197902 0.197898 -0.049511
v -0.195801 0.196065 -0.048090
v -0.194133 0.194610 -0.045878
v -0.193063 0.193675 -0.043090
v -0.192694 0.193354 -0.040000
v -0.192694 0.193354 0.040000
v -0.193063 0.193675 0.043090
v -0.194133 0.194610 0.045878
v -0.195801 0.196065 0.048090
v -0.197902 0.197898 0.049511
v -0.200231 0.199931 0.050000
v -0.213879 0.183416 -0.050000
v -0.216969 0.174826 -0.049511
v -0.219757 0.167077 -0.048090
v -0.221969 0.160927 -0.045878
v -0.223390 0.156978 -0.043090
v -0.223879 0.155618 -0.040000
v -0.223879 0.155618 0.040000
v -0.223390 0.156978 0.043090
v -0.221969 0.160927 0.045878
v -0.219757 0.167077 0.048090
v -0.216969 0.174826 0.049511
v -0.213879 0.183416 0.050000
v -0.213879 0.306416 -0.050000
v -0.216969 0.307937 -0.049511
v -0.219757 0.309309 -0.048090
v -0.221969 0.310398 -0.045878
v -0.223390 0.311098 -0.043090
v -0.223879 0.311338 -0.040000
v -0.223879 0.311338 0.040000
v -0.223390 0.311098 0.043090
v -0.221969 0.310398 0.045878
v -0.219757 0.309309 0.048090
v -0.216969 0.307937 0.049511
v -0.213879 0.306416 0.050000
v -0.200208 0.316938 -0.050000
v -0.202043 0.319425 -0.049511
v -0.203699 0.321668 -0.048090
v -0.205013 0.323449 -0.045878
v -0.205856 0.324592 -0.043090
v -0.206147 0.324986 -0.040000
v -0.206147 0.324986 0.040000
v -0.205856 0.324592 0.043090
v -0.205013 0.323449 0.045878
v -0.203699 0.321668 0.048090
v -0.202043 0.319425 0.049511
v -0.200208 0.316938 0.050000
v -0.186675 0.326509 -0.050000
v -0.188404 0.329071 -0.049511
v -0.189963 0.331383 -0.048090
v -0.191200 0.333217 -0.045878
v -0.191995 0.334395 -0.043090
v -0.192269 0.334801 -0.040000
v -0.192269 0.334801 0.040000
v -0.191995 0.334395 0.043090
v -0.191200 0.333217 0.045878
v -0.189963 0.331383 0.048090
v -0.188404 0.329071 0.049511
v -0.186675 0.326509 0.050000
v -0.173254 0.335135 -0.050000
v -0.174862 0.337775 -0.049511
v -0.176313 0.340156 -0.048090
v -0.177464 0.342046 -0.045878
v -0.178203 0.343260 -0.043090
v -0.178458 0.343678 -0.040000
v -0.178458 0.343678 0.040000
v -0.178203 0.343260 0.043090
v -0.177464 0.342046 0.045878
v -0.176313 0.340156 0.048090
v -0.174862 0.337775 0.049511
v -0.173254 0.335135 0.050000
v -0.159916 0.342823 -0.050000
v -0.161389 0.345541 -0.049511
v -0.162718 0.347993 -0.048090
v -0.163773 0.349938 -0.045878
v -0.164450 0.351187 -0.043090
v -0.164684 0.351618 -0.040000
v -0.164684 0.351618 0.040000
v -0.164450 0.351187 0.043090
v -0.163773 0.349938 0.045878
v -0.162718 0.347993 0.048090
v -0.161389 0.345541 0.049511
v -0.159916 0.342823 0.050000
v -0.146634 0.349582 -0.050000
v -0.147958 0.352375 -0.049511
v -0.149152 0.354895 -0.048090
v -0.150100 0.356895 -0.045878
v -0.150709 0.358179 -0.043090
v -0.150919 0.358621 -0.040000
v -0.150919 0.358621 0.040000
v -0.150709 0.358179 0.043090
v -0.150100 0.356895 0.045878
v -0.149152 0.354895 0.048090
v -0.147958 0.352375 0.049511
v -0.146634 0.349582 0.050000
v -0.133379 0.355416 -0.050000
v -0.134540 0.358281 -0.049511
v -0.135587 0.360866 -0.048090
v -0.136418 0.362917 -0.045878
v -0.136952 0.364234 -0.043090
v -0.137136 0.364688 -0.040000
v -0.137136 0.364688 0.040000
v -0.136952 0.364234 0.043090
v -0.136418 0.362917 0.045878
v -0.135587 0.360866 0.048090
v -0.134540 0.358281 0.049511
v -0.133379 0.355416 0.050000
v -0.120124 0.360334 -0.050000
v -0.121109 0.363265 -0.049511
v -0.121998 0.365908 -0.048090
v -0.122703 0.368006 -0.045878
v -0.123155 0.369353 -0.043090
v -0.123311 0.369818 -0.040000
v -0.123311 0.369818 0.040000
v -0.123155 0.369353 0.043090
v -0.122703 0.368006 0.045878
v -0.121998 0.365908 0.048090
v -0.121109 0.363265 0.049511
v -0.120124 0.360334 0.050000
v -0.106842 0.364342 -0.050000
v -0.107640 0.367329 -0.049511
v -0.108359 0.370024 -0.048090
v -0.108930 0.372162 -0.045878
v -0.109297 0.373535 -0.043090
v -0.109423 0.374009 -0.040000
v -0.109423 0.374009 0.040000
v -0.109297 0.373535 0.043090
v -0.108930 0.372162 0.045878
v -0.108359 0.370024 0.048090
v -0.107640 0.367329 0.049511
v -0.106842 0.364342 0.050000
v -0.093504 0.367447 -0.050000
v -0.094106 0.370480 -0.049511
v -0.094649 0.373216 -0.048090
v -0.095080 0.375387 -0.045878
v -0.095357 0.376781 -0.043090
v -0.095452 0.377261 -0.040000
v -0.095452 0.377261 0.040000
v -0.095357 0.376781 0.043090
v -0.095080 0.375387 0.045878
v -0.094649 0.373216 0.048090
v -0.094106 0.370480 0.049511
v -0.093504 0.367447 0.050000
v -0.080083 0.369657 -0.050000
v -0.080484 0.372722 -0.049511
v -0.080846 0.375488 -0.048090
v -0.081134 0.377683 -0.045878
v -0.081318 0.379092 -0.043090
v -0.081382 0.379578 -0.040000
v -0.081382 0.379578 0.040000
v -0.081318 0.379092 0.043090
v -0.081134 0.377683 0.045878
v -0.080846 0.375488 0.048090
v -0.080484 0.372722 0.049511
v -0.080083 0.369657 0.050000
v -0.066550 0.370977 -0.050000
v -0.066750 0.374063 -0.049511
v -0.066930 0.376846 -0.048090
v -0.067073 0.379055 -0.045878
v -0.067165 0.380473 -0.043090
v -0.067197 0.380962 -0.040000
v -0.067197 0.380962 0.040000
v -0.067165 0.380473 0.043090
v -0.067073 0.379055 0.045878
v -0.066930 0.376846 0.048090
v -0.066750 0.374063 0.049511
v -0.066550 0.370977 0.050000
v -0.052879 0.371416 -0.050000
v -0.052837 0.374509 -0.049511
v -0.052798 0.377299 -0.048090
v -0.052768 0.379514 -0.045878
v -0.052748 0.380936 -0.043090
v -0.052741 0.381426 -0.040000
v -0.052741 0.381426 0.040000
v -0.052748 0.380936 0.043090
v -0.052768 0.379514 0.045878
v -0.052798 0.377299 0.048090
v -0.052837 0.374509 0.049511
v -0.052879 0.371416 0.050000
v -0.022948 0.369631 -0.050000
v -0.022572 0.372705 -0.049511
v -0.022233 0.375477 -0.048090
v -0.021964 0.377677 -0.045878
v -0.021791 0.379090 -0.043090
v -0.021731 0.379577 -0.040000
v -0.021731 0.379577 0.040000
v -0.021791 0.379090 0.043090
v -0.021964 0.377677 0.045878
v -0.022233 0.375477 0.048090
v -0.022572 0.372705 0.049511
v -0.022948 0.369631 0.050000
v 0.005237 0.364388 -0.050000
v 0.006000 0.367390 -0.049511
v 0.006688 0.370097 -0.048090
v 0.007235 0.372246 -0.045878
v 0.007585 0.373625 -0.043090
v 0.007706 0.374100 -0.040000
v 0.007706 0.374100 0.040000
v 0.007585 0.373625 0.043090
v 0.007235 0.372246 0.045878
v 0.006688 0.370097 0.048090
v 0.006000 0.367390 0.049511
v 0.005237 0.364388 0.050000
v 0.031512 0.355854 -0.050000
v 0.032665 0.358728 -0.049511
v 0.033705 0.361321 -0.048090
v 0.034531 0.363379 -0.045878
v 0.035061 0.364700 -0.043090
v 0.035243 0.365156 -0.040000
v 0.035243 0.365156 0.040000
v 0.035061 0.364700 0.043090
v 0.034531 0.363379 0.045878
v 0.033705 0.361321 0.048090
v 0.032665 0.358728 0.049511
v 0.031512 0.355854 0.050000
v 0.055714 0.344194 -0.050000
v 0.057248 0.346885 -0.049511
v 0.058631 0.349313 -0.048090
v 0.059730 0.351239 -0.045878
v 0.060435 0.352476 -0.043090
v 0.060677 0.352902 -0.040000
v 0.060677 0.352902 0.040000
v 0.060435 0.352476 0.043090
v 0.059730 0.351239 0.045878
v 0.058631 0.349313 0.048090
v 0.057248 0.346885 0.049511
v 0.055714 0.344194 0.050000
v 0.077679 0.329576 -0.050000
v 0.079572 0.332028 -0.049511
v 0.081279 0.334241 -0.048090
v 0.082634 0.335997 -0.045878
v 0.083503 0.337124 -0.043090
v 0.083803 0.337513 -0.040000
v 0.083803 0.337513 0.040000
v 0.083503 0.337124 0.043090
v 0.082634 0.335997 0.045878
v 0.081279 0.334241 0.048090
v 0.079572 0.332028 0.049511
v 0.077679 0.329576 0.050000
v 0.097246 0.312166 -0.050000
v 0.099462 0.314331 -0.049511
v 0.101461 0.316284 -0.048090
v 0.103047 0.317833 -0.045878
v 0.104066 0.318828 -0.043090
v 0.104417 0.319171 -0.040000
v 0.104417 0.319171 0.040000
v 0.104066 0.318828 0.043090
v 0.103047 0.317833 0.045878
v 0.101461 0.316284 0.048090
v 0.099462 0.314331 0.049511
v 0.097246 0.312166 0.050000
v 0.114250 0.292131 -0.050000
v 0.116744 0.293968 -0.049511
v 0.118995 0.295625 -0.048090
v 0.120780 0.296940 -0.045878
v 0.121927 0.297784 -0.043090
v 0.122322 0.298075 -0.040000
v 0.122322 0.298075 0.040000
v 0.121927 0.297784 0.043090
v 0.120780 0.296940 0.045878
v 0.118995 0.295625 0.048090
v 0.116744 0.293968 0.049511
v 0.114250 0.292131 0.050000
v 0.128528 0.269638 -0.050000
v 0.131249 0.271118 -0.049511
v 0.133704 0.272453 -0.048090
v 0.135651 0.273513 -0.045878
v 0.136902 0.274193 -0.043090
v 0.137333 0.274427 -0.040000
v 0.137333 0.274427 0.040000
v 0.136902 0.274193 0.043090
v 0.135651 0.273513 0.045878
v 0.133704 0.272453 0.048090
v 0.131249 0.271118 0.049511
v 0.128528 0.269638 0.050000
v 0.139918 0.244854 -0.050000
v 0.142810 0.245961 -0.049511
v 0.145419 0.246959 -0.048090
v 0.147490 0.247752 -0.045878
v 0.148819 0.248261 -0.043090
v 0.149277 0.248436 -0.040000
v 0.149277 0.248436 0.040000
v 0.148819 0.248261 0.043090
v 0.147490 0.247752 0.045878
v 0.145419 0.246959 0.048090
v 0.142810 0.245961 0.049511
v 0.139918 0.244854 0.050000
v 0.148255 0.217944 -0.050000
v 0.151264 0.218674 -0.049511
v 0.153979 0.219332 -0.048090
v 0.156133 0.219855 -0.045878
v 0.157516 0.220191 -0.043090
v 0.157992 0.220306 -0.040000
v 0.157992 0.220306 0.040000
v 0.157516 0.220191 0.043090
v 0.156133 0.219855 0.045878
v 0.153979 0.219332 0.048090
v 0.151264 0.218674 0.049511
v 0.148255 0.217944 0.050000
v 0.153377 0.189076 -0.050000
v 0.156452 0.189435 -0.049511
v 0.159226 0.189758 -0.048090
v 0.161427 0.190015 -0.045878
v 0.162840 0.190180 -0.043090
v 0.163328 0.190237 -0.040000
v 0.163328 0.190237 0.040000
v 0.162840 0.190180 0.043090
v 0.161427 0.190015 0.045878
v 0.159226 0.189758 0.048090
v 0.156452 0.189435 0.049511
v 0.153377 0.189076 0.050000
v 0.155121 0.158416 -0.050000
v 0.158215 0.158432 -0.049511
v 0.161007 0.158447 -0.048090
v 0.163222 0.158459 -0.045878
v 0.164644 0.158467 -0.043090
v 0.165134 0.158469 -0.040000
v 0.165134 0.158469 0.040000
v 0.164644 0.158467 0.043090
v 0.163222 0.158459 0.045878
v 0.161007 0.158447 0.048090
v 0.158215 0.158432 0.049511
v 0.155121 0.158416 0.050000
v 0.153853 0.130980 -0.050000
v 0.156933 0.130688 -0.049511
v 0.159711 0.130426 -0.048090
v 0.161916 0.130217 -0.045878
v 0.163332 0.130083 -0.043090
v 0.163820 0.130037 -0.040000
v 0.163820 0.130037 0.040000
v 0.163332 0.130083 0.043090
v 0.161916 0.130217 0.045878
v 0.159711 0.130426 0.048090
v 0.156933 0.130688 0.049511
v 0.153853 0.130980 0.050000
v 0.149973 0.103925 -0.050000
v 0.153011 0.103338 -0.049511
v 0.155751 0.102808 -0.048090
v 0.157925 0.102388 -0.045878
v 0.159322 0.102118 -0.043090
v 0.159803 0.102025 -0.040000
v 0.159803 0.102025 0.040000
v 0.159322 0.102118 0.043090
v 0.157925 0.102388 0.045878
v 0.155751 0.102808 0.048090
v 0.153011 0.103338 0.049511
v 0.149973 0.103925 0.050000
v 0.143371 0.076885 -0.050000
v 0.146339 0.076013 -0.049511
v 0.149017 0.075227 -0.048090
v 0.151142 0.074603 -0.045878
v 0.152506 0.074203 -0.043090
v 0.152976 0.074065 -0.040000
v 0.152976 0.074065 0.040000
v 0.152506 0.074203 0.043090
v 0.151142 0.074603 0.045878
v 0.149017 0.075227 0.048090
v 0.146339 0.076013 0.049511
v 0.143371 0.076885 0.050000
v 0.133936 0.049490 -0.050000
v 0.136816 0.048362 -0.049511
v 0.139414 0.047345 -0.048090
v 0.141476 0.046538 -0.045878
v 0.142799 0.046019 -0.043090
v 0.143256 0.045841 -0.040000
v 0.143256 0.045841 0.040000
v 0.142799 0.046019 0.043090
v 0.141476 0.046538 0.045878
v 0.139414 0.047345 0.048090
v 0.136816 0.048362 0.049511
v 0.133936 0.049490 0.050000
v 0.121556 0.021373 -0.050000
v 0.124340 0.020027 -0.049511
v 0.126851 0.018812 -0.048090
v 0.128844 0.017849 -0.045878
v 0.130124 0.017230 -0.043090
v 0.130565 0.017017 -0.040000
v 0.130565 0.017017 0.040000
v 0.130124 0.017230 0.043090
v 0.128844 0.017849 0.045878
v 0.126851 0.018812 0.048090
v 0.124340 0.020027 0.049511
v 0.121556 0.021373 0.050000
v 0.106121 -0.007834 -0.050000
v 0.108811 -0.009359 -0.049511
v 0.111237 -0.010734 -0.048090
v 0.113162 -0.011825 -0.045878
v 0.114398 -0.012526 -0.043090
v 0.114824 -0.012768 -0.040000
v 0.114824 -0.012768 0.040000
v 0.114398 -0.012526 0.043090
v 0.113162 -0.011825 0.045878
v 0.111237 -0.010734 0.048090
v 0.108811 -0.009359 0.049511
v 0.106121 -0.007834 0.050000
v 0.087519 -0.038499 -0.050000
v 0.090123 -0.040165 -0.049511
v 0.092473 -0.041667 -0.048090
v 0.094337 -0.042859 -0.045878
v 0.095534 -0.043625 -0.043090
v 0.095946 -0.043888 -0.040000
v 0.095946 -0.043888 0.040000
v 0.095534 -0.043625 0.043090
v 0.094337 -0.042859 0.045878
v 0.092473 -0.041667 0.048090
v 0.090123 -0.040165 0.049511
v 0.087519 -0.038499 0.050000
v 0.065640 -0.070991 -0.050000
v 0.068171 -0.072765 -0.049511
v 0.070454 -0.074365 -0.048090
v 0.072267 -0.075634 -0.045878
v 0.073430 -0.076449 -0.043090
v 0.073831 -0.076730 -0.040000
v 0.073831 -0.076730 0.040000
v 0.073430 -0.076449 0.043090
v 0.072267 -0.075634 0.045878
v 0.070454 -0.074365 0.048090
v 0.068171 -0.072765 0.049511
v 0.065640 -0.070991 0.050000
v 0.040371 -0.105678 -0.050000
v 0.042843 -0.107532 -0.049511
v 0.045073 -0.109205 -0.048090
v 0.046843 -0.110533 -0.045878
v 0.047980 -0.111385 -0.043090
v 0.048371 -0.111679 -0.040000
v 0.048371 -0.111679 0.040000
v 0.047980 -0.111385 0.043090
v 0.046843 -0.110533 0.045878
v 0.045073 -0.109205 0.048090
v 0.042843 -0.107532 0.049511
v 0.040371 -0.105678 0.050000
v 0.011602 -0.142927 -0.050000
v 0.014029 -0.144841 -0.049511
v 0.016217 -0.146567 -0.048090
v 0.017954 -0.147938 -0.045878
v 0.019069 -0.148818 -0.043090
v 0.019454 -0.149121 -0.040000
v 0.019454 -0.149121 0.040000
v 0.019069 -0.148818 0.043090
v 0.017954 -0.147938 0.045878
v 0.016217 -0.146567 0.048090
v 0.014029 -0.144841 0.049511
v 0.011602 -0.142927 0.050000
v -0.020777 -0.183106 -0.050000
v -0.018385 -0.185063 -0.049511
v -0.016228 -0.186828 -0.048090
v -0.014515 -0.188229 -0.045878
v -0.013416 -0.189128 -0.043090
v -0.013037 -0.189438 -0.040000
v -0.013037 -0.189438 0.040000
v -0.013416 -0.189128 0.043090
v -0.014515 -0.188229 0.045878
v -0.016228 -0.186828 0.048090
v -0.018385 -0.185063 0.049511
v -0.020777 -0.183106 0.050000
v -0.056879 -0.226584 -0.050000
v -0.050296 -0.223494 -0.049511
v -0.044358 -0.220706 -0.048090
v -0.039646 -0.218494 -0.045878
v -0.036620 -0.217073 -0.043090
v -0.035577 -0.216584 -0.040000
v -0.035577 -0.216584 0.040000
v -0.036620 -0.217073 0.043090
v -0.039646 -0.218494 0.045878
v -0.044358 -0.220706 0.048090
v -0.050296 -0.223494 0.049511
v -0.056879 -0.226584 0.050000
v 0.204121 -0.226584 -0.050000
v 0.207211 -0.223494 -0.049511
v 0.209999 -0.220706 -0.048090
v 0.212211 -0.218494 -0.045878
v 0.213631 -0.217073 -0.043090
v 0.214121 -0.216584 -0.040000
v 0.214121 -0.216584 0.040000
v 0.213631 -0.217073 0.043090
v 0.212211 -0.218494 0.045878
v 0.209999 -0.220706 0.048090
v 0.207211 -0.223494 0.049511
v 0.204121 -0.226584 0.050000
v 0.204121 -0.319584 -0.050000
v 0.207211 -0.322674 -0.049511
v 0.209999 -0.325462 -0.048090
v 0.212211 -0.327674 -0.045878
v 0.213631 -0.329095 -0.043090
v 0.214121 -0.329584 -0.040000
v 0.214121 -0.329584 0.040000
v 0.213631 -0.329095 0.043090
v 0.212211 -0.327674 0.045878
v 0.209999 -0.325462 0.048090
v 0.207211 -0.322674 0.049511
v 0.204121 -0.319584 0.050000
vn -0.0000 -0.0000 1.0000
vn -0.0000 -0.0000 -1.0000
vn -0.1980 -0.1980 -0.9600
vn -0.3035 0.1090 -0.9466
vn -0.1386 0.0498 -0.9891
vn -0.0786 -0.0786 -0.9938
vn -0.3610 -0.3610 -0.8599
vn -0.5529 0.1986 -0.8092
vn -0.5226 -0.5226 -0.6737
vn -0.7572 0.2721 -0.5938
vn -0.6543 -0.6543 -0.3792
vn -0.8932 0.3209 -0.3150
vn -0.7032 -0.7032 -0.1048
vn -0.9379 0.3370 -0.0818
vn -0.7032 -0.7032 0.1048
vn -0.9379 0.3370 0.0818
vn -0.6543 -0.6543 0.3792
vn -0.8932 0.3209 0.3150
vn -0.5226 -0.5226 0.6737
vn -0.7572 0.2721 0.5938
vn -0.3610 -0.3610 0.8599
vn -0.5529 0.1986 0.8092
vn -0.1980 -0.1980 0.9600
vn -0.3035 0.1090 0.9466
vn -0.0786 -0.0786 0.9938
vn -0.1386 0.0498 0.9891
vn -0.2384 0.1966 -0.9511
vn -0.1206 0.0994 -0.9877
vn -0.4535 0.3740 -0.8090
vn -0.6242 0.5147 -0.5878
vn -0.7337 0.6051 -0.3090
vn -0.7691 0.6343 -0.0785
vn -0.7691 0.6343 0.0785
vn -0.7337 0.6051 0.3090
vn -0.6242 0.5147 0.5878
vn -0.4535 0.3740 0.8090
vn -0.2384 0.1966 0.9511
vn -0.1206 0.0994 0.9877
vn -0.2386 0.1962 -0.9511
vn -0.1207 0.0992 -0.9877
vn -0.4540 0.3732 -0.8090
vn -0.6249 0.5137 -0.5878
vn -0.7347 0.6039 -0.3090
vn -0.7701 0.6331 -0.0785
vn -0.7701 0.6331 0.0785
vn -0.7347 0.6039 0.3090
vn -0.6249 0.5137 0.5878
vn -0.4540 0.3732 0.8090
vn -0.2386 0.1962 0.9511
vn -0.1207 0.0992 0.9877
vn -0.2393 0.1952 -0.9511
vn -0.1211 0.0988 -0.9877
vn -0.4553 0.3715 -0.8091
vn -0.6268 0.5114 -0.5879
vn -0.7369 0.6012 -0.3090
vn -0.7724 0.6302 -0.0785
vn -0.7724 0.6302 0.0785
vn -0.7369 0.6012 0.3090
vn -0.6268 0.5114 0.5879
vn -0.4553 0.3715 0.8091
vn -0.2393 0.1952 0.9511
vn -0.1213 0.0990 0.9877
vn -0.2403 0.1938 -0.9512
vn -0.1217 0.0981 -0.9877
vn -0.4574 0.3689 -0.8091
vn -0.6296 0.5078 -0.5879
vn -0.7403 0.5970 -0.3091
vn -0.7760 0.6258 -0.0785
vn -0.7760 0.6258 0.0785
vn -0.7403 0.5970 0.3091
vn -0.6296 0.5078 0.5879
vn -0.4574 0.3689 0.8091
vn -0.2403 0.1938 0.9512
vn -0.1217 0.0981 0.9877
vn -0.2417 0.1919 -0.9512
vn -0.1224 0.0972 -0.9877
vn -0.4602 0.3653 -0.8092
vn -0.6335 0.5029 -0.5880
vn -0.7448 0.5913 -0.3092
vn -0.7808 0.6199 -0.0785
vn -0.7808 0.6199 0.0785
vn -0.7448 0.5913 0.3092
vn -0.6335 0.5029 0.5880
vn -0.4602 0.3653 0.8092
vn -0.2417 0.1919 0.9512
vn -0.1224 0.0972 0.9877
vn -0.2435 0.1894 -0.9512
vn -0.1239 0.0961 -0.9876
vn -0.4637 0.3607 -0.8093
vn -0.6384 0.4966 -0.5881
vn -0.7506 0.5839 -0.3092
vn -0.7869 0.6121 -0.0785
vn -0.7869 0.6121 0.0785
vn -0.7506 0.5839 0.3092
vn -0.6384 0.4966 0.5881
vn -0.4637 0.3607 0.8093
vn -0.2435 0.1894 0.9512
vn -0.1239 0.0961 0.9876
vn -0.2457 0.1863 -0.9513
vn -0.1245 0.0944 -0.9877
vn -0.4680 0.3549 -0.8093
vn -0.6444 0.4887 -0.5881
vn -0.7578 0.5746 -0.3092
vn -0.7944 0.6024 -0.0785
vn -0.7944 0.6024 0.0785
vn -0.7578 0.5746 0.3092
vn -0.6444 0.4887 0.5881
vn -0.4680 0.3549 0.8093
vn -0.2457 0.1863 0.9513
vn -0.1245 0.0944 0.9877
vn -0.2484 0.1825 -0.9513
vn -0.1260 0.0925 -0.9877
vn -0.4733 0.3477 -0.8094
vn -0.6517 0.4788 -0.5882
vn -0.7664 0.5630 -0.3093
vn -0.8034 0.5902 -0.0785
vn -0.8034 0.5902 0.0785
vn -0.7664 0.5630 0.3093
vn -0.6517 0.4788 0.5882
vn -0.4733 0.3477 0.8094
vn -0.2484 0.1825 0.9513
vn -0.1260 0.0925 0.9877
vn -0.2516 0.1778 -0.9514
vn -0.1277 0.0902 -0.9877
vn -0.4795 0.3388 -0.8095
vn -0.6605 0.4666 -0.5883
vn -0.7767 0.5487 -0.3094
vn -0.8142 0.5752 -0.0785
vn -0.8142 0.5752 0.0785
vn -0.7767 0.5487 0.3094
vn -0.6605 0.4666 0.5883
vn -0.4795 0.3388 0.8095
vn -0.2516 0.1778 0.9514
vn -0.1277 0.0902 0.9877
vn -0.2555 0.1719 -0.9514
vn -0.1297 0.0872 -0.9877
vn -0.4870 0.3276 -0.8096
vn -0.6709 0.4513 -0.5884
vn -0.7890 0.5308 -0.3094
vn -0.8271 0.5565 -0.0785
vn -0.8271 0.5565 0.0785
vn -0.7890 0.5308 0.3094
vn -0.6709 0.4513 0.5884
vn -0.4870 0.3276 0.8096
vn -0.2555 0.1719 0.9514
vn -0.1297 0.0872 0.9877
vn -0.2600 0.1644 -0.9515
vn -0.1321 0.0835 -0.9877
vn -0.4959 0.3137 -0.8098
vn -0.6832 0.4321 -0.5886
vn -0.8036 0.5083 -0.3095
vn -0.8425 0.5329 -0.0785
vn -0.8425 0.5329 0.0785
vn -0.8036 0.5083 0.3095
vn -0.6832 0.4321 0.5886
vn -0.4959 0.3137 0.8098
vn -0.2600 0.1644 0.9515
vn -0.1321 0.0835 0.9877
vn -0.2648 0.1570 -0.9514
vn -0.1344 0.0797 -0.9877
vn -0.5049 0.2993 -0.8096
vn -0.6956 0.4122 -0.5885
vn -0.8181 0.4848 -0.3094
vn -0.8576 0.5083 -0.0785
vn -0.8576 0.5083 0.0785
vn -0.8181 0.4848 0.3094
vn -0.6956 0.4122 0.5885
vn -0.5049 0.2993 0.8096
vn -0.2648 0.1570 0.9514
vn -0.1344 0.0797 0.9877
vn -0.2685 0.1516 -0.9513
vn -0.1361 0.0769 -0.9877
vn -0.5114 0.2888 -0.8094
vn -0.7042 0.3977 -0.5882
vn -0.8281 0.4677 -0.3092
vn -0.8680 0.4903 -0.0785
vn -0.8680 0.4903 0.0785
vn -0.8281 0.4677 0.3092
vn -0.7042 0.3977 0.5882
vn -0.5114 0.2888 0.8094
vn -0.2685 0.1516 0.9513
vn -0.1361 0.0769 0.9877
vn -0.2710 0.1464 -0.9514
vn -0.1375 0.0743 -0.9877
vn -0.5165 0.2790 -0.8095
vn -0.7114 0.3843 -0.5883
vn -0.8367 0.4520 -0.3094
vn -0.8771 0.4738 -0.0786
vn -0.8771 0.4738 0.0786
vn -0.8367 0.4520 0.3094
vn -0.7114 0.3843 0.5883
vn -0.5165 0.2790 0.8095
vn -0.2710 0.1464 0.9514
vn -0.1375 0.0743 0.9877
vn -0.2745 0.1390 -0.9515
vn -0.1394 0.0706 -0.9877
vn -0.5235 0.2651 -0.8097
vn -0.7212 0.3652 -0.5886
vn -0.8483 0.4296 -0.3095
vn -0.8894 0.4503 -0.0786
vn -0.8894 0.4503 0.0786
vn -0.8483 0.4296 0.3095
vn -0.7212 0.3652 0.5886
vn -0.5235 0.2651 0.8097
vn -0.2745 0.1390 0.9515
vn -0.1394 0.0706 0.9877
vn -0.2788 0.1292 -0.9516
vn -0.1418 0.0657 -0.9877
vn -0.5321 0.2466 -0.8100
vn -0.7334 0.3398 -0.5888
vn -0.8627 0.3998 -0.3096
vn -0.9045 0.4192 -0.0785
vn -0.9045 0.4192 0.0785
vn -0.8627 0.3998 0.3096
vn -0.7334 0.3398 0.5888
vn -0.5321 0.2466 0.8100
vn -0.2788 0.1292 0.9516
vn -0.1418 0.0657 0.9877
vn -0.2837 0.1169 -0.9518
vn -0.1444 0.0595 -0.9877
vn -0.5420 0.2234 -0.8102
vn -0.7471 0.3080 -0.5890
vn -0.8791 0.3623 -0.3098
vn -0.9217 0.3799 -0.0785
vn -0.9217 0.3799 0.0785
vn -0.8791 0.3623 0.3098
vn -0.7471 0.3080 0.5890
vn -0.5420 0.2234 0.8102
vn -0.2837 0.1169 0.9518
vn -0.1444 0.0595 0.9877
vn -0.2889 0.1024 -0.9519
vn -0.1475 0.0524 -0.9877
vn -0.5523 0.1958 -0.8103
vn -0.7615 0.2700 -0.5892
vn -0.8961 0.3177 -0.3099
vn -0.9396 0.3331 -0.0786
vn -0.9396 0.3331 0.0786
vn -0.8961 0.3177 0.3099
vn -0.7615 0.2700 0.5892
vn -0.5523 0.1958 0.8103
vn -0.2889 0.1024 0.9519
vn -0.1475 0.0524 0.9877
vn -0.2939 0.0860 -0.9519
vn -0.1499 0.0439 -0.9877
vn -0.5622 0.1645 -0.8105
vn -0.7754 0.2269 -0.5893
vn -0.9125 0.2670 -0.3100
vn -0.9568 0.2799 -0.0787
vn -0.9568 0.2799 0.0787
vn -0.9125 0.2670 0.3100
vn -0.7754 0.2269 0.5893
vn -0.5622 0.1645 0.8105
vn -0.2939 0.0860 0.9519
vn -0.1499 0.0439 0.9877
vn -0.2984 0.0683 -0.9520
vn -0.1523 0.0348 -0.9877
vn -0.5709 0.1307 -0.8105
vn -0.7875 0.1802 -0.5894
vn -0.9268 0.2121 -0.3101
vn -0.9718 0.2224 -0.0787
vn -0.9718 0.2224 0.0787
vn -0.9268 0.2121 0.3101
vn -0.7875 0.1802 0.5894
vn -0.5709 0.1307 0.8105
vn -0.2984 0.0683 0.9520
vn -0.1523 0.0348 0.9877
vn -0.3021 0.0501 -0.9520
vn -0.1541 0.0256 -0.9877
vn -0.5778 0.0959 -0.8105
vn -0.7969 0.1322 -0.5894
vn -0.9379 0.1556 -0.3100
vn -0.9835 0.1632 -0.0786
vn -0.9835 0.1632 0.0786
vn -0.9379 0.1556 0.3100
vn -0.7969 0.1322 0.5894
vn -0.5778 0.0959 0.8105
vn -0.3021 0.0501 0.9520
vn -0.1541 0.0256 0.9877
vn -0.3046 0.0323 -0.9519
vn -0.1553 0.0165 -0.9877
vn -0.5825 0.0617 -0.8105
vn -0.8034 0.0851 -0.5893
vn -0.9455 0.1002 -0.3099
vn -0.9914 0.1050 -0.0786
vn -0.9914 0.1050 0.0786
vn -0.9455 0.1002 0.3099
vn -0.8034 0.0851 0.5893
vn -0.5825 0.0617 0.8105
vn -0.3046 0.0323 0.9519
vn -0.1553 0.0165 0.9877
vn -0.3062 0.0155 -0.9519
vn -0.1564 0.0079 -0.9877
vn -0.5852 0.0296 -0.8103
vn -0.8070 0.0408 -0.5891
vn -0.9496 0.0480 -0.3099
vn -0.9956 0.0503 -0.0786
vn -0.9956 0.0503 0.0786
vn -0.9496 0.0480 0.3099
vn -0.8070 0.0408 0.5891
vn -0.5852 0.0296 0.8103
vn -0.3062 0.0155 0.9519
vn -0.1565 0.0079 0.9876
vn -0.3052 -0.0048 -0.9523
vn -0.1562 -0.0025 -0.9877
vn -0.5848 -0.0093 -0.8111
vn -0.8073 -0.0128 -0.5900
vn -0.9505 -0.0151 -0.3104
vn -0.9968 -0.0158 -0.0787
vn -0.9968 -0.0158 0.0787
vn -0.9505 -0.0151 0.3104
vn -0.8073 -0.0128 0.5900
vn -0.5848 -0.0093 0.8111
vn -0.3052 -0.0048 0.9523
vn -0.1562 -0.0025 0.9877
vn -0.3014 -0.0345 -0.9529
vn -0.1550 -0.0177 -0.9877
vn -0.5796 -0.0663 -0.8122
vn -0.8014 -0.0916 -0.5911
vn -0.9442 -0.1079 -0.3112
vn -0.9904 -0.1132 -0.0789
vn -0.9904 -0.1132 0.0789
vn -0.9442 -0.1079 0.3112
vn -0.8014 -0.0916 0.5911
vn -0.5796 -0.0663 0.8122
vn -0.3014 -0.0345 0.9529
vn -0.1550 -0.0177 0.9877
vn -0.2950 -0.0697 -0.9530
vn -0.1518 -0.0359 -0.9878
vn -0.5676 -0.1340 -0.8123
vn -0.7849 -0.1853 -0.5913
vn -0.9249 -0.2184 -0.3113
vn -0.9702 -0.2291 -0.0789
vn -0.9702 -0.2291 0.0789
vn -0.9249 -0.2184 0.3113
vn -0.7849 -0.1853 0.5913
vn -0.5676 -0.1340 0.8123
vn -0.2950 -0.0697 0.9530
vn -0.1518 -0.0359 0.9878
vn -0.2841 -0.1051 -0.9530
vn -0.1463 -0.0541 -0.9878
vn -0.5468 -0.2023 -0.8125
vn -0.7563 -0.2798 -0.5914
vn -0.8913 -0.3297 -0.3113
vn -0.9349 -0.3459 -0.0789
vn -0.9349 -0.3459 0.0789
vn -0.8913 -0.3297 0.3113
vn -0.7563 -0.2798 0.5914
vn -0.5468 -0.2023 0.8125
vn -0.2841 -0.1051 0.9530
vn -0.1463 -0.0541 0.9878
vn -0.2683 -0.1401 -0.9531
vn -0.1383 -0.0722 -0.9878
vn -0.5167 -0.2697 -0.8126
vn -0.7148 -0.3730 -0.5916
vn -0.8424 -0.4397 -0.3114
vn -0.8837 -0.4613 -0.0789
vn -0.8837 -0.4613 0.0789
vn -0.8424 -0.4397 0.3114
vn -0.7148 -0.3730 0.5916
vn -0.5167 -0.2697 0.8126
vn -0.2683 -0.1401 0.9531
vn -0.1383 -0.0722 0.9878
vn -0.2477 -0.1737 -0.9532
vn -0.1277 -0.0896 -0.9878
vn -0.4771 -0.3346 -0.8127
vn -0.6600 -0.4629 -0.5917
vn -0.7780 -0.5456 -0.3115
vn -0.8162 -0.5724 -0.0789
vn -0.8162 -0.5724 0.0789
vn -0.7780 -0.5456 0.3115
vn -0.6600 -0.4629 0.5917
vn -0.4771 -0.3346 0.8127
vn -0.2477 -0.1737 0.9532
vn -0.1277 -0.0896 0.9878
vn -0.2221 -0.2051 -0.9532
vn -0.1146 -0.1058 -0.9878
vn -0.4280 -0.3952 -0.8128
vn -0.5922 -0.5468 -0.5918
vn -0.6982 -0.6446 -0.3116
vn -0.7324 -0.6762 -0.0789
vn -0.7324 -0.6762 0.0789
vn -0.6982 -0.6446 0.3116
vn -0.5922 -0.5468 0.5918
vn -0.4280 -0.3952 0.8128
vn -0.2221 -0.2051 0.9532
vn -0.1146 -0.1058 0.9878
vn -0.1920 -0.2334 -0.9532
vn -0.0991 -0.1204 -0.9878
vn -0.3701 -0.4497 -0.8129
vn -0.5121 -0.6223 -0.5920
vn -0.6038 -0.7337 -0.3117
vn -0.6334 -0.7698 -0.0789
vn -0.6334 -0.7698 0.0789
vn -0.6038 -0.7337 0.3117
vn -0.5121 -0.6223 0.5920
vn -0.3701 -0.4497 0.8129
vn -0.1920 -0.2334 0.9532
vn -0.0991 -0.1204 0.9878
vn -0.1579 -0.2576 -0.9533
vn -0.0815 -0.1329 -0.9878
vn -0.3044 -0.4965 -0.8129
vn -0.4212 -0.6871 -0.5920
vn -0.4966 -0.8101 -0.3117
vn -0.5210 -0.8499 -0.0789
vn -0.5210 -0.8499 0.0789
vn -0.4966 -0.8101 0.3117
vn -0.4212 -0.6871 0.5920
vn -0.3044 -0.4965 0.8129
vn -0.1579 -0.2576 0.9533
vn -0.0815 -0.1329 0.9878
vn -0.1205 -0.2770 -0.9533
vn -0.0622 -0.1430 -0.9878
vn -0.2323 -0.5340 -0.8129
vn -0.3215 -0.7390 -0.5920
vn -0.3791 -0.8713 -0.3117
vn -0.3977 -0.9141 -0.0789
vn -0.3977 -0.9141 0.0789
vn -0.3791 -0.8713 0.3117
vn -0.3215 -0.7390 0.5920
vn -0.2323 -0.5340 0.8129
vn -0.1205 -0.2770 0.9533
vn -0.0622 -0.1430 0.9878
vn -0.0810 -0.2911 -0.9533
vn -0.0418 -0.1502 -0.9878
vn -0.1561 -0.5611 -0.8129
vn -0.2160 -0.7765 -0.5920
vn -0.2547 -0.9154 -0.3116
vn -0.2672 -0.9604 -0.0789
vn -0.2672 -0.9604 0.0789
vn -0.2547 -0.9154 0.3116
vn -0.2160 -0.7765 0.5920
vn -0.1561 -0.5611 0.8129
vn -0.0810 -0.2911 0.9533
vn -0.0418 -0.1502 0.9878
vn -0.0404 -0.2996 -0.9532
vn -0.0209 -0.1545 -0.9878
vn -0.0779 -0.5773 -0.8128
vn -0.1078 -0.7988 -0.5919
vn -0.1271 -0.9417 -0.3116
vn -0.1333 -0.9879 -0.0789
vn -0.1333 -0.9879 0.0789
vn -0.1271 -0.9417 0.3116
vn -0.1078 -0.7988 0.5919
vn -0.0779 -0.5773 0.8128
vn -0.0404 -0.2996 0.9532
vn -0.0209 -0.1545 0.9878
vn -0.0042 -0.3039 -0.9527
vn -0.0022 -0.1561 -0.9877
vn -0.0081 -0.5839 -0.8118
vn -0.0112 -0.8067 -0.5908
vn -0.0132 -0.9503 -0.3109
vn -0.0138 -0.9968 -0.0788
vn -0.0138 -0.9968 0.0788
vn -0.0132 -0.9503 0.3109
vn -0.0112 -0.8067 0.5908
vn -0.0081 -0.5839 0.8118
vn -0.0042 -0.3039 0.9527
vn -0.0022 -0.1561 0.9877
vn 0.0241 -0.3042 -0.9523
vn 0.0123 -0.1557 -0.9877
vn 0.0462 -0.5830 -0.8111
vn 0.0638 -0.8049 -0.5900
vn 0.0750 -0.9476 -0.3104
vn 0.0787 -0.9938 -0.0786
vn 0.0787 -0.9938 0.0786
vn 0.0750 -0.9476 0.3104
vn 0.0638 -0.8049 0.5900
vn 0.0462 -0.5830 0.8111
vn 0.0241 -0.3042 0.9523
vn 0.0123 -0.1557 0.9877
vn 0.0493 -0.3009 -0.9524
vn 0.0252 -0.1541 -0.9877
vn 0.0944 -0.5770 -0.8112
vn 0.1304 -0.7967 -0.5901
vn 0.1535 -0.9381 -0.3105
vn 0.1610 -0.9838 -0.0787
vn 0.1610 -0.9838 0.0787
vn 0.1535 -0.9381 0.3105
vn 0.1304 -0.7967 0.5901
vn 0.0944 -0.5770 0.8112
vn 0.0493 -0.3009 0.9524
vn 0.0252 -0.1541 0.9877
vn 0.0751 -0.2954 -0.9524
vn 0.0385 -0.1513 -0.9877
vn 0.1440 -0.5666 -0.8113
vn 0.1989 -0.7824 -0.5902
vn 0.2342 -0.9212 -0.3106
vn 0.2457 -0.9662 -0.0787
vn 0.2457 -0.9662 0.0787
vn 0.2342 -0.9212 0.3106
vn 0.1989 -0.7824 0.5902
vn 0.1440 -0.5666 0.8113
vn 0.0751 -0.2954 0.9524
vn 0.0385 -0.1513 0.9877
vn 0.1008 -0.2876 -0.9524
vn 0.0517 -0.1474 -0.9877
vn 0.1934 -0.5517 -0.8113
vn 0.2670 -0.7618 -0.5902
vn 0.3144 -0.8970 -0.3107
vn 0.3298 -0.9408 -0.0788
vn 0.3298 -0.9408 0.0788
vn 0.3144 -0.8970 0.3107
vn 0.2670 -0.7618 0.5902
vn 0.1934 -0.5517 0.8113
vn 0.1008 -0.2876 0.9524
vn 0.0517 -0.1474 0.9877
vn 0.1256 -0.2778 -0.9524
vn 0.0643 -0.1423 -0.9877
vn 0.2408 -0.5328 -0.8113
vn 0.3325 -0.7356 -0.5902
vn 0.3915 -0.8662 -0.3106
vn 0.4106 -0.9084 -0.0788
vn 0.4106 -0.9084 0.0788
vn 0.3915 -0.8662 0.3106
vn 0.3325 -0.7356 0.5902
vn 0.2408 -0.5328 0.8113
vn 0.1256 -0.2778 0.9524
vn 0.0643 -0.1423 0.9877
vn 0.1487 -0.2664 -0.9523
vn 0.0761 -0.1364 -0.9877
vn 0.2851 -0.5106 -0.8112
vn 0.3936 -0.7049 -0.5901
vn 0.4634 -0.8300 -0.3105
vn 0.4860 -0.8704 -0.0787
vn 0.4860 -0.8704 0.0787
vn 0.4634 -0.8300 0.3105
vn 0.3936 -0.7049 0.5901
vn 0.2851 -0.5106 0.8112
vn 0.1487 -0.2664 0.9523
vn 0.0761 -0.1364 0.9877
vn 0.1698 -0.2538 -0.9523
vn 0.0868 -0.1298 -0.9877
vn 0.3253 -0.4862 -0.8110
vn 0.4490 -0.6711 -0.5900
vn 0.5286 -0.7901 -0.3104
vn 0.5544 -0.8285 -0.0786
vn 0.5544 -0.8285 0.0786
vn 0.5286 -0.7901 0.3104
vn 0.4490 -0.6711 0.5900
vn 0.3253 -0.4862 0.8110
vn 0.1698 -0.2538 0.9523
vn 0.0868 -0.1298 0.9877
vn 0.1885 -0.2406 -0.9522
vn 0.0963 -0.1229 -0.9877
vn 0.3610 -0.4606 -0.8109
vn 0.4981 -0.6356 -0.5898
vn 0.5864 -0.7483 -0.3102
vn 0.6149 -0.7847 -0.0786
vn 0.6149 -0.7847 0.0786
vn 0.5864 -0.7483 0.3102
vn 0.4981 -0.6356 0.5898
vn 0.3610 -0.4606 0.8109
vn 0.1885 -0.2406 0.9522
vn 0.0963 -0.1229 0.9877
vn 0.2049 -0.2272 -0.9521
vn 0.1046 -0.1160 -0.9877
vn 0.3920 -0.4348 -0.8107
vn 0.5409 -0.5999 -0.5896
vn 0.6366 -0.7061 -0.3101
vn 0.6676 -0.7404 -0.0786
vn 0.6676 -0.7404 0.0786
vn 0.6366 -0.7061 0.3101
vn 0.5409 -0.5999 0.5896
vn 0.3920 -0.4348 0.8107
vn 0.2049 -0.2272 0.9521
vn 0.1046 -0.1160 0.9877
vn 0.2189 -0.2141 -0.9520
vn 0.1117 -0.1092 -0.9877
vn 0.4187 -0.4095 -0.8106
vn 0.5776 -0.5648 -0.5894
vn 0.6797 -0.6647 -0.3099
vn 0.7127 -0.6970 -0.0786
vn 0.7127 -0.6970 0.0786
vn 0.6797 -0.6647 0.3099
vn 0.5776 -0.5648 0.5894
vn 0.4187 -0.4095 0.8106
vn 0.2189 -0.2141 0.9520
vn 0.1117 -0.1092 0.9877
vn 0.2310 -0.2016 -0.9519
vn 0.1177 -0.1027 -0.9877
vn 0.4415 -0.3853 -0.8104
vn 0.6087 -0.5313 -0.5892
vn 0.7164 -0.6252 -0.3098
vn 0.7511 -0.6555 -0.0785
vn 0.7511 -0.6555 0.0785
vn 0.7164 -0.6252 0.3098
vn 0.6087 -0.5313 0.5892
vn 0.4415 -0.3853 0.8104
vn 0.2310 -0.2016 0.9519
vn 0.1177 -0.1027 0.9877
vn -0.0527 -0.1468 -0.9878
vn -0.0181 -0.0503 -0.9986
vn -0.1012 -0.2811 -0.9543
vn -0.1719 -0.4780 -0.8614
vn -0.2760 -0.7671 -0.5791
vn -0.3321 -0.9232 -0.1936
vn -0.3321 -0.9232 0.1936
vn -0.2760 -0.7671 0.5791
vn -0.1719 -0.4780 0.8614
vn -0.1012 -0.2811 0.9543
vn -0.0527 -0.1468 0.9878
vn -0.0181 -0.0503 0.9986
vn -0.2858 0.1407 -0.9479
vn -0.1261 0.0621 -0.9901
vn -0.5177 0.2548 -0.8167
vn -0.7138 0.3513 -0.6058
vn -0.8487 0.4178 -0.3244
vn -0.8940 0.4400 -0.0851
vn -0.8940 0.4400 0.0851
vn -0.8487 0.4178 0.3244
vn -0.7138 0.3513 0.6058
vn -0.5177 0.2548 0.8167
vn -0.2858 0.1407 0.9479
vn -0.1261 0.0621 0.9901
vn -0.1846 0.2501 -0.9505
vn -0.0928 0.1257 -0.9877
vn -0.3498 0.4740 -0.8081
vn -0.4807 0.6515 -0.5869
vn -0.5648 0.7654 -0.3085
vn -0.5920 0.8021 -0.0784
vn -0.5920 0.8021 0.0784
vn -0.5648 0.7654 0.3085
vn -0.4807 0.6515 0.5869
vn -0.3498 0.4740 0.8081
vn -0.1846 0.2501 0.9505
vn -0.0928 0.1257 0.9877
vn -0.1739 0.2578 -0.9504
vn -0.0874 0.1295 -0.9877
vn -0.3295 0.4885 -0.8080
vn -0.4528 0.6713 -0.5868
vn -0.5319 0.7886 -0.3085
vn -0.5575 0.8265 -0.0784
vn -0.5575 0.8265 0.0784
vn -0.5319 0.7886 0.3085
vn -0.4528 0.6713 0.5868
vn -0.3295 0.4885 0.8080
vn -0.1739 0.2578 0.9504
vn -0.0874 0.1295 0.9877
vn -0.1618 0.2657 -0.9504
vn -0.0813 0.1334 -0.9877
vn -0.3066 0.5033 -0.8079
vn -0.4212 0.6916 -0.5868
vn -0.4948 0.8124 -0.3085
vn -0.5186 0.8514 -0.0784
vn -0.5186 0.8514 0.0784
vn -0.4948 0.8124 0.3085
vn -0.4212 0.6916 0.5868
vn -0.3066 0.5033 0.8079
vn -0.1618 0.2657 0.9504
vn -0.0813 0.1334 0.9877
vn -0.1484 0.2737 -0.9503
vn -0.0745 0.1374 -0.9877
vn -0.2809 0.5182 -0.8078
vn -0.3860 0.7119 -0.5867
vn -0.4534 0.8363 -0.3084
vn -0.4751 0.8764 -0.0784
vn -0.4751 0.8764 0.0784
vn -0.4534 0.8363 0.3084
vn -0.3860 0.7119 0.5867
vn -0.2809 0.5182 0.8078
vn -0.1484 0.2737 0.9503
vn -0.0745 0.1374 0.9877
vn -0.1334 0.2814 -0.9503
vn -0.0669 0.1412 -0.9877
vn -0.2525 0.5327 -0.8078
vn -0.3469 0.7318 -0.5866
vn -0.4075 0.8596 -0.3083
vn -0.4270 0.9008 -0.0784
vn -0.4270 0.9008 0.0784
vn -0.4075 0.8596 0.3083
vn -0.3469 0.7318 0.5866
vn -0.2525 0.5327 0.8078
vn -0.1334 0.2814 0.9503
vn -0.0669 0.1412 0.9877
vn -0.1170 0.2888 -0.9502
vn -0.0587 0.1448 -0.9877
vn -0.2214 0.5465 -0.8077
vn -0.3041 0.7506 -0.5865
vn -0.3572 0.8817 -0.3083
vn -0.3744 0.9240 -0.0784
vn -0.3744 0.9240 0.0784
vn -0.3572 0.8817 0.3083
vn -0.3041 0.7506 0.5865
vn -0.2214 0.5465 0.8077
vn -0.1170 0.2888 0.9502
vn -0.0587 0.1448 0.9877
vn -0.0993 0.2955 -0.9502
vn -0.0498 0.1481 -0.9877
vn -0.1878 0.5590 -0.8076
vn -0.2580 0.7678 -0.5865
vn -0.3030 0.9017 -0.3083
vn -0.3176 0.9450 -0.0785
vn -0.3176 0.9450 0.0785
vn -0.3030 0.9017 0.3083
vn -0.2580 0.7678 0.5865
vn -0.1878 0.5590 0.8076
vn -0.0993 0.2955 0.9502
vn -0.0498 0.1481 0.9877
vn -0.0804 0.3012 -0.9502
vn -0.0403 0.1509 -0.9877
vn -0.1521 0.5698 -0.8076
vn -0.2090 0.7826 -0.5864
vn -0.2454 0.9191 -0.3083
vn -0.2572 0.9632 -0.0785
vn -0.2572 0.9632 0.0785
vn -0.2454 0.9191 0.3083
vn -0.2090 0.7826 0.5864
vn -0.1521 0.5698 0.8076
vn -0.0804 0.3012 0.9502
vn -0.0403 0.1509 0.9877
vn -0.0607 0.3059 -0.9501
vn -0.0304 0.1532 -0.9877
vn -0.1148 0.5785 -0.8076
vn -0.1577 0.7945 -0.5864
vn -0.1852 0.9331 -0.3082
vn -0.1941 0.9778 -0.0784
vn -0.1941 0.9778 0.0784
vn -0.1852 0.9331 0.3082
vn -0.1577 0.7945 0.5864
vn -0.1148 0.5785 0.8076
vn -0.0607 0.3059 0.9501
vn -0.0304 0.1532 0.9877
vn -0.0405 0.3092 -0.9501
vn -0.0203 0.1549 -0.9877
vn -0.0766 0.5847 -0.8076
vn -0.1052 0.8031 -0.5864
vn -0.1235 0.9433 -0.3082
vn -0.1295 0.9885 -0.0784
vn -0.1295 0.9885 0.0784
vn -0.1235 0.9433 0.3082
vn -0.1052 0.8031 0.5864
vn -0.0766 0.5847 0.8076
vn -0.0405 0.3092 0.9501
vn -0.0203 0.1549 0.9877
vn -0.0202 0.3112 -0.9501
vn -0.0101 0.1559 -0.9877
vn -0.0381 0.5885 -0.8076
vn -0.0523 0.8083 -0.5865
vn -0.0615 0.9493 -0.3082
vn -0.0644 0.9948 -0.0784
vn -0.0644 0.9948 0.0784
vn -0.0615 0.9493 0.3082
vn -0.0523 0.8083 0.5865
vn -0.0381 0.5885 0.8076
vn -0.0202 0.3112 0.9501
vn -0.0101 0.1559 0.9877
vn 0.0043 0.3129 -0.9498
vn 0.0021 0.1561 -0.9877
vn 0.0081 0.5903 -0.8071
vn 0.0111 0.8102 -0.5861
vn 0.0131 0.9513 -0.3080
vn 0.0137 0.9968 -0.0784
vn 0.0137 0.9968 0.0784
vn 0.0131 0.9513 0.3080
vn 0.0111 0.8102 0.5861
vn 0.0081 0.5903 0.8071
vn 0.0043 0.3129 0.9498
vn 0.0021 0.1561 0.9877
vn 0.0381 0.3118 -0.9494
vn 0.0189 0.1548 -0.9878
vn 0.0718 0.5868 -0.8066
vn 0.0984 0.8046 -0.5856
vn 0.1156 0.9444 -0.3077
vn 0.1211 0.9895 -0.0784
vn 0.1211 0.9895 0.0784
vn 0.1156 0.9444 0.3077
vn 0.0984 0.8046 0.5856
vn 0.0718 0.5868 0.8066
vn 0.0381 0.3118 0.9494
vn 0.0189 0.1548 0.9878
vn 0.0775 0.3046 -0.9493
vn 0.0384 0.1511 -0.9878
vn 0.1457 0.5730 -0.8065
vn 0.1998 0.7857 -0.5855
vn 0.2345 0.9222 -0.3076
vn 0.2457 0.9662 -0.0784
vn 0.2457 0.9662 0.0784
vn 0.2345 0.9222 0.3076
vn 0.1998 0.7857 0.5855
vn 0.1457 0.5730 0.8065
vn 0.0775 0.3046 0.9493
vn 0.0384 0.1511 0.9878
vn 0.1171 0.2919 -0.9493
vn 0.0581 0.1447 -0.9878
vn 0.2202 0.5488 -0.8064
vn 0.3019 0.7524 -0.5854
vn 0.3543 0.8831 -0.3076
vn 0.3712 0.9252 -0.0784
vn 0.3712 0.9252 0.0784
vn 0.3543 0.8831 0.3076
vn 0.3019 0.7524 0.5854
vn 0.2202 0.5488 0.8064
vn 0.1171 0.2919 0.9493
vn 0.0581 0.1447 0.9878
vn 0.1558 0.2733 -0.9492
vn 0.0772 0.1355 -0.9878
vn 0.2929 0.5138 -0.8064
vn 0.4015 0.7044 -0.5854
vn 0.4712 0.8267 -0.3076
vn 0.4937 0.8661 -0.0784
vn 0.4937 0.8661 0.0784
vn 0.4712 0.8267 0.3076
vn 0.4015 0.7044 0.5854
vn 0.2929 0.5138 0.8064
vn 0.1558 0.2733 0.9492
vn 0.0772 0.1355 0.9878
vn 0.1922 0.2491 -0.9492
vn 0.0952 0.1235 -0.9878
vn 0.3613 0.4683 -0.8063
vn 0.4953 0.6419 -0.5854
vn 0.5813 0.7533 -0.3076
vn 0.6090 0.7893 -0.0784
vn 0.6090 0.7893 0.0784
vn 0.5813 0.7533 0.3076
vn 0.4953 0.6419 0.5854
vn 0.3613 0.4683 0.8063
vn 0.1922 0.2491 0.9492
vn 0.0952 0.1235 0.9878
vn 0.2251 0.2199 -0.9492
vn 0.1115 0.1090 -0.9878
vn 0.4231 0.4133 -0.8063
vn 0.5800 0.5666 -0.5854
vn 0.6806 0.6649 -0.3077
vn 0.7131 0.6966 -0.0784
vn 0.7131 0.6966 0.0784
vn 0.6806 0.6649 0.3077
vn 0.5800 0.5666 0.5854
vn 0.4231 0.4133 0.8063
vn 0.2251 0.2199 0.9492
vn 0.1115 0.1090 0.9878
vn 0.2533 0.1865 -0.9492
vn 0.1256 0.0925 -0.9878
vn 0.4763 0.3507 -0.8063
vn 0.6529 0.4807 -0.5854
vn 0.7662 0.5642 -0.3077
vn 0.8028 0.5911 -0.0784
vn 0.8028 0.5911 0.0784
vn 0.7662 0.5642 0.3077
vn 0.6529 0.4807 0.5854
vn 0.4763 0.3507 0.8063
vn 0.2533 0.1865 0.9492
vn 0.1256 0.0925 0.9878
vn 0.2762 0.1502 -0.9493
vn 0.1370 0.0745 -0.9878
vn 0.5195 0.2826 -0.8064
vn 0.7122 0.3874 -0.5855
vn 0.8358 0.4547 -0.3077
vn 0.8758 0.4764 -0.0784
vn 0.8758 0.4764 0.0784
vn 0.8358 0.4547 0.3077
vn 0.7122 0.3874 0.5855
vn 0.5195 0.2826 0.8064
vn 0.2762 0.1502 0.9493
vn 0.1370 0.0745 0.9878
vn 0.2935 0.1124 -0.9493
vn 0.1457 0.0558 -0.9878
vn 0.5522 0.2114 -0.8065
vn 0.7571 0.2898 -0.5855
vn 0.8886 0.3402 -0.3076
vn 0.9310 0.3564 -0.0783
vn 0.9310 0.3564 0.0783
vn 0.8886 0.3402 0.3076
vn 0.7571 0.2898 0.5855
vn 0.5522 0.2114 0.8065
vn 0.2935 0.1124 0.9493
vn 0.1457 0.0558 0.9878
vn 0.3052 0.0741 -0.9494
vn 0.1516 0.0368 -0.9878
vn 0.5745 0.1394 -0.8066
vn 0.7878 0.1911 -0.5856
vn 0.9247 0.2243 -0.3077
vn 0.9688 0.2351 -0.0784
vn 0.9688 0.2351 0.0784
vn 0.9247 0.2243 0.3077
vn 0.7878 0.1911 0.5856
vn 0.5745 0.1394 0.8066
vn 0.3052 0.0741 0.9494
vn 0.1516 0.0368 0.9878
vn 0.3117 0.0364 -0.9495
vn 0.1550 0.0181 -0.9878
vn 0.5870 0.0685 -0.8067
vn 0.8051 0.0940 -0.5856
vn 0.9450 0.1103 -0.3078
vn 0.9902 0.1156 -0.0784
vn 0.9902 0.1156 0.0784
vn 0.9450 0.1103 0.3078
vn 0.8051 0.0940 0.5856
vn 0.5870 0.0685 0.8067
vn 0.3117 0.0364 0.9495
vn 0.1550 0.0181 0.9878
vn 0.3133 0.0017 -0.9497
vn 0.1561 0.0008 -0.9877
vn 0.5907 0.0031 -0.8069
vn 0.8104 0.0043 -0.5858
vn 0.9514 0.0051 -0.3079
vn 0.9969 0.0053 -0.0784
vn 0.9969 0.0053 0.0784
vn 0.9514 0.0051 0.3079
vn 0.8104 0.0043 0.5858
vn 0.5907 0.0031 0.8069
vn 0.3133 0.0017 0.9497
vn 0.1561 0.0008 0.9877
vn 0.3117 -0.0295 -0.9497
vn 0.1554 -0.0147 -0.9877
vn 0.5879 -0.0556 -0.8070
vn 0.8067 -0.0763 -0.5860
vn 0.9472 -0.0896 -0.3080
vn 0.9925 -0.0939 -0.0784
vn 0.9925 -0.0939 0.0784
vn 0.9472 -0.0896 0.3080
vn 0.8067 -0.0763 0.5860
vn 0.5879 -0.0556 0.8070
vn 0.3117 -0.0295 0.9497
vn 0.1554 -0.0147 0.9877
vn 0.3074 -0.0594 -0.9497
vn 0.1533 -0.0296 -0.9877
vn 0.5798 -0.1121 -0.8070
vn 0.7956 -0.1538 -0.5860
vn 0.9341 -0.1806 -0.3079
vn 0.9788 -0.1892 -0.0784
vn 0.9788 -0.1892 0.0784
vn 0.9341 -0.1806 0.3079
vn 0.7956 -0.1538 0.5860
vn 0.5798 -0.1121 0.8070
vn 0.3074 -0.0594 0.9497
vn 0.1533 -0.0296 0.9877
vn 0.3002 -0.0881 -0.9498
vn 0.1498 -0.0440 -0.9877
vn 0.5665 -0.1663 -0.8071
vn 0.7775 -0.2283 -0.5860
vn 0.9129 -0.2680 -0.3079
vn 0.9565 -0.2808 -0.0784
vn 0.9565 -0.2808 0.0784
vn 0.9129 -0.2680 0.3079
vn 0.7775 -0.2283 0.5860
vn 0.5665 -0.1663 0.8071
vn 0.3002 -0.0881 0.9498
vn 0.1498 -0.0440 0.9877
vn 0.2910 -0.1140 -0.9499
vn 0.1454 -0.0569 -0.9877
vn 0.5496 -0.2152 -0.8073
vn 0.7544 -0.2954 -0.5861
vn 0.8859 -0.3469 -0.3080
vn 0.9283 -0.3635 -0.0784
vn 0.9283 -0.3635 0.0784
vn 0.8859 -0.3469 0.3080
vn 0.7544 -0.2954 0.5861
vn 0.5496 -0.2152 0.8073
vn 0.2910 -0.1140 0.9499
vn 0.1454 -0.0569 0.9877
vn 0.2809 -0.1359 -0.9501
vn 0.1406 -0.0680 -0.9877
vn 0.5311 -0.2569 -0.8074
vn 0.7293 -0.3527 -0.5863
vn 0.8564 -0.4142 -0.3082
vn 0.8975 -0.4340 -0.0784
vn 0.8975 -0.4340 0.0784
vn 0.8564 -0.4142 0.3082
vn 0.7293 -0.3527 0.5863
vn 0.5311 -0.2569 0.8074
vn 0.2809 -0.1359 0.9501
vn 0.1406 -0.0680 0.9877
vn 0.2710 -0.1537 -0.9502
vn 0.1359 -0.0770 -0.9877
vn 0.5129 -0.2908 -0.8077
vn 0.7046 -0.3994 -0.5865
vn 0.8276 -0.4691 -0.3083
vn 0.8673 -0.4916 -0.0784
vn 0.8673 -0.4916 0.0784
vn 0.8276 -0.4691 0.3083
vn 0.7046 -0.3994 0.5865
vn 0.5129 -0.2908 0.8077
vn 0.2710 -0.1537 0.9502
vn 0.1359 -0.0770 0.9877
vn 0.2621 -0.1676 -0.9504
vn 0.1316 -0.0842 -0.9877
vn 0.4964 -0.3175 -0.8079
vn 0.6822 -0.4363 -0.5868
vn 0.8014 -0.5125 -0.3083
vn 0.8399 -0.5371 -0.0783
vn 0.8399 -0.5371 0.0783
vn 0.8014 -0.5125 0.3083
vn 0.6822 -0.4363 0.5868
vn 0.4964 -0.3175 0.8079
vn 0.2621 -0.1676 0.9504
vn 0.1316 -0.0842 0.9877
vn 0.2544 -0.1783 -0.9505
vn 0.1280 -0.0897 -0.9877
vn 0.4824 -0.3379 -0.8082
vn 0.6631 -0.4645 -0.5870
vn 0.7791 -0.5458 -0.3085
vn 0.8165 -0.5720 -0.0784
vn 0.8165 -0.5720 0.0784
vn 0.7791 -0.5458 0.3085
vn 0.6631 -0.4645 0.5870
vn 0.4824 -0.3379 0.8082
vn 0.2544 -0.1783 0.9505
vn 0.1280 -0.0897 0.9877
vn 0.2482 -0.1862 -0.9506
vn 0.1250 -0.0938 -0.9877
vn 0.4709 -0.3533 -0.8084
vn 0.6475 -0.4857 -0.5872
vn 0.7609 -0.5708 -0.3086
vn 0.7975 -0.5982 -0.0784
vn 0.7975 -0.5982 0.0784
vn 0.7609 -0.5708 0.3086
vn 0.6475 -0.4857 0.5872
vn 0.4709 -0.3533 0.8084
vn 0.2482 -0.1862 0.9506
vn 0.1250 -0.0938 0.9877
vn 0.2434 -0.1920 -0.9507
vn 0.1227 -0.0968 -0.9877
vn 0.4620 -0.3645 -0.8085
vn 0.6354 -0.5013 -0.5874
vn 0.7467 -0.5891 -0.3087
vn 0.7827 -0.6175 -0.0785
vn 0.7827 -0.6175 0.0785
vn 0.7467 -0.5891 0.3087
vn 0.6354 -0.5013 0.5874
vn 0.4620 -0.3645 0.8085
vn 0.2434 -0.1920 0.9507
vn 0.1227 -0.0968 0.9877
vn 0.2397 -0.1961 -0.9508
vn 0.1210 -0.0989 -0.9877
vn 0.4554 -0.3725 -0.8086
vn 0.6264 -0.5124 -0.5875
vn 0.7362 -0.6022 -0.3088
vn 0.7716 -0.6312 -0.0785
vn 0.7716 -0.6312 0.0785
vn 0.7362 -0.6022 0.3088
vn 0.6264 -0.5124 0.5875
vn 0.4554 -0.3725 0.8086
vn 0.2397 -0.1961 0.9508
vn 0.1210 -0.0989 0.9877
vn 0.0794 0.0373 -0.9961
vn 0.0607 0.0285 -0.9977
vn 0.2176 0.1021 -0.9707
vn 0.4006 0.1881 -0.8967
vn 0.6756 0.3170 -0.6656
vn 0.8872 0.4166 -0.1985
vn 0.8872 0.4166 0.1985
vn 0.6757 0.3170 0.6656
vn 0.4006 0.1881 0.8967
vn 0.2176 0.1021 0.9707
vn 0.0794 0.0373 0.9961
vn 0.0607 0.0285 0.9977
vn 0.1980 0.1980 -0.9600
vn 0.0786 0.0786 -0.9938
vn 0.3610 0.3610 -0.8599
vn 0.5227 0.5225 -0.6736
vn 0.6542 0.6543 -0.3793
vn 0.7032 0.7032 -0.1049
vn 0.7032 0.7032 0.1049
vn 0.6542 0.6543 0.3793
vn 0.5227 0.5225 0.6736
vn 0.3610 0.3610 0.8599
vn 0.1980 0.1980 0.9600
vn 0.0786 0.0786 0.9938
vn 0.1980 -0.1980 -0.9600
vn 0.0786 -0.0786 -0.9938
vn 0.3610 -0.3610 -0.8599
vn 0.5227 -0.5226 -0.6736
vn 0.6542 -0.6543 -0.3793
vn 0.7032 -0.7032 -0.1049
vn 0.7032 -0.7032 0.1049
vn 0.6542 -0.6543 0.3793
vn 0.5227 -0.5226 0.6736
vn 0.3610 -0.3610 0.8599
vn 0.1980 -0.1980 0.9600
vn 0.0786 -0.0786 0.9938
vt 0.693182 0.000000
vt 0.715909 0.000000
vt 0.704545 0.000000
vt 0.681818 0.000000
vt 0.670455 0.000000
vt 0.727273 0.000000
vt 0.659091 0.000000
vt 0.738636 0.000000
vt 0.647727 0.000000
vt 0.636364 0.000000
vt 0.750000 0.000000
vt 0.625000 0.000000
vt 0.613636 0.000000
vt 0.761364 0.000000
vt 0.602273 0.000000
vt 0.590909 0.000000
vt 0.772727 0.000000
vt 0.579545 0.000000
vt 0.568182 0.000000
vt 0.784091 0.000000
vt 0.556818 0.000000
vt 0.545455 0.000000
vt 0.534091 0.000000
vt 0.522727 0.000000
vt 0.511364 0.000000
vt 0.500000 0.000000
vt 0.488636 0.000000
vt 0.477273 0.000000
vt 0.465909 0.000000
vt 0.454545 0.000000
vt 0.443182 0.000000
vt 0.431818 0.000000
vt 0.420455 0.000000
vt 0.795455 0.000000
vt 0.409091 0.000000
vt 0.397727 0.000000
vt 0.386364 0.000000
vt 0.806818 0.000000
vt 0.375000 0.000000
vt 0.363636 0.000000
vt 0.352273 0.000000
vt 0.818182 0.000000
vt 0.340909 0.000000
vt 0.329545 0.000000
vt 0.829545 0.000000
vt 0.318182 0.000000
vt 0.306818 0.000000
vt 0.840909 0.000000
vt 0.295455 0.000000
vt 0.284091 0.000000
vt 0.852273 0.000000
vt 0.272727 0.000000
vt 0.261364 0.000000
vt 0.863636 0.000000
vt 0.250000 0.000000
vt 0.238636 0.000000
vt 0.875000 0.000000
vt 0.227273 0.000000
vt 0.215909 0.000000
vt 0.886364 0.000000
vt 0.204545 0.000000
vt 0.193182 0.000000
vt 0.181818 0.000000
vt 0.897727 0.000000
vt 0.170455 0.000000
vt 0.159091 0.000000
vt 0.909091 0.000000
vt 0.147727 0.000000
vt 0.136364 0.000000
vt 0.920455 0.000000
vt 0.125000 0.000000
vt 0.931818 0.000000
vt 0.113636 0.000000
vt 0.943182 0.000000
vt 0.102273 0.000000
vt 0.090909 0.000000
vt 0.954545 0.000000
vt 0.079545 0.000000
vt 0.965909 0.000000
vt 0.068182 0.000000
vt 0.977273 0.000000
vt 0.056818 0.000000
vt 0.045455 0.000000
vt 0.988636 0.000000
vt 1.000000 0.000000
vt 0.034091 0.000000
vt 0.022727 0.000000
vt 0.011364 0.000000
vt 0.000000 0.000000
vt 0.000000 0.090909
vt 0.011236 0.090909
vt 0.011236 0.000000
vt 0.000000 0.181818
vt 0.011236 0.181818
vt 0.000000 0.272727
vt 0.011236 0.272727
vt 0.000000 0.363636
vt 0.011236 0.363636
vt 0.000000 0.454545
vt 0.011236 0.454545
vt 0.000000 0.545455
vt 0.011236 0.545455
vt 0.000000 0.636364
vt 0.011236 0.636364
vt 0.000000 0.727273
vt 0.011236 0.727273
vt 0.000000 0.818182
vt 0.011236 0.818182
vt 0.000000 0.909091
vt 0.011236 0.909091
vt 0.000000 1.000000
vt 0.011236 1.000000
vt 0.022472 0.090909
vt 0.022472 0.000000
vt 0.022472 0.181818
vt 0.022472 0.272727
vt 0.022472 0.363636
vt 0.022472 0.454545
vt 0.022472 0.545455
vt 0.022472 0.636364
vt 0.022472 0.727273
vt 0.022472 0.818182
vt 0.022472 0.909091
vt 0.022472 1.000000
vt 0.033708 0.090909
vt 0.033708 0.000000
vt 0.033708 0.181818
vt 0.033708 0.272727
vt 0.033708 0.363636
vt 0.033708 0.454545
vt 0.033708 0.545455
vt 0.033708 0.636364
vt 0.033708 0.727273
vt 0.033708 0.818182
vt 0.033708 0.909091
vt 0.033708 1.000000
vt 0.044944 0.090909
vt 0.044944 0.000000
vt 0.044944 0.181818
vt 0.044944 0.272727
vt 0.044944 0.363636
vt 0.044944 0.454545
vt 0.044944 0.545455
vt 0.044944 0.636364
vt 0.044944 0.727273
vt 0.044944 0.818182
vt 0.044944 0.909091
vt 0.044944 1.000000
vt 0.056180 0.090909
vt 0.056180 0.000000
vt 0.056180 0.181818
vt 0.056180 0.272727
vt 0.056180 0.363636
vt 0.056180 0.454545
vt 0.056180 0.545455
vt 0.056180 0.636364
vt 0.056180 0.727273
vt 0.056180 0.818182
vt 0.056180 0.909091
vt 0.056180 1.000000
vt 0.067416 0.090909
vt 0.067416 0.000000
vt 0.067416 0.181818
vt 0.067416 0.272727
vt 0.067416 0.363636
vt 0.067416 0.454545
vt 0.067416 0.545455
vt 0.067416 0.636364
vt 0.067416 0.727273
vt 0.067416 0.818182
vt 0.067416 0.909091
vt 0.067416 1.000000
vt 0.078652 0.090909
vt 0.078652 0.000000
vt 0.078652 0.181818
vt 0.078652 0.272727
vt 0.078652 0.363636
vt 0.078652 0.454545
vt 0.078652 0.545455
vt 0.078652 0.636364
vt 0.078652 0.727273
vt 0.078652 0.818182
vt 0.078652 0.909091
vt 0.078652 1.000000
vt 0.089888 0.090909
vt 0.089888 0.000000
vt 0.089888 0.181818
vt 0.089888 0.272727
vt 0.089888 0.363636
vt 0.089888 0.454545
vt 0.089888 0.545455
vt 0.089888 0.636364
vt 0.089888 0.727273
vt 0.089888 0.818182
vt 0.089888 0.909091
vt 0.089888 1.000000
vt 0.101124 0.090909
vt 0.101124 0.000000
vt 0.101124 0.181818
vt 0.101124 0.272727
vt 0.101124 0.363636
vt 0.101124 0.454545
vt 0.101124 0.545455
vt 0.101124 0.636364
vt 0.101124 0.727273
vt 0.101124 0.818182
vt 0.101124 0.909091
vt 0.101124 1.000000
vt 0.112360 0.090909
vt 0.112360 0.000000
vt 0.112360 0.181818
vt 0.112360 0.272727
vt 0.112360 0.363636
vt 0.112360 0.454545
vt 0.112360 0.545455
vt 0.112360 0.636364
vt 0.112360 0.727273
vt 0.112360 0.818182
vt 0.112360 0.909091
vt 0.112360 1.000000
vt 0.123596 0.090909
vt 0.123596 0.000000
vt 0.123596 0.181818
vt 0.123596 0.272727
vt 0.123596 0.363636
vt 0.123596 0.454545
vt 0.123596 0.545455
vt 0.123596 0.636364
vt 0.123596 0.727273
vt 0.123596 0.818182
vt 0.123596 0.909091
vt 0.123596 1.000000
vt 0.134831 0.090909
vt 0.134831 0.000000
vt 0.134831 0.181818
vt 0.134831 0.272727
vt 0.134831 0.363636
vt 0.134831 0.454545
vt 0.134831 0.545455
vt 0.134831 0.636364
vt 0.134831 0.727273
vt 0.134831 0.818182
vt 0.134831 0.909091
vt 0.134831 1.000000
vt 0.146067 0.090909
vt 0.146067 0.000000
vt 0.146067 0.181818
vt 0.146067 0.272727
vt 0.146067 0.363636
vt 0.146067 0.454545
vt 0.146067 0.545455
vt 0.146067 0.636364
vt 0.146067 0.727273
vt 0.146067 0.818182
vt 0.146067 0.909091
vt 0.146067 1.000000
vt 0.157303 0.090909
vt 0.157303 0.000000
vt 0.157303 0.181818
vt 0.157303 0.272727
vt 0.157303 0.363636
vt 0.157303 0.454545
vt 0.157303 0.545455
vt 0.157303 0.636364
vt 0.157303 0.727273
vt 0.157303 0.818182
vt 0.157303 0.909091
vt 0.157303 1.000000
vt 0.168539 0.090909
vt 0.168539 0.000000
vt 0.168539 0.181818
vt 0.168539 0.272727
vt 0.168539 0.363636
vt 0.168539 0.454545
vt 0.168539 0.545455
vt 0.168539 0.636364
vt 0.168539 0.727273
vt 0.168539 0.818182
vt 0.168539 0.909091
vt 0.168539 1.000000
vt 0.179775 0.090909
vt 0.179775 0.000000
vt 0.179775 0.181818
vt 0.179775 0.272727
vt 0.179775 0.363636
vt 0.179775 0.454545
vt 0.179775 0.545455
vt 0.179775 0.636364
vt 0.179775 0.727273
vt 0.179775 0.818182
vt 0.179775 0.909091
vt 0.179775 1.000000
vt 0.191011 0.090909
vt 0.191011 0.000000
vt 0.191011 0.181818
vt 0.191011 0.272727
vt 0.191011 0.363636
vt 0.191011 0.454545
vt 0.191011 0.545455
vt 0.191011 0.636364
vt 0.191011 0.727273
vt 0.191011 0.818182
vt 0.191011 0.909091
vt 0.191011 1.000000
vt 0.202247 0.090909
vt 0.202247 0.000000
vt 0.202247 0.181818
vt 0.202247 0.272727
vt 0.202247 0.363636
vt 0.202247 0.454545
vt 0.202247 0.545455
vt 0.202247 0.636364
vt 0.202247 0.727273
vt 0.202247 0.818182
vt 0.202247 0.909091
vt 0.202247 1.000000
vt 0.213483 0.090909
vt 0.213483 0.000000
vt 0.213483 0.181818
vt 0.213483 0.272727
vt 0.213483 0.363636
vt 0.213483 0.454545
vt 0.213483 0.545455
vt 0.213483 0.636364
vt 0.213483 0.727273
vt 0.213483 0.818182
vt 0.213483 0.909091
vt 0.213483 1.000000
vt 0.224719 0.090909
vt 0.224719 0.000000
vt 0.224719 0.181818
vt 0.224719 0.272727
vt 0.224719 0.363636
vt 0.224719 0.454545
vt 0.224719 0.545455
vt 0.224719 0.636364
vt 0.224719 0.727273
vt 0.224719 0.818182
vt 0.224719 0.909091
vt 0.224719 1.000000
vt 0.235955 0.090909
vt 0.235955 0.000000
vt 0.235955 0.181818
vt 0.235955 0.272727
vt 0.235955 0.363636
vt 0.235955 0.454545
vt 0.235955 0.545455
vt 0.235955 0.636364
vt 0.235955 0.727273
vt 0.235955 0.818182
vt 0.235955 0.909091
vt 0.235955 1.000000
vt 0.247191 0.090909
vt 0.247191 0.000000
vt 0.247191 0.181818
vt 0.247191 0.272727
vt 0.247191 0.363636
vt 0.247191 0.454545
vt 0.247191 0.545455
vt 0.247191 0.636364
vt 0.247191 0.727273
vt 0.247191 0.818182
vt 0.247191 0.909091
vt 0.247191 1.000000
vt 0.258427 0.090909
vt 0.258427 0.000000
vt 0.258427 0.181818
vt 0.258427 0.272727
vt 0.258427 0.363636
vt 0.258427 0.454545
vt 0.258427 0.545455
vt 0.258427 0.636364
vt 0.258427 0.727273
vt 0.258427 0.818182
vt 0.258427 0.909091
vt 0.258427 1.000000
vt 0.269663 0.090909
vt 0.269663 0.000000
vt 0.269663 0.181818
vt 0.269663 0.272727
vt 0.269663 0.363636
vt 0.269663 0.454545
vt 0.269663 0.545455
vt 0.269663 0.636364
vt 0.269663 0.727273
vt 0.269663 0.818182
vt 0.269663 0.909091
vt 0.269663 1.000000
vt 0.280899 0.090909
vt 0.280899 0.000000
vt 0.280899 0.181818
vt 0.280899 0.272727
vt 0.280899 0.363636
vt 0.280899 0.454545
vt 0.280899 0.545455
vt 0.280899 0.636364
vt 0.280899 0.727273
vt 0.280899 0.818182
vt 0.280899 0.909091
vt 0.280899 1.000000
vt 0.292135 0.090909
vt 0.292135 0.000000
vt 0.292135 0.181818
vt 0.292135 0.272727
vt 0.292135 0.363636
vt 0.292135 0.454545
vt 0.292135 0.545455
vt 0.292135 0.636364
vt 0.292135 0.727273
vt 0.292135 0.818182
vt 0.292135 0.909091
vt 0.292135 1.000000
vt 0.303371 0.090909
vt 0.303371 0.000000
vt 0.303371 0.181818
vt 0.303371 0.272727
vt 0.303371 0.363636
vt 0.303371 0.454545
vt 0.303371 0.545455
vt 0.303371 0.636364
vt 0.303371 0.727273
vt 0.303371 0.818182
vt 0.303371 0.909091
vt 0.303371 1.000000
vt 0.314607 0.090909
vt 0.314607 0.000000
vt 0.314607 0.181818
vt 0.314607 0.272727
vt 0.314607 0.363636
vt 0.314607 0.454545
vt 0.314607 0.545455
vt 0.314607 0.636364
vt 0.314607 0.727273
vt 0.314607 0.818182
vt 0.314607 0.909091
vt 0.314607 1.000000
vt 0.325843 0.090909
vt 0.325843 0.000000
vt 0.325843 0.181818
vt 0.325843 0.272727
vt 0.325843 0.363636
vt 0.325843 0.454545
vt 0.325843 0.545455
vt 0.325843 0.636364
vt 0.325843 0.727273
vt 0.325843 0.818182
vt 0.325843 0.909091
vt 0.325843 1.000000
vt 0.337079 0.090909
vt 0.337079 0.000000
vt 0.337079 0.181818
vt 0.337079 0.272727
vt 0.337079 0.363636
vt 0.337079 0.454545
vt 0.337079 0.545455
vt 0.337079 0.636364
vt 0.337079 0.727273
vt 0.337079 0.818182
vt 0.337079 0.909091
vt 0.337079 1.000000
vt 0.348315 0.090909
vt 0.348315 0.000000
vt 0.348315 0.181818
vt 0.348315 0.272727
vt 0.348315 0.363636
vt 0.348315 0.454545
vt 0.348315 0.545455
vt 0.348315 0.636364
vt 0.348315 0.727273
vt 0.348315 0.818182
vt 0.348315 0.909091
vt 0.348315 1.000000
vt 0.359551 0.090909
vt 0.359551 0.000000
vt 0.359551 0.181818
vt 0.359551 0.272727
vt 0.359551 0.363636
vt 0.359551 0.454545
vt 0.359551 0.545455
vt 0.359551 0.636364
vt 0.359551 0.727273
vt 0.359551 0.818182
vt 0.359551 0.909091
vt 0.359551 1.000000
vt 0.370787 0.090909
vt 0.370787 0.000000
vt 0.370787 0.181818
vt 0.370787 0.272727
vt 0.370787 0.363636
vt 0.370787 0.454545
vt 0.370787 0.545455
vt 0.370787 0.636364
vt 0.370787 0.727273
vt 0.370787 0.818182
vt 0.370787 0.909091
vt 0.370787 1.000000
vt 0.382022 0.090909
vt 0.382022 0.000000
vt 0.382022 0.181818
vt 0.382022 0.272727
vt 0.382022 0.363636
vt 0.382022 0.454545
vt 0.382022 0.545455
vt 0.382022 0.636364
vt 0.382022 0.727273
vt 0.382022 0.818182
vt 0.382022 0.909091
vt 0.382022 1.000000
vt 0.393258 0.090909
vt 0.393258 0.000000
vt 0.393258 0.181818
vt 0.393258 0.272727
vt 0.393258 0.363636
vt 0.393258 0.454545
vt 0.393258 0.545455
vt 0.393258 0.636364
vt 0.393258 0.727273
vt 0.393258 0.818182
vt 0.393258 0.909091
vt 0.393258 1.000000
vt 0.404494 0.090909
vt 0.404494 0.000000
vt 0.404494 0.181818
vt 0.404494 0.272727
vt 0.404494 0.363636
vt 0.404494 0.454545
vt 0.404494 0.545455
vt 0.404494 0.636364
vt 0.404494 0.727273
vt 0.404494 0.818182
vt 0.404494 0.909091
vt 0.404494 1.000000
vt 0.415730 0.090909
vt 0.415730 0.000000
vt 0.415730 0.181818
vt 0.415730 0.272727
vt 0.415730 0.363636
vt 0.415730 0.454545
vt 0.415730 0.545455
vt 0.415730 0.636364
vt 0.415730 0.727273
vt 0.415730 0.818182
vt 0.415730 0.909091
vt 0.415730 1.000000
vt 0.426966 0.090909
vt 0.426966 0.000000
vt 0.426966 0.181818
vt 0.426966 0.272727
vt 0.426966 0.363636
vt 0.426966 0.454545
vt 0.426966 0.545455
vt 0.426966 0.636364
vt 0.426966 0.727273
vt 0.426966 0.818182
vt 0.426966 0.909091
vt 0.426966 1.000000
vt 0.438202 0.090909
vt 0.438202 0.000000
vt 0.438202 0.181818
vt 0.438202 0.272727
vt 0.438202 0.363636
vt 0.438202 0.454545
vt 0.438202 0.545455
vt 0.438202 0.636364
vt 0.438202 0.727273
vt 0.438202 0.818182
vt 0.438202 0.909091
vt 0.438202 1.000000
vt 0.449438 0.090909
vt 0.449438 0.000000
vt 0.449438 0.181818
vt 0.449438 0.272727
vt 0.449438 0.363636
vt 0.449438 0.454545
vt 0.449438 0.545455
vt 0.449438 0.636364
vt 0.449438 0.727273
vt 0.449438 0.818182
vt 0.449438 0.909091
vt 0.449438 1.000000
vt 0.460674 0.090909
vt 0.460674 0.000000
vt 0.460674 0.181818
vt 0.460674 0.272727
vt 0.460674 0.363636
vt 0.460674 0.454545
vt 0.460674 0.545455
vt 0.460674 0.636364
vt 0.460674 0.727273
vt 0.460674 0.818182
vt 0.460674 0.909091
vt 0.460674 1.000000
vt 0.471910 0.090909
vt 0.471910 0.000000
vt 0.471910 0.181818
vt 0.471910 0.272727
vt 0.471910 0.363636
vt 0.471910 0.454545
vt 0.471910 0.545455
vt 0.471910 0.636364
vt 0.471910 0.727273
vt 0.471910 0.818182
vt 0.471910 0.909091
vt 0.471910 1.000000
vt 0.483146 0.090909
vt 0.483146 0.000000
vt 0.483146 0.181818
vt 0.483146 0.272727
vt 0.483146 0.363636
vt 0.483146 0.454545
vt 0.483146 0.545455
vt 0.483146 0.636364
vt 0.483146 0.727273
vt 0.483146 0.818182
vt 0.483146 0.909091
vt 0.483146 1.000000
vt 0.494382 0.090909
vt 0.494382 0.000000
vt 0.494382 0.181818
vt 0.494382 0.272727
vt 0.494382 0.363636
vt 0.494382 0.454545
vt 0.494382 0.545455
vt 0.494382 0.636364
vt 0.494382 0.727273
vt 0.494382 0.818182
vt 0.494382 0.909091
vt 0.494382 1.000000
vt 0.505618 0.090909
vt 0.505618 0.000000
vt 0.505618 0.181818
vt 0.505618 0.272727
vt 0.505618 0.363636
vt 0.505618 0.454545
vt 0.505618 0.545455
vt 0.505618 0.636364
vt 0.505618 0.727273
vt 0.505618 0.818182
vt 0.505618 0.909091
vt 0.505618 1.000000
vt 0.516854 0.090909
vt 0.516854 0.000000
vt 0.516854 0.181818
vt 0.516854 0.272727
vt 0.516854 0.363636
vt 0.516854 0.454545
vt 0.516854 0.545455
vt 0.516854 0.636364
vt 0.516854 0.727273
vt 0.516854 0.818182
vt 0.516854 0.909091
vt 0.516854 1.000000
vt 0.528090 0.090909
vt 0.528090 0.000000
vt 0.528090 0.181818
vt 0.528090 0.272727
vt 0.528090 0.363636
vt 0.528090 0.454545
vt 0.528090 0.545455
vt 0.528090 0.636364
vt 0.528090 0.727273
vt 0.528090 0.818182
vt 0.528090 0.909091
vt 0.528090 1.000000
vt 0.539326 0.090909
vt 0.539326 0.000000
vt 0.539326 0.181818
vt 0.539326 0.272727
vt 0.539326 0.363636
vt 0.539326 0.454545
vt 0.539326 0.545455
vt 0.539326 0.636364
vt 0.539326 0.727273
vt 0.539326 0.818182
vt 0.539326 0.909091
vt 0.539326 1.000000
vt 0.550562 0.090909
vt 0.550562 0.000000
vt 0.550562 0.181818
vt 0.550562 0.272727
vt 0.550562 0.363636
vt 0.550562 0.454545
vt 0.550562 0.545455
vt 0.550562 0.636364
vt 0.550562 0.727273
vt 0.550562 0.818182
vt 0.550562 0.909091
vt 0.550562 1.000000
vt 0.561798 0.090909
vt 0.561798 0.000000
vt 0.561798 0.181818
vt 0.561798 0.272727
vt 0.561798 0.363636
vt 0.561798 0.454545
vt 0.561798 0.545455
vt 0.561798 0.636364
vt 0.561798 0.727273
vt 0.561798 0.818182
vt 0.561798 0.909091
vt 0.561798 1.000000
vt 0.573034 0.090909
vt 0.573034 0.000000
vt 0.573034 0.181818
vt 0.573034 0.272727
vt 0.573034 0.363636
vt 0.573034 0.454545
vt 0.573034 0.545455
vt 0.573034 0.636364
vt 0.573034 0.727273
vt 0.573034 0.818182
vt 0.573034 0.909091
vt 0.573034 1.000000
vt 0.584270 0.090909
vt 0.584270 0.000000
vt 0.584270 0.181818
vt 0.584270 0.272727
vt 0.584270 0.363636
vt 0.584270 0.454545
vt 0.584270 0.545455
vt 0.584270 0.636364
vt 0.584270 0.727273
vt 0.584270 0.818182
vt 0.584270 0.909091
vt 0.584270 1.000000
vt 0.595506 0.090909
vt 0.595506 0.000000
vt 0.595506 0.181818
vt 0.595506 0.272727
vt 0.595506 0.363636
vt 0.595506 0.454545
vt 0.595506 0.545455
vt 0.595506 0.636364
vt 0.595506 0.727273
vt 0.595506 0.818182
vt 0.595506 0.909091
vt 0.595506 1.000000
vt 0.606742 0.090909
vt 0.606742 0.000000
vt 0.606742 0.181818
vt 0.606742 0.272727
vt 0.606742 0.363636
vt 0.606742 0.454545
vt 0.606742 0.545455
vt 0.606742 0.636364
vt 0.606742 0.727273
vt 0.606742 0.818182
vt 0.606742 0.909091
vt 0.606742 1.000000
vt 0.617977 0.090909
vt 0.617977 0.000000
vt 0.617977 0.181818
vt 0.617977 0.272727
vt 0.617977 0.363636
vt 0.617977 0.454545
vt 0.617977 0.545455
vt 0.617977 0.636364
vt 0.617977 0.727273
vt 0.617977 0.818182
vt 0.617977 0.909091
vt 0.617977 1.000000
vt 0.629214 0.090909
vt 0.629214 0.000000
vt 0.629214 0.181818
vt 0.629214 0.272727
vt 0.629214 0.363636
vt 0.629214 0.454545
vt 0.629214 0.545455
vt 0.629214 0.636364
vt 0.629214 0.727273
vt 0.629214 0.818182
vt 0.629214 0.909091
vt 0.629214 1.000000
vt 0.640449 0.090909
vt 0.640449 0.000000
vt 0.640449 0.181818
vt 0.640449 0.272727
vt 0.640449 0.363636
vt 0.640449 0.454545
vt 0.640449 0.545455
vt 0.640449 0.636364
vt 0.640449 0.727273
vt 0.640449 0.818182
vt 0.640449 0.909091
vt 0.640449 1.000000
vt 0.651685 0.090909
vt 0.651685 0.000000
vt 0.651685 0.181818
vt 0.651685 0.272727
vt 0.651685 0.363636
vt 0.651685 0.454545
vt 0.651685 0.545455
vt 0.651685 0.636364
vt 0.651685 0.727273
vt 0.651685 0.818182
vt 0.651685 0.909091
vt 0.651685 1.000000
vt 0.662921 0.090909
vt 0.662921 0.000000
vt 0.662921 0.181818
vt 0.662921 0.272727
vt 0.662921 0.363636
vt 0.662921 0.454545
vt 0.662921 0.545455
vt 0.662921 0.636364
vt 0.662921 0.727273
vt 0.662921 0.818182
vt 0.662921 0.909091
vt 0.662921 1.000000
vt 0.674157 0.090909
vt 0.674157 0.000000
vt 0.674157 0.181818
vt 0.674157 0.272727
vt 0.674157 0.363636
vt 0.674157 0.454545
vt 0.674157 0.545455
vt 0.674157 0.636364
vt 0.674157 0.727273
vt 0.674157 0.818182
vt 0.674157 0.909091
vt 0.674157 1.000000
vt 0.685393 0.090909
vt 0.685393 0.000000
vt 0.685393 0.181818
vt 0.685393 0.272727
vt 0.685393 0.363636
vt 0.685393 0.454545
vt 0.685393 0.545455
vt 0.685393 0.636364
vt 0.685393 0.727273
vt 0.685393 0.818182
vt 0.685393 0.909091
vt 0.685393 1.000000
vt 0.696629 0.090909
vt 0.696629 0.000000
vt 0.696629 0.181818
vt 0.696629 0.272727
vt 0.696629 0.363636
vt 0.696629 0.454545
vt 0.696629 0.545455
vt 0.696629 0.636364
vt 0.696629 0.727273
vt 0.696629 0.818182
vt 0.696629 0.909091
vt 0.696629 1.000000
vt 0.707865 0.090909
vt 0.707865 0.000000
vt 0.707865 0.181818
vt 0.707865 0.272727
vt 0.707865 0.363636
vt 0.707865 0.454545
vt 0.707865 0.545455
vt 0.707865 0.636364
vt 0.707865 0.727273
vt 0.707865 0.818182
vt 0.707865 0.909091
vt 0.707865 1.000000
vt 0.719101 0.090909
vt 0.719101 0.000000
vt 0.719101 0.181818
vt 0.719101 0.272727
vt 0.719101 0.363636
vt 0.719101 0.454545
vt 0.719101 0.545455
vt 0.719101 0.636364
vt 0.719101 0.727273
vt 0.719101 0.818182
vt 0.719101 0.909091
vt 0.719101 1.000000
vt 0.730337 0.090909
vt 0.730337 0.000000
vt 0.730337 0.181818
vt 0.730337 0.272727
vt 0.730337 0.363636
vt 0.730337 0.454545
vt 0.730337 0.545455
vt 0.730337 0.636364
vt 0.730337 0.727273
vt 0.730337 0.818182
vt 0.730337 0.909091
vt 0.730337 1.000000
vt 0.741573 0.090909
vt 0.741573 0.000000
vt 0.741573 0.181818
vt 0.741573 0.272727
vt 0.741573 0.363636
vt 0.741573 0.454545
vt 0.741573 0.545455
vt 0.741573 0.636364
vt 0.741573 0.727273
vt 0.741573 0.818182
vt 0.741573 0.909091
vt 0.741573 1.000000
vt 0.752809 0.090909
vt 0.752809 0.000000
vt 0.752809 0.181818
vt 0.752809 0.272727
vt 0.752809 0.363636
vt 0.752809 0.454545
vt 0.752809 0.545455
vt 0.752809 0.636364
vt 0.752809 0.727273
vt 0.752809 0.818182
vt 0.752809 0.909091
vt 0.752809 1.000000
vt 0.764045 0.090909
vt 0.764045 0.000000
vt 0.764045 0.181818
vt 0.764045 0.272727
vt 0.764045 0.363636
vt 0.764045 0.454545
vt 0.764045 0.545455
vt 0.764045 0.636364
vt 0.764045 0.727273
vt 0.764045 0.818182
vt 0.764045 0.909091
vt 0.764045 1.000000
vt 0.775281 0.090909
vt 0.775281 0.000000
vt 0.775281 0.181818
vt 0.775281 0.272727
vt 0.775281 0.363636
vt 0.775281 0.454545
vt 0.775281 0.545455
vt 0.775281 0.636364
vt 0.775281 0.727273
vt 0.775281 0.818182
vt 0.775281 0.909091
vt 0.775281 1.000000
vt 0.786517 0.090909
vt 0.786517 0.000000
vt 0.786517 0.181818
vt 0.786517 0.272727
vt 0.786517 0.363636
vt 0.786517 0.454545
vt 0.786517 0.545455
vt 0.786517 0.636364
vt 0.786517 0.727273
vt 0.786517 0.818182
vt 0.786517 0.909091
vt 0.786517 1.000000
vt 0.797753 0.090909
vt 0.797753 0.000000
vt 0.797753 0.181818
vt 0.797753 0.272727
vt 0.797753 0.363636
vt 0.797753 0.454545
vt 0.797753 0.545455
vt 0.797753 0.636364
vt 0.797753 0.727273
vt 0.797753 0.818182
vt 0.797753 0.909091
vt 0.797753 1.000000
vt 0.808989 0.090909
vt 0.808989 0.000000
vt 0.808989 0.181818
vt 0.808989 0.272727
vt 0.808989 0.363636
vt 0.808989 0.454545
vt 0.808989 0.545455
vt 0.808989 0.636364
vt 0.808989 0.727273
vt 0.808989 0.818182
vt 0.808989 0.909091
vt 0.808989 1.000000
vt 0.820225 0.090909
vt 0.820225 0.000000
vt 0.820225 0.181818
vt 0.820225 0.272727
vt 0.820225 0.363636
vt 0.820225 0.454545
vt 0.820225 0.545455
vt 0.820225 0.636364
vt 0.820225 0.727273
vt 0.820225 0.818182
vt 0.820225 0.909091
vt 0.820225 1.000000
vt 0.831461 0.090909
vt 0.831461 0.000000
vt 0.831461 0.181818
vt 0.831461 0.272727
vt 0.831461 0.363636
vt 0.831461 0.454545
vt 0.831461 0.545455
vt 0.831461 0.636364
vt 0.831461 0.727273
vt 0.831461 0.818182
vt 0.831461 0.909091
vt 0.831461 1.000000
vt 0.842697 0.090909
vt 0.842697 0.000000
vt 0.842697 0.181818
vt 0.842697 0.272727
vt 0.842697 0.363636
vt 0.842697 0.454545
vt 0.842697 0.545455
vt 0.842697 0.636364
vt 0.842697 0.727273
vt 0.842697 0.818182
vt 0.842697 0.909091
vt 0.842697 1.000000
vt 0.853933 0.090909
vt 0.853933 0.000000
vt 0.853933 0.181818
vt 0.853933 0.272727
vt 0.853933 0.363636
vt 0.853933 0.454545
vt 0.853933 0.545455
vt 0.853933 0.636364
vt 0.853933 0.727273
vt 0.853933 0.818182
vt 0.853933 0.909091
vt 0.853933 1.000000
vt 0.865169 0.090909
vt 0.865169 0.000000
vt 0.865169 0.181818
vt 0.865169 0.272727
vt 0.865169 0.363636
vt 0.865169 0.454545
vt 0.865169 0.545455
vt 0.865169 0.636364
vt 0.865169 0.727273
vt 0.865169 0.818182
vt 0.865169 0.909091
vt 0.865169 1.000000
vt 0.876405 0.090909
vt 0.876405 0.000000
vt 0.876405 0.181818
vt 0.876405 0.272727
vt 0.876405 0.363636
vt 0.876405 0.454545
vt 0.876405 0.545455
vt 0.876405 0.636364
vt 0.876405 0.727273
vt 0.876405 0.818182
vt 0.876405 0.909091
vt 0.876405 1.000000
vt 0.887640 0.090909
vt 0.887640 0.000000
vt 0.887640 0.181818
vt 0.887640 0.272727
vt 0.887640 0.363636
vt 0.887640 0.454545
vt 0.887640 0.545455
vt 0.887640 0.636364
vt 0.887640 0.727273
vt 0.887640 0.818182
vt 0.887640 0.909091
vt 0.887640 1.000000
vt 0.898876 0.090909
vt 0.898876 0.000000
vt 0.898876 0.181818
vt 0.898876 0.272727
vt 0.898876 0.363636
vt 0.898876 0.454545
vt 0.898876 0.545455
vt 0.898876 0.636364
vt 0.898876 0.727273
vt 0.898876 0.818182
vt 0.898876 0.909091
vt 0.898876 1.000000
vt 0.910112 0.090909
vt 0.910112 0.000000
vt 0.910112 0.181818
vt 0.910112 0.272727
vt 0.910112 0.363636
vt 0.910112 0.454545
vt 0.910112 0.545455
vt 0.910112 0.636364
vt 0.910112 0.727273
vt 0.910112 0.818182
vt 0.910112 0.909091
vt 0.910112 1.000000
vt 0.921348 0.090909
vt 0.921348 0.000000
vt 0.921348 0.181818
vt 0.921348 0.272727
vt 0.921348 0.363636
vt 0.921348 0.454545
vt 0.921348 0.545455
vt 0.921348 0.636364
vt 0.921348 0.727273
vt 0.921348 0.818182
vt 0.921348 0.909091
vt 0.921348 1.000000
vt 0.932584 0.090909
vt 0.932584 0.000000
vt 0.932584 0.181818
vt 0.932584 0.272727
vt 0.932584 0.363636
vt 0.932584 0.454545
vt 0.932584 0.545455
vt 0.932584 0.636364
vt 0.932584 0.727273
vt 0.932584 0.818182
vt 0.932584 0.909091
vt 0.932584 1.000000
vt 0.943820 0.090909
vt 0.943820 0.000000
vt 0.943820 0.181818
vt 0.943820 0.272727
vt 0.943820 0.363636
vt 0.943820 0.454545
vt 0.943820 0.545455
vt 0.943820 0.636364
vt 0.943820 0.727273
vt 0.943820 0.818182
vt 0.943820 0.909091
vt 0.943820 1.000000
vt 0.955056 0.090909
vt 0.955056 0.000000
vt 0.955056 0.181818
vt 0.955056 0.272727
vt 0.955056 0.363636
vt 0.955056 0.454545
vt 0.955056 0.545455
vt 0.955056 0.636364
vt 0.955056 0.727273
vt 0.955056 0.818182
vt 0.955056 0.909091
vt 0.955056 1.000000
vt 0.966292 0.090909
vt 0.966292 0.000000
vt 0.966292 0.181818
vt 0.966292 0.272727
vt 0.966292 0.363636
vt 0.966292 0.454545
vt 0.966292 0.545455
vt 0.966292 0.636364
vt 0.966292 0.727273
vt 0.966292 0.818182
vt 0.966292 0.909091
vt 0.966292 1.000000
vt 0.977528 0.090909
vt 0.977528 0.000000
vt 0.977528 0.181818
vt 0.977528 0.272727
vt 0.977528 0.363636
vt 0.977528 0.454545
vt 0.977528 0.545455
vt 0.977528 0.636364
vt 0.977528 0.727273
vt 0.977528 0.818182
vt 0.977528 0.909091
vt 0.977528 1.000000
vt 0.988764 0.090909
vt 0.988764 0.000000
vt 0.988764 0.181818
vt 0.988764 0.272727
vt 0.988764 0.363636
vt 0.988764 0.454545
vt 0.988764 0.545455
vt 0.988764 0.636364
vt 0.988764 0.727273
vt 0.988764 0.818182
vt 0.988764 0.909091
vt 0.988764 1.000000
vt 1.000000 0.090909
vt 1.000000 0.181818
vt 1.000000 0.272727
vt 1.000000 0.363636
vt 1.000000 0.454545
vt 1.000000 0.545455
vt 1.000000 0.636364
vt 1.000000 0.727273
vt 1.000000 0.818182
vt 1.000000 0.909091
vt 1.000000 1.000000
s 0
usemtl Gold.001
f 62/1/1 64/2/1 63/3/1
f 61/4/1 64/2/1 62/1/1
f 60/5/1 64/2/1 61/4/1
f 60/5/1 65/6/1 64/2/1
f 59/7/1 65/6/1 60/5/1
f 59/7/1 66/8/1 65/6/1
f 58/9/1 66/8/1 59/7/1
f 57/10/1 66/8/1 58/9/1
f 57/10/1 67/11/1 66/8/1
f 56/12/1 67/11/1 57/10/1
f 55/13/1 67/11/1 56/12/1
f 55/13/1 68/14/1 67/11/1
f 54/15/1 68/14/1 55/13/1
f 53/16/1 68/14/1 54/15/1
f 53/16/1 69/17/1 68/14/1
f 52/18/1 69/17/1 53/16/1
f 51/19/1 69/17/1 52/18/1
f 51/19/1 70/20/1 69/17/1
f 50/21/1 49/22/1 51/19/1
f 49/22/1 48/23/1 51/19/1
f 48/23/1 47/24/1 51/19/1
f 47/24/1 46/25/1 51/19/1
f 46/25/1 45/26/1 51/19/1
f 45/26/1 44/27/1 51/19/1
f 44/27/1 43/28/1 51/19/1
f 43/28/1 42/29/1 51/19/1
f 42/29/1 41/30/1 51/19/1
f 41/30/1 40/31/1 51/19/1
f 40/31/1 39/32/1 51/19/1
f 39/32/1 70/20/1 51/19/1
f 39/32/1 38/33/1 70/20/1
f 38/33/1 71/34/1 70/20/1
f 37/35/1 71/34/1 38/33/1
f 36/36/1 71/34/1 37/35/1
f 35/37/1 71/34/1 36/36/1
f 35/37/1 72/38/1 71/34/1
f 34/39/1 72/38/1 35/37/1
f 33/40/1 72/38/1 34/39/1
f 32/41/1 72/38/1 33/40/1
f 32/41/1 73/42/1 72/38/1
f 31/43/1 73/42/1 32/41/1
f 30/44/1 73/42/1 31/43/1
f 30/44/1 74/45/1 73/42/1
f 29/46/1 74/45/1 30/44/1
f 28/47/1 74/45/1 29/46/1
f 28/47/1 75/48/1 74/45/1
f 27/49/1 75/48/1 28/47/1
f 26/50/1 75/48/1 27/49/1
f 26/50/1 76/51/1 75/48/1
f 25/52/1 76/51/1 26/50/1
f 24/53/1 76/51/1 25/52/1
f 24/53/1 77/54/1 76/51/1
f 23/55/1 77/54/1 24/53/1
f 22/56/1 77/54/1 23/55/1
f 22/56/1 78/57/1 77/54/1
f 21/58/1 78/57/1 22/56/1
f 20/59/1 78/57/1 21/58/1
f 20/59/1 79/60/1 78/57/1
f 19/61/1 79/60/1 20/59/1
f 18/62/1 79/60/1 19/61/1
f 17/63/1 79/60/1 18/62/1
f 17/63/1 80/64/1 79/60/1
f 16/65/1 80/64/1 17/63/1
f 15/66/1 80/64/1 16/65/1
f 15/66/1 81/67/1 80/64/1
f 14/68/1 81/67/1 15/66/1
f 13/69/1 81/67/1 14/68/1
f 13/69/1 82/70/1 81/67/1
f 12/71/1 82/70/1 13/69/1
f 12/71/1 83/72/1 82/70/1
f 11/73/1 83/72/1 12/71/1
f 11/73/1 84/74/1 83/72/1
f 10/75/1 84/74/1 11/73/1
f 9/76/1 84/74/1 10/75/1
f 9/76/1 85/77/1 84/74/1
f 8/78/1 85/77/1 9/76/1
f 8/78/1 86/79/1 85/77/1
f 7/80/1 86/79/1 8/78/1
f 7/80/1 87/81/1 86/79/1
f 6/82/1 87/81/1 7/80/1
f 5/83/1 87/81/1 6/82/1
f 5/83/1 88/84/1 87/81/1
f 5/83/1 89/85/1 88/84/1
f 4/86/1 89/85/1 5/83/1
f 3/87/1 89/85/1 4/86/1
f 2/88/1 89/85/1 3/87/1
f 1/89/1 89/85/1 2/88/1
f 151/1/2 152/3/2 153/2/2
f 150/4/2 151/1/2 153/2/2
f 149/5/2 150/4/2 153/2/2
f 149/5/2 153/2/2 154/6/2
f 148/7/2 149/5/2 154/6/2
f 148/7/2 154/6/2 155/8/2
f 147/9/2 148/7/2 155/8/2
f 146/10/2 147/9/2 155/8/2
f 146/10/2 155/8/2 156/11/2
f 145/12/2 146/10/2 156/11/2
f 144/13/2 145/12/2 156/11/2
f 144/13/2 156/11/2 157/14/2
f 143/15/2 144/13/2 157/14/2
f 142/16/2 143/15/2 157/14/2
f 142/16/2 157/14/2 158/17/2
f 141/18/2 142/16/2 158/17/2
f 140/19/2 141/18/2 158/17/2
f 140/19/2 158/17/2 159/20/2
f 139/21/2 140/19/2 138/22/2
f 138/22/2 140/19/2 137/23/2
f 137/23/2 140/19/2 136/24/2
f 136/24/2 140/19/2 135/25/2
f 135/25/2 140/19/2 134/26/2
f 134/26/2 140/19/2 133/27/2
f 133/27/2 140/19/2 132/28/2
f 132/28/2 140/19/2 131/29/2
f 131/29/2 140/19/2 130/30/2
f 130/30/2 140/19/2 129/31/2
f 129/31/2 140/19/2 128/32/2
f 128/32/2 140/19/2 159/20/2
f 128/32/2 159/20/2 127/33/2
f 127/33/2 159/20/2 160/34/2
f 126/35/2 127/33/2 160/34/2
f 125/36/2 126/35/2 160/34/2
f 124/37/2 125/36/2 160/34/2
f 124/37/2 160/34/2 161/38/2
f 123/39/2 124/37/2 161/38/2
f 122/40/2 123/39/2 161/38/2
f 121/41/2 122/40/2 161/38/2
f 121/41/2 161/38/2 162/42/2
f 120/43/2 121/41/2 162/42/2
f 119/44/2 120/43/2 162/42/2
f 119/44/2 162/42/2 163/45/2
f 118/46/2 119/44/2 163/45/2
f 117/47/2 118/46/2 163/45/2
f 117/47/2 163/45/2 164/48/2
f 116/49/2 117/47/2 164/48/2
f 115/50/2 116/49/2 164/48/2
f 115/50/2 164/48/2 165/51/2
f 114/52/2 115/50/2 165/51/2
f 113/53/2 114/52/2 165/51/2
f 113/53/2 165/51/2 166/54/2
f 112/55/2 113/53/2 166/54/2
f 111/56/2 112/55/2 166/54/2
f 111/56/2 166/54/2 167/57/2
f 110/58/2 111/56/2 167/57/2
f 109/59/2 110/58/2 167/57/2
f 109/59/2 167/57/2 168/60/2
f 108/61/2 109/59/2 168/60/2
f 107/62/2 108/61/2 168/60/2
f 106/63/2 107/62/2 168/60/2
f 106/63/2 168/60/2 169/64/2
f 105/65/2 106/63/2 169/64/2
f 104/66/2 105/65/2 169/64/2
f 104/66/2 169/64/2 170/67/2
f 103/68/2 104/66/2 170/67/2
f 102/69/2 103/68/2 170/67/2
f 102/69/2 170/67/2 171/70/2
f 101/71/2 102/69/2 171/70/2
f 101/71/2 171/70/2 172/72/2
f 100/73/2 101/71/2 172/72/2
f 100/73/2 172/72/2 173/74/2
f 99/75/2 100/73/2 173/74/2
f 98/76/2 99/75/2 173/74/2
f 98/76/2 173/74/2 174/77/2
f 97/78/2 98/76/2 174/77/2
f 97/78/2 174/77/2 175/79/2
f 96/80/2 97/78/2 175/79/2
f 96/80/2 175/79/2 176/81/2
f 95/82/2 96/80/2 176/81/2
f 94/83/2 95/82/2 176/81/2
f 94/83/2 176/81/2 177/84/2
f 94/83/2 177/84/2 178/85/2
f 93/86/2 94/83/2 178/85/2
f 92/87/2 93/86/2 178/85/2
f 91/88/2 92/87/2 178/85/2
f 90/89/2 91/88/2 178/85/2
s 1
f 180/90/3 192/91/4 191/92/5 179/89/6
f 181/93/7 193/94/8 192/91/4 180/90/3
f 182/95/9 194/96/10 193/94/8 181/93/7
f 183/97/11 195/98/12 194/96/10 182/95/9
f 184/99/13 196/100/14 195/98/12 183/97/11
f 185/101/15 197/102/16 196/100/14 184/99/13
f 186/103/17 198/104/18 197/102/16 185/101/15
f 187/105/19 199/106/20 198/104/18 186/103/17
f 188/107/21 200/108/22 199/106/20 187/105/19
f 189/109/23 201/110/24 200/108/22 188/107/21
f 190/111/25 202/112/26 201/110/24 189/109/23
f 192/91/4 204/113/27 203/114/28 191/92/5
f 193/94/8 205/115/29 204/113/27 192/91/4
f 194/96/10 206/116/30 205/115/29 193/94/8
f 195/98/12 207/117/31 206/116/30 194/96/10
f 196/100/14 208/118/32 207/117/31 195/98/12
f 197/102/16 209/119/33 208/118/32 196/100/14
f 198/104/18 210/120/34 209/119/33 197/102/16
f 199/106/20 211/121/35 210/120/34 198/104/18
f 200/108/22 212/122/36 211/121/35 199/106/20
f 201/110/24 213/123/37 212/122/36 200/108/22
f 202/112/26 214/124/38 213/123/37 201/110/24
f 204/113/27 216/125/39 215/126/40 203/114/28
f 205/115/29 217/127/41 216/125/39 204/113/27
f 206/116/30 218/128/42 217/127/41 205/115/29
f 207/117/31 219/129/43 218/128/42 206/116/30
f 208/118/32 220/130/44 219/129/43 207/117/31
f 209/119/33 221/131/45 220/130/44 208/118/32
f 210/120/34 222/132/46 221/131/45 209/119/33
f 211/121/35 223/133/47 222/132/46 210/120/34
f 212/122/36 224/134/48 223/133/47 211/121/35
f 213/123/37 225/135/49 224/134/48 212/122/36
f 214/124/38 226/136/50 225/135/49 213/123/37
f 216/125/39 228/137/51 227/138/52 215/126/40
f 217/127/41 229/139/53 228/137/51 216/125/39
f 218/128/42 230/140/54 229/139/53 217/127/41
f 219/129/43 231/141/55 230/140/54 218/128/42
f 220/130/44 232/142/56 231/141/55 219/129/43
f 221/131/45 233/143/57 232/142/56 220/130/44
f 222/132/46 234/144/58 233/143/57 221/131/45
f 223/133/47 235/145/59 234/144/58 222/132/46
f 224/134/48 236/146/60 235/145/59 223/133/47
f 225/135/49 237/147/61 236/146/60 224/134/48
f 226/136/50 238/148/62 237/147/61 225/135/49
f 228/137/51 240/149/63 239/150/64 227/138/52
f 229/139/53 241/151/65 240/149/63 228/137/51
f 230/140/54 242/152/66 241/151/65 229/139/53
f 231/141/55 243/153/67 242/152/66 230/140/54
f 232/142/56 244/154/68 243/153/67 231/141/55
f 233/143/57 245/155/69 244/154/68 232/142/56
f 234/144/58 246/156/70 245/155/69 233/143/57
f 235/145/59 247/157/71 246/156/70 234/144/58
f 236/146/60 248/158/72 247/157/71 235/145/59
f 237/147/61 249/159/73 248/158/72 236/146/60
f 238/148/62 250/160/74 249/159/73 237/147/61
f 240/149/63 252/161/75 251/162/76 239/150/64
f 241/151/65 253/163/77 252/161/75 240/149/63
f 242/152/66 254/164/78 253/163/77 241/151/65
f 243/153/67 255/165/79 254/164/78 242/152/66
f 244/154/68 256/166/80 255/165/79 243/153/67
f 245/155/69 257/167/81 256/166/80 244/154/68
f 246/156/70 258/168/82 257/167/81 245/155/69
f 247/157/71 259/169/83 258/168/82 246/156/70
f 248/158/72 260/170/84 259/169/83 247/157/71
f 249/159/73 261/171/85 260/170/84 248/158/72
f 250/160/74 262/172/86 261/171/85 249/159/73
f 252/161/75 264/173/87 263/174/88 251/162/76
f 253/163/77 265/175/89 264/173/87 252/161/75
f 254/164/78 266/176/90 265/175/89 253/163/77
f 255/165/79 267/177/91 266/176/90 254/164/78
f 256/166/80 268/178/92 267/177/91 255/165/79
f 257/167/81 269/179/93 268/178/92 256/166/80
f 258/168/82 270/180/94 269/179/93 257/167/81
f 259/169/83 271/181/95 270/180/94 258/168/82
f 260/170/84 272/182/96 271/181/95 259/169/83
f 261/171/85 273/183/97 272/182/96 260/170/84
f 262/172/86 274/184/98 273/183/97 261/171/85
f 264/173/87 276/185/99 275/186/100 263/174/88
f 265/175/89 277/187/101 276/185/99 264/173/87
f 266/176/90 278/188/102 277/187/101 265/175/89
f 267/177/91 279/189/103 278/188/102 266/176/90
f 268/178/92 280/190/104 279/189/103 267/177/91
f 269/179/93 281/191/105 280/190/104 268/178/92
f 270/180/94 282/192/106 281/191/105 269/179/93
f 271/181/95 283/193/107 282/192/106 270/180/94
f 272/182/96 284/194/108 283/193/107 271/181/95
f 273/183/97 285/195/109 284/194/108 272/182/96
f 274/184/98 286/196/110 285/195/109 273/183/97
f 276/185/99 288/197/111 287/198/112 275/186/100
f 277/187/101 289/199/113 288/197/111 276/185/99
f 278/188/102 290/200/114 289/199/113 277/187/101
f 279/189/103 291/201/115 290/200/114 278/188/102
f 280/190/104 292/202/116 291/201/115 279/189/103
f 281/191/105 293/203/117 292/202/116 280/190/104
f 282/192/106 294/204/118 293/203/117 281/191/105
f 283/193/107 295/205/119 294/204/118 282/192/106
f 284/194/108 296/206/120 295/205/119 283/193/107
f 285/195/109 297/207/121 296/206/120 284/194/108
f 286/196/110 298/208/122 297/207/121 285/195/109
f 288/197/111 300/209/123 299/210/124 287/198/112
f 289/199/113 301/211/125 300/209/123 288/197/111
f 290/200/114 302/212/126 301/211/125 289/199/113
f 291/201/115 303/213/127 302/212/126 290/200/114
f 292/202/116 304/214/128 303/213/127 291/201/115
f 293/203/117 305/215/129 304/214/128 292/202/116
f 294/204/118 306/216/130 305/215/129 293/203/117
f 295/205/119 307/217/131 306/216/130 294/204/118
f 296/206/120 308/218/132 307/217/131 295/205/119
f 297/207/121 309/219/133 308/218/132 296/206/120
f 298/208/122 310/220/134 309/219/133 297/207/121
f 300/209/123 312/221/135 311/222/136 299/210/124
f 301/211/125 313/223/137 312/221/135 300/209/123
f 302/212/126 314/224/138 313/223/137 301/211/125
f 303/213/127 315/225/139 314/224/138 302/212/126
f 304/214/128 316/226/140 315/225/139 303/213/127
f 305/215/129 317/227/141 316/226/140 304/214/128
f 306/216/130 318/228/142 317/227/141 305/215/129
f 307/217/131 319/229/143 318/228/142 306/216/130
f 308/218/132 320/230/144 319/229/143 307/217/131
f 309/219/133 321/231/145 320/230/144 308/218/132
f 310/220/134 322/232/146 321/231/145 309/219/133
f 312/221/135 324/233/147 323/234/148 311/222/136
f 313/223/137 325/235/149 324/233/147 312/221/135
f 314/224/138 326/236/150 325/235/149 313/223/137
f 315/225/139 327/237/151 326/236/150 314/224/138
f 316/226/140 328/238/152 327/237/151 315/225/139
f 317/227/141 329/239/153 328/238/152 316/226/140
f 318/228/142 330/240/154 329/239/153 317/227/141
f 319/229/143 331/241/155 330/240/154 318/228/142
f 320/230/144 332/242/156 331/241/155 319/229/143
f 321/231/145 333/243/157 332/242/156 320/230/144
f 322/232/146 334/244/158 333/243/157 321/231/145
f 324/233/147 336/245/159 335/246/160 323/234/148
f 325/235/149 337/247/161 336/245/159 324/233/147
f 326/236/150 338/248/162 337/247/161 325/235/149
f 327/237/151 339/249/163 338/248/162 326/236/150
f 328/238/152 340/250/164 339/249/163 327/237/151
f 329/239/153 341/251/165 340/250/164 328/238/152
f 330/240/154 342/252/166 341/251/165 329/239/153
f 331/241/155 343/253/167 342/252/166 330/240/154
f 332/242/156 344/254/168 343/253/167 331/241/155
f 333/243/157 345/255/169 344/254/168 332/242/156
f 334/244/158 346/256/170 345/255/169 333/243/157
f 336/245/159 348/257/171 347/258/172 335/246/160
f 337/247/161 349/259/173 348/257/171 336/245/159
f 338/248/162 350/260/174 349/259/173 337/247/161
f 339/249/163 351/261/175 350/260/174 338/248/162
f 340/250/164 352/262/176 351/261/175 339/249/163
f 341/251/165 353/263/177 352/262/176 340/250/164
f 342/252/166 354/264/178 353/263/177 341/251/165
f 343/253/167 355/265/179 354/264/178 342/252/166
f 344/254/168 356/266/180 355/265/179 343/253/167
f 345/255/169 357/267/181 356/266/180 344/254/168
f 346/256/170 358/268/182 357/267/181 345/255/169
f 348/257/171 360/269/183 359/270/184 347/258/172
f 349/259/173 361/271/185 360/269/183 348/257/171
f 350/260/174 362/272/186 361/271/185 349/259/173
f 351/261/175 363/273/187 362/272/186 350/260/174
f 352/262/176 364/274/188 363/273/187 351/261/175
f 353/263/177 365/275/189 364/274/188 352/262/176
f 354/264/178 366/276/190 365/275/189 353/263/177
f 355/265/179 367/277/191 366/276/190 354/264/178
f 356/266/180 368/278/192 367/277/191 355/265/179
f 357/267/181 369/279/193 368/278/192 356/266/180
f 358/268/182 370/280/194 369/279/193 357/267/181
f 360/269/183 372/281/195 371/282/196 359/270/184
f 361/271/185 373/283/197 372/281/195 360/269/183
f 362/272/186 374/284/198 373/283/197 361/271/185
f 363/273/187 375/285/199 374/284/198 362/272/186
f 364/274/188 376/286/200 375/285/199 363/273/187
f 365/275/189 377/287/201 376/286/200 364/274/188
f 366/276/190 378/288/202 377/287/201 365/275/189
f 367/277/191 379/289/203 378/288/202 366/276/190
f 368/278/192 380/290/204 379/289/203 367/277/191
f 369/279/193 381/291/205 380/290/204 368/278/192
f 370/280/194 382/292/206 381/291/205 369/279/193
f 372/281/195 384/293/207 383/294/208 371/282/196
f 373/283/197 385/295/209 384/293/207 372/281/195
f 374/284/198 386/296/210 385/295/209 373/283/197
f 375/285/199 387/297/211 386/296/210 374/284/198
f 376/286/200 388/298/212 387/297/211 375/285/199
f 377/287/201 389/299/213 388/298/212 376/286/200
f 378/288/202 390/300/214 389/299/213 377/287/201
f 379/289/203 391/301/215 390/300/214 378/288/202
f 380/290/204 392/302/216 391/301/215 379/289/203
f 381/291/205 393/303/217 392/302/216 380/290/204
f 382/292/206 394/304/218 393/303/217 381/291/205
f 384/293/207 396/305/219 395/306/220 383/294/208
f 385/295/209 397/307/221 396/305/219 384/293/207
f 386/296/210 398/308/222 397/307/221 385/295/209
f 387/297/211 399/309/223 398/308/222 386/296/210
f 388/298/212 400/310/224 399/309/223 387/297/211
f 389/299/213 401/311/225 400/310/224 388/298/212
f 390/300/214 402/312/226 401/311/225 389/299/213
f 391/301/215 403/313/227 402/312/226 390/300/214
f 392/302/216 404/314/228 403/313/227 391/301/215
f 393/303/217 405/315/229 404/314/228 392/302/216
f 394/304/218 406/316/230 405/315/229 393/303/217
f 396/305/219 408/317/231 407/318/232 395/306/220
f 397/307/221 409/319/233 408/317/231 396/305/219
f 398/308/222 410/320/234 409/319/233 397/307/221
f 399/309/223 411/321/235 410/320/234 398/308/222
f 400/310/224 412/322/236 411/321/235 399/309/223
f 401/311/225 413/323/237 412/322/236 400/310/224
f 402/312/226 414/324/238 413/323/237 401/311/225
f 403/313/227 415/325/239 414/324/238 402/312/226
f 404/314/228 416/326/240 415/325/239 403/313/227
f 405/315/229 417/327/241 416/326/240 404/314/228
f 406/316/230 418/328/242 417/327/241 405/315/229
f 408/317/231 420/329/243 419/330/244 407/318/232
f 409/319/233 421/331/245 420/329/243 408/317/231
f 410/320/234 422/332/246 421/331/245 409/319/233
f 411/321/235 423/333/247 422/332/246 410/320/234
f 412/322/236 424/334/248 423/333/247 411/321/235
f 413/323/237 425/335/249 424/334/248 412/322/236
f 414/324/238 426/336/250 425/335/249 413/323/237
f 415/325/239 427/337/251 426/336/250 414/324/238
f 416/326/240 428/338/252 427/337/251 415/325/239
f 417/327/241 429/339/253 428/338/252 416/326/240
f 418/328/242 430/340/254 429/339/253 417/327/241
f 420/329/243 432/341/255 431/342/256 419/330/244
f 421/331/245 433/343/257 432/341/255 420/329/243
f 422/332/246 434/344/258 433/343/257 421/331/245
f 423/333/247 435/345/259 434/344/258 422/332/246
f 424/334/248 436/346/260 435/345/259 423/333/247
f 425/335/249 437/347/261 436/346/260 424/334/248
f 426/336/250 438/348/262 437/347/261 425/335/249
f 427/337/251 439/349/263 438/348/262 426/336/250
f 428/338/252 440/350/264 439/349/263 427/337/251
f 429/339/253 441/351/265 440/350/264 428/338/252
f 430/340/254 442/352/266 441/351/265 429/339/253
f 432/341/255 444/353/267 443/354/268 431/342/256
f 433/343/257 445/355/269 444/353/267 432/341/255
f 434/344/258 446/356/270 445/355/269 433/343/257
f 435/345/259 447/357/271 446/356/270 434/344/258
f 436/346/260 448/358/272 447/357/271 435/345/259
f 437/347/261 449/359/273 448/358/272 436/346/260
f 438/348/262 450/360/274 449/359/273 437/347/261
f 439/349/263 451/361/275 450/360/274 438/348/262
f 440/350/264 452/362/276 451/361/275 439/349/263
f 441/351/265 453/363/277 452/362/276 440/350/264
f 442/352/266 454/364/278 453/363/277 441/351/265
f 444/353/267 456/365/279 455/366/280 443/354/268
f 445/355/269 457/367/281 456/365/279 444/353/267
f 446/356/270 458/368/282 457/367/281 445/355/269
f 447/357/271 459/369/283 458/368/282 446/356/270
f 448/358/272 460/370/284 459/369/283 447/357/271
f 449/359/273 461/371/285 460/370/284 448/358/272
f 450/360/274 462/372/286 461/371/285 449/359/273
f 451/361/275 463/373/287 462/372/286 450/360/274
f 452/362/276 464/374/288 463/373/287 451/361/275
f 453/363/277 465/375/289 464/374/288 452/362/276
f 454/364/278 466/376/290 465/375/289 453/363/277
f 456/365/279 468/377/291 467/378/292 455/366/280
f 457/367/281 469/379/293 468/377/291 456/365/279
f 458/368/282 470/380/294 469/379/293 457/367/281
f 459/369/283 471/381/295 470/380/294 458/368/282
f 460/370/284 472/382/296 471/381/295 459/369/283
f 461/371/285 473/383/297 472/382/296 460/370/284
f 462/372/286 474/384/298 473/383/297 461/371/285
f 463/373/287 475/385/299 474/384/298 462/372/286
f 464/374/288 476/386/300 475/385/299 463/373/287
f 465/375/289 477/387/301 476/386/300 464/374/288
f 466/376/290 478/388/302 477/387/301 465/375/289
f 468/377/291 480/389/303 479/390/304 467/378/292
f 469/379/293 481/391/305 480/389/303 468/377/291
f 470/380/294 482/392/306 481/391/305 469/379/293
f 471/381/295 483/393/307 482/392/306 470/380/294
f 472/382/296 484/394/308 483/393/307 471/381/295
f 473/383/297 485/395/309 484/394/308 472/382/296
f 474/384/298 486/396/310 485/395/309 473/383/297
f 475/385/299 487/397/311 486/396/310 474/384/298
f 476/386/300 488/398/312 487/397/311 475/385/299
f 477/387/301 489/399/313 488/398/312 476/386/300
f 478/388/302 490/400/314 489/399/313 477/387/301
f 480/389/303 492/401/315 491/402/316 479/390/304
f 481/391/305 493/403/317 492/401/315 480/389/303
f 482/392/306 494/404/318 493/403/317 481/391/305
f 483/393/307 495/405/319 494/404/318 482/392/306
f 484/394/308 496/406/320 495/405/319 483/393/307
f 485/395/309 497/407/321 496/406/320 484/394/308
f 486/396/310 498/408/322 497/407/321 485/395/309
f 487/397/311 499/409/323 498/408/322 486/396/310
f 488/398/312 500/410/324 499/409/323 487/397/311
f 489/399/313 501/411/325 500/410/324 488/398/312
f 490/400/314 502/412/326 501/411/325 489/399/313
f 492/401/315 504/413/327 503/414/328 491/402/316
f 493/403/317 505/415/329 504/413/327 492/401/315
f 494/404/318 506/416/330 505/415/329 493/403/317
f 495/405/319 507/417/331 506/416/330 494/404/318
f 496/406/320 508/418/332 507/417/331 495/405/319
f 497/407/321 509/419/333 508/418/332 496/406/320
f 498/408/322 510/420/334 509/419/333 497/407/321
f 499/409/323 511/421/335 510/420/334 498/408/322
f 500/410/324 512/422/336 511/421/335 499/409/323
f 501/411/325 513/423/337 512/422/336 500/410/324
f 502/412/326 514/424/338 513/423/337 501/411/325
f 504/413/327 516/425/339 515/426/340 503/414/328
f 505/415/329 517/427/341 516/425/339 504/413/327
f 506/416/330 518/428/342 517/427/341 505/415/329
f 507/417/331 519/429/343 518/428/342 506/416/330
f 508/418/332 520/430/344 519/429/343 507/417/331
f 509/419/333 521/431/345 520/430/344 508/418/332
f 510/420/334 522/432/346 521/431/345 509/419/333
f 511/421/335 523/433/347 522/432/346 510/420/334
f 512/422/336 524/434/348 523/433/347 511/421/335
f 513/423/337 525/435/349 524/434/348 512/422/336
f 514/424/338 526/436/350 525/435/349 513/423/337
f 516/425/339 528/437/351 527/438/352 515/426/340
f 517/427/341 529/439/353 528/437/351 516/425/339
f 518/428/342 530/440/354 529/439/353 517/427/341
f 519/429/343 531/441/355 530/440/354 518/428/342
f 520/430/344 532/442/356 531/441/355 519/429/343
f 521/431/345 533/443/357 532/442/356 520/430/344
f 522/432/346 534/444/358 533/443/357 521/431/345
f 523/433/347 535/445/359 534/444/358 522/432/346
f 524/434/348 536/446/360 535/445/359 523/433/347
f 525/435/349 537/447/361 536/446/360 524/434/348
f 526/436/350 538/448/362 537/447/361 525/435/349
f 528/437/351 540/449/363 539/450/364 527/438/352
f 529/439/353 541/451/365 540/449/363 528/437/351
f 530/440/354 542/452/366 541/451/365 529/439/353
f 531/441/355 543/453/367 542/452/366 530/440/354
f 532/442/356 544/454/368 543/453/367 531/441/355
f 533/443/357 545/455/369 544/454/368 532/442/356
f 534/444/358 546/456/370 545/455/369 533/443/357
f 535/445/359 547/457/371 546/456/370 534/444/358
f 536/446/360 548/458/372 547/457/371 535/445/359
f 537/447/361 549/459/373 548/458/372 536/446/360
f 538/448/362 550/460/374 549/459/373 537/447/361
f 540/449/363 552/461/375 551/462/376 539/450/364
f 541/451/365 553/463/377 552/461/375 540/449/363
f 542/452/366 554/464/378 553/463/377 541/451/365
f 543/453/367 555/465/379 554/464/378 542/452/366
f 544/454/368 556/466/380 555/465/379 543/453/367
f 545/455/369 557/467/381 556/466/380 544/454/368
f 546/456/370 558/468/382 557/467/381 545/455/369
f 547/457/371 559/469/383 558/468/382 546/456/370
f 548/458/372 560/470/384 559/469/383 547/457/371
f 549/459/373 561/471/385 560/470/384 548/458/372
f 550/460/374 562/472/386 561/471/385 549/459/373
f 552/461/375 564/473/387 563/474/388 551/462/376
f 553/463/377 565/475/389 564/473/387 552/461/375
f 554/464/378 566/476/390 565/475/389 553/463/377
f 555/465/379 567/477/391 566/476/390 554/464/378
f 556/466/380 568/478/392 567/477/391 555/465/379
f 557/467/381 569/479/393 568/478/392 556/466/380
f 558/468/382 570/480/394 569/479/393 557/467/381
f 559/469/383 571/481/395 570/480/394 558/468/382
f 560/470/384 572/482/396 571/481/395 559/469/383
f 561/471/385 573/483/397 572/482/396 560/470/384
f 562/472/386 574/484/398 573/483/397 561/471/385
f 564/473/387 576/485/399 575/486/400 563/474/388
f 565/475/389 577/487/401 576/485/399 564/473/387
f 566/476/390 578/488/402 577/487/401 565/475/389
f 567/477/391 579/489/403 578/488/402 566/476/390
f 568/478/392 580/490/404 579/489/403 567/477/391
f 569/479/393 581/491/405 580/490/404 568/478/392
f 570/480/394 582/492/406 581/491/405 569/479/393
f 571/481/395 583/493/407 582/492/406 570/480/394
f 572/482/396 584/494/408 583/493/407 571/481/395
f 573/483/397 585/495/409 584/494/408 572/482/396
f 574/484/398 586/496/410 585/495/409 573/483/397
f 576/485/399 588/497/411 587/498/412 575/486/400
f 577/487/401 589/499/413 588/497/411 576/485/399
f 578/488/402 590/500/414 589/499/413 577/487/401
f 579/489/403 591/501/415 590/500/414 578/488/402
f 580/490/404 592/502/416 591/501/415 579/489/403
f 581/491/405 593/503/417 592/502/416 580/490/404
f 582/492/406 594/504/418 593/503/417 581/491/405
f 583/493/407 595/505/419 594/504/418 582/492/406
f 584/494/408 596/506/420 595/505/419 583/493/407
f 585/495/409 597/507/421 596/506/420 584/494/408
f 586/496/410 598/508/422 597/507/421 585/495/409
f 588/497/411 600/509/423 599/510/424 587/498/412
f 589/499/413 601/511/425 600/509/423 588/497/411
f 590/500/414 602/512/426 601/511/425 589/499/413
f 591/501/415 603/513/427 602/512/426 590/500/414
f 592/502/416 604/514/428 603/513/427 591/501/415
f 593/503/417 605/515/429 604/514/428 592/502/416
f 594/504/418 606/516/430 605/515/429 593/503/417
f 595/505/419 607/517/431 606/516/430 594/504/418
f 596/506/420 608/518/432 607/517/431 595/505/419
f 597/507/421 609/519/433 608/518/432 596/506/420
f 598/508/422 610/520/434 609/519/433 597/507/421
f 600/509/423 612/521/435 611/522/436 599/510/424
f 601/511/425 613/523/437 612/521/435 600/509/423
f 602/512/426 614/524/438 613/523/437 601/511/425
f 603/513/427 615/525/439 614/524/438 602/512/426
f 604/514/428 616/526/440 615/525/439 603/513/427
f 605/515/429 617/527/441 616/526/440 604/514/428
f 606/516/430 618/528/442 617/527/441 605/515/429
f 607/517/431 619/529/443 618/528/442 606/516/430
f 608/518/432 620/530/444 619/529/443 607/517/431
f 609/519/433 621/531/445 620/530/444 608/518/432
f 610/520/434 622/532/446 621/531/445 609/519/433
f 612/521/435 624/533/447 623/534/448 611/522/436
f 613/523/437 625/535/449 624/533/447 612/521/435
f 614/524/438 626/536/450 625/535/449 613/523/437
f 615/525/439 627/537/451 626/536/450 614/524/438
f 616/526/440 628/538/452 627/537/451 615/525/439
f 617/527/441 629/539/453 628/538/452 616/526/440
f 618/528/442 630/540/454 629/539/453 617/527/441
f 619/529/443 631/541/455 630/540/454 618/528/442
f 620/530/444 632/542/456 631/541/455 619/529/443
f 621/531/445 633/543/457 632/542/456 620/530/444
f 622/532/446 634/544/458 633/543/457 621/531/445
f 624/533/447 636/545/459 635/546/460 623/534/448
f 625/535/449 637/547/461 636/545/459 624/533/447
f 626/536/450 638/548/462 637/547/461 625/535/449
f 627/537/451 639/549/463 638/548/462 626/536/450
f 628/538/452 640/550/464 639/549/463 627/537/451
f 629/539/453 641/551/465 640/550/464 628/538/452
f 630/540/454 642/552/466 641/551/465 629/539/453
f 631/541/455 643/553/467 642/552/466 630/540/454
f 632/542/456 644/554/468 643/553/467 631/541/455
f 633/543/457 645/555/469 644/554/468 632/542/456
f 634/544/458 646/556/470 645/555/469 633/543/457
f 636/545/459 648/557/471 647/558/472 635/546/460
f 637/547/461 649/559/473 648/557/471 636/545/459
f 638/548/462 650/560/474 649/559/473 637/547/461
f 639/549/463 651/561/475 650/560/474 638/548/462
f 640/550/464 652/562/476 651/561/475 639/549/463
f 641/551/465 653/563/477 652/562/476 640/550/464
f 642/552/466 654/564/478 653/563/477 641/551/465
f 643/553/467 655/565/479 654/564/478 642/552/466
f 644/554/468 656/566/480 655/565/479 643/553/467
f 645/555/469 657/567/481 656/566/480 644/554/468
f 646/556/470 658/568/482 657/567/481 645/555/469
f 648/557/471 660/569/483 659/570/484 647/558/472
f 649/559/473 661/571/485 660/569/483 648/557/471
f 650/560/474 662/572/486 661/571/485 649/559/473
f 651/561/475 663/573/487 662/572/486 650/560/474
f 652/562/476 664/574/488 663/573/487 651/561/475
f 653/563/477 665/575/489 664/574/488 652/562/476
f 654/564/478 666/576/490 665/575/489 653/563/477
f 655/565/479 667/577/491 666/576/490 654/564/478
f 656/566/480 668/578/492 667/577/491 655/565/479
f 657/567/481 669/579/493 668/578/492 656/566/480
f 658/568/482 670/580/494 669/579/493 657/567/481
f 660/569/483 672/581/495 671/582/496 659/570/484
f 661/571/485 673/583/497 672/581/495 660/569/483
f 662/572/486 674/584/498 673/583/497 661/571/485
f 663/573/487 675/585/499 674/584/498 662/572/486
f 664/574/488 676/586/500 675/585/499 663/573/487
f 665/575/489 677/587/501 676/586/500 664/574/488
f 666/576/490 678/588/502 677/587/501 665/575/489
f 667/577/491 679/589/503 678/588/502 666/576/490
f 668/578/492 680/590/504 679/589/503 667/577/491
f 669/579/493 681/591/505 680/590/504 668/578/492
f 670/580/494 682/592/506 681/591/505 669/579/493
f 672/581/495 684/593/507 683/594/508 671/582/496
f 673/583/497 685/595/509 684/593/507 672/581/495
f 674/584/498 686/596/510 685/595/509 673/583/497
f 675/585/499 687/597/511 686/596/510 674/584/498
f 676/586/500 688/598/512 687/597/511 675/585/499
f 677/587/501 689/599/513 688/598/512 676/586/500
f 678/588/502 690/600/514 689/599/513 677/587/501
f 679/589/503 691/601/515 690/600/514 678/588/502
f 680/590/504 692/602/516 691/601/515 679/589/503
f 681/591/505 693/603/517 692/602/516 680/590/504
f 682/592/506 694/604/518 693/603/517 681/591/505
f 684/593/507 696/605/519 695/606/520 683/594/508
f 685/595/509 697/607/521 696/605/519 684/593/507
f 686/596/510 698/608/522 697/607/521 685/595/509
f 687/597/511 699/609/523 698/608/522 686/596/510
f 688/598/512 700/610/524 699/609/523 687/597/511
f 689/599/513 701/611/525 700/610/524 688/598/512
f 690/600/514 702/612/526 701/611/525 689/599/513
f 691/601/515 703/613/527 702/612/526 690/600/514
f 692/602/516 704/614/528 703/613/527 691/601/515
f 693/603/517 705/615/529 704/614/528 692/602/516
f 694/604/518 706/616/530 705/615/529 693/603/517
f 696/605/519 708/617/531 707/618/532 695/606/520
f 697/607/521 709/619/533 708/617/531 696/605/519
f 698/608/522 710/620/534 709/619/533 697/607/521
f 699/609/523 711/621/535 710/620/534 698/608/522
f 700/610/524 712/622/536 711/621/535 699/609/523
f 701/611/525 713/623/537 712/622/536 700/610/524
f 702/612/526 714/624/538 713/623/537 701/611/525
f 703/613/527 715/625/539 714/624/538 702/612/526
f 704/614/528 716/626/540 715/625/539 703/613/527
f 705/615/529 717/627/541 716/626/540 704/614/528
f 706/616/530 718/628/542 717/627/541 705/615/529
f 708/617/531 720/629/543 719/630/544 707/618/532
f 709/619/533 721/631/545 720/629/543 708/617/531
f 710/620/534 722/632/546 721/631/545 709/619/533
f 711/621/535 723/633/547 722/632/546 710/620/534
f 712/622/536 724/634/548 723/633/547 711/621/535
f 713/623/537 725/635/549 724/634/548 712/622/536
f 714/624/538 726/636/550 725/635/549 713/623/537
f 715/625/539 727/637/551 726/636/550 714/624/538
f 716/626/540 728/638/552 727/637/551 715/625/539
f 717/627/541 729/639/553 728/638/552 716/626/540
f 718/628/542 730/640/554 729/639/553 717/627/541
f 720/629/543 732/641/555 731/642/556 719/630/544
f 721/631/545 733/643/557 732/641/555 720/629/543
f 722/632/546 734/644/558 733/643/557 721/631/545
f 723/633/547 735/645/559 734/644/558 722/632/546
f 724/634/548 736/646/560 735/645/559 723/633/547
f 725/635/549 737/647/561 736/646/560 724/634/548
f 726/636/550 738/648/562 737/647/561 725/635/549
f 727/637/551 739/649/563 738/648/562 726/636/550
f 728/638/552 740/650/564 739/649/563 727/637/551
f 729/639/553 741/651/565 740/650/564 728/638/552
f 730/640/554 742/652/566 741/651/565 729/639/553
f 732/641/555 744/653/567 743/654/568 731/642/556
f 733/643/557 745/655/569 744/653/567 732/641/555
f 734/644/558 746/656/570 745/655/569 733/643/557
f 735/645/559 747/657/571 746/656/570 734/644/558
f 736/646/560 748/658/572 747/657/571 735/645/559
f 737/647/561 749/659/573 748/658/572 736/646/560
f 738/648/562 750/660/574 749/659/573 737/647/561
f 739/649/563 751/661/575 750/660/574 738/648/562
f 740/650/564 752/662/576 751/661/575 739/649/563
f 741/651/565 753/663/577 752/662/576 740/650/564
f 742/652/566 754/664/578 753/663/577 741/651/565
f 744/653/567 756/665/579 755/666/580 743/654/568
f 745/655/569 757/667/581 756/665/579 744/653/567
f 746/656/570 758/668/582 757/667/581 745/655/569
f 747/657/571 759/669/583 758/668/582 746/656/570
f 748/658/572 760/670/584 759/669/583 747/657/571
f 749/659/573 761/671/585 760/670/584 748/658/572
f 750/660/574 762/672/586 761/671/585 749/659/573
f 751/661/575 763/673/587 762/672/586 750/660/574
f 752/662/576 764/674/588 763/673/587 751/661/575
f 753/663/577 765/675/589 764/674/588 752/662/576
f 754/664/578 766/676/590 765/675/589 753/663/577
f 756/665/579 768/677/591 767/678/592 755/666/580
f 757/667/581 769/679/593 768/677/591 756/665/579
f 758/668/582 770/680/594 769/679/593 757/667/581
f 759/669/583 771/681/595 770/680/594 758/668/582
f 760/670/584 772/682/596 771/681/595 759/669/583
f 761/671/585 773/683/597 772/682/596 760/670/584
f 762/672/586 774/684/598 773/683/597 761/671/585
f 763/673/587 775/685/599 774/684/598 762/672/586
f 764/674/588 776/686/600 775/685/599 763/673/587
f 765/675/589 777/687/601 776/686/600 764/674/588
f 766/676/590 778/688/602 777/687/601 765/675/589
f 768/677/591 780/689/603 779/690/604 767/678/592
f 769/679/593 781/691/605 780/689/603 768/677/591
f 770/680/594 782/692/606 781/691/605 769/679/593
f 771/681/595 783/693/607 782/692/606 770/680/594
f 772/682/596 784/694/608 783/693/607 771/681/595
f 773/683/597 785/695/609 784/694/608 772/682/596
f 774/684/598 786/696/610 785/695/609 773/683/597
f 775/685/599 787/697/611 786/696/610 774/684/598
f 776/686/600 788/698/612 787/697/611 775/685/599
f 777/687/601 789/699/613 788/698/612 776/686/600
f 778/688/602 790/700/614 789/699/613 777/687/601
f 780/689/603 792/701/615 791/702/616 779/690/604
f 781/691/605 793/703/617 792/701/615 780/689/603
f 782/692/606 794/704/618 793/703/617 781/691/605
f 783/693/607 795/705/619 794/704/618 782/692/606
f 784/694/608 796/706/620 795/705/619 783/693/607
f 785/695/609 797/707/621 796/706/620 784/694/608
f 786/696/610 798/708/622 797/707/621 785/695/609
f 787/697/611 799/709/623 798/708/622 786/696/610
f 788/698/612 800/710/624 799/709/623 787/697/611
f 789/699/613 801/711/625 800/710/624 788/698/612
f 790/700/614 802/712/626 801/711/625 789/699/613
f 792/701/615 804/713/627 803/714/628 791/702/616
f 793/703/617 805/715/629 804/713/627 792/701/615
f 794/704/618 806/716/630 805/715/629 793/703/617
f 795/705/619 807/717/631 806/716/630 794/704/618
f 796/706/620 808/718/632 807/717/631 795/705/619
f 797/707/621 809/719/633 808/718/632 796/706/620
f 798/708/622 810/720/634 809/719/633 797/707/621
f 799/709/623 811/721/635 810/720/634 798/708/622
f 800/710/624 812/722/636 811/721/635 799/709/623
f 801/711/625 813/723/637 812/722/636 800/710/624
f 802/712/626 814/724/638 813/723/637 801/711/625
f 804/713/627 816/725/639 815/726/640 803/714/628
f 805/715/629 817/727/641 816/725/639 804/713/627
f 806/716/630 818/728/642 817/727/641 805/715/629
f 807/717/631 819/729/643 818/728/642 806/716/630
f 808/718/632 820/730/644 819/729/643 807/717/631
f 809/719/633 821/731/645 820/730/644 808/718/632
f 810/720/634 822/732/646 821/731/645 809/719/633
f 811/721/635 823/733/647 822/732/646 810/720/634
f 812/722/636 824/734/648 823/733/647 811/721/635
f 813/723/637 825/735/649 824/734/648 812/722/636
f 814/724/638 826/736/650 825/735/649 813/723/637
f 816/725/639 828/737/651 827/738/652 815/726/640
f 817/727/641 829/739/653 828/737/651 816/725/639
f 818/728/642 830/740/654 829/739/653 817/727/641
f 819/729/643 831/741/655 830/740/654 818/728/642
f 820/730/644 832/742/656 831/741/655 819/729/643
f 821/731/645 833/743/657 832/742/656 820/730/644
f 822/732/646 834/744/658 833/743/657 821/731/645
f 823/733/647 835/745/659 834/744/658 822/732/646
f 824/734/648 836/746/660 835/745/659 823/733/647
f 825/735/649 837/747/661 836/746/660 824/734/648
f 826/736/650 838/748/662 837/747/661 825/735/649
f 828/737/651 840/749/663 839/750/664 827/738/652
f 829/739/653 841/751/665 840/749/663 828/737/651
f 830/740/654 842/752/666 841/751/665 829/739/653
f 831/741/655 843/753/667 842/752/666 830/740/654
f 832/742/656 844/754/668 843/753/667 831/741/655
f 833/743/657 845/755/669 844/754/668 832/742/656
f 834/744/658 846/756/670 845/755/669 833/743/657
f 835/745/659 847/757/671 846/756/670 834/744/658
f 836/746/660 848/758/672 847/757/671 835/745/659
f 837/747/661 849/759/673 848/758/672 836/746/660
f 838/748/662 850/760/674 849/759/673 837/747/661
f 840/749/663 852/761/675 851/762/676 839/750/664
f 841/751/665 853/763/677 852/761/675 840/749/663
f 842/752/666 854/764/678 853/763/677 841/751/665
f 843/753/667 855/765/679 854/764/678 842/752/666
f 844/754/668 856/766/680 855/765/679 843/753/667
f 845/755/669 857/767/681 856/766/680 844/754/668
f 846/756/670 858/768/682 857/767/681 845/755/669
f 847/757/671 859/769/683 858/768/682 846/756/670
f 848/758/672 860/770/684 859/769/683 847/757/671
f 849/759/673 861/771/685 860/770/684 848/758/672
f 850/760/674 862/772/686 861/771/685 849/759/673
f 852/761/675 864/773/687 863/774/688 851/762/676
f 853/763/677 865/775/689 864/773/687 852/761/675
f 854/764/678 866/776/690 865/775/689 853/763/677
f 855/765/679 867/777/691 866/776/690 854/764/678
f 856/766/680 868/778/692 867/777/691 855/765/679
f 857/767/681 869/779/693 868/778/692 856/766/680
f 858/768/682 870/780/694 869/779/693 857/767/681
f 859/769/683 871/781/695 870/780/694 858/768/682
f 860/770/684 872/782/696 871/781/695 859/769/683
f 861/771/685 873/783/697 872/782/696 860/770/684
f 862/772/686 874/784/698 873/783/697 861/771/685
f 864/773/687 876/785/699 875/786/700 863/774/688
f 865/775/689 877/787/701 876/785/699 864/773/687
f 866/776/690 878/788/702 877/787/701 865/775/689
f 867/777/691 879/789/703 878/788/702 866/776/690
f 868/778/692 880/790/704 879/789/703 867/777/691
f 869/779/693 881/791/705 880/790/704 868/778/692
f 870/780/694 882/792/706 881/791/705 869/779/693
f 871/781/695 883/793/707 882/792/706 870/780/694
f 872/782/696 884/794/708 883/793/707 871/781/695
f 873/783/697 885/795/709 884/794/708 872/782/696
f 874/784/698 886/796/710 885/795/709 873/783/697
f 876/785/699 888/797/711 887/798/712 875/786/700
f 877/787/701 889/799/713 888/797/711 876/785/699
f 878/788/702 890/800/714 889/799/713 877/787/701
f 879/789/703 891/801/715 890/800/714 878/788/702
f 880/790/704 892/802/716 891/801/715 879/789/703
f 881/791/705 893/803/717 892/802/716 880/790/704
f 882/792/706 894/804/718 893/803/717 881/791/705
f 883/793/707 895/805/719 894/804/718 882/792/706
f 884/794/708 896/806/720 895/805/719 883/793/707
f 885/795/709 897/807/721 896/806/720 884/794/708
f 886/796/710 898/808/722 897/807/721 885/795/709
f 888/797/711 900/809/723 899/810/724 887/798/712
f 889/799/713 901/811/725 900/809/723 888/797/711
f 890/800/714 902/812/726 901/811/725 889/799/713
f 891/801/715 903/813/727 902/812/726 890/800/714
f 892/802/716 904/814/728 903/813/727 891/801/715
f 893/803/717 905/815/729 904/814/728 892/802/716
f 894/804/718 906/816/730 905/815/729 893/803/717
f 895/805/719 907/817/731 906/816/730 894/804/718
f 896/806/720 908/818/732 907/817/731 895/805/719
f 897/807/721 909/819/733 908/818/732 896/806/720
f 898/808/722 910/820/734 909/819/733 897/807/721
f 900/809/723 912/821/735 911/822/736 899/810/724
f 901/811/725 913/823/737 912/821/735 900/809/723
f 902/812/726 914/824/738 913/823/737 901/811/725
f 903/813/727 915/825/739 914/824/738 902/812/726
f 904/814/728 916/826/740 915/825/739 903/813/727
f 905/815/729 917/827/741 916/826/740 904/814/728
f 906/816/730 918/828/742 917/827/741 905/815/729
f 907/817/731 919/829/743 918/828/742 906/816/730
f 908/818/732 920/830/744 919/829/743 907/817/731
f 909/819/733 921/831/745 920/830/744 908/818/732
f 910/820/734 922/832/746 921/831/745 909/819/733
f 912/821/735 924/833/747 923/834/748 911/822/736
f 913/823/737 925/835/749 924/833/747 912/821/735
f 914/824/738 926/836/750 925/835/749 913/823/737
f 915/825/739 927/837/751 926/836/750 914/824/738
f 916/826/740 928/838/752 927/837/751 915/825/739
f 917/827/741 929/839/753 928/838/752 916/826/740
f 918/828/742 930/840/754 929/839/753 917/827/741
f 919/829/743 931/841/755 930/840/754 918/828/742
f 920/830/744 932/842/756 931/841/755 919/829/743
f 921/831/745 933/843/757 932/842/756 920/830/744
f 922/832/746 934/844/758 933/843/757 921/831/745
f 924/833/747 936/845/759 935/846/760 923/834/748
f 925/835/749 937/847/761 936/845/759 924/833/747
f 926/836/750 938/848/762 937/847/761 925/835/749
f 927/837/751 939/849/763 938/848/762 926/836/750
f 928/838/752 940/850/764 939/849/763 927/837/751
f 929/839/753 941/851/765 940/850/764 928/838/752
f 930/840/754 942/852/766 941/851/765 929/839/753
f 931/841/755 943/853/767 942/852/766 930/840/754
f 932/842/756 944/854/768 943/853/767 931/841/755
f 933/843/757 945/855/769 944/854/768 932/842/756
f 934/844/758 946/856/770 945/855/769 933/843/757
f 936/845/759 948/857/771 947/858/772 935/846/760
f 937/847/761 949/859/773 948/857/771 936/845/759
f 938/848/762 950/860/774 949/859/773 937/847/761
f 939/849/763 951/861/775 950/860/774 938/848/762
f 940/850/764 952/862/776 951/861/775 939/849/763
f 941/851/765 953/863/777 952/862/776 940/850/764
f 942/852/766 954/864/778 953/863/777 941/851/765
f 943/853/767 955/865/779 954/864/778 942/852/766
f 944/854/768 956/866/780 955/865/779 943/853/767
f 945/855/769 957/867/781 956/866/780 944/854/768
f 946/856/770 958/868/782 957/867/781 945/855/769
f 948/857/771 960/869/783 959/870/784 947/858/772
f 949/859/773 961/871/785 960/869/783 948/857/771
f 950/860/774 962/872/786 961/871/785 949/859/773
f 951/861/775 963/873/787 962/872/786 950/860/774
f 952/862/776 964/874/788 963/873/787 951/861/775
f 953/863/777 965/875/789 964/874/788 952/862/776
f 954/864/778 966/876/790 965/875/789 953/863/777
f 955/865/779 967/877/791 966/876/790 954/864/778
f 956/866/780 968/878/792 967/877/791 955/865/779
f 957/867/781 969/879/793 968/878/792 956/866/780
f 958/868/782 970/880/794 969/879/793 957/867/781
f 960/869/783 972/881/795 971/882/796 959/870/784
f 961/871/785 973/883/797 972/881/795 960/869/783
f 962/872/786 974/884/798 973/883/797 961/871/785
f 963/873/787 975/885/799 974/884/798 962/872/786
f 964/874/788 976/886/800 975/885/799 963/873/787
f 965/875/789 977/887/801 976/886/800 964/874/788
f 966/876/790 978/888/802 977/887/801 965/875/789
f 967/877/791 979/889/803 978/888/802 966/876/790
f 968/878/792 980/890/804 979/889/803 967/877/791
f 969/879/793 981/891/805 980/890/804 968/878/792
f 970/880/794 982/892/806 981/891/805 969/879/793
f 972/881/795 984/893/807 983/894/808 971/882/796
f 973/883/797 985/895/809 984/893/807 972/881/795
f 974/884/798 986/896/810 985/895/809 973/883/797
f 975/885/799 987/897/811 986/896/810 974/884/798
f 976/886/800 988/898/812 987/897/811 975/885/799
f 977/887/801 989/899/813 988/898/812 976/886/800
f 978/888/802 990/900/814 989/899/813 977/887/801
f 979/889/803 991/901/815 990/900/814 978/888/802
f 980/890/804 992/902/816 991/901/815 979/889/803
f 981/891/805 993/903/817 992/902/816 980/890/804
f 982/892/806 994/904/818 993/903/817 981/891/805
f 984/893/807 996/905/819 995/906/820 983/894/808
f 985/895/809 997/907/821 996/905/819 984/893/807
f 986/896/810 998/908/822 997/907/821 985/895/809
f 987/897/811 999/909/823 998/908/822 986/896/810
f 988/898/812 1000/910/824 999/909/823 987/897/811
f 989/899/813 1001/911/825 1000/910/824 988/898/812
f 990/900/814 1002/912/826 1001/911/825 989/899/813
f 991/901/815 1003/913/827 1002/912/826 990/900/814
f 992/902/816 1004/914/828 1003/913/827 991/901/815
f 993/903/817 1005/915/829 1004/914/828 992/902/816
f 994/904/818 1006/916/830 1005/915/829 993/903/817
f 996/905/819 1008/917/831 1007/918/832 995/906/820
f 997/907/821 1009/919/833 1008/917/831 996/905/819
f 998/908/822 1010/920/834 1009/919/833 997/907/821
f 999/909/823 1011/921/835 1010/920/834 998/908/822
f 1000/910/824 1012/922/836 1011/921/835 999/909/823
f 1001/911/825 1013/923/837 1012/922/836 1000/910/824
f 1002/912/826 1014/924/838 1013/923/837 1001/911/825
f 1003/913/827 1015/925/839 1014/924/838 1002/912/826
f 1004/914/828 1016/926/840 1015/925/839 1003/913/827
f 1005/915/829 1017/927/841 1016/926/840 1004/914/828
f 1006/916/830 1018/928/842 1017/927/841 1005/915/829
f 1008/917/831 1020/929/843 1019/930/844 1007/918/832
f 1009/919/833 1021/931/845 1020/929/843 1008/917/831
f 1010/920/834 1022/932/846 1021/931/845 1009/919/833
f 1011/921/835 1023/933/847 1022/932/846 1010/920/834
f 1012/922/836 1024/934/848 1023/933/847 1011/921/835
f 1013/923/837 1025/935/849 1024/934/848 1012/922/836
f 1014/924/838 1026/936/850 1025/935/849 1013/923/837
f 1015/925/839 1027/937/851 1026/936/850 1014/924/838
f 1016/926/840 1028/938/852 1027/937/851 1015/925/839
f 1017/927/841 1029/939/853 1028/938/852 1016/926/840
f 1018/928/842 1030/940/854 1029/939/853 1017/927/841
f 1020/929/843 1032/941/855 1031/942/856 1019/930/844
f 1021/931/845 1033/943/857 1032/941/855 1020/929/843
f 1022/932/846 1034/944/858 1033/943/857 1021/931/845
f 1023/933/847 1035/945/859 1034/944/858 1022/932/846
f 1024/934/848 1036/946/860 1035/945/859 1023/933/847
f 1025/935/849 1037/947/861 1036/946/860 1024/934/848
f 1026/936/850 1038/948/862 1037/947/861 1025/935/849
f 1027/937/851 1039/949/863 1038/948/862 1026/936/850
f 1028/938/852 1040/950/864 1039/949/863 1027/937/851
f 1029/939/853 1041/951/865 1040/950/864 1028/938/852
f 1030/940/854 1042/952/866 1041/951/865 1029/939/853
f 1032/941/855 1044/953/867 1043/954/868 1031/942/856
f 1033/943/857 1045/955/869 1044/953/867 1032/941/855
f 1034/944/858 1046/956/870 1045/955/869 1033/943/857
f 1035/945/859 1047/957/871 1046/956/870 1034/944/858
f 1036/946/860 1048/958/872 1047/957/871 1035/945/859
f 1037/947/861 1049/959/873 1048/958/872 1036/946/860
f 1038/948/862 1050/960/874 1049/959/873 1037/947/861
f 1039/949/863 1051/961/875 1050/960/874 1038/948/862
f 1040/950/864 1052/962/876 1051/961/875 1039/949/863
f 1041/951/865 1053/963/877 1052/962/876 1040/950/864
f 1042/952/866 1054/964/878 1053/963/877 1041/951/865
f 1044/953/867 1056/965/879 1055/966/880 1043/954/868
f 1045/955/869 1057/967/881 1056/965/879 1044/953/867
f 1046/956/870 1058/968/882 1057/967/881 1045/955/869
f 1047/957/871 1059/969/883 1058/968/882 1046/956/870
f 1048/958/872 1060/970/884 1059/969/883 1047/957/871
f 1049/959/873 1061/971/885 1060/970/884 1048/958/872
f 1050/960/874 1062/972/886 1061/971/885 1049/959/873
f 1051/961/875 1063/973/887 1062/972/886 1050/960/874
f 1052/962/876 1064/974/888 1063/973/887 1051/961/875
f 1053/963/877 1065/975/889 1064/974/888 1052/962/876
f 1054/964/878 1066/976/890 1065/975/889 1053/963/877
f 1056/965/879 1068/977/891 1067/978/892 1055/966/880
f 1057/967/881 1069/979/893 1068/977/891 1056/965/879
f 1058/968/882 1070/980/894 1069/979/893 1057/967/881
f 1059/969/883 1071/981/895 1070/980/894 1058/968/882
f 1060/970/884 1072/982/896 1071/981/895 1059/969/883
f 1061/971/885 1073/983/897 1072/982/896 1060/970/884
f 1062/972/886 1074/984/898 1073/983/897 1061/971/885
f 1063/973/887 1075/985/899 1074/984/898 1062/972/886
f 1064/974/888 1076/986/900 1075/985/899 1063/973/887
f 1065/975/889 1077/987/901 1076/986/900 1064/974/888
f 1066/976/890 1078/988/902 1077/987/901 1065/975/889
f 1068/977/891 1080/989/903 1079/990/904 1067/978/892
f 1069/979/893 1081/991/905 1080/989/903 1068/977/891
f 1070/980/894 1082/992/906 1081/991/905 1069/979/893
f 1071/981/895 1083/993/907 1082/992/906 1070/980/894
f 1072/982/896 1084/994/908 1083/993/907 1071/981/895
f 1073/983/897 1085/995/909 1084/994/908 1072/982/896
f 1074/984/898 1086/996/910 1085/995/909 1073/983/897
f 1075/985/899 1087/997/911 1086/996/910 1074/984/898
f 1076/986/900 1088/998/912 1087/997/911 1075/985/899
f 1077/987/901 1089/999/913 1088/998/912 1076/986/900
f 1078/988/902 1090/1000/914 1089/999/913 1077/987/901
f 1080/989/903 1092/1001/915 1091/1002/916 1079/990/904
f 1081/991/905 1093/1003/917 1092/1001/915 1080/989/903
f 1082/992/906 1094/1004/918 1093/1003/917 1081/991/905
f 1083/993/907 1095/1005/919 1094/1004/918 1082/992/906
f 1084/994/908 1096/1006/920 1095/1005/919 1083/993/907
f 1085/995/909 1097/1007/921 1096/1006/920 1084/994/908
f 1086/996/910 1098/1008/922 1097/1007/921 1085/995/909
f 1087/997/911 1099/1009/923 1098/1008/922 1086/996/910
f 1088/998/912 1100/1010/924 1099/1009/923 1087/997/911
f 1089/999/913 1101/1011/925 1100/1010/924 1088/998/912
f 1090/1000/914 1102/1012/926 1101/1011/925 1089/999/913
f 1092/1001/915 1104/1013/927 1103/1014/928 1091/1002/916
f 1093/1003/917 1105/1015/929 1104/1013/927 1092/1001/915
f 1094/1004/918 1106/1016/930 1105/1015/929 1093/1003/917
f 1095/1005/919 1107/1017/931 1106/1016/930 1094/1004/918
f 1096/1006/920 1108/1018/932 1107/1017/931 1095/1005/919
f 1097/1007/921 1109/1019/933 1108/1018/932 1096/1006/920
f 1098/1008/922 1110/1020/934 1109/1019/933 1097/1007/921
f 1099/1009/923 1111/1021/935 1110/1020/934 1098/1008/922
f 1100/1010/924 1112/1022/936 1111/1021/935 1099/1009/923
f 1101/1011/925 1113/1023/937 1112/1022/936 1100/1010/924
f 1102/1012/926 1114/1024/938 1113/1023/937 1101/1011/925
f 1104/1013/927 1116/1025/939 1115/1026/940 1103/1014/928
f 1105/1015/929 1117/1027/941 1116/1025/939 1104/1013/927
f 1106/1016/930 1118/1028/942 1117/1027/941 1105/1015/929
f 1107/1017/931 1119/1029/943 1118/1028/942 1106/1016/930
f 1108/1018/932 1120/1030/944 1119/1029/943 1107/1017/931
f 1109/1019/933 1121/1031/945 1120/1030/944 1108/1018/932
f 1110/1020/934 1122/1032/946 1121/1031/945 1109/1019/933
f 1111/1021/935 1123/1033/947 1122/1032/946 1110/1020/934
f 1112/1022/936 1124/1034/948 1123/1033/947 1111/1021/935
f 1113/1023/937 1125/1035/949 1124/1034/948 1112/1022/936
f 1114/1024/938 1126/1036/950 1125/1035/949 1113/1023/937
f 1116/1025/939 1128/1037/951 1127/1038/952 1115/1026/940
f 1117/1027/941 1129/1039/953 1128/1037/951 1116/1025/939
f 1118/1028/942 1130/1040/954 1129/1039/953 1117/1027/941
f 1119/1029/943 1131/1041/955 1130/1040/954 1118/1028/942
f 1120/1030/944 1132/1042/956 1131/1041/955 1119/1029/943
f 1121/1031/945 1133/1043/957 1132/1042/956 1120/1030/944
f 1122/1032/946 1134/1044/958 1133/1043/957 1121/1031/945
f 1123/1033/947 1135/1045/959 1134/1044/958 1122/1032/946
f 1124/1034/948 1136/1046/960 1135/1045/959 1123/1033/947
f 1125/1035/949 1137/1047/961 1136/1046/960 1124/1034/948
f 1126/1036/950 1138/1048/962 1137/1047/961 1125/1035/949
f 1128/1037/951 1140/1049/963 1139/1050/964 1127/1038/952
f 1129/1039/953 1141/1051/965 1140/1049/963 1128/1037/951
f 1130/1040/954 1142/1052/966 1141/1051/965 1129/1039/953
f 1131/1041/955 1143/1053/967 1142/1052/966 1130/1040/954
f 1132/1042/956 1144/1054/968 1143/1053/967 1131/1041/955
f 1133/1043/957 1145/1055/969 1144/1054/968 1132/1042/956
f 1134/1044/958 1146/1056/970 1145/1055/969 1133/1043/957
f 1135/1045/959 1147/1057/971 1146/1056/970 1134/1044/958
f 1136/1046/960 1148/1058/972 1147/1057/971 1135/1045/959
f 1137/1047/961 1149/1059/973 1148/1058/972 1136/1046/960
f 1138/1048/962 1150/1060/974 1149/1059/973 1137/1047/961
f 1140/1049/963 1152/1061/975 1151/1062/976 1139/1050/964
f 1141/1051/965 1153/1063/977 1152/1061/975 1140/1049/963
f 1142/1052/966 1154/1064/978 1153/1063/977 1141/1051/965
f 1143/1053/967 1155/1065/979 1154/1064/978 1142/1052/966
f 1144/1054/968 1156/1066/980 1155/1065/979 1143/1053/967
f 1145/1055/969 1157/1067/981 1156/1066/980 1144/1054/968
f 1146/1056/970 1158/1068/982 1157/1067/981 1145/1055/969
f 1147/1057/971 1159/1069/983 1158/1068/982 1146/1056/970
f 1148/1058/972 1160/1070/984 1159/1069/983 1147/1057/971
f 1149/1059/973 1161/1071/985 1160/1070/984 1148/1058/972
f 1150/1060/974 1162/1072/986 1161/1071/985 1149/1059/973
f 1152/1061/975 1164/1073/987 1163/1074/988 1151/1062/976
f 1153/1063/977 1165/1075/989 1164/1073/987 1152/1061/975
f 1154/1064/978 1166/1076/990 1165/1075/989 1153/1063/977
f 1155/1065/979 1167/1077/991 1166/1076/990 1154/1064/978
f 1156/1066/980 1168/1078/992 1167/1077/991 1155/1065/979
f 1157/1067/981 1169/1079/993 1168/1078/992 1156/1066/980
f 1158/1068/982 1170/1080/994 1169/1079/993 1157/1067/981
f 1159/1069/983 1171/1081/995 1170/1080/994 1158/1068/982
f 1160/1070/984 1172/1082/996 1171/1081/995 1159/1069/983
f 1161/1071/985 1173/1083/997 1172/1082/996 1160/1070/984
f 1162/1072/986 1174/1084/998 1173/1083/997 1161/1071/985
f 1164/1073/987 1176/1085/999 1175/1086/1000 1163/1074/988
f 1165/1075/989 1177/1087/1001 1176/1085/999 1164/1073/987
f 1166/1076/990 1178/1088/1002 1177/1087/1001 1165/1075/989
f 1167/1077/991 1179/1089/1003 1178/1088/1002 1166/1076/990
f 1168/1078/992 1180/1090/1004 1179/1089/1003 1167/1077/991
f 1169/1079/993 1181/1091/1005 1180/1090/1004 1168/1078/992
f 1170/1080/994 1182/1092/1006 1181/1091/1005 1169/1079/993
f 1171/1081/995 1183/1093/1007 1182/1092/1006 1170/1080/994
f 1172/1082/996 1184/1094/1008 1183/1093/1007 1171/1081/995
f 1173/1083/997 1185/1095/1009 1184/1094/1008 1172/1082/996
f 1174/1084/998 1186/1096/1010 1185/1095/1009 1173/1083/997
f 1176/1085/999 1188/1097/1011 1187/1098/1012 1175/1086/1000
f 1177/1087/1001 1189/1099/1013 1188/1097/1011 1176/1085/999
f 1178/1088/1002 1190/1100/1014 1189/1099/1013 1177/1087/1001
f 1179/1089/1003 1191/1101/1015 1190/1100/1014 1178/1088/1002
f 1180/1090/1004 1192/1102/1016 1191/1101/1015 1179/1089/1003
f 1181/1091/1005 1193/1103/1017 1192/1102/1016 1180/1090/1004
f 1182/1092/1006 1194/1104/1018 1193/1103/1017 1181/1091/1005
f 1183/1093/1007 1195/1105/1019 1194/1104/1018 1182/1092/1006
f 1184/1094/1008 1196/1106/1020 1195/1105/1019 1183/1093/1007
f 1185/1095/1009 1197/1107/1021 1196/1106/1020 1184/1094/1008
f 1186/1096/1010 1198/1108/1022 1197/1107/1021 1185/1095/1009
f 1188/1097/1011 1200/1109/1023 1199/1110/1024 1187/1098/1012
f 1189/1099/1013 1201/1111/1025 1200/1109/1023 1188/1097/1011
f 1190/1100/1014 1202/1112/1026 1201/1111/1025 1189/1099/1013
f 1191/1101/1015 1203/1113/1027 1202/1112/1026 1190/1100/1014
f 1192/1102/1016 1204/1114/1028 1203/1113/1027 1191/1101/1015
f 1193/1103/1017 1205/1115/1029 1204/1114/1028 1192/1102/1016
f 1194/1104/1018 1206/1116/1030 1205/1115/1029 1193/1103/1017
f 1195/1105/1019 1207/1117/1031 1206/1116/1030 1194/1104/1018
f 1196/1106/1020 1208/1118/1032 1207/1117/1031 1195/1105/1019
f 1197/1107/1021 1209/1119/1033 1208/1118/1032 1196/1106/1020
f 1198/1108/1022 1210/1120/1034 1209/1119/1033 1197/1107/1021
f 1200/1109/1023 1212/1121/1035 1211/1122/1036 1199/1110/1024
f 1201/1111/1025 1213/1123/1037 1212/1121/1035 1200/1109/1023
f 1202/1112/1026 1214/1124/1038 1213/1123/1037 1201/1111/1025
f 1203/1113/1027 1215/1125/1039 1214/1124/1038 1202/1112/1026
f 1204/1114/1028 1216/1126/1040 1215/1125/1039 1203/1113/1027
f 1205/1115/1029 1217/1127/1041 1216/1126/1040 1204/1114/1028
f 1206/1116/1030 1218/1128/1042 1217/1127/1041 1205/1115/1029
f 1207/1117/1031 1219/1129/1043 1218/1128/1042 1206/1116/1030
f 1208/1118/1032 1220/1130/1044 1219/1129/1043 1207/1117/1031
f 1209/1119/1033 1221/1131/1045 1220/1130/1044 1208/1118/1032
f 1210/1120/1034 1222/1132/1046 1221/1131/1045 1209/1119/1033
f 1212/1121/1035 1224/1133/1047 1223/1134/1048 1211/1122/1036
f 1213/1123/1037 1225/1135/1049 1224/1133/1047 1212/1121/1035
f 1214/1124/1038 1226/1136/1050 1225/1135/1049 1213/1123/1037
f 1215/1125/1039 1227/1137/1051 1226/1136/1050 1214/1124/1038
f 1216/1126/1040 1228/1138/1052 1227/1137/1051 1215/1125/1039
f 1217/1127/1041 1229/1139/1053 1228/1138/1052 1216/1126/1040
f 1218/1128/1042 1230/1140/1054 1229/1139/1053 1217/1127/1041
f 1219/1129/1043 1231/1141/1055 1230/1140/1054 1218/1128/1042
f 1220/1130/1044 1232/1142/1056 1231/1141/1055 1219/1129/1043
f 1221/1131/1045 1233/1143/1057 1232/1142/1056 1220/1130/1044
f 1222/1132/1046 1234/1144/1058 1233/1143/1057 1221/1131/1045
f 1224/1133/1047 1236/1145/1059 1235/1146/1060 1223/1134/1048
f 1225/1135/1049 1237/1147/1061 1236/1145/1059 1224/1133/1047
f 1226/1136/1050 1238/1148/1062 1237/1147/1061 1225/1135/1049
f 1227/1137/1051 1239/1149/1063 1238/1148/1062 1226/1136/1050
f 1228/1138/1052 1240/1150/1064 1239/1149/1063 1227/1137/1051
f 1229/1139/1053 1241/1151/1065 1240/1150/1064 1228/1138/1052
f 1230/1140/1054 1242/1152/1066 1241/1151/1065 1229/1139/1053
f 1231/1141/1055 1243/1153/1067 1242/1152/1066 1230/1140/1054
f 1232/1142/1056 1244/1154/1068 1243/1153/1067 1231/1141/1055
f 1233/1143/1057 1245/1155/1069 1244/1154/1068 1232/1142/1056
f 1234/1144/1058 1246/1156/1070 1245/1155/1069 1233/1143/1057
f 1236/1145/1059 180/1157/3 179/85/6 1235/1146/1060
f 1237/1147/1061 181/1158/7 180/1157/3 1236/1145/1059
f 1238/1148/1062 182/1159/9 181/1158/7 1237/1147/1061
f 1239/1149/1063 183/1160/11 182/1159/9 1238/1148/1062
f 1240/1150/1064 184/1161/13 183/1160/11 1239/1149/1063
f 1241/1151/1065 185/1162/15 184/1161/13 1240/1150/1064
f 1242/1152/1066 186/1163/17 185/1162/15 1241/1151/1065
f 1243/1153/1067 187/1164/19 186/1163/17 1242/1152/1066
f 1244/1154/1068 188/1165/21 187/1164/19 1243/1153/1067
f 1245/1155/1069 189/1166/23 188/1165/21 1244/1154/1068
f 1246/1156/1070 190/1167/25 189/1166/23 1245/1155/1069
