# Blender 4.1.1
# www.blender.org
mtllib Number_3.mtl
g Number_3_Number_3
v -0.181712 0.328578 0.050000
v -0.171531 0.332899 0.050000
v -0.161335 0.336775 0.050000
v -0.151077 0.340213 0.050000
v -0.140708 0.343221 0.050000
v -0.130179 0.345806 0.050000
v -0.119442 0.347974 0.050000
v -0.108447 0.349732 0.050000
v -0.097148 0.351087 0.050000
v -0.085494 0.352047 0.050000
v -0.073437 0.352617 0.050000
v -0.060929 0.352806 0.050000
v -0.031346 0.351366 0.050000
v -0.003679 0.347121 0.050000
v 0.021946 0.340181 0.050000
v 0.045404 0.330658 0.050000
v 0.066571 0.318663 0.050000
v 0.085321 0.304306 0.050000
v 0.101529 0.287700 0.050000
v 0.115071 0.268954 0.050000
v 0.125821 0.248181 0.050000
v 0.133654 0.225491 0.050000
v 0.138446 0.200996 0.050000
v 0.140071 0.174806 0.050000
v 0.139543 0.156480 0.050000
v 0.137932 0.139445 0.050000
v 0.135196 0.123619 0.050000
v 0.131293 0.108917 0.050000
v 0.126182 0.095257 0.050000
v 0.119821 0.082556 0.050000
v 0.112168 0.070730 0.050000
v 0.103182 0.059695 0.050000
v 0.092821 0.049369 0.050000
v 0.081043 0.039667 0.050000
v 0.067807 0.030507 0.050000
v 0.053071 0.021806 0.050000
v 0.069284 0.015544 0.050000
v 0.083941 0.007375 0.050000
v 0.097071 -0.002522 0.050000
v 0.108701 -0.013972 0.050000
v 0.118858 -0.026796 0.050000
v 0.127571 -0.040819 0.050000
v 0.134867 -0.055862 0.050000
v 0.140775 -0.071750 0.050000
v 0.145321 -0.088303 0.050000
v 0.148534 -0.105347 0.050000
v 0.150441 -0.122703 0.050000
v 0.151071 -0.140194 0.050000
v 0.149247 -0.169895 0.050000
v 0.143895 -0.197888 0.050000
v 0.135196 -0.224006 0.050000
v 0.123330 -0.248083 0.050000
v 0.108478 -0.269951 0.050000
v 0.090821 -0.289444 0.050000
v 0.070538 -0.306395 0.050000
v 0.047812 -0.320638 0.050000
v 0.022821 -0.332007 0.050000
v -0.004253 -0.340333 0.050000
v -0.033230 -0.345451 0.050000
v -0.063929 -0.347194 0.050000
v -0.075720 -0.346904 0.050000
v -0.087586 -0.346041 0.050000
v -0.099523 -0.344616 0.050000
v -0.111522 -0.342638 0.050000
v -0.123576 -0.340119 0.050000
v -0.135679 -0.337069 0.050000
v -0.147824 -0.333498 0.050000
v -0.160003 -0.329416 0.050000
v -0.172210 -0.324835 0.050000
v -0.184438 -0.319763 0.050000
v -0.196680 -0.314213 0.050000
v -0.208929 -0.308194 0.050000
v -0.208929 -0.202194 0.050000
v -0.195969 -0.210570 0.050000
v -0.183086 -0.218199 0.050000
v -0.170273 -0.225085 0.050000
v -0.157522 -0.231231 0.050000
v -0.144826 -0.236641 0.050000
v -0.132179 -0.241319 0.050000
v -0.119574 -0.245267 0.050000
v -0.107003 -0.248490 0.050000
v -0.094460 -0.250991 0.050000
v -0.081938 -0.252773 0.050000
v -0.069430 -0.253839 0.050000
v -0.056929 -0.254194 0.050000
v -0.040690 -0.253310 0.050000
v -0.025517 -0.250703 0.050000
v -0.011476 -0.246444 0.050000
v 0.001367 -0.240601 0.050000
v 0.012947 -0.233245 0.050000
v 0.023196 -0.224444 0.050000
v 0.032049 -0.214268 0.050000
v 0.039441 -0.202787 0.050000
v 0.045305 -0.190069 0.050000
v 0.049576 -0.176185 0.050000
v 0.052186 -0.161203 0.050000
v 0.053071 -0.145194 0.050000
v 0.052051 -0.128781 0.050000
v 0.048992 -0.113138 0.050000
v 0.043899 -0.098413 0.050000
v 0.036775 -0.084750 0.050000
v 0.027622 -0.072295 0.050000
v 0.016446 -0.061194 0.050000
v 0.003249 -0.051593 0.050000
v -0.011966 -0.043638 0.050000
v -0.029195 -0.037475 0.050000
v -0.048434 -0.033250 0.050000
v -0.069680 -0.031107 0.050000
v -0.092929 -0.031194 0.050000
v -0.092929 0.058806 0.050000
v -0.071366 0.059570 0.050000
v -0.051679 0.061834 0.050000
v -0.033866 0.065556 0.050000
v -0.017929 0.070695 0.050000
v -0.003866 0.077209 0.050000
v 0.008321 0.085056 0.050000
v 0.018634 0.094195 0.050000
v 0.027071 0.104584 0.050000
v 0.033634 0.116181 0.050000
v 0.038321 0.128945 0.050000
v 0.041134 0.142834 0.050000
v 0.042071 0.157806 0.050000
v 0.041124 0.173047 0.050000
v 0.038330 0.187237 0.050000
v 0.033759 0.200322 0.050000
v 0.027479 0.212250 0.050000
v 0.019560 0.222971 0.050000
v 0.010071 0.232431 0.050000
v -0.000917 0.240579 0.050000
v -0.013336 0.247362 0.050000
v -0.027116 0.252728 0.050000
v -0.042188 0.256625 0.050000
v -0.058482 0.259002 0.050000
v -0.075929 0.259806 0.050000
v -0.085086 0.259636 0.050000
v -0.094105 0.259116 0.050000
v -0.103054 0.258228 0.050000
v -0.112003 0.256954 0.050000
v -0.121021 0.255278 0.050000
v -0.130179 0.253181 0.050000
v -0.139545 0.250647 0.050000
v -0.149188 0.247658 0.050000
v -0.159179 0.244197 0.050000
v -0.169586 0.240246 0.050000
v -0.180480 0.235788 0.050000
v -0.191929 0.230806 0.050000
v -0.191929 0.323806 0.050000
v -0.181712 0.328578 -0.050000
v -0.171531 0.332899 -0.050000
v -0.161335 0.336775 -0.050000
v -0.151077 0.340213 -0.050000
v -0.140708 0.343221 -0.050000
v -0.130179 0.345806 -0.050000
v -0.119442 0.347974 -0.050000
v -0.108447 0.349732 -0.050000
v -0.097148 0.351087 -0.050000
v -0.085494 0.352047 -0.050000
v -0.073437 0.352617 -0.050000
v -0.060929 0.352806 -0.050000
v -0.031346 0.351366 -0.050000
v -0.003679 0.347121 -0.050000
v 0.021946 0.340181 -0.050000
v 0.045404 0.330658 -0.050000
v 0.066571 0.318663 -0.050000
v 0.085321 0.304306 -0.050000
v 0.101529 0.287700 -0.050000
v 0.115071 0.268954 -0.050000
v 0.125821 0.248181 -0.050000
v 0.133654 0.225491 -0.050000
v 0.138446 0.200996 -0.050000
v 0.140071 0.174806 -0.050000
v 0.139543 0.156480 -0.050000
v 0.137932 0.139445 -0.050000
v 0.135196 0.123619 -0.050000
v 0.131293 0.108917 -0.050000
v 0.126182 0.095257 -0.050000
v 0.119821 0.082556 -0.050000
v 0.112168 0.070730 -0.050000
v 0.103182 0.059695 -0.050000
v 0.092821 0.049369 -0.050000
v 0.081043 0.039667 -0.050000
v 0.067807 0.030507 -0.050000
v 0.053071 0.021806 -0.050000
v 0.069284 0.015544 -0.050000
v 0.083941 0.007375 -0.050000
v 0.097071 -0.002522 -0.050000
v 0.108701 -0.013972 -0.050000
v 0.118858 -0.026796 -0.050000
v 0.127571 -0.040819 -0.050000
v 0.134867 -0.055862 -0.050000
v 0.140775 -0.071750 -0.050000
v 0.145321 -0.088303 -0.050000
v 0.148534 -0.105347 -0.050000
v 0.150441 -0.122703 -0.050000
v 0.151071 -0.140194 -0.050000
v 0.149247 -0.169895 -0.050000
v 0.143895 -0.197888 -0.050000
v 0.135196 -0.224006 -0.050000
v 0.123330 -0.248083 -0.050000
v 0.108478 -0.269951 -0.050000
v 0.090821 -0.289444 -0.050000
v 0.070538 -0.306395 -0.050000
v 0.047812 -0.320638 -0.050000
v 0.022821 -0.332006 -0.050000
v -0.004253 -0.340333 -0.050000
v -0.033230 -0.345451 -0.050000
v -0.063929 -0.347194 -0.050000
v -0.075720 -0.346904 -0.050000
v -0.087586 -0.346041 -0.050000
v -0.099523 -0.344616 -0.050000
v -0.111522 -0.342638 -0.050000
v -0.123576 -0.340119 -0.050000
v -0.135679 -0.337069 -0.050000
v -0.147824 -0.333498 -0.050000
v -0.160003 -0.329416 -0.050000
v -0.172210 -0.324835 -0.050000
v -0.184438 -0.319763 -0.050000
v -0.196680 -0.314213 -0.050000
v -0.208929 -0.308194 -0.050000
v -0.208929 -0.202194 -0.050000
v -0.195969 -0.210570 -0.050000
v -0.183086 -0.218199 -0.050000
v -0.170273 -0.225085 -0.050000
v -0.157522 -0.231231 -0.050000
v -0.144826 -0.236641 -0.050000
v -0.132179 -0.241319 -0.050000
v -0.119574 -0.245267 -0.050000
v -0.107003 -0.248490 -0.050000
v -0.094460 -0.250991 -0.050000
v -0.081938 -0.252773 -0.050000
v -0.069430 -0.253839 -0.050000
v -0.056929 -0.254194 -0.050000
v -0.040690 -0.253310 -0.050000
v -0.025517 -0.250703 -0.050000
v -0.011476 -0.246444 -0.050000
v 0.001367 -0.240601 -0.050000
v 0.012947 -0.233245 -0.050000
v 0.023196 -0.224444 -0.050000
v 0.032049 -0.214268 -0.050000
v 0.039441 -0.202787 -0.050000
v 0.045305 -0.190069 -0.050000
v 0.049576 -0.176185 -0.050000
v 0.052186 -0.161203 -0.050000
v 0.053071 -0.145194 -0.050000
v 0.052051 -0.128781 -0.050000
v 0.048992 -0.113138 -0.050000
v 0.043899 -0.098413 -0.050000
v 0.036775 -0.084750 -0.050000
v 0.027622 -0.072295 -0.050000
v 0.016446 -0.061194 -0.050000
v 0.003249 -0.051593 -0.050000
v -0.011966 -0.043638 -0.050000
v -0.029195 -0.037475 -0.050000
v -0.048434 -0.033250 -0.050000
v -0.069680 -0.031107 -0.050000
v -0.092929 -0.031194 -0.050000
v -0.092929 0.058806 -0.050000
v -0.071366 0.059570 -0.050000
v -0.051679 0.061834 -0.050000
v -0.033866 0.065556 -0.050000
v -0.017929 0.070695 -0.050000
v -0.003866 0.077209 -0.050000
v 0.008321 0.085056 -0.050000
v 0.018634 0.094195 -0.050000
v 0.027071 0.104584 -0.050000
v 0.033634 0.116181 -0.050000
v 0.038321 0.128945 -0.050000
v 0.041134 0.142834 -0.050000
v 0.042071 0.157806 -0.050000
v 0.041124 0.173047 -0.050000
v 0.038330 0.187237 -0.050000
v 0.033759 0.200322 -0.050000
v 0.027479 0.212250 -0.050000
v 0.019560 0.222971 -0.050000
v 0.010071 0.232431 -0.050000
v -0.000917 0.240579 -0.050000
v -0.013336 0.247362 -0.050000
v -0.027116 0.252728 -0.050000
v -0.042188 0.256625 -0.050000
v -0.058482 0.259002 -0.050000
v -0.075929 0.259806 -0.050000
v -0.085086 0.259636 -0.050000
v -0.094105 0.259116 -0.050000
v -0.103054 0.258228 -0.050000
v -0.112003 0.256954 -0.050000
v -0.121021 0.255278 -0.050000
v -0.130179 0.253181 -0.050000
v -0.139545 0.250647 -0.050000
v -0.149188 0.247658 -0.050000
v -0.159179 0.244197 -0.050000
v -0.169586 0.240246 -0.050000
v -0.180480 0.235788 -0.050000
v -0.191929 0.230806 -0.050000
v -0.191929 0.323806 -0.050000
v -0.181712 0.328578 -0.050000
v -0.182970 0.331401 -0.049511
v -0.184105 0.333948 -0.048090
v -0.185005 0.335969 -0.045878
v -0.185584 0.337267 -0.043090
v -0.185783 0.337714 -0.040000
v -0.185783 0.337714 0.040000
v -0.185584 0.337267 0.043090
v -0.185005 0.335969 0.045878
v -0.184105 0.333948 0.048090
v -0.182970 0.331401 0.049511
v -0.181712 0.328578 0.050000
v -0.171531 0.332899 -0.050000
v -0.172684 0.335766 -0.049511
v -0.173724 0.338353 -0.048090
v -0.174550 0.340406 -0.045878
v -0.175080 0.341724 -0.043090
v -0.175262 0.342178 -0.040000
v -0.175262 0.342178 0.040000
v -0.175080 0.341724 0.043090
v -0.174550 0.340406 0.045878
v -0.173724 0.338353 0.048090
v -0.172684 0.335766 0.049511
v -0.171531 0.332899 0.050000
v -0.161335 0.336775 -0.050000
v -0.162376 0.339685 -0.049511
v -0.163314 0.342311 -0.048090
v -0.164059 0.344394 -0.045878
v -0.164538 0.345732 -0.043090
v -0.164702 0.346193 -0.040000
v -0.164702 0.346193 0.040000
v -0.164538 0.345732 0.043090
v -0.164059 0.344394 0.045878
v -0.163314 0.342311 0.048090
v -0.162376 0.339685 0.049511
v -0.161335 0.336775 0.050000
v -0.151077 0.340213 -0.050000
v -0.151999 0.343164 -0.049511
v -0.152831 0.345825 -0.048090
v -0.153491 0.347937 -0.045878
v -0.153915 0.349293 -0.043090
v -0.154061 0.349760 -0.040000
v -0.154061 0.349760 0.040000
v -0.153915 0.349293 0.043090
v -0.153491 0.347937 0.045878
v -0.152831 0.345825 0.048090
v -0.151999 0.343164 0.049511
v -0.151077 0.340213 0.050000
v -0.140708 0.343221 -0.050000
v -0.141507 0.346207 -0.049511
v -0.142228 0.348901 -0.048090
v -0.142800 0.351038 -0.045878
v -0.143167 0.352411 -0.043090
v -0.143294 0.352884 -0.040000
v -0.143294 0.352884 0.040000
v -0.143167 0.352411 0.043090
v -0.142800 0.351038 0.045878
v -0.142228 0.348901 0.048090
v -0.141507 0.346207 0.049511
v -0.140708 0.343221 0.050000
v -0.130179 0.345806 -0.050000
v -0.130853 0.348822 -0.049511
v -0.131462 0.351543 -0.048090
v -0.131945 0.353703 -0.045878
v -0.132255 0.355089 -0.043090
v -0.132361 0.355567 -0.040000
v -0.132361 0.355567 0.040000
v -0.132255 0.355089 0.043090
v -0.131945 0.353703 0.045878
v -0.131462 0.351543 0.048090
v -0.130853 0.348822 0.049511
v -0.130179 0.345806 0.050000
v -0.119442 0.347974 -0.050000
v -0.119992 0.351015 -0.049511
v -0.120488 0.353759 -0.048090
v -0.120882 0.355937 -0.045878
v -0.121134 0.357335 -0.043090
v -0.121221 0.357816 -0.040000
v -0.121221 0.357816 0.040000
v -0.121134 0.357335 0.043090
v -0.120882 0.355937 0.045878
v -0.120488 0.353759 0.048090
v -0.119992 0.351015 0.049511
v -0.119442 0.347974 0.050000
v -0.108447 0.349732 -0.050000
v -0.108876 0.352793 -0.049511
v -0.109262 0.355554 -0.048090
v -0.109568 0.357746 -0.045878
v -0.109765 0.359153 -0.043090
v -0.109833 0.359637 -0.040000
v -0.109833 0.359637 0.040000
v -0.109765 0.359153 0.043090
v -0.109568 0.357746 0.045878
v -0.109262 0.355554 0.048090
v -0.108876 0.352793 0.049511
v -0.108447 0.349732 0.050000
v -0.097148 0.351087 -0.050000
v -0.097459 0.354162 -0.049511
v -0.097739 0.356936 -0.048090
v -0.097962 0.359138 -0.045878
v -0.098105 0.360551 -0.043090
v -0.098154 0.361038 -0.040000
v -0.098154 0.361038 0.040000
v -0.098105 0.360551 0.043090
v -0.097962 0.359138 0.045878
v -0.097739 0.356936 0.048090
v -0.097459 0.354162 0.049511
v -0.097148 0.351087 0.050000
v -0.085494 0.352047 -0.050000
v -0.085694 0.355131 -0.049511
v -0.085874 0.357913 -0.048090
v -0.086017 0.360121 -0.045878
v -0.086109 0.361539 -0.043090
v -0.086141 0.362027 -0.040000
v -0.086141 0.362027 0.040000
v -0.086109 0.361539 0.043090
v -0.086017 0.360121 0.045878
v -0.085874 0.357913 0.048090
v -0.085694 0.355131 0.049511
v -0.085494 0.352047 0.050000
v -0.073437 0.352617 -0.050000
v -0.073533 0.355706 -0.049511
v -0.073620 0.358493 -0.048090
v -0.073689 0.360705 -0.045878
v -0.073734 0.362125 -0.043090
v -0.073749 0.362614 -0.040000
v -0.073749 0.362614 0.040000
v -0.073734 0.362125 0.043090
v -0.073689 0.360705 0.045878
v -0.073620 0.358493 0.048090
v -0.073533 0.355706 0.049511
v -0.073437 0.352617 0.050000
v -0.060929 0.352806 -0.050000
v -0.060877 0.355897 -0.049511
v -0.060830 0.358686 -0.048090
v -0.060793 0.360899 -0.045878
v -0.060769 0.362320 -0.043090
v -0.060761 0.362810 -0.040000
v -0.060761 0.362810 0.040000
v -0.060769 0.362320 0.043090
v -0.060793 0.360899 0.045878
v -0.060830 0.358686 0.048090
v -0.060877 0.355897 0.049511
v -0.060929 0.352806 0.050000
v -0.031346 0.351366 -0.050000
v -0.031035 0.354445 -0.049511
v -0.030755 0.357222 -0.048090
v -0.030533 0.359426 -0.045878
v -0.030391 0.360842 -0.043090
v -0.030342 0.361329 -0.040000
v -0.030342 0.361329 0.040000
v -0.030391 0.360842 0.043090
v -0.030533 0.359426 0.045878
v -0.030755 0.357222 0.048090
v -0.031035 0.354445 0.049511
v -0.031346 0.351366 0.050000
v -0.003679 0.347121 -0.050000
v -0.003039 0.350149 -0.049511
v -0.002461 0.352881 -0.048090
v -0.002003 0.355049 -0.045878
v -0.001708 0.356440 -0.043090
v -0.001607 0.356920 -0.040000
v -0.001607 0.356920 0.040000
v -0.001708 0.356440 0.043090
v -0.002003 0.355049 0.045878
v -0.002461 0.352881 0.048090
v -0.003039 0.350149 0.049511
v -0.003679 0.347121 0.050000
v 0.021946 0.340181 -0.050000
v 0.022935 0.343115 -0.049511
v 0.023827 0.345761 -0.048090
v 0.024534 0.347862 -0.045878
v 0.024989 0.349210 -0.043090
v 0.025145 0.349675 -0.040000
v 0.025145 0.349675 0.040000
v 0.024989 0.349210 0.043090
v 0.024534 0.347862 0.045878
v 0.023827 0.345761 0.048090
v 0.022935 0.343115 0.049511
v 0.021946 0.340181 0.050000
v 0.045404 0.330658 -0.050000
v 0.046753 0.333446 -0.049511
v 0.047970 0.335960 -0.048090
v 0.048935 0.337956 -0.045878
v 0.049555 0.339237 -0.043090
v 0.049769 0.339679 -0.040000
v 0.049769 0.339679 0.040000
v 0.049555 0.339237 0.043090
v 0.048935 0.337956 0.045878
v 0.047970 0.335960 0.048090
v 0.046753 0.333446 0.049511
v 0.045404 0.330658 0.050000
v 0.066571 0.318663 -0.050000
v 0.068280 0.321246 -0.049511
v 0.069822 0.323576 -0.048090
v 0.071046 0.325426 -0.045878
v 0.071832 0.326613 -0.043090
v 0.072102 0.327022 -0.040000
v 0.072102 0.327022 0.040000
v 0.071832 0.326613 0.043090
v 0.071046 0.325426 0.045878
v 0.069822 0.323576 0.048090
v 0.068280 0.321246 0.049511
v 0.066571 0.318663 0.050000
v 0.085321 0.304306 -0.050000
v 0.087377 0.306624 -0.049511
v 0.089231 0.308715 -0.048090
v 0.090703 0.310375 -0.045878
v 0.091648 0.311440 -0.043090
v 0.091973 0.311807 -0.040000
v 0.091973 0.311807 0.040000
v 0.091648 0.311440 0.043090
v 0.090703 0.310375 0.045878
v 0.089231 0.308715 0.048090
v 0.087377 0.306624 0.049511
v 0.085321 0.304306 0.050000
v 0.101529 0.287700 -0.050000
v 0.103900 0.289694 -0.049511
v 0.106039 0.291494 -0.048090
v 0.107737 0.292922 -0.045878
v 0.108827 0.293839 -0.043090
v 0.109202 0.294155 -0.040000
v 0.109202 0.294155 0.040000
v 0.108827 0.293839 0.043090
v 0.107737 0.292922 0.045878
v 0.106039 0.291494 0.048090
v 0.103900 0.289694 0.049511
v 0.101529 0.287700 0.050000
v 0.115071 0.268954 -0.050000
v 0.117710 0.270578 -0.049511
v 0.120091 0.272043 -0.048090
v 0.121980 0.273205 -0.045878
v 0.123193 0.273952 -0.043090
v 0.123611 0.274209 -0.040000
v 0.123611 0.274209 0.040000
v 0.123193 0.273952 0.043090
v 0.121980 0.273205 0.045878
v 0.120091 0.272043 0.048090
v 0.117710 0.270578 0.049511
v 0.115071 0.268954 0.050000
v 0.125821 0.248181 -0.050000
v 0.128669 0.249402 -0.049511
v 0.131238 0.250503 -0.048090
v 0.133276 0.251377 -0.045878
v 0.134585 0.251938 -0.043090
v 0.135036 0.252131 -0.040000
v 0.135036 0.252131 0.040000
v 0.134585 0.251938 0.043090
v 0.133276 0.251377 0.045878
v 0.131238 0.250503 0.048090
v 0.128669 0.249402 0.049511
v 0.125821 0.248181 0.050000
v 0.133654 0.225491 -0.050000
v 0.136646 0.226296 -0.049511
v 0.139344 0.227022 -0.048090
v 0.141486 0.227598 -0.045878
v 0.142861 0.227968 -0.043090
v 0.143335 0.228095 -0.040000
v 0.143335 0.228095 0.040000
v 0.142861 0.227968 0.043090
v 0.141486 0.227598 0.045878
v 0.139344 0.227022 0.048090
v 0.136646 0.226296 0.049511
v 0.133654 0.225491 0.050000
v 0.138446 0.200996 -0.050000
v 0.141518 0.201390 -0.049511
v 0.144289 0.201745 -0.048090
v 0.146488 0.202027 -0.045878
v 0.147900 0.202208 -0.043090
v 0.148386 0.202271 -0.040000
v 0.148386 0.202271 0.040000
v 0.147900 0.202208 0.043090
v 0.146488 0.202027 0.045878
v 0.144289 0.201745 0.048090
v 0.141518 0.201390 0.049511
v 0.138446 0.200996 0.050000
v 0.140071 0.174806 -0.050000
v 0.143164 0.174857 -0.049511
v 0.145954 0.174904 -0.048090
v 0.148168 0.174940 -0.045878
v 0.149590 0.174964 -0.043090
v 0.150080 0.174972 -0.040000
v 0.150080 0.174972 0.040000
v 0.149590 0.174964 0.043090
v 0.148168 0.174940 0.045878
v 0.145954 0.174904 0.048090
v 0.143164 0.174857 0.049511
v 0.140071 0.174806 0.050000
v 0.139543 0.156480 -0.050000
v 0.142629 0.156289 -0.049511
v 0.145413 0.156118 -0.048090
v 0.147622 0.155982 -0.045878
v 0.149041 0.155894 -0.043090
v 0.149530 0.155864 -0.040000
v 0.149530 0.155864 0.040000
v 0.149041 0.155894 0.043090
v 0.147622 0.155982 0.045878
v 0.145413 0.156118 0.048090
v 0.142629 0.156289 0.049511
v 0.139543 0.156480 0.050000
v 0.137932 0.139445 -0.050000
v 0.140997 0.139036 -0.049511
v 0.143763 0.138666 -0.048090
v 0.145957 0.138373 -0.045878
v 0.147366 0.138185 -0.043090
v 0.147852 0.138120 -0.040000
v 0.147852 0.138120 0.040000
v 0.147366 0.138185 0.043090
v 0.145957 0.138373 0.045878
v 0.143763 0.138666 0.048090
v 0.140997 0.139036 0.049511
v 0.137932 0.139445 0.050000
v 0.135196 0.123619 -0.050000
v 0.138218 0.122958 -0.049511
v 0.140944 0.122361 -0.048090
v 0.143107 0.121888 -0.045878
v 0.144496 0.121584 -0.043090
v 0.144975 0.121480 -0.040000
v 0.144975 0.121480 0.040000
v 0.144496 0.121584 0.043090
v 0.143107 0.121888 0.045878
v 0.140944 0.122361 0.048090
v 0.138218 0.122958 0.049511
v 0.135196 0.123619 0.050000
v 0.131293 0.108917 -0.050000
v 0.134241 0.107977 -0.049511
v 0.136900 0.107129 -0.048090
v 0.139010 0.106456 -0.045878
v 0.140365 0.106024 -0.043090
v 0.140832 0.105875 -0.040000
v 0.140832 0.105875 0.040000
v 0.140365 0.106024 0.043090
v 0.139010 0.106456 0.045878
v 0.136900 0.107129 0.048090
v 0.134241 0.107977 0.049511
v 0.131293 0.108917 0.050000
v 0.126182 0.095257 -0.050000
v 0.129019 0.094021 -0.049511
v 0.131578 0.092905 -0.048090
v 0.133609 0.092019 -0.045878
v 0.134912 0.091451 -0.043090
v 0.135362 0.091255 -0.040000
v 0.135362 0.091255 0.040000
v 0.134912 0.091451 0.043090
v 0.133609 0.092019 0.045878
v 0.131578 0.092905 0.048090
v 0.129019 0.094021 0.049511
v 0.126182 0.095257 0.050000
v 0.119821 0.082556 -0.050000
v 0.122508 0.081020 -0.049511
v 0.124932 0.079635 -0.048090
v 0.126855 0.078535 -0.045878
v 0.128090 0.077829 -0.043090
v 0.128516 0.077586 -0.040000
v 0.128516 0.077586 0.040000
v 0.128090 0.077829 0.043090
v 0.126855 0.078535 0.045878
v 0.124932 0.079635 0.048090
v 0.122508 0.081020 0.049511
v 0.119821 0.082556 0.050000
v 0.112168 0.070730 -0.050000
v 0.114671 0.068909 -0.049511
v 0.116929 0.067267 -0.048090
v 0.118720 0.065964 -0.045878
v 0.119871 0.065127 -0.043090
v 0.120267 0.064838 -0.040000
v 0.120267 0.064838 0.040000
v 0.119871 0.065127 0.043090
v 0.118720 0.065964 0.045878
v 0.116929 0.067267 0.048090
v 0.114671 0.068909 0.049511
v 0.112168 0.070730 0.050000
v 0.103182 0.059695 -0.050000
v 0.105477 0.057619 -0.049511
v 0.107547 0.055747 -0.048090
v 0.109190 0.054261 -0.045878
v 0.110245 0.053307 -0.043090
v 0.110609 0.052978 -0.040000
v 0.110609 0.052978 0.040000
v 0.110245 0.053307 0.043090
v 0.109190 0.054261 0.045878
v 0.107547 0.055747 0.048090
v 0.105477 0.057619 0.049511
v 0.103182 0.059695 0.050000
v 0.092821 0.049369 -0.050000
v 0.094899 0.047076 -0.049511
v 0.096773 0.045009 -0.048090
v 0.098261 0.043368 -0.045878
v 0.099216 0.042314 -0.043090
v 0.099545 0.041951 -0.040000
v 0.099545 0.041951 0.040000
v 0.099216 0.042314 0.043090
v 0.098261 0.043368 0.045878
v 0.096773 0.045009 0.048090
v 0.094899 0.047076 0.049511
v 0.092821 0.049369 0.050000
v 0.081043 0.039667 -0.050000
v 0.082908 0.037200 -0.049511
v 0.084591 0.034974 -0.048090
v 0.085926 0.033207 -0.045878
v 0.086783 0.032073 -0.043090
v 0.087078 0.031682 -0.040000
v 0.087078 0.031682 0.040000
v 0.086783 0.032073 0.043090
v 0.085926 0.033207 0.045878
v 0.084591 0.034974 0.048090
v 0.082908 0.037200 0.049511
v 0.081043 0.039667 0.050000
v 0.067807 0.030507 -0.050000
v 0.069474 0.027903 -0.049511
v 0.070978 0.025554 -0.048090
v 0.072171 0.023689 -0.045878
v 0.072938 0.022492 -0.043090
v 0.073202 0.022080 -0.040000
v 0.073202 0.022080 0.040000
v 0.072938 0.022492 0.043090
v 0.072171 0.023689 0.045878
v 0.070978 0.025554 0.048090
v 0.069474 0.027903 0.049511
v 0.067807 0.030507 0.050000
v 0.053071 0.021806 -0.050000
v 0.060137 0.022390 -0.049511
v 0.066511 0.022916 -0.048090
v 0.071570 0.023334 -0.045878
v 0.074817 0.023602 -0.043090
v 0.075937 0.023694 -0.040000
v 0.075937 0.023694 0.040000
v 0.074817 0.023602 0.043090
v 0.071570 0.023334 0.045878
v 0.066511 0.022916 0.048090
v 0.060137 0.022390 0.049511
v 0.053071 0.021806 0.050000
v 0.069284 0.015544 -0.050000
v 0.070599 0.018348 -0.049511
v 0.071786 0.020879 -0.048090
v 0.072727 0.022886 -0.045878
v 0.073332 0.024176 -0.043090
v 0.073540 0.024620 -0.040000
v 0.073540 0.024620 0.040000
v 0.073332 0.024176 0.043090
v 0.072727 0.022886 0.045878
v 0.071786 0.020879 0.048090
v 0.070599 0.018348 0.049511
v 0.069284 0.015544 0.050000
v 0.083941 0.007375 -0.050000
v 0.085632 0.009971 -0.049511
v 0.087156 0.012313 -0.048090
v 0.088366 0.014171 -0.045878
v 0.089143 0.015364 -0.043090
v 0.089411 0.015775 -0.040000
v 0.089411 0.015775 0.040000
v 0.089143 0.015364 0.043090
v 0.088366 0.014171 0.045878
v 0.087156 0.012313 0.048090
v 0.085632 0.009971 0.049511
v 0.083941 0.007375 0.050000
v 0.097071 -0.002522 -0.050000
v 0.099094 -0.000177 -0.049511
v 0.100919 0.001938 -0.048090
v 0.102367 0.003617 -0.045878
v 0.103297 0.004695 -0.043090
v 0.103617 0.005066 -0.040000
v 0.103617 0.005066 0.040000
v 0.103297 0.004695 0.043090
v 0.102367 0.003617 0.045878
v 0.100919 0.001938 0.048090
v 0.099094 -0.000177 0.049511
v 0.097071 -0.002522 0.050000
v 0.108701 -0.013972 -0.050000
v 0.111005 -0.011904 -0.049511
v 0.113083 -0.010038 -0.048090
v 0.114732 -0.008557 -0.045878
v 0.115791 -0.007607 -0.043090
v 0.116156 -0.007279 -0.040000
v 0.116156 -0.007279 0.040000
v 0.115791 -0.007607 0.043090
v 0.114732 -0.008557 0.045878
v 0.113083 -0.010038 0.048090
v 0.111005 -0.011904 0.049511
v 0.108701 -0.013972 0.050000
v 0.118858 -0.026796 -0.050000
v 0.121390 -0.025016 -0.049511
v 0.123674 -0.023410 -0.048090
v 0.125486 -0.022135 -0.045878
v 0.126650 -0.021317 -0.043090
v 0.127051 -0.021035 -0.040000
v 0.127051 -0.021035 0.040000
v 0.126650 -0.021317 0.043090
v 0.125486 -0.022135 0.045878
v 0.123674 -0.023410 0.048090
v 0.121390 -0.025016 0.049511
v 0.118858 -0.026796 0.050000
v 0.127571 -0.040819 -0.050000
v 0.130281 -0.039325 -0.049511
v 0.132726 -0.037978 -0.048090
v 0.134666 -0.036908 -0.045878
v 0.135911 -0.036222 -0.043090
v 0.136341 -0.035985 -0.040000
v 0.136341 -0.035985 0.040000
v 0.135911 -0.036222 0.043090
v 0.134666 -0.036908 0.045878
v 0.132726 -0.037978 0.048090
v 0.130281 -0.039325 0.049511
v 0.127571 -0.040819 0.050000
v 0.134867 -0.055862 -0.050000
v 0.137712 -0.054647 -0.049511
v 0.140279 -0.053550 -0.048090
v 0.142315 -0.052680 -0.045878
v 0.143623 -0.052121 -0.043090
v 0.144074 -0.051929 -0.040000
v 0.144074 -0.051929 0.040000
v 0.143623 -0.052121 0.043090
v 0.142315 -0.052680 0.045878
v 0.140279 -0.053550 0.048090
v 0.137712 -0.054647 0.049511
v 0.134867 -0.055862 0.050000
v 0.140775 -0.071750 -0.050000
v 0.143719 -0.070800 -0.049511
v 0.146374 -0.069943 -0.048090
v 0.148482 -0.069264 -0.045878
v 0.149835 -0.068827 -0.043090
v 0.150301 -0.068677 -0.040000
v 0.150301 -0.068677 0.040000
v 0.149835 -0.068827 0.043090
v 0.148482 -0.069264 0.045878
v 0.146374 -0.069943 0.048090
v 0.143719 -0.070800 0.049511
v 0.140775 -0.071750 0.050000
v 0.145321 -0.088303 -0.050000
v 0.148334 -0.087607 -0.049511
v 0.151053 -0.086978 -0.048090
v 0.153210 -0.086480 -0.045878
v 0.154595 -0.086160 -0.043090
v 0.155072 -0.086049 -0.040000
v 0.155072 -0.086049 0.040000
v 0.154595 -0.086160 0.043090
v 0.153210 -0.086480 0.045878
v 0.151053 -0.086978 0.048090
v 0.148334 -0.087607 0.049511
v 0.145321 -0.088303 0.050000
v 0.148534 -0.105347 -0.050000
v 0.151593 -0.104891 -0.049511
v 0.154352 -0.104480 -0.048090
v 0.156542 -0.104154 -0.045878
v 0.157948 -0.103944 -0.043090
v 0.158432 -0.103872 -0.040000
v 0.158432 -0.103872 0.040000
v 0.157948 -0.103944 0.043090
v 0.156542 -0.104154 0.045878
v 0.154352 -0.104480 0.048090
v 0.151593 -0.104891 0.049511
v 0.148534 -0.105347 0.050000
v 0.150441 -0.122703 -0.050000
v 0.153525 -0.122478 -0.049511
v 0.156308 -0.122275 -0.048090
v 0.158516 -0.122114 -0.045878
v 0.159933 -0.122011 -0.043090
v 0.160422 -0.121976 -0.040000
v 0.160422 -0.121976 0.040000
v 0.159933 -0.122011 0.043090
v 0.158516 -0.122114 0.045878
v 0.156308 -0.122275 0.048090
v 0.153525 -0.122478 0.049511
v 0.150441 -0.122703 0.050000
v 0.151071 -0.140194 -0.050000
v 0.154165 -0.140233 -0.049511
v 0.156955 -0.140269 -0.048090
v 0.159170 -0.140297 -0.045878
v 0.160592 -0.140315 -0.043090
v 0.161082 -0.140321 -0.040000
v 0.161082 -0.140321 0.040000
v 0.160592 -0.140315 0.043090
v 0.159170 -0.140297 0.045878
v 0.156955 -0.140269 0.048090
v 0.154165 -0.140233 0.049511
v 0.151071 -0.140194 0.050000
v 0.149247 -0.169895 -0.050000
v 0.152319 -0.170282 -0.049511
v 0.155090 -0.170630 -0.048090
v 0.157290 -0.170907 -0.045878
v 0.158702 -0.171085 -0.043090
v 0.159189 -0.171146 -0.040000
v 0.159189 -0.171146 0.040000
v 0.158702 -0.171085 0.043090
v 0.157290 -0.170907 0.045878
v 0.155090 -0.170630 0.048090
v 0.152319 -0.170282 0.049511
v 0.149247 -0.169895 0.050000
v 0.143895 -0.197888 -0.050000
v 0.146892 -0.198670 -0.049511
v 0.149595 -0.199376 -0.048090
v 0.151740 -0.199935 -0.045878
v 0.153118 -0.200295 -0.043090
v 0.153592 -0.200418 -0.040000
v 0.153592 -0.200418 0.040000
v 0.153118 -0.200295 0.043090
v 0.151740 -0.199935 0.045878
v 0.149595 -0.199376 0.048090
v 0.146892 -0.198670 0.049511
v 0.143895 -0.197888 0.050000
v 0.135196 -0.224006 -0.050000
v 0.138061 -0.225183 -0.049511
v 0.140646 -0.226245 -0.048090
v 0.142697 -0.227087 -0.045878
v 0.144014 -0.227628 -0.043090
v 0.144468 -0.227815 -0.040000
v 0.144468 -0.227815 0.040000
v 0.144014 -0.227628 0.043090
v 0.142697 -0.227087 0.045878
v 0.140646 -0.226245 0.048090
v 0.138061 -0.225183 0.049511
v 0.135196 -0.224006 0.050000
v 0.123330 -0.248083 -0.050000
v 0.126007 -0.249641 -0.049511
v 0.128422 -0.251047 -0.048090
v 0.130338 -0.252163 -0.045878
v 0.131569 -0.252880 -0.043090
v 0.131993 -0.253127 -0.040000
v 0.131993 -0.253127 0.040000
v 0.131569 -0.252880 0.043090
v 0.130338 -0.252163 0.045878
v 0.128422 -0.251047 0.048090
v 0.126007 -0.249641 0.049511
v 0.123330 -0.248083 0.050000
v 0.108478 -0.269951 -0.050000
v 0.110913 -0.271866 -0.049511
v 0.113110 -0.273593 -0.048090
v 0.114853 -0.274964 -0.045878
v 0.115973 -0.275844 -0.043090
v 0.116358 -0.276147 -0.040000
v 0.116358 -0.276147 0.040000
v 0.115973 -0.275844 0.043090
v 0.114853 -0.274964 0.045878
v 0.113110 -0.273593 0.048090
v 0.110913 -0.271866 0.049511
v 0.108478 -0.269951 0.050000
v 0.090821 -0.289444 -0.050000
v 0.092967 -0.291678 -0.049511
v 0.094903 -0.293692 -0.048090
v 0.096440 -0.295291 -0.045878
v 0.097426 -0.296318 -0.043090
v 0.097766 -0.296672 -0.040000
v 0.097766 -0.296672 0.040000
v 0.097426 -0.296318 0.043090
v 0.096440 -0.295291 0.045878
v 0.094903 -0.293692 0.048090
v 0.092967 -0.291678 0.049511
v 0.090821 -0.289444 0.050000
v 0.070538 -0.306395 -0.050000
v 0.072358 -0.308902 -0.049511
v 0.074000 -0.311163 -0.048090
v 0.075303 -0.312957 -0.045878
v 0.076139 -0.314109 -0.043090
v 0.076427 -0.314506 -0.040000
v 0.076427 -0.314506 0.040000
v 0.076139 -0.314109 0.043090
v 0.075303 -0.312957 0.045878
v 0.074000 -0.311163 0.048090
v 0.072358 -0.308902 0.049511
v 0.070538 -0.306395 0.050000
v 0.047812 -0.320638 -0.050000
v 0.049278 -0.323366 -0.049511
v 0.050602 -0.325827 -0.048090
v 0.051652 -0.327780 -0.045878
v 0.052326 -0.329033 -0.043090
v 0.052558 -0.329465 -0.040000
v 0.052558 -0.329465 0.040000
v 0.052326 -0.329033 0.043090
v 0.051652 -0.327780 0.045878
v 0.050602 -0.325827 0.048090
v 0.049278 -0.323366 0.049511
v 0.047812 -0.320638 0.050000
v 0.022821 -0.332006 -0.050000
v 0.023920 -0.334902 -0.049511
v 0.024910 -0.337513 -0.048090
v 0.025697 -0.339586 -0.045878
v 0.026202 -0.340917 -0.043090
v 0.026376 -0.341375 -0.040000
v 0.026376 -0.341375 0.040000
v 0.026202 -0.340917 0.043090
v 0.025697 -0.339586 0.045878
v 0.024910 -0.337513 0.048090
v 0.023920 -0.334902 0.049511
v 0.022821 -0.332007 0.050000
v -0.004253 -0.340333 -0.050000
v -0.003527 -0.343343 -0.049511
v -0.002873 -0.346058 -0.048090
v -0.002353 -0.348213 -0.045878
v -0.002020 -0.349596 -0.043090
v -0.001905 -0.350073 -0.040000
v -0.001905 -0.350073 0.040000
v -0.002020 -0.349596 0.043090
v -0.002353 -0.348213 0.045878
v -0.002873 -0.346058 0.048090
v -0.003527 -0.343343 0.049511
v -0.004253 -0.340333 0.050000
v -0.033230 -0.345451 -0.050000
v -0.032872 -0.348526 -0.049511
v -0.032550 -0.351300 -0.048090
v -0.032294 -0.353501 -0.045878
v -0.032129 -0.354914 -0.043090
v -0.032073 -0.355401 -0.040000
v -0.032073 -0.355401 0.040000
v -0.032129 -0.354914 0.043090
v -0.032294 -0.353501 0.045878
v -0.032550 -0.351300 0.048090
v -0.032872 -0.348526 0.049511
v -0.033230 -0.345451 0.050000
v -0.063929 -0.347194 -0.050000
v -0.063879 -0.350286 -0.049511
v -0.063834 -0.353076 -0.048090
v -0.063799 -0.355290 -0.045878
v -0.063776 -0.356711 -0.043090
v -0.063768 -0.357201 -0.040000
v -0.063768 -0.357201 0.040000
v -0.063776 -0.356711 0.043090
v -0.063799 -0.355290 0.045878
v -0.063834 -0.353076 0.048090
v -0.063879 -0.350286 0.049511
v -0.063929 -0.347194 0.050000
v -0.075720 -0.346904 -0.050000
v -0.075870 -0.349991 -0.049511
v -0.076005 -0.352777 -0.048090
v -0.076113 -0.354987 -0.045878
v -0.076182 -0.356406 -0.043090
v -0.076205 -0.356895 -0.040000
v -0.076205 -0.356895 0.040000
v -0.076182 -0.356406 0.043090
v -0.076113 -0.354987 0.045878
v -0.076005 -0.352777 0.048090
v -0.075870 -0.349991 0.049511
v -0.075720 -0.346904 0.050000
v -0.087586 -0.346041 -0.050000
v -0.087882 -0.349118 -0.049511
v -0.088148 -0.351894 -0.048090
v -0.088360 -0.354097 -0.045878
v -0.088496 -0.355511 -0.043090
v -0.088542 -0.355998 -0.040000
v -0.088542 -0.355998 0.040000
v -0.088496 -0.355511 0.043090
v -0.088360 -0.354097 0.045878
v -0.088148 -0.351894 0.048090
v -0.087882 -0.349118 0.049511
v -0.087586 -0.346041 0.050000
v -0.099523 -0.344616 -0.050000
v -0.099957 -0.347676 -0.049511
v -0.100349 -0.350437 -0.048090
v -0.100661 -0.352628 -0.045878
v -0.100861 -0.354034 -0.043090
v -0.100929 -0.354519 -0.040000
v -0.100929 -0.354519 0.040000
v -0.100861 -0.354034 0.043090
v -0.100661 -0.352628 0.045878
v -0.100349 -0.350437 0.048090
v -0.099957 -0.347676 0.049511
v -0.099523 -0.344616 0.050000
v -0.111522 -0.342638 -0.050000
v -0.112089 -0.345677 -0.049511
v -0.112601 -0.348418 -0.048090
v -0.113008 -0.350593 -0.045878
v -0.113268 -0.351989 -0.043090
v -0.113358 -0.352471 -0.040000
v -0.113358 -0.352471 0.040000
v -0.113268 -0.351989 0.043090
v -0.113008 -0.350593 0.045878
v -0.112601 -0.348418 0.048090
v -0.112089 -0.345677 0.049511
v -0.111522 -0.342638 0.050000
v -0.123576 -0.340119 -0.050000
v -0.124270 -0.343131 -0.049511
v -0.124896 -0.345848 -0.048090
v -0.125393 -0.348005 -0.045878
v -0.125712 -0.349389 -0.043090
v -0.125822 -0.349866 -0.040000
v -0.125822 -0.349866 0.040000
v -0.125712 -0.349389 0.043090
v -0.125393 -0.348005 0.045878
v -0.124896 -0.345848 0.048090
v -0.124270 -0.343131 0.049511
v -0.123576 -0.340119 0.050000
v -0.135679 -0.337069 -0.050000
v -0.136493 -0.340051 -0.049511
v -0.137227 -0.342741 -0.048090
v -0.137810 -0.344875 -0.045878
v -0.138184 -0.346246 -0.043090
v -0.138313 -0.346718 -0.040000
v -0.138313 -0.346718 0.040000
v -0.138184 -0.346246 0.043090
v -0.137810 -0.344875 0.045878
v -0.137227 -0.342741 0.048090
v -0.136493 -0.340051 0.049511
v -0.135679 -0.337069 0.050000
v -0.147824 -0.333498 -0.050000
v -0.148751 -0.336446 -0.049511
v -0.149587 -0.339106 -0.048090
v -0.150251 -0.341217 -0.045878
v -0.150677 -0.342572 -0.043090
v -0.150824 -0.343039 -0.040000
v -0.150824 -0.343039 0.040000
v -0.150677 -0.342572 0.043090
v -0.150251 -0.341217 0.045878
v -0.149587 -0.339106 0.048090
v -0.148751 -0.336446 0.049511
v -0.147824 -0.333498 0.050000
v -0.160003 -0.329416 -0.050000
v -0.161037 -0.332329 -0.049511
v -0.161970 -0.334956 -0.048090
v -0.162711 -0.337041 -0.045878
v -0.163186 -0.338380 -0.043090
v -0.163350 -0.338841 -0.040000
v -0.163350 -0.338841 0.040000
v -0.163186 -0.338380 0.043090
v -0.162711 -0.337041 0.045878
v -0.161970 -0.334956 0.048090
v -0.161037 -0.332329 0.049511
v -0.160003 -0.329416 0.050000
v -0.172210 -0.324835 -0.050000
v -0.173345 -0.327709 -0.049511
v -0.174369 -0.330302 -0.048090
v -0.175182 -0.332360 -0.045878
v -0.175704 -0.333682 -0.043090
v -0.175884 -0.334137 -0.040000
v -0.175884 -0.334137 0.040000
v -0.175704 -0.333682 0.043090
v -0.175182 -0.332360 0.045878
v -0.174369 -0.330302 0.048090
v -0.173345 -0.327709 0.049511
v -0.172210 -0.324835 0.050000
v -0.184438 -0.319763 -0.050000
v -0.185669 -0.322599 -0.049511
v -0.186778 -0.325156 -0.048090
v -0.187659 -0.327186 -0.045878
v -0.188225 -0.328489 -0.043090
v -0.188419 -0.328938 -0.040000
v -0.188419 -0.328938 0.040000
v -0.188225 -0.328489 0.043090
v -0.187659 -0.327186 0.045878
v -0.186778 -0.325156 0.048090
v -0.185669 -0.322599 0.049511
v -0.184438 -0.319763 0.050000
v -0.196680 -0.314213 -0.050000
v -0.198000 -0.317008 -0.049511
v -0.199190 -0.319529 -0.048090
v -0.200135 -0.321529 -0.045878
v -0.200742 -0.322814 -0.043090
v -0.200951 -0.323257 -0.040000
v -0.200951 -0.323257 0.040000
v -0.200742 -0.322814 0.043090
v -0.200135 -0.321529 0.045878
v -0.199190 -0.319529 0.048090
v -0.198000 -0.317008 0.049511
v -0.196680 -0.314213 0.050000
v -0.208929 -0.308194 -0.050000
v -0.212019 -0.310119 -0.049511
v -0.214807 -0.311855 -0.048090
v -0.217019 -0.313233 -0.045878
v -0.218440 -0.314117 -0.043090
v -0.218929 -0.314422 -0.040000
v -0.218929 -0.314422 0.040000
v -0.218440 -0.314117 0.043090
v -0.217019 -0.313233 0.045878
v -0.214807 -0.311855 0.048090
v -0.212019 -0.310119 0.049511
v -0.208929 -0.308194 0.050000
v -0.208929 -0.202194 -0.050000
v -0.212019 -0.196518 -0.049511
v -0.214807 -0.191397 -0.048090
v -0.217019 -0.187333 -0.045878
v -0.218440 -0.184724 -0.043090
v -0.218929 -0.183824 -0.040000
v -0.218929 -0.183824 0.040000
v -0.218440 -0.184724 0.043090
v -0.217019 -0.187333 0.045878
v -0.214807 -0.191397 0.048090
v -0.212019 -0.196518 0.049511
v -0.208929 -0.202194 0.050000
v -0.195969 -0.210570 -0.050000
v -0.194343 -0.207941 -0.049511
v -0.192875 -0.205571 -0.048090
v -0.191711 -0.203689 -0.045878
v -0.190963 -0.202481 -0.043090
v -0.190706 -0.202065 -0.040000
v -0.190706 -0.202065 0.040000
v -0.190963 -0.202481 0.043090
v -0.191711 -0.203689 0.045878
v -0.192875 -0.205571 0.048090
v -0.194343 -0.207941 0.049511
v -0.195969 -0.210570 0.050000
v -0.183086 -0.218199 -0.050000
v -0.181567 -0.215507 -0.049511
v -0.180196 -0.213079 -0.048090
v -0.179109 -0.211152 -0.045878
v -0.178410 -0.209915 -0.043090
v -0.178170 -0.209488 -0.040000
v -0.178170 -0.209488 0.040000
v -0.178410 -0.209915 0.043090
v -0.179109 -0.211152 0.045878
v -0.180196 -0.213079 0.048090
v -0.181567 -0.215507 0.049511
v -0.183086 -0.218199 0.050000
v -0.170273 -0.225085 -0.050000
v -0.168870 -0.222330 -0.049511
v -0.167604 -0.219846 -0.048090
v -0.166600 -0.217874 -0.045878
v -0.165955 -0.216608 -0.043090
v -0.165733 -0.216172 -0.040000
v -0.165733 -0.216172 0.040000
v -0.165955 -0.216608 0.043090
v -0.166600 -0.217874 0.045878
v -0.167604 -0.219846 0.048090
v -0.168870 -0.222330 0.049511
v -0.170273 -0.225085 0.050000
v -0.157522 -0.231231 -0.050000
v -0.156244 -0.228416 -0.049511
v -0.155092 -0.225877 -0.048090
v -0.154177 -0.223862 -0.045878
v -0.153590 -0.222568 -0.043090
v -0.153388 -0.222122 -0.040000
v -0.153388 -0.222122 0.040000
v -0.153590 -0.222568 0.043090
v -0.154177 -0.223862 0.045878
v -0.155092 -0.225877 0.048090
v -0.156244 -0.228416 0.049511
v -0.157522 -0.231231 0.050000
v -0.144826 -0.236641 -0.050000
v -0.143684 -0.233769 -0.049511
v -0.142653 -0.231178 -0.048090
v -0.141835 -0.229122 -0.045878
v -0.141310 -0.227802 -0.043090
v -0.141129 -0.227347 -0.040000
v -0.141129 -0.227347 0.040000
v -0.141310 -0.227802 0.043090
v -0.141835 -0.229122 0.045878
v -0.142653 -0.231178 0.048090
v -0.143684 -0.233769 0.049511
v -0.144826 -0.236641 0.050000
v -0.132179 -0.241319 -0.050000
v -0.131180 -0.238394 -0.049511
v -0.130280 -0.235754 -0.048090
v -0.129565 -0.233660 -0.045878
v -0.129106 -0.232315 -0.043090
v -0.128948 -0.231852 -0.040000
v -0.128948 -0.231852 0.040000
v -0.129106 -0.232315 0.043090
v -0.129565 -0.233660 0.045878
v -0.130280 -0.235754 0.048090
v -0.131180 -0.238394 0.049511
v -0.132179 -0.241319 0.050000
v -0.119574 -0.245267 -0.050000
v -0.118727 -0.242294 -0.049511
v -0.117964 -0.239612 -0.048090
v -0.117358 -0.237484 -0.045878
v -0.116969 -0.236117 -0.043090
v -0.116835 -0.235646 -0.040000
v -0.116835 -0.235646 0.040000
v -0.116969 -0.236117 0.043090
v -0.117358 -0.237484 0.045878
v -0.117964 -0.239612 0.048090
v -0.118727 -0.242294 0.049511
v -0.119574 -0.245267 0.050000
v -0.107003 -0.248490 -0.050000
v -0.106317 -0.245476 -0.049511
v -0.105698 -0.242757 -0.048090
v -0.105206 -0.240599 -0.045878
v -0.104891 -0.239214 -0.043090
v -0.104782 -0.238736 -0.040000
v -0.104782 -0.238736 0.040000
v -0.104891 -0.239214 0.043090
v -0.105206 -0.240599 0.045878
v -0.105698 -0.242757 0.048090
v -0.106317 -0.245476 0.049511
v -0.107003 -0.248490 0.050000
v -0.094460 -0.250991 -0.050000
v -0.093940 -0.247944 -0.049511
v -0.093471 -0.245195 -0.048090
v -0.093098 -0.243013 -0.045878
v -0.092859 -0.241612 -0.043090
v -0.092777 -0.241130 -0.040000
v -0.092777 -0.241130 0.040000
v -0.092859 -0.241612 0.043090
v -0.093098 -0.243013 0.045878
v -0.093471 -0.245195 0.048090
v -0.093940 -0.247944 0.049511
v -0.094460 -0.250991 0.050000
v -0.081938 -0.252773 -0.050000
v -0.081589 -0.249701 -0.049511
v -0.081274 -0.246930 -0.048090
v -0.081024 -0.244731 -0.045878
v -0.080863 -0.243319 -0.043090
v -0.080808 -0.242833 -0.040000
v -0.080808 -0.242833 0.040000
v -0.080863 -0.243319 0.043090
v -0.081024 -0.244731 0.045878
v -0.081274 -0.246930 0.048090
v -0.081589 -0.249701 0.049511
v -0.081938 -0.252773 0.050000
v -0.069430 -0.253839 -0.050000
v -0.069255 -0.250753 -0.049511
v -0.069097 -0.247968 -0.048090
v -0.068971 -0.245759 -0.045878
v -0.068891 -0.244340 -0.043090
v -0.068863 -0.243851 -0.040000
v -0.068863 -0.243851 0.040000
v -0.068891 -0.244340 0.043090
v -0.068971 -0.245759 0.045878
v -0.069097 -0.247968 0.048090
v -0.069255 -0.250753 0.049511
v -0.069430 -0.253839 0.050000
v -0.056929 -0.254194 -0.050000
v -0.056969 -0.251101 -0.049511
v -0.057006 -0.248312 -0.048090
v -0.057034 -0.246098 -0.045878
v -0.057053 -0.244676 -0.043090
v -0.057059 -0.244186 -0.040000
v -0.057059 -0.244186 0.040000
v -0.057053 -0.244676 0.043090
v -0.057034 -0.246098 0.045878
v -0.057006 -0.248312 0.048090
v -0.056969 -0.251101 0.049511
v -0.056929 -0.254194 0.050000
v -0.040690 -0.253310 -0.050000
v -0.041037 -0.250234 -0.049511
v -0.041350 -0.247459 -0.048090
v -0.041598 -0.245257 -0.045878
v -0.041757 -0.243843 -0.043090
v -0.041812 -0.243356 -0.040000
v -0.041812 -0.243356 0.040000
v -0.041757 -0.243843 0.043090
v -0.041598 -0.245257 0.045878
v -0.041350 -0.247459 0.048090
v -0.041037 -0.250234 0.049511
v -0.040690 -0.253310 0.050000
v -0.025517 -0.250703 -0.050000
v -0.026230 -0.247690 -0.049511
v -0.026873 -0.244972 -0.048090
v -0.027383 -0.242815 -0.045878
v -0.027711 -0.241430 -0.043090
v -0.027824 -0.240953 -0.040000
v -0.027824 -0.240953 0.040000
v -0.027711 -0.241430 0.043090
v -0.027383 -0.242815 0.045878
v -0.026873 -0.244972 0.048090
v -0.026230 -0.247690 0.049511
v -0.025517 -0.250703 0.050000
v -0.011476 -0.246444 -0.050000
v -0.012569 -0.243546 -0.049511
v -0.013555 -0.240932 -0.048090
v -0.014338 -0.238858 -0.045878
v -0.014840 -0.237526 -0.043090
v -0.015013 -0.237067 -0.040000
v -0.015013 -0.237067 0.040000
v -0.014840 -0.237526 0.043090
v -0.014338 -0.238858 0.045878
v -0.013555 -0.240932 0.048090
v -0.012569 -0.243546 0.049511
v -0.011476 -0.246444 0.050000
v 0.001367 -0.240601 -0.050000
v -0.000108 -0.237878 -0.049511
v -0.001439 -0.235421 -0.048090
v -0.002496 -0.233471 -0.045878
v -0.003174 -0.232219 -0.043090
v -0.003407 -0.231787 -0.040000
v -0.003407 -0.231787 0.040000
v -0.003174 -0.232219 0.043090
v -0.002496 -0.233471 0.045878
v -0.001439 -0.235421 0.048090
v -0.000108 -0.237878 0.049511
v 0.001367 -0.240601 0.050000
v 0.012947 -0.233245 -0.050000
v 0.011102 -0.230756 -0.049511
v 0.009438 -0.228510 -0.048090
v 0.008117 -0.226728 -0.045878
v 0.007269 -0.225584 -0.043090
v 0.006977 -0.225190 -0.040000
v 0.006977 -0.225190 0.040000
v 0.007269 -0.225584 0.043090
v 0.008117 -0.226728 0.045878
v 0.009438 -0.228510 0.048090
v 0.011102 -0.230756 0.049511
v 0.012947 -0.233245 0.050000
v 0.023196 -0.224444 -0.050000
v 0.021012 -0.222246 -0.049511
v 0.019042 -0.220263 -0.048090
v 0.017479 -0.218690 -0.045878
v 0.016475 -0.217679 -0.043090
v 0.016129 -0.217331 -0.040000
v 0.016129 -0.217331 0.040000
v 0.016475 -0.217679 0.043090
v 0.017479 -0.218690 0.045878
v 0.019042 -0.220263 0.048090
v 0.021012 -0.222246 0.049511
v 0.023196 -0.224444 0.050000
v 0.032049 -0.214268 -0.050000
v 0.029572 -0.212408 -0.049511
v 0.027337 -0.210730 -0.048090
v 0.025563 -0.209398 -0.045878
v 0.024424 -0.208543 -0.043090
v 0.024032 -0.208248 -0.040000
v 0.024032 -0.208248 0.040000
v 0.024424 -0.208543 0.043090
v 0.025563 -0.209398 0.045878
v 0.027337 -0.210730 0.048090
v 0.029572 -0.212408 0.049511
v 0.032049 -0.214268 0.050000
v 0.039441 -0.202787 -0.050000
v 0.036726 -0.201296 -0.049511
v 0.034276 -0.199951 -0.048090
v 0.032332 -0.198884 -0.045878
v 0.031084 -0.198199 -0.043090
v 0.030654 -0.197963 -0.040000
v 0.030654 -0.197963 0.040000
v 0.031084 -0.198199 0.043090
v 0.032332 -0.198884 0.045878
v 0.034276 -0.199951 0.048090
v 0.036726 -0.201296 0.049511
v 0.039441 -0.202787 0.050000
v 0.045305 -0.190069 -0.050000
v 0.042412 -0.188963 -0.049511
v 0.039803 -0.187965 -0.048090
v 0.037732 -0.187173 -0.045878
v 0.036402 -0.186665 -0.043090
v 0.035944 -0.186490 -0.040000
v 0.035944 -0.186490 0.040000
v 0.036402 -0.186665 0.043090
v 0.037732 -0.187173 0.045878
v 0.039803 -0.187965 0.048090
v 0.042412 -0.188963 0.049511
v 0.045305 -0.190069 0.050000
v 0.049576 -0.176185 -0.050000
v 0.046565 -0.175462 -0.049511
v 0.043848 -0.174811 -0.048090
v 0.041693 -0.174294 -0.045878
v 0.040309 -0.173962 -0.043090
v 0.039832 -0.173847 -0.040000
v 0.039832 -0.173847 0.040000
v 0.040309 -0.173962 0.043090
v 0.041693 -0.174294 0.045878
v 0.043848 -0.174811 0.048090
v 0.046565 -0.175462 0.049511
v 0.049576 -0.176185 0.050000
v 0.052186 -0.161203 -0.050000
v 0.049111 -0.160852 -0.049511
v 0.046336 -0.160534 -0.048090
v 0.044134 -0.160282 -0.045878
v 0.042721 -0.160121 -0.043090
v 0.042234 -0.160065 -0.040000
v 0.042234 -0.160065 0.040000
v 0.042721 -0.160121 0.043090
v 0.044134 -0.160282 0.045878
v 0.046336 -0.160534 0.048090
v 0.049111 -0.160852 0.049511
v 0.052186 -0.161203 0.050000
v 0.053071 -0.145194 -0.050000
v 0.049975 -0.145205 -0.049511
v 0.047183 -0.145214 -0.048090
v 0.044967 -0.145222 -0.045878
v 0.043544 -0.145227 -0.043090
v 0.043054 -0.145228 -0.040000
v 0.043054 -0.145228 0.040000
v 0.043544 -0.145227 0.043090
v 0.044967 -0.145222 0.045878
v 0.047183 -0.145214 0.048090
v 0.049975 -0.145205 0.049511
v 0.053071 -0.145194 0.050000
v 0.052051 -0.128781 -0.050000
v 0.048979 -0.129175 -0.049511
v 0.046208 -0.129530 -0.048090
v 0.044009 -0.129812 -0.045878
v 0.042597 -0.129994 -0.043090
v 0.042111 -0.130056 -0.040000
v 0.042111 -0.130056 0.040000
v 0.042597 -0.129994 0.043090
v 0.044009 -0.129812 0.045878
v 0.046208 -0.129530 0.048090
v 0.048979 -0.129175 0.049511
v 0.052051 -0.128781 0.050000
v 0.048992 -0.113138 -0.050000
v 0.046001 -0.113944 -0.049511
v 0.043303 -0.114671 -0.048090
v 0.041161 -0.115247 -0.045878
v 0.039786 -0.115617 -0.043090
v 0.039313 -0.115745 -0.040000
v 0.039313 -0.115745 0.040000
v 0.039786 -0.115617 0.043090
v 0.041161 -0.115247 0.045878
v 0.043303 -0.114671 0.048090
v 0.046001 -0.113944 0.049511
v 0.048992 -0.113138 0.050000
v 0.043899 -0.098413 -0.050000
v 0.041053 -0.099639 -0.049511
v 0.038486 -0.100745 -0.048090
v 0.036449 -0.101623 -0.045878
v 0.035141 -0.102186 -0.043090
v 0.034690 -0.102380 -0.040000
v 0.034690 -0.102380 0.040000
v 0.035141 -0.102186 0.043090
v 0.036449 -0.101623 0.045878
v 0.038486 -0.100745 0.048090
v 0.041053 -0.099639 0.049511
v 0.043899 -0.098413 0.050000
v 0.036775 -0.084750 -0.050000
v 0.034144 -0.086388 -0.049511
v 0.031771 -0.087867 -0.048090
v 0.029888 -0.089040 -0.045878
v 0.028679 -0.089793 -0.043090
v 0.028262 -0.090053 -0.040000
v 0.028262 -0.090053 0.040000
v 0.028679 -0.089793 0.043090
v 0.029888 -0.089040 0.045878
v 0.031771 -0.087867 0.048090
v 0.034144 -0.086388 0.049511
v 0.036775 -0.084750 0.050000
v 0.027622 -0.072295 -0.050000
v 0.025274 -0.074318 -0.049511
v 0.023156 -0.076143 -0.048090
v 0.021475 -0.077592 -0.045878
v 0.020396 -0.078522 -0.043090
v 0.020024 -0.078842 -0.040000
v 0.020024 -0.078842 0.040000
v 0.020396 -0.078522 0.043090
v 0.021475 -0.077592 0.045878
v 0.023156 -0.076143 0.048090
v 0.025274 -0.074318 0.049511
v 0.027622 -0.072295 0.050000
v 0.016446 -0.061194 -0.050000
v 0.014436 -0.063553 -0.049511
v 0.012624 -0.065682 -0.048090
v 0.011185 -0.067371 -0.045878
v 0.010261 -0.068456 -0.043090
v 0.009943 -0.068829 -0.040000
v 0.009943 -0.068829 0.040000
v 0.010261 -0.068456 0.043090
v 0.011185 -0.067371 0.045878
v 0.012624 -0.065682 0.048090
v 0.014436 -0.063553 0.049511
v 0.016446 -0.061194 0.050000
v 0.003249 -0.051593 -0.050000
v 0.001615 -0.054226 -0.049511
v 0.000141 -0.056601 -0.048090
v -0.001028 -0.058486 -0.045878
v -0.001779 -0.059697 -0.043090
v -0.002038 -0.060114 -0.040000
v -0.002038 -0.060114 0.040000
v -0.001779 -0.059697 0.043090
v -0.001028 -0.058486 0.045878
v 0.000141 -0.056601 0.048090
v 0.001615 -0.054226 0.049511
v 0.003249 -0.051593 0.050000
v -0.011966 -0.043638 -0.050000
v -0.013208 -0.046476 -0.049511
v -0.014329 -0.049036 -0.048090
v -0.015218 -0.051067 -0.045878
v -0.015789 -0.052372 -0.043090
v -0.015986 -0.052821 -0.040000
v -0.015986 -0.052821 0.040000
v -0.015789 -0.052372 0.043090
v -0.015218 -0.051067 0.045878
v -0.014329 -0.049036 0.048090
v -0.013208 -0.046476 0.049511
v -0.011966 -0.043638 0.050000
v -0.029195 -0.037475 -0.050000
v -0.030050 -0.040451 -0.049511
v -0.030822 -0.043136 -0.048090
v -0.031434 -0.045266 -0.045878
v -0.031827 -0.046634 -0.043090
v -0.031963 -0.047106 -0.040000
v -0.031963 -0.047106 0.040000
v -0.031827 -0.046634 0.043090
v -0.031434 -0.045266 0.045878
v -0.030822 -0.043136 0.048090
v -0.030050 -0.040451 0.049511
v -0.029195 -0.037475 0.050000
v -0.048434 -0.033250 -0.050000
v -0.048922 -0.036306 -0.049511
v -0.049362 -0.039064 -0.048090
v -0.049712 -0.041252 -0.045878
v -0.049936 -0.042657 -0.043090
v -0.050013 -0.043141 -0.040000
v -0.050013 -0.043141 0.040000
v -0.049936 -0.042657 0.043090
v -0.049712 -0.041252 0.045878
v -0.049362 -0.039064 0.048090
v -0.048922 -0.036306 0.049511
v -0.048434 -0.033250 0.050000
v -0.069680 -0.031107 -0.050000
v -0.069829 -0.034198 -0.049511
v -0.069964 -0.036986 -0.048090
v -0.070071 -0.039199 -0.045878
v -0.070140 -0.040620 -0.043090
v -0.070164 -0.041109 -0.040000
v -0.070164 -0.041109 0.040000
v -0.070140 -0.040620 0.043090
v -0.070071 -0.039199 0.045878
v -0.069964 -0.036986 0.048090
v -0.069829 -0.034198 0.049511
v -0.069680 -0.031107 0.050000
v -0.092929 -0.031194 -0.050000
v -0.096019 -0.034296 -0.049511
v -0.098807 -0.037094 -0.048090
v -0.101019 -0.039314 -0.045878
v -0.102439 -0.040740 -0.043090
v -0.102929 -0.041231 -0.040000
v -0.102929 -0.041231 0.040000
v -0.102439 -0.040740 0.043090
v -0.101019 -0.039314 0.045878
v -0.098807 -0.037094 0.048090
v -0.096019 -0.034296 0.049511
v -0.092929 -0.031194 0.050000
v -0.092929 0.058806 -0.050000
v -0.096019 0.061789 -0.049511
v -0.098807 0.064479 -0.048090
v -0.101019 0.066615 -0.045878
v -0.102439 0.067986 -0.043090
v -0.102929 0.068458 -0.040000
v -0.102929 0.068458 0.040000
v -0.102439 0.067986 0.043090
v -0.101019 0.066615 0.045878
v -0.098807 0.064479 0.048090
v -0.096019 0.061789 0.049511
v -0.092929 0.058806 0.050000
v -0.071366 0.059570 -0.050000
v -0.071598 0.062654 -0.049511
v -0.071807 0.065436 -0.048090
v -0.071973 0.067644 -0.045878
v -0.072079 0.069061 -0.043090
v -0.072116 0.069550 -0.040000
v -0.072116 0.069550 0.040000
v -0.072079 0.069061 0.043090
v -0.071973 0.067644 0.045878
v -0.071807 0.065436 0.048090
v -0.071598 0.062654 0.049511
v -0.071366 0.059570 0.050000
v -0.051679 0.061834 -0.050000
v -0.052172 0.064888 -0.049511
v -0.052618 0.067642 -0.048090
v -0.052971 0.069829 -0.045878
v -0.053198 0.071232 -0.043090
v -0.053276 0.071716 -0.040000
v -0.053276 0.071716 0.040000
v -0.053198 0.071232 0.043090
v -0.052971 0.069829 0.045878
v -0.052618 0.067642 0.048090
v -0.052172 0.064888 0.049511
v -0.051679 0.061834 0.050000
v -0.033866 0.065556 -0.050000
v -0.034659 0.068547 -0.049511
v -0.035374 0.071246 -0.048090
v -0.035941 0.073387 -0.045878
v -0.036305 0.074762 -0.043090
v -0.036431 0.075236 -0.040000
v -0.036431 0.075236 0.040000
v -0.036305 0.074762 0.043090
v -0.035941 0.073387 0.045878
v -0.035374 0.071246 0.048090
v -0.034659 0.068547 0.049511
v -0.033866 0.065556 0.050000
v -0.017929 0.070695 -0.050000
v -0.019057 0.073578 -0.049511
v -0.020074 0.076179 -0.048090
v -0.020881 0.078243 -0.045878
v -0.021400 0.079569 -0.043090
v -0.021578 0.080025 -0.040000
v -0.021578 0.080025 0.040000
v -0.021400 0.079569 0.043090
v -0.020881 0.078243 0.045878
v -0.020074 0.076179 0.048090
v -0.019057 0.073578 0.049511
v -0.017929 0.070695 0.050000
v -0.003866 0.077209 -0.050000
v -0.005359 0.079923 -0.049511
v -0.006706 0.082371 -0.048090
v -0.007775 0.084314 -0.045878
v -0.008461 0.085562 -0.043090
v -0.008698 0.085992 -0.040000
v -0.008698 0.085992 0.040000
v -0.008461 0.085562 0.043090
v -0.007775 0.084314 0.045878
v -0.006706 0.082371 0.048090
v -0.005359 0.079923 0.049511
v -0.003866 0.077209 0.050000
v 0.008321 0.085056 -0.050000
v 0.006449 0.087526 -0.049511
v 0.004760 0.089754 -0.048090
v 0.003420 0.091522 -0.045878
v 0.002559 0.092658 -0.043090
v 0.002263 0.093049 -0.040000
v 0.002263 0.093049 0.040000
v 0.002559 0.092658 0.043090
v 0.003420 0.091522 0.045878
v 0.004760 0.089754 0.048090
v 0.006449 0.087526 0.049511
v 0.008321 0.085056 0.050000
v 0.018634 0.094195 -0.050000
v 0.016394 0.096340 -0.049511
v 0.014375 0.098274 -0.048090
v 0.012772 0.099810 -0.045878
v 0.011742 0.100796 -0.043090
v 0.011388 0.101135 -0.040000
v 0.011388 0.101135 0.040000
v 0.011742 0.100796 0.043090
v 0.012772 0.099810 0.045878
v 0.014375 0.098274 0.048090
v 0.016394 0.096340 0.049511
v 0.018634 0.094195 0.050000
v 0.027071 0.104584 -0.050000
v 0.024509 0.106331 -0.049511
v 0.022198 0.107907 -0.048090
v 0.020364 0.109158 -0.045878
v 0.019186 0.109961 -0.043090
v 0.018780 0.110238 -0.040000
v 0.018780 0.110238 0.040000
v 0.019186 0.109961 0.043090
v 0.020364 0.109158 0.045878
v 0.022198 0.107907 0.048090
v 0.024509 0.106331 0.049511
v 0.027071 0.104584 0.050000
v 0.033634 0.116181 -0.050000
v 0.030820 0.117483 -0.049511
v 0.028282 0.118658 -0.048090
v 0.026267 0.119590 -0.045878
v 0.024974 0.120189 -0.043090
v 0.024528 0.120395 -0.040000
v 0.024528 0.120395 0.040000
v 0.024974 0.120189 0.043090
v 0.026267 0.119590 0.045878
v 0.028282 0.118658 0.048090
v 0.030820 0.117483 0.049511
v 0.033634 0.116181 0.050000
v 0.038321 0.128945 -0.050000
v 0.035339 0.129789 -0.049511
v 0.032649 0.130551 -0.048090
v 0.030514 0.131155 -0.045878
v 0.029144 0.131543 -0.043090
v 0.028671 0.131677 -0.040000
v 0.028671 0.131677 0.040000
v 0.029144 0.131543 0.043090
v 0.030514 0.131155 0.045878
v 0.032649 0.130551 0.048090
v 0.035339 0.129789 0.049511
v 0.038321 0.128945 0.050000
v 0.041134 0.142834 -0.050000
v 0.038063 0.143239 -0.049511
v 0.035292 0.143604 -0.048090
v 0.033094 0.143894 -0.045878
v 0.031682 0.144081 -0.043090
v 0.031196 0.144145 -0.040000
v 0.031196 0.144145 0.040000
v 0.031682 0.144081 0.043090
v 0.033094 0.143894 0.045878
v 0.035292 0.143604 0.048090
v 0.038063 0.143239 0.049511
v 0.041134 0.142834 0.050000
v 0.042071 0.157806 -0.050000
v 0.038975 0.157807 -0.049511
v 0.036182 0.157808 -0.048090
v 0.033965 0.157808 -0.045878
v 0.032542 0.157808 -0.043090
v 0.032052 0.157809 -0.040000
v 0.032052 0.157809 0.040000
v 0.032542 0.157808 0.043090
v 0.033965 0.157808 0.045878
v 0.036182 0.157808 0.048090
v 0.038975 0.157807 0.049511
v 0.042071 0.157806 0.050000
v 0.041124 0.173047 -0.050000
v 0.038053 0.172651 -0.049511
v 0.035282 0.172294 -0.048090
v 0.033083 0.172010 -0.045878
v 0.031671 0.171828 -0.043090
v 0.031185 0.171766 -0.040000
v 0.031185 0.171766 0.040000
v 0.031671 0.171828 0.043090
v 0.033083 0.172010 0.045878
v 0.035282 0.172294 0.048090
v 0.038053 0.172651 0.049511
v 0.041124 0.173047 0.050000
v 0.038330 0.187237 -0.050000
v 0.035341 0.186424 -0.049511
v 0.032644 0.185692 -0.048090
v 0.030504 0.185110 -0.045878
v 0.029129 0.184737 -0.043090
v 0.028656 0.184608 -0.040000
v 0.028656 0.184608 0.040000
v 0.029129 0.184737 0.043090
v 0.030504 0.185110 0.045878
v 0.032644 0.185692 0.048090
v 0.035341 0.186424 0.049511
v 0.038330 0.187237 0.050000
v 0.033759 0.200322 -0.050000
v 0.030917 0.199085 -0.049511
v 0.028354 0.197970 -0.048090
v 0.026320 0.197085 -0.045878
v 0.025014 0.196517 -0.043090
v 0.024563 0.196321 -0.040000
v 0.024563 0.196321 0.040000
v 0.025014 0.196517 0.043090
v 0.026320 0.197085 0.045878
v 0.028354 0.197970 0.048090
v 0.030917 0.199085 0.049511
v 0.033759 0.200322 0.050000
v 0.027479 0.212250 -0.050000
v 0.024854 0.210603 -0.049511
v 0.022485 0.209117 -0.048090
v 0.020606 0.207938 -0.045878
v 0.019399 0.207181 -0.043090
v 0.018984 0.206920 -0.040000
v 0.018984 0.206920 0.040000
v 0.019399 0.207181 0.043090
v 0.020606 0.207938 0.045878
v 0.022485 0.209117 0.048090
v 0.024854 0.210603 0.049511
v 0.027479 0.212250 0.050000
v 0.019560 0.222971 -0.050000
v 0.017213 0.220947 -0.049511
v 0.015095 0.219122 -0.048090
v 0.013415 0.217673 -0.045878
v 0.012336 0.216743 -0.043090
v 0.011965 0.216422 -0.040000
v 0.011965 0.216422 0.040000
v 0.012336 0.216743 0.043090
v 0.013415 0.217673 0.045878
v 0.015095 0.219122 0.048090
v 0.017213 0.220947 0.049511
v 0.019560 0.222971 0.050000
v 0.010071 0.232431 -0.050000
v 0.008049 0.230083 -0.049511
v 0.006225 0.227965 -0.048090
v 0.004778 0.226284 -0.045878
v 0.003848 0.225205 -0.043090
v 0.003528 0.224833 -0.040000
v 0.003528 0.224833 0.040000
v 0.003848 0.225205 0.043090
v 0.004778 0.226284 0.045878
v 0.006225 0.227965 0.048090
v 0.008049 0.230083 0.049511
v 0.010071 0.232431 0.050000
v -0.000917 0.240579 -0.050000
v -0.002586 0.237969 -0.049511
v -0.004092 0.235615 -0.048090
v -0.005286 0.233747 -0.045878
v -0.006054 0.232547 -0.043090
v -0.006318 0.232134 -0.040000
v -0.006318 0.232134 0.040000
v -0.006054 0.232547 0.043090
v -0.005286 0.233747 0.045878
v -0.004092 0.235615 0.048090
v -0.002586 0.237969 0.049511
v -0.000917 0.240579 0.050000
v -0.013336 0.247362 -0.050000
v -0.014643 0.244554 -0.049511
v -0.015822 0.242022 -0.048090
v -0.016757 0.240012 -0.045878
v -0.017358 0.238721 -0.043090
v -0.017565 0.238277 -0.040000
v -0.017565 0.238277 0.040000
v -0.017358 0.238721 0.043090
v -0.016757 0.240012 0.045878
v -0.015822 0.242022 0.048090
v -0.014643 0.244554 0.049511
v -0.013336 0.247362 0.050000
v -0.027116 0.252728 -0.050000
v -0.028067 0.249782 -0.049511
v -0.028925 0.247124 -0.048090
v -0.029606 0.245015 -0.045878
v -0.030043 0.243661 -0.043090
v -0.030194 0.243195 -0.040000
v -0.030194 0.243195 0.040000
v -0.030043 0.243661 0.043090
v -0.029606 0.245015 0.045878
v -0.028925 0.247124 0.048090
v -0.028067 0.249782 0.049511
v -0.027116 0.252728 0.050000
v -0.042188 0.256625 -0.050000
v -0.042800 0.253592 -0.049511
v -0.043352 0.250855 -0.048090
v -0.043790 0.248683 -0.045878
v -0.044071 0.247289 -0.043090
v -0.044168 0.246808 -0.040000
v -0.044168 0.246808 0.040000
v -0.044071 0.247289 0.043090
v -0.043790 0.248683 0.045878
v -0.043352 0.250855 0.048090
v -0.042800 0.253592 0.049511
v -0.042188 0.256625 0.050000
v -0.058482 0.259002 -0.050000
v -0.058777 0.255922 -0.049511
v -0.059043 0.253144 -0.048090
v -0.059254 0.250939 -0.045878
v -0.059390 0.249523 -0.043090
v -0.059436 0.249036 -0.040000
v -0.059436 0.249036 0.040000
v -0.059390 0.249523 0.043090
v -0.059254 0.250939 0.045878
v -0.059043 0.253144 0.048090
v -0.058777 0.255922 0.049511
v -0.058482 0.259002 0.050000
v -0.075929 0.259806 -0.050000
v -0.075972 0.256715 -0.049511
v -0.076010 0.253926 -0.048090
v -0.076040 0.251712 -0.045878
v -0.076060 0.250291 -0.043090
v -0.076067 0.249802 -0.040000
v -0.076067 0.249802 0.040000
v -0.076060 0.250291 0.043090
v -0.076040 0.251712 0.045878
v -0.076010 0.253926 0.048090
v -0.075972 0.256715 0.049511
v -0.075929 0.259806 0.050000
v -0.085086 0.259636 -0.050000
v -0.084969 0.256548 -0.049511
v -0.084863 0.253762 -0.048090
v -0.084778 0.251551 -0.045878
v -0.084724 0.250131 -0.043090
v -0.084706 0.249642 -0.040000
v -0.084706 0.249642 0.040000
v -0.084724 0.250131 0.043090
v -0.084778 0.251551 0.045878
v -0.084863 0.253762 0.048090
v -0.084969 0.256548 0.049511
v -0.085086 0.259636 0.050000
v -0.094105 0.259116 -0.050000
v -0.093863 0.256035 -0.049511
v -0.093645 0.253255 -0.048090
v -0.093472 0.251049 -0.045878
v -0.093361 0.249633 -0.043090
v -0.093323 0.249145 -0.040000
v -0.093323 0.249145 0.040000
v -0.093361 0.249633 0.043090
v -0.093472 0.251049 0.045878
v -0.093645 0.253255 0.048090
v -0.093863 0.256035 0.049511
v -0.094105 0.259116 0.050000
v -0.103054 0.258228 -0.050000
v -0.102683 0.255159 -0.049511
v -0.102349 0.252391 -0.048090
v -0.102084 0.250194 -0.045878
v -0.101914 0.248784 -0.043090
v -0.101855 0.248298 -0.040000
v -0.101855 0.248298 0.040000
v -0.101914 0.248784 0.043090
v -0.102084 0.250194 0.045878
v -0.102349 0.252391 0.048090
v -0.102683 0.255159 0.049511
v -0.103054 0.258228 0.050000
v -0.112003 0.256954 -0.050000
v -0.111503 0.253904 -0.049511
v -0.111051 0.251153 -0.048090
v -0.110693 0.248969 -0.045878
v -0.110463 0.247567 -0.043090
v -0.110384 0.247084 -0.040000
v -0.110384 0.247084 0.040000
v -0.110463 0.247567 0.043090
v -0.110693 0.248969 0.045878
v -0.111051 0.251153 0.048090
v -0.111503 0.253904 0.049511
v -0.112003 0.256954 0.050000
v -0.121021 0.255278 -0.050000
v -0.120394 0.252251 -0.049511
v -0.119828 0.249521 -0.048090
v -0.119379 0.247354 -0.045878
v -0.119090 0.245963 -0.043090
v -0.118991 0.245484 -0.040000
v -0.118991 0.245484 0.040000
v -0.119090 0.245963 0.043090
v -0.119379 0.247354 0.045878
v -0.119828 0.249521 0.048090
v -0.120394 0.252251 0.049511
v -0.121021 0.255278 0.050000
v -0.130179 0.253181 -0.050000
v -0.129430 0.250182 -0.049511
v -0.128755 0.247477 -0.048090
v -0.128219 0.245330 -0.045878
v -0.127875 0.243952 -0.043090
v -0.127756 0.243477 -0.040000
v -0.127756 0.243477 0.040000
v -0.127875 0.243952 0.043090
v -0.128219 0.245330 0.045878
v -0.128755 0.247477 0.048090
v -0.129430 0.250182 0.049511
v -0.130179 0.253181 0.050000
v -0.139545 0.250647 -0.050000
v -0.138683 0.247679 -0.049511
v -0.137906 0.245001 -0.048090
v -0.137290 0.242876 -0.045878
v -0.136894 0.241512 -0.043090
v -0.136758 0.241041 -0.040000
v -0.136758 0.241041 0.040000
v -0.136894 0.241512 0.043090
v -0.137290 0.242876 0.045878
v -0.137906 0.245001 0.048090
v -0.138683 0.247679 0.049511
v -0.139545 0.250647 0.050000
v -0.149188 0.247658 -0.050000
v -0.148225 0.244721 -0.049511
v -0.147356 0.242072 -0.048090
v -0.146666 0.239970 -0.045878
v -0.146223 0.238620 -0.043090
v -0.146070 0.238155 -0.040000
v -0.146070 0.238155 0.040000
v -0.146223 0.238620 0.043090
v -0.146666 0.239970 0.045878
v -0.147356 0.242072 0.048090
v -0.148225 0.244721 0.049511
v -0.149188 0.247658 0.050000
v -0.159179 0.244197 -0.050000
v -0.158124 0.241292 -0.049511
v -0.157173 0.238671 -0.048090
v -0.156418 0.236591 -0.045878
v -0.155934 0.235256 -0.043090
v -0.155767 0.234796 -0.040000
v -0.155767 0.234796 0.040000
v -0.155934 0.235256 0.043090
v -0.156418 0.236591 0.045878
v -0.157173 0.238671 0.048090
v -0.158124 0.241292 0.049511
v -0.159179 0.244197 0.050000
v -0.169586 0.240246 -0.050000
v -0.168453 0.237371 -0.049511
v -0.167430 0.234777 -0.048090
v -0.166618 0.232719 -0.045878
v -0.166097 0.231398 -0.043090
v -0.165918 0.230942 -0.040000
v -0.165918 0.230942 0.040000
v -0.166097 0.231398 0.043090
v -0.166618 0.232719 0.045878
v -0.167430 0.234777 0.048090
v -0.168453 0.237371 0.049511
v -0.169586 0.240246 0.050000
v -0.180480 0.235788 -0.050000
v -0.179278 0.232941 -0.049511
v -0.178194 0.230373 -0.048090
v -0.177334 0.228334 -0.045878
v -0.176781 0.227026 -0.043090
v -0.176591 0.226575 -0.040000
v -0.176591 0.226575 0.040000
v -0.176781 0.227026 0.043090
v -0.177334 0.228334 0.045878
v -0.178194 0.230373 0.048090
v -0.179278 0.232941 0.049511
v -0.180480 0.235788 0.050000
v -0.191929 0.230806 -0.050000
v -0.195019 0.226091 -0.049511
v -0.197807 0.221838 -0.048090
v -0.200019 0.218463 -0.045878
v -0.201440 0.216295 -0.043090
v -0.201929 0.215549 -0.040000
v -0.201929 0.215549 0.040000
v -0.201440 0.216295 0.043090
v -0.200019 0.218463 0.045878
v -0.197807 0.221838 0.048090
v -0.195019 0.226091 0.049511
v -0.191929 0.230806 0.050000
v -0.191929 0.323806 -0.050000
v -0.195019 0.325773 -0.049511
v -0.197807 0.327548 -0.048090
v -0.200019 0.328956 -0.045878
v -0.201440 0.329861 -0.043090
v -0.201929 0.330172 -0.040000
v -0.201929 0.330172 0.040000
v -0.201440 0.329861 0.043090
v -0.200019 0.328956 0.045878
v -0.197807 0.327548 0.048090
v -0.195019 0.325773 0.049511
v -0.191929 0.323806 0.050000
vn -0.0000 -0.0000 1.0000
vn -0.0000 -0.0000 -1.0000
vn -0.1264 0.2837 -0.9505
vn -0.1159 0.2883 -0.9505
vn -0.0583 0.1450 -0.9877
vn -0.0636 0.1428 -0.9877
vn -0.2397 0.5379 -0.8082
vn -0.2197 0.5465 -0.8081
vn -0.3295 0.7395 -0.5871
vn -0.3020 0.7512 -0.5870
vn -0.3871 0.8689 -0.3085
vn -0.3549 0.8826 -0.3085
vn -0.4057 0.9106 -0.0783
vn -0.3719 0.9250 -0.0784
vn -0.4057 0.9106 0.0783
vn -0.3719 0.9250 0.0784
vn -0.3871 0.8689 0.3085
vn -0.3549 0.8826 0.3085
vn -0.3295 0.7395 0.5871
vn -0.3020 0.7512 0.5870
vn -0.2397 0.5379 0.8082
vn -0.2197 0.5465 0.8081
vn -0.1264 0.2837 0.9505
vn -0.1159 0.2883 0.9505
vn -0.0636 0.1428 0.9877
vn -0.0583 0.1450 0.9877
vn -0.1046 0.2926 -0.9505
vn -0.0526 0.1471 -0.9877
vn -0.1983 0.5547 -0.8081
vn -0.2726 0.7624 -0.5869
vn -0.3203 0.8957 -0.3085
vn -0.3356 0.9387 -0.0784
vn -0.3356 0.9387 0.0784
vn -0.3203 0.8957 0.3085
vn -0.2726 0.7624 0.5869
vn -0.1983 0.5547 0.8081
vn -0.1046 0.2926 0.9505
vn -0.0526 0.1471 0.9877
vn -0.0927 0.2967 -0.9505
vn -0.0468 0.1494 -0.9877
vn -0.1757 0.5623 -0.8081
vn -0.2415 0.7728 -0.5869
vn -0.2837 0.9079 -0.3085
vn -0.2974 0.9515 -0.0784
vn -0.2974 0.9515 0.0784
vn -0.2837 0.9079 0.3085
vn -0.2415 0.7728 0.5869
vn -0.1757 0.5623 0.8081
vn -0.0927 0.2967 0.9505
vn -0.0466 0.1491 0.9877
vn -0.0804 0.3003 -0.9505
vn -0.0404 0.1509 -0.9877
vn -0.1523 0.5691 -0.8081
vn -0.2093 0.7821 -0.5869
vn -0.2459 0.9189 -0.3085
vn -0.2577 0.9630 -0.0784
vn -0.2577 0.9630 0.0784
vn -0.2459 0.9189 0.3085
vn -0.2093 0.7821 0.5869
vn -0.1523 0.5691 0.8081
vn -0.0804 0.3003 0.9505
vn -0.0404 0.1509 0.9877
vn -0.0678 0.3033 -0.9505
vn -0.0341 0.1525 -0.9877
vn -0.1285 0.5749 -0.8081
vn -0.1767 0.7901 -0.5869
vn -0.2076 0.9283 -0.3084
vn -0.2175 0.9729 -0.0784
vn -0.2175 0.9729 0.0784
vn -0.2076 0.9283 0.3084
vn -0.1767 0.7901 0.5869
vn -0.1285 0.5749 0.8081
vn -0.0678 0.3033 0.9505
vn -0.0341 0.1525 0.9877
vn -0.0553 0.3059 -0.9505
vn -0.0278 0.1538 -0.9877
vn -0.1048 0.5796 -0.8081
vn -0.1441 0.7967 -0.5869
vn -0.1693 0.9361 -0.3084
vn -0.1774 0.9810 -0.0783
vn -0.1774 0.9810 0.0783
vn -0.1693 0.9361 0.3084
vn -0.1441 0.7967 0.5869
vn -0.1048 0.5796 0.8081
vn -0.0553 0.3059 0.9505
vn -0.0278 0.1538 0.9877
vn -0.0430 0.3078 -0.9505
vn -0.0216 0.1548 -0.9877
vn -0.0816 0.5833 -0.8081
vn -0.1121 0.8018 -0.5870
vn -0.1318 0.9421 -0.3084
vn -0.1381 0.9873 -0.0783
vn -0.1381 0.9873 0.0783
vn -0.1318 0.9421 0.3084
vn -0.1121 0.8018 0.5870
vn -0.0816 0.5833 0.8081
vn -0.0430 0.3078 0.9505
vn -0.0216 0.1548 0.9877
vn -0.0313 0.3091 -0.9505
vn -0.0157 0.1555 -0.9877
vn -0.0592 0.5860 -0.8082
vn -0.0814 0.8055 -0.5870
vn -0.0957 0.9464 -0.3084
vn -0.1003 0.9919 -0.0784
vn -0.1003 0.9919 0.0784
vn -0.0957 0.9464 0.3084
vn -0.0814 0.8055 0.5870
vn -0.0592 0.5860 0.8082
vn -0.0313 0.3091 0.9505
vn -0.0157 0.1555 0.9877
vn -0.0201 0.3099 -0.9506
vn -0.0101 0.1560 -0.9877
vn -0.0381 0.5876 -0.8082
vn -0.0524 0.8078 -0.5871
vn -0.0615 0.9492 -0.3085
vn -0.0645 0.9948 -0.0784
vn -0.0645 0.9948 0.0784
vn -0.0615 0.9492 0.3085
vn -0.0524 0.8078 0.5871
vn -0.0381 0.5876 0.8082
vn -0.0201 0.3099 0.9506
vn -0.0101 0.1560 0.9877
vn -0.0097 0.3103 -0.9506
vn -0.0049 0.1562 -0.9877
vn -0.0184 0.5885 -0.8083
vn -0.0252 0.8091 -0.5871
vn -0.0297 0.9507 -0.3086
vn -0.0311 0.9964 -0.0784
vn -0.0311 0.9964 0.0784
vn -0.0297 0.9507 0.3086
vn -0.0252 0.8091 0.5871
vn -0.0184 0.5885 0.8083
vn -0.0097 0.3103 0.9506
vn -0.0049 0.1562 0.9877
vn 0.0052 0.3117 -0.9502
vn 0.0026 0.1562 -0.9877
vn 0.0099 0.5896 -0.8076
vn 0.0136 0.8098 -0.5865
vn 0.0160 0.9512 -0.3082
vn 0.0167 0.9968 -0.0784
vn 0.0167 0.9968 0.0784
vn 0.0160 0.9512 0.3082
vn 0.0136 0.8098 0.5865
vn 0.0099 0.5896 0.8076
vn 0.0052 0.3117 0.9502
vn 0.0026 0.1562 0.9877
vn 0.0314 0.3117 -0.9496
vn 0.0157 0.1553 -0.9877
vn 0.0592 0.5877 -0.8069
vn 0.0813 0.8063 -0.5859
vn 0.0954 0.9466 -0.3079
vn 0.1000 0.9919 -0.0783
vn 0.1000 0.9919 0.0783
vn 0.0954 0.9466 0.3079
vn 0.0813 0.8063 0.5859
vn 0.0592 0.5877 0.8069
vn 0.0314 0.3117 0.9496
vn 0.0157 0.1553 0.9877
vn 0.0649 0.3069 -0.9495
vn 0.0323 0.1527 -0.9877
vn 0.1222 0.5781 -0.8068
vn 0.1677 0.7930 -0.5857
vn 0.1968 0.9309 -0.3078
vn 0.2062 0.9754 -0.0784
vn 0.2062 0.9754 0.0784
vn 0.1968 0.9309 0.3078
vn 0.1677 0.7930 0.5857
vn 0.1222 0.5781 0.8068
vn 0.0649 0.3069 0.9495
vn 0.0323 0.1527 0.9877
vn 0.1003 0.2975 -0.9494
vn 0.0498 0.1478 -0.9878
vn 0.1888 0.5601 -0.8066
vn 0.2589 0.7682 -0.5856
vn 0.3039 0.9016 -0.3077
vn 0.3184 0.9447 -0.0784
vn 0.3184 0.9447 0.0784
vn 0.3039 0.9016 0.3077
vn 0.2589 0.7682 0.5856
vn 0.1888 0.5601 0.8066
vn 0.1003 0.2975 0.9494
vn 0.0498 0.1478 0.9878
vn 0.1369 0.2829 -0.9493
vn 0.0679 0.1404 -0.9878
vn 0.2575 0.5322 -0.8065
vn 0.3530 0.7298 -0.5855
vn 0.4144 0.8565 -0.3077
vn 0.4342 0.8974 -0.0784
vn 0.4342 0.8974 0.0784
vn 0.4144 0.8565 0.3077
vn 0.3530 0.7298 0.5855
vn 0.2575 0.5322 0.8065
vn 0.1369 0.2829 0.9493
vn 0.0679 0.1404 0.9878
vn 0.1736 0.2624 -0.9492
vn 0.0860 0.1300 -0.9878
vn 0.3263 0.4932 -0.8064
vn 0.4473 0.6761 -0.5854
vn 0.5251 0.7935 -0.3076
vn 0.5501 0.8314 -0.0784
vn 0.5501 0.8314 0.0784
vn 0.5251 0.7935 0.3076
vn 0.4473 0.6761 0.5854
vn 0.3263 0.4932 0.8064
vn 0.1736 0.2624 0.9492
vn 0.0860 0.1300 0.9878
vn 0.2089 0.2355 -0.9492
vn 0.1034 0.1166 -0.9878
vn 0.3925 0.4425 -0.8063
vn 0.5379 0.6066 -0.5854
vn 0.6314 0.7119 -0.3075
vn 0.6615 0.7459 -0.0783
vn 0.6615 0.7459 0.0783
vn 0.6314 0.7119 0.3075
vn 0.5379 0.6066 0.5854
vn 0.3925 0.4425 0.8063
vn 0.2089 0.2355 0.9492
vn 0.1034 0.1166 0.9878
vn 0.2410 0.2027 -0.9491
vn 0.1193 0.1004 -0.9878
vn 0.4527 0.3808 -0.8063
vn 0.6204 0.5220 -0.5853
vn 0.7281 0.6126 -0.3075
vn 0.7629 0.6418 -0.0783
vn 0.7629 0.6418 0.0783
vn 0.7281 0.6126 0.3075
vn 0.6204 0.5220 0.5853
vn 0.4527 0.3808 0.8063
vn 0.2410 0.2027 0.9491
vn 0.1193 0.1004 0.9878
vn 0.2682 0.1650 -0.9491
vn 0.1328 0.0817 -0.9878
vn 0.5039 0.3100 -0.8062
vn 0.6906 0.4249 -0.5853
vn 0.8104 0.4986 -0.3076
vn 0.8491 0.5224 -0.0784
vn 0.8491 0.5224 0.0784
vn 0.8104 0.4986 0.3076
vn 0.6906 0.4249 0.5853
vn 0.5039 0.3100 0.8062
vn 0.2682 0.1650 0.9491
vn 0.1328 0.0817 0.9878
vn 0.2894 0.1240 -0.9491
vn 0.1433 0.0614 -0.9878
vn 0.5437 0.2331 -0.8062
vn 0.7452 0.3195 -0.5853
vn 0.8745 0.3749 -0.3076
vn 0.9163 0.3928 -0.0784
vn 0.9163 0.3928 0.0784
vn 0.8745 0.3749 0.3076
vn 0.7452 0.3195 0.5853
vn 0.5437 0.2331 0.8062
vn 0.2894 0.1240 0.9491
vn 0.1433 0.0614 0.9878
vn 0.3038 0.0817 -0.9492
vn 0.1505 0.0405 -0.9878
vn 0.5711 0.1537 -0.8063
vn 0.7829 0.2106 -0.5854
vn 0.9188 0.2472 -0.3076
vn 0.9627 0.2590 -0.0784
vn 0.9627 0.2590 0.0784
vn 0.9188 0.2472 0.3076
vn 0.7829 0.2106 0.5854
vn 0.5711 0.1537 0.8063
vn 0.3038 0.0817 0.9492
vn 0.1505 0.0405 0.9878
vn 0.3118 0.0400 -0.9493
vn 0.1547 0.0198 -0.9878
vn 0.5865 0.0752 -0.8065
vn 0.8041 0.1031 -0.5855
vn 0.9438 0.1210 -0.3077
vn 0.9888 0.1268 -0.0783
vn 0.9888 0.1268 0.0783
vn 0.9438 0.1210 0.3077
vn 0.8041 0.1031 0.5855
vn 0.5865 0.0752 0.8065
vn 0.3118 0.0400 0.9493
vn 0.1547 0.0198 0.9878
vn 0.3128 0.0052 -0.9498
vn 0.1561 0.0026 -0.9877
vn 0.5903 0.0098 -0.8071
vn 0.8102 0.0134 -0.5861
vn 0.9513 0.0158 -0.3080
vn 0.9968 0.0165 -0.0784
vn 0.9968 0.0165 0.0784
vn 0.9513 0.0158 0.3080
vn 0.8102 0.0134 0.5861
vn 0.5903 0.0098 0.8071
vn 0.3128 0.0052 0.9498
vn 0.1561 0.0026 0.9877
vn 0.3112 -0.0192 -0.9501
vn 0.1559 -0.0096 -0.9877
vn 0.5887 -0.0363 -0.8076
vn 0.8084 -0.0498 -0.5865
vn 0.9495 -0.0585 -0.3083
vn 0.9950 -0.0613 -0.0784
vn 0.9950 -0.0613 0.0784
vn 0.9495 -0.0585 0.3083
vn 0.8084 -0.0498 0.5865
vn 0.5887 -0.0363 0.8076
vn 0.3112 -0.0192 0.9501
vn 0.1559 -0.0096 0.9877
vn 0.3095 -0.0413 -0.9500
vn 0.1548 -0.0207 -0.9877
vn 0.5849 -0.0781 -0.8074
vn 0.8030 -0.1072 -0.5862
vn 0.9430 -0.1259 -0.3082
vn 0.9881 -0.1319 -0.0784
vn 0.9881 -0.1319 0.0784
vn 0.9430 -0.1259 0.3082
vn 0.8030 -0.1072 0.5862
vn 0.5849 -0.0781 0.8074
vn 0.3095 -0.0413 0.9500
vn 0.1548 -0.0207 0.9877
vn 0.3055 -0.0668 -0.9498
vn 0.1525 -0.0334 -0.9877
vn 0.5767 -0.1262 -0.8071
vn 0.7916 -0.1731 -0.5860
vn 0.9294 -0.2033 -0.3080
vn 0.9739 -0.2130 -0.0784
vn 0.9739 -0.2130 0.0784
vn 0.9294 -0.2033 0.3080
vn 0.7916 -0.1731 0.5860
vn 0.5767 -0.1262 0.8071
vn 0.3055 -0.0668 0.9498
vn 0.1525 -0.0334 0.9877
vn 0.2983 -0.0952 -0.9497
vn 0.1487 -0.0474 -0.9877
vn 0.5627 -0.1795 -0.8070
vn 0.7721 -0.2463 -0.5859
vn 0.9064 -0.2891 -0.3079
vn 0.9498 -0.3030 -0.0784
vn 0.9498 -0.3030 0.0784
vn 0.9064 -0.2891 0.3079
vn 0.7721 -0.2463 0.5859
vn 0.5627 -0.1795 0.8070
vn 0.2983 -0.0952 0.9497
vn 0.1487 -0.0474 0.9877
vn 0.2873 -0.1253 -0.9496
vn 0.1431 -0.0624 -0.9877
vn 0.5415 -0.2361 -0.8069
vn 0.7429 -0.3239 -0.5858
vn 0.8721 -0.3803 -0.3078
vn 0.9138 -0.3985 -0.0784
vn 0.9138 -0.3985 0.0784
vn 0.8721 -0.3803 0.3078
vn 0.7429 -0.3239 0.5858
vn 0.5415 -0.2361 0.8069
vn 0.2873 -0.1253 0.9496
vn 0.1431 -0.0624 0.9877
vn 0.2722 -0.1556 -0.9496
vn 0.1355 -0.0774 -0.9877
vn 0.5130 -0.2932 -0.8068
vn 0.7036 -0.4023 -0.5857
vn 0.8260 -0.4722 -0.3078
vn 0.8655 -0.4948 -0.0784
vn 0.8655 -0.4948 0.0784
vn 0.8260 -0.4722 0.3078
vn 0.7036 -0.4023 0.5857
vn 0.5130 -0.2932 0.8068
vn 0.2722 -0.1556 0.9496
vn 0.1355 -0.0774 0.9877
vn 0.2535 -0.1844 -0.9496
vn 0.1262 -0.0918 -0.9877
vn 0.4778 -0.3476 -0.8068
vn 0.6554 -0.4768 -0.5858
vn 0.7694 -0.5597 -0.3079
vn 0.8062 -0.5864 -0.0784
vn 0.8062 -0.5864 0.0784
vn 0.7694 -0.5597 0.3079
vn 0.6554 -0.4768 0.5858
vn 0.4778 -0.3476 0.8068
vn 0.2535 -0.1844 0.9496
vn 0.1262 -0.0918 0.9877
vn 0.2324 -0.2102 -0.9496
vn 0.1158 -0.1047 -0.9877
vn 0.4381 -0.3962 -0.8069
vn 0.6011 -0.5436 -0.5859
vn 0.7056 -0.6382 -0.3079
vn 0.7394 -0.6687 -0.0784
vn 0.7394 -0.6687 0.0784
vn 0.7056 -0.6382 0.3079
vn 0.6011 -0.5436 0.5859
vn 0.4381 -0.3962 0.8069
vn 0.2324 -0.2102 0.9496
vn 0.1158 -0.1047 0.9877
vn 0.2102 -0.2319 -0.9498
vn 0.1048 -0.1157 -0.9877
vn 0.3966 -0.4375 -0.8071
vn 0.5442 -0.6003 -0.5860
vn 0.6390 -0.7049 -0.3080
vn 0.6695 -0.7386 -0.0784
vn 0.6695 -0.7386 0.0784
vn 0.6390 -0.7049 0.3080
vn 0.5442 -0.6003 0.5860
vn 0.3966 -0.4375 0.8071
vn 0.2102 -0.2319 0.9498
vn 0.1048 -0.1157 0.9877
vn 0.1885 -0.2494 -0.9499
vn 0.0942 -0.1246 -0.9877
vn 0.3559 -0.4708 -0.8073
vn 0.4885 -0.6463 -0.5862
vn 0.5736 -0.7590 -0.3080
vn 0.6011 -0.7953 -0.0783
vn 0.6011 -0.7953 0.0783
vn 0.5736 -0.7590 0.3080
vn 0.4885 -0.6463 0.5862
vn 0.3559 -0.4708 0.8073
vn 0.1885 -0.2494 0.9499
vn 0.0942 -0.1246 0.9877
vn 0.1683 -0.2629 -0.9500
vn 0.0842 -0.1316 -0.9877
vn 0.3180 -0.4968 -0.8075
vn 0.4084 -0.5773 -0.7070
vn 0.7923 0.6070 0.0615
vn 0.8146 0.5800 0.0081
vn 0.8146 0.5800 -0.0080
vn 0.7923 0.6070 -0.0616
vn 0.4084 -0.5773 0.7070
vn 0.3180 -0.4968 0.8075
vn 0.1683 -0.2629 0.9500
vn 0.0842 -0.1316 0.9877
vn 0.0902 0.0074 -0.9959
vn 0.0686 0.0057 -0.9976
vn 0.2461 0.0203 -0.9690
vn 0.3095 0.0252 -0.9506
vn -0.8582 -0.0711 0.5083
vn -0.9840 -0.0811 0.1585
vn -0.9840 -0.0811 -0.1585
vn -0.8582 -0.0711 -0.5083
vn 0.3094 0.0256 0.9506
vn 0.2461 0.0203 0.9690
vn 0.0902 0.0074 0.9959
vn 0.0686 0.0057 0.9976
vn 0.1336 0.2848 -0.9492
vn 0.0662 0.1412 -0.9878
vn 0.2511 0.5355 -0.8063
vn 0.3590 0.6099 -0.7065
vn 0.8645 -0.4991 0.0597
vn 0.8833 -0.4688 0.0079
vn 0.8833 -0.4688 -0.0079
vn 0.8645 -0.4990 -0.0599
vn 0.3585 0.6101 0.7066
vn 0.2511 0.5355 0.8063
vn 0.1336 0.2848 0.9492
vn 0.0662 0.1412 0.9878
vn 0.1716 0.2636 -0.9492
vn 0.0851 0.1307 -0.9878
vn 0.3227 0.4956 -0.8064
vn 0.4424 0.6794 -0.5854
vn 0.5192 0.7974 -0.3076
vn 0.5440 0.8354 -0.0783
vn 0.5440 0.8354 0.0783
vn 0.5192 0.7974 0.3076
vn 0.4424 0.6794 0.5854
vn 0.3227 0.4956 0.8064
vn 0.1716 0.2636 0.9492
vn 0.0851 0.1307 0.9878
vn 0.2053 0.2380 -0.9493
vn 0.1019 0.1181 -0.9878
vn 0.3862 0.4477 -0.8064
vn 0.5295 0.6139 -0.5855
vn 0.6215 0.7205 -0.3076
vn 0.6512 0.7549 -0.0783
vn 0.6512 0.7549 0.0783
vn 0.6215 0.7205 0.3076
vn 0.5295 0.6139 0.5855
vn 0.3862 0.4477 0.8064
vn 0.2053 0.2380 0.9493
vn 0.1019 0.1181 0.9878
vn 0.2337 0.2098 -0.9494
vn 0.1161 0.1042 -0.9878
vn 0.4399 0.3949 -0.8066
vn 0.6032 0.5415 -0.5856
vn 0.7081 0.6356 -0.3077
vn 0.7419 0.6659 -0.0784
vn 0.7419 0.6659 0.0784
vn 0.7081 0.6356 0.3077
vn 0.6032 0.5415 0.5856
vn 0.4399 0.3949 0.8066
vn 0.2337 0.2098 0.9494
vn 0.1161 0.1042 0.9878
vn 0.2566 0.1805 -0.9495
vn 0.1276 0.0898 -0.9877
vn 0.4834 0.3399 -0.8067
vn 0.6630 0.4663 -0.5857
vn 0.7783 0.5473 -0.3078
vn 0.8155 0.5735 -0.0784
vn 0.8155 0.5735 0.0784
vn 0.7783 0.5473 0.3078
vn 0.6630 0.4663 0.5857
vn 0.4834 0.3399 0.8067
vn 0.2566 0.1805 0.9495
vn 0.1276 0.0898 0.9877
vn 0.2744 0.1513 -0.9496
vn 0.1367 0.0753 -0.9877
vn 0.5173 0.2852 -0.8069
vn 0.7098 0.3913 -0.5858
vn 0.8332 0.4593 -0.3079
vn 0.8731 0.4813 -0.0784
vn 0.8731 0.4813 0.0784
vn 0.8332 0.4593 0.3079
vn 0.7098 0.3913 0.5858
vn 0.5173 0.2852 0.8069
vn 0.2744 0.1513 0.9496
vn 0.1367 0.0753 0.9877
vn 0.2878 0.1230 -0.9498
vn 0.1436 0.0613 -0.9877
vn 0.5430 0.2320 -0.8070
vn 0.7452 0.3184 -0.5859
vn 0.8749 0.3738 -0.3080
vn 0.9168 0.3917 -0.0784
vn 0.9168 0.3917 0.0784
vn 0.8749 0.3738 0.3080
vn 0.7452 0.3184 0.5859
vn 0.5430 0.2320 0.8070
vn 0.2878 0.1230 0.9498
vn 0.1436 0.0613 0.9877
vn 0.2976 0.0960 -0.9498
vn 0.1486 0.0479 -0.9877
vn 0.5618 0.1812 -0.8072
vn 0.7712 0.2487 -0.5861
vn 0.9055 0.2921 -0.3080
vn 0.9488 0.3060 -0.0784
vn 0.9488 0.3060 0.0784
vn 0.9055 0.2921 0.3080
vn 0.7712 0.2487 0.5861
vn 0.5618 0.1812 0.8072
vn 0.2976 0.0960 0.9498
vn 0.1486 0.0479 0.9877
vn 0.3044 0.0704 -0.9499
vn 0.1522 0.0352 -0.9877
vn 0.5750 0.1329 -0.8073
vn 0.7894 0.1825 -0.5862
vn 0.9269 0.2143 -0.3080
vn 0.9713 0.2245 -0.0783
vn 0.9713 0.2245 0.0783
vn 0.9269 0.2143 0.3080
vn 0.7894 0.1825 0.5862
vn 0.5750 0.1329 0.8073
vn 0.3044 0.0704 0.9499
vn 0.1522 0.0352 0.9877
vn 0.3089 0.0460 -0.9500
vn 0.1545 0.0230 -0.9877
vn 0.5836 0.0869 -0.8074
vn 0.8013 0.1194 -0.5862
vn 0.9410 0.1402 -0.3080
vn 0.9860 0.1469 -0.0783
vn 0.9860 0.1469 0.0783
vn 0.9410 0.1402 0.3080
vn 0.8013 0.1194 0.5862
vn 0.5836 0.0869 0.8074
vn 0.3089 0.0460 0.9500
vn 0.1545 0.0230 0.9877
vn 0.3113 0.0227 -0.9500
vn 0.1558 0.0113 -0.9877
vn 0.5884 0.0429 -0.8074
vn 0.8080 0.0589 -0.5863
vn 0.9488 0.0691 -0.3081
vn 0.9943 0.0724 -0.0784
vn 0.9943 0.0724 0.0784
vn 0.9488 0.0691 0.3081
vn 0.8080 0.0589 0.5863
vn 0.5884 0.0429 0.8074
vn 0.3113 0.0227 0.9500
vn 0.1558 0.0113 0.9877
vn 0.3131 -0.0040 -0.9497
vn 0.1561 -0.0020 -0.9877
vn 0.5905 -0.0075 -0.8070
vn 0.8103 -0.0103 -0.5859
vn 0.9513 -0.0121 -0.3079
vn 0.9968 -0.0126 -0.0784
vn 0.9968 -0.0126 0.0784
vn 0.9513 -0.0121 0.3079
vn 0.8103 -0.0103 0.5859
vn 0.5905 -0.0075 0.8070
vn 0.3131 -0.0040 0.9497
vn 0.1561 -0.0020 0.9877
vn 0.3118 -0.0392 -0.9493
vn 0.1548 -0.0195 -0.9878
vn 0.5866 -0.0738 -0.8065
vn 0.8043 -0.1012 -0.5856
vn 0.9440 -0.1187 -0.3077
vn 0.9891 -0.1244 -0.0784
vn 0.9891 -0.1244 0.0784
vn 0.9440 -0.1187 0.3077
vn 0.8043 -0.1012 0.5856
vn 0.5866 -0.0738 0.8065
vn 0.3118 -0.0392 0.9493
vn 0.1548 -0.0195 0.9878
vn 0.3042 -0.0794 -0.9493
vn 0.1509 -0.0394 -0.9878
vn 0.5722 -0.1493 -0.8064
vn 0.7844 -0.2046 -0.5855
vn 0.9207 -0.2402 -0.3077
vn 0.9646 -0.2517 -0.0783
vn 0.9646 -0.2517 0.0783
vn 0.9207 -0.2402 0.3077
vn 0.7844 -0.2046 0.5855
vn 0.5722 -0.1493 0.8064
vn 0.3042 -0.0794 0.9493
vn 0.1509 -0.0394 0.9878
vn 0.2909 -0.1195 -0.9493
vn 0.1442 -0.0592 -0.9878
vn 0.5471 -0.2247 -0.8064
vn 0.7499 -0.3080 -0.5854
vn 0.8801 -0.3615 -0.3077
vn 0.9222 -0.3787 -0.0784
vn 0.9222 -0.3787 0.0784
vn 0.8801 -0.3615 0.3077
vn 0.7499 -0.3080 0.5854
vn 0.5471 -0.2247 0.8064
vn 0.2909 -0.1195 0.9493
vn 0.1442 -0.0592 0.9878
vn 0.2719 -0.1583 -0.9492
vn 0.1348 -0.0785 -0.9878
vn 0.5111 -0.2976 -0.8063
vn 0.7006 -0.4079 -0.5854
vn 0.8223 -0.4788 -0.3077
vn 0.8615 -0.5016 -0.0784
vn 0.8615 -0.5016 0.0784
vn 0.8223 -0.4788 0.3077
vn 0.7006 -0.4079 0.5854
vn 0.5111 -0.2976 0.8063
vn 0.2719 -0.1583 0.9492
vn 0.1348 -0.0785 0.9878
vn 0.2473 -0.1945 -0.9492
vn 0.1226 -0.0964 -0.9878
vn 0.4650 -0.3656 -0.8063
vn 0.6373 -0.5011 -0.5854
vn 0.7480 -0.5881 -0.3076
vn 0.7837 -0.6162 -0.0783
vn 0.7837 -0.6162 0.0783
vn 0.7480 -0.5881 0.3076
vn 0.6373 -0.5011 0.5854
vn 0.4650 -0.3656 0.8063
vn 0.2473 -0.1945 0.9492
vn 0.1226 -0.0964 0.9878
vn 0.2180 -0.2269 -0.9492
vn 0.1080 -0.1124 -0.9878
vn 0.4098 -0.4265 -0.8064
vn 0.5617 -0.5846 -0.5854
vn 0.6593 -0.6861 -0.3076
vn 0.6907 -0.7188 -0.0784
vn 0.6907 -0.7188 0.0784
vn 0.6593 -0.6861 0.3076
vn 0.5617 -0.5846 0.5854
vn 0.4098 -0.4265 0.8064
vn 0.2180 -0.2269 0.9492
vn 0.1080 -0.1124 0.9878
vn 0.1848 -0.2545 -0.9493
vn 0.0916 -0.1262 -0.9878
vn 0.3475 -0.4785 -0.8064
vn 0.4763 -0.6561 -0.5854
vn 0.5590 -0.7700 -0.3076
vn 0.5857 -0.8067 -0.0784
vn 0.5857 -0.8067 0.0784
vn 0.5590 -0.7700 0.3076
vn 0.4763 -0.6561 0.5854
vn 0.3475 -0.4785 0.8064
vn 0.1848 -0.2545 0.9493
vn 0.0916 -0.1262 0.9878
vn 0.1489 -0.2769 -0.9493
vn 0.0739 -0.1373 -0.9878
vn 0.2800 -0.5208 -0.8065
vn 0.3840 -0.7140 -0.5854
vn 0.4506 -0.8380 -0.3076
vn 0.4721 -0.8780 -0.0783
vn 0.4721 -0.8780 0.0783
vn 0.4506 -0.8380 0.3076
vn 0.3840 -0.7140 0.5854
vn 0.2800 -0.5208 0.8065
vn 0.1489 -0.2769 0.9493
vn 0.0739 -0.1374 0.9878
vn 0.1115 -0.2938 -0.9493
vn 0.0553 -0.1458 -0.9878
vn 0.2097 -0.5528 -0.8065
vn 0.2876 -0.7579 -0.5855
vn 0.3375 -0.8896 -0.3076
vn 0.3537 -0.9321 -0.0783
vn 0.3537 -0.9321 0.0783
vn 0.3375 -0.8896 0.3076
vn 0.2876 -0.7579 0.5855
vn 0.2097 -0.5528 0.8065
vn 0.1115 -0.2938 0.9493
vn 0.0553 -0.1458 0.9878
vn 0.0736 -0.3053 -0.9494
vn 0.0366 -0.1516 -0.9878
vn 0.1386 -0.5747 -0.8066
vn 0.1900 -0.7880 -0.5856
vn 0.2230 -0.9250 -0.3077
vn 0.2337 -0.9692 -0.0784
vn 0.2337 -0.9692 0.0784
vn 0.2230 -0.9250 0.3077
vn 0.1900 -0.7880 0.5856
vn 0.1386 -0.5747 0.8066
vn 0.0736 -0.3053 0.9494
vn 0.0366 -0.1517 0.9878
vn 0.0363 -0.3118 -0.9495
vn 0.0180 -0.1550 -0.9878
vn 0.0683 -0.5871 -0.8067
vn 0.0936 -0.8052 -0.5856
vn 0.1099 -0.9451 -0.3077
vn 0.1152 -0.9903 -0.0784
vn 0.1152 -0.9903 0.0784
vn 0.1099 -0.9451 0.3077
vn 0.0936 -0.8052 0.5856
vn 0.0683 -0.5871 0.8067
vn 0.0363 -0.3118 0.9495
vn 0.0180 -0.1550 0.9878
vn 0.0050 -0.3124 -0.9499
vn 0.0025 -0.1562 -0.9877
vn 0.0095 -0.5901 -0.8073
vn 0.0130 -0.8101 -0.5861
vn 0.0153 -0.9513 -0.3080
vn 0.0160 -0.9968 -0.0784
vn 0.0160 -0.9968 0.0784
vn 0.0153 -0.9513 0.3080
vn 0.0130 -0.8101 0.5861
vn 0.0095 -0.5901 0.8073
vn 0.0050 -0.3124 0.9499
vn 0.0025 -0.1562 0.9877
vn -0.0151 -0.3107 -0.9504
vn -0.0076 -0.1561 -0.9877
vn -0.0286 -0.5886 -0.8079
vn -0.0393 -0.8088 -0.5867
vn -0.0462 -0.9502 -0.3083
vn -0.0484 -0.9957 -0.0784
vn -0.0484 -0.9957 0.0784
vn -0.0462 -0.9502 0.3083
vn -0.0393 -0.8088 0.5867
vn -0.0286 -0.5886 0.8079
vn -0.0151 -0.3107 0.9504
vn -0.0076 -0.1561 0.9877
vn -0.0297 -0.3096 -0.9504
vn -0.0149 -0.1555 -0.9877
vn -0.0563 -0.5865 -0.8080
vn -0.0774 -0.8060 -0.5868
vn -0.0909 -0.9469 -0.3083
vn -0.0953 -0.9924 -0.0784
vn -0.0953 -0.9924 0.0784
vn -0.0909 -0.9469 0.3083
vn -0.0774 -0.8060 0.5868
vn -0.0563 -0.5865 0.8080
vn -0.0297 -0.3096 0.9504
vn -0.0149 -0.1555 0.9877
vn -0.0437 -0.3079 -0.9504
vn -0.0220 -0.1547 -0.9877
vn -0.0828 -0.5833 -0.8080
vn -0.1139 -0.8017 -0.5868
vn -0.1338 -0.9418 -0.3084
vn -0.1402 -0.9870 -0.0784
vn -0.1402 -0.9870 0.0784
vn -0.1338 -0.9418 0.3084
vn -0.1139 -0.8017 0.5868
vn -0.0828 -0.5833 0.8080
vn -0.0437 -0.3079 0.9504
vn -0.0220 -0.1547 0.9877
vn -0.0571 -0.3056 -0.9504
vn -0.0287 -0.1536 -0.9877
vn -0.1082 -0.5791 -0.8081
vn -0.1487 -0.7959 -0.5868
vn -0.1747 -0.9351 -0.3084
vn -0.1831 -0.9800 -0.0785
vn -0.1831 -0.9800 0.0785
vn -0.1747 -0.9351 0.3084
vn -0.1487 -0.7959 0.5868
vn -0.1082 -0.5791 0.8081
vn -0.0571 -0.3056 0.9504
vn -0.0287 -0.1536 0.9877
vn -0.0698 -0.3029 -0.9505
vn -0.0351 -0.1523 -0.9877
vn -0.1323 -0.5740 -0.8081
vn -0.1818 -0.7890 -0.5869
vn -0.2136 -0.9270 -0.3084
vn -0.2238 -0.9715 -0.0784
vn -0.2238 -0.9715 0.0784
vn -0.2136 -0.9270 0.3084
vn -0.1818 -0.7890 0.5869
vn -0.1323 -0.5740 0.8081
vn -0.0698 -0.3029 0.9505
vn -0.0351 -0.1523 0.9877
vn -0.0818 -0.2998 -0.9505
vn -0.0411 -0.1508 -0.9877
vn -0.1551 -0.5682 -0.8081
vn -0.2132 -0.7811 -0.5869
vn -0.2505 -0.9177 -0.3085
vn -0.2625 -0.9617 -0.0784
vn -0.2625 -0.9617 0.0784
vn -0.2505 -0.9177 0.3085
vn -0.2132 -0.7811 0.5869
vn -0.1551 -0.5682 0.8081
vn -0.0818 -0.2998 0.9505
vn -0.0411 -0.1508 0.9877
vn -0.0932 -0.2964 -0.9505
vn -0.0469 -0.1491 -0.9877
vn -0.1767 -0.5618 -0.8082
vn -0.2429 -0.7723 -0.5870
vn -0.2854 -0.9074 -0.3085
vn -0.2991 -0.9510 -0.0784
vn -0.2991 -0.9510 0.0784
vn -0.2854 -0.9074 0.3085
vn -0.2429 -0.7723 0.5870
vn -0.1767 -0.5618 0.8082
vn -0.0932 -0.2964 0.9505
vn -0.0469 -0.1491 0.9877
vn -0.1039 -0.2927 -0.9505
vn -0.0523 -0.1473 -0.9877
vn -0.1971 -0.5550 -0.8082
vn -0.2709 -0.7629 -0.5870
vn -0.3183 -0.8964 -0.3085
vn -0.3336 -0.9395 -0.0784
vn -0.3336 -0.9395 0.0784
vn -0.3183 -0.8964 0.3085
vn -0.2709 -0.7629 0.5870
vn -0.1971 -0.5550 0.8082
vn -0.1039 -0.2927 0.9505
vn -0.0523 -0.1473 0.9877
vn -0.1141 -0.2888 -0.9506
vn -0.0574 -0.1454 -0.9877
vn -0.2163 -0.5477 -0.8082
vn -0.2973 -0.7529 -0.5871
vn -0.3494 -0.8847 -0.3086
vn -0.3662 -0.9272 -0.0784
vn -0.3662 -0.9272 0.0784
vn -0.3494 -0.8847 0.3086
vn -0.2973 -0.7529 0.5871
vn -0.2163 -0.5477 0.8082
vn -0.1141 -0.2888 0.9506
vn -0.0574 -0.1454 0.9877
vn -0.1236 -0.2848 -0.9506
vn -0.0622 -0.1433 -0.9877
vn -0.2344 -0.5402 -0.8082
vn -0.3222 -0.7426 -0.5871
vn -0.3786 -0.8726 -0.3086
vn -0.3968 -0.9145 -0.0784
vn -0.3968 -0.9145 0.0784
vn -0.3786 -0.8726 0.3086
vn -0.3222 -0.7426 0.5871
vn -0.2344 -0.5402 0.8082
vn -0.1236 -0.2848 0.9506
vn -0.0622 -0.1433 0.9877
vn -0.1326 -0.2807 -0.9506
vn -0.0667 -0.1413 -0.9877
vn -0.2514 -0.5324 -0.8083
vn -0.3457 -0.7320 -0.5871
vn -0.4062 -0.8601 -0.3086
vn -0.4257 -0.9015 -0.0784
vn -0.4257 -0.9015 0.0784
vn -0.4062 -0.8601 0.3086
vn -0.3457 -0.7320 0.5871
vn -0.2514 -0.5324 0.8083
vn -0.1326 -0.2807 0.9506
vn -0.0667 -0.1413 0.9877
vn -0.2642 -0.1646 -0.9503
vn -0.1130 -0.0704 -0.9911
vn -0.4778 -0.2976 -0.8265
vn -0.6653 -0.4145 -0.6209
vn -0.7994 -0.4978 -0.3362
vn -0.8454 -0.5266 -0.0894
vn -0.8454 -0.5266 0.0894
vn -0.7994 -0.4978 0.3362
vn -0.6653 -0.4145 0.6209
vn -0.4778 -0.2976 0.8265
vn -0.2642 -0.1646 0.9503
vn -0.1130 -0.0704 0.9911
vn -0.1000 0.1838 -0.9779
vn -0.0361 0.0663 -0.9971
vn -0.1878 0.3449 -0.9196
vn -0.2975 0.5467 -0.7827
vn -0.4189 0.7692 -0.4826
vn -0.4729 0.8688 -0.1468
vn -0.4729 0.8688 0.1468
vn -0.4189 0.7692 0.4825
vn -0.2975 0.5467 0.7827
vn -0.1878 0.3449 0.9196
vn -0.1000 0.1838 0.9779
vn -0.0361 0.0663 0.9971
vn 0.1617 0.2612 -0.9516
vn 0.0822 0.1329 -0.9877
vn 0.3086 0.4987 -0.8100
vn 0.4254 0.6873 -0.5888
vn 0.5004 0.8085 -0.3096
vn 0.5246 0.8477 -0.0786
vn 0.5246 0.8477 0.0786
vn 0.5004 0.8085 0.3096
vn 0.4254 0.6873 0.5888
vn 0.3086 0.4987 0.8100
vn 0.1617 0.2612 0.9516
vn 0.0822 0.1329 0.9877
vn 0.1510 0.2674 -0.9517
vn 0.0768 0.1361 -0.9877
vn 0.2883 0.5107 -0.8100
vn 0.3973 0.7038 -0.5889
vn 0.4674 0.8280 -0.3097
vn 0.4900 0.8682 -0.0786
vn 0.4900 0.8682 0.0786
vn 0.4674 0.8280 0.3097
vn 0.3973 0.7038 0.5889
vn 0.2883 0.5107 0.8100
vn 0.1510 0.2674 0.9517
vn 0.0768 0.1361 0.9877
vn 0.1393 0.2735 -0.9517
vn 0.0709 0.1392 -0.9877
vn 0.2661 0.5224 -0.8101
vn 0.3668 0.7201 -0.5889
vn 0.4316 0.8472 -0.3097
vn 0.4525 0.8883 -0.0786
vn 0.4525 0.8883 0.0786
vn 0.4316 0.8472 0.3097
vn 0.3668 0.7201 0.5889
vn 0.2661 0.5224 0.8101
vn 0.1393 0.2735 0.9517
vn 0.0709 0.1392 0.9877
vn 0.1268 0.2795 -0.9517
vn 0.0646 0.1423 -0.9877
vn 0.2423 0.5338 -0.8101
vn 0.3340 0.7359 -0.5890
vn 0.3929 0.8658 -0.3097
vn 0.4120 0.9078 -0.0786
vn 0.4120 0.9078 0.0786
vn 0.3929 0.8658 0.3097
vn 0.3340 0.7359 0.5890
vn 0.2423 0.5338 0.8101
vn 0.1268 0.2795 0.9517
vn 0.0646 0.1423 0.9877
vn 0.1134 0.2850 -0.9518
vn 0.0578 0.1452 -0.9877
vn 0.2166 0.5446 -0.8102
vn 0.2987 0.7509 -0.5890
vn 0.3514 0.8835 -0.3098
vn 0.3684 0.9263 -0.0786
vn 0.3684 0.9263 0.0786
vn 0.3514 0.8835 0.3098
vn 0.2987 0.7509 0.5890
vn 0.2166 0.5446 0.8102
vn 0.1134 0.2850 0.9518
vn 0.0578 0.1452 0.9877
vn 0.0990 0.2902 -0.9518
vn 0.0505 0.1479 -0.9877
vn 0.1893 0.5547 -0.8103
vn 0.2610 0.7647 -0.5891
vn 0.3071 0.8998 -0.3098
vn 0.3220 0.9435 -0.0786
vn 0.3220 0.9435 0.0786
vn 0.3071 0.8998 0.3098
vn 0.2610 0.7647 0.5891
vn 0.1893 0.5547 0.8103
vn 0.0990 0.2902 0.9518
vn 0.0505 0.1479 0.9877
vn 0.0839 0.2949 -0.9518
vn 0.0428 0.1503 -0.9877
vn 0.1604 0.5636 -0.8103
vn 0.2212 0.7772 -0.5892
vn 0.2603 0.9145 -0.3099
vn 0.2729 0.9588 -0.0786
vn 0.2729 0.9588 0.0786
vn 0.2603 0.9145 0.3099
vn 0.2212 0.7772 0.5892
vn 0.1604 0.5636 0.8103
vn 0.0839 0.2949 0.9518
vn 0.0428 0.1503 0.9877
vn 0.0681 0.2989 -0.9519
vn 0.0347 0.1524 -0.9877
vn 0.1301 0.5713 -0.8104
vn 0.1794 0.7878 -0.5892
vn 0.2111 0.9270 -0.3099
vn 0.2213 0.9720 -0.0786
vn 0.2213 0.9720 0.0786
vn 0.2111 0.9270 0.3099
vn 0.1794 0.7878 0.5892
vn 0.1301 0.5713 0.8104
vn 0.0681 0.2989 0.9519
vn 0.0347 0.1524 0.9877
vn 0.0516 0.3021 -0.9519
vn 0.0263 0.1540 -0.9877
vn 0.0986 0.5775 -0.8104
vn 0.1359 0.7964 -0.5893
vn 0.1600 0.9372 -0.3099
vn 0.1677 0.9827 -0.0786
vn 0.1677 0.9827 0.0786
vn 0.1600 0.9372 0.3099
vn 0.1359 0.7964 0.5893
vn 0.0986 0.5775 0.8104
vn 0.0516 0.3021 0.9519
vn 0.0263 0.1540 0.9877
vn 0.0346 0.3044 -0.9519
vn 0.0176 0.1552 -0.9877
vn 0.0662 0.5821 -0.8104
vn 0.0913 0.8027 -0.5893
vn 0.1074 0.9447 -0.3099
vn 0.1126 0.9905 -0.0785
vn 0.1126 0.9905 0.0785
vn 0.1074 0.9447 0.3099
vn 0.0913 0.8027 0.5893
vn 0.0662 0.5821 0.8104
vn 0.0346 0.3044 0.9519
vn 0.0176 0.1552 0.9877
vn 0.0174 0.3059 -0.9519
vn 0.0089 0.1560 -0.9877
vn 0.0332 0.5849 -0.8104
vn 0.0458 0.8066 -0.5893
vn 0.0539 0.9492 -0.3100
vn 0.0565 0.9953 -0.0786
vn 0.0565 0.9953 0.0786
vn 0.0539 0.9492 0.3100
vn 0.0458 0.8066 0.5893
vn 0.0332 0.5849 0.8104
vn 0.0174 0.3059 0.9519
vn 0.0089 0.1560 0.9877
vn -0.0040 0.3051 -0.9523
vn -0.0020 0.1561 -0.9877
vn -0.0076 0.5848 -0.8112
vn -0.0105 0.8073 -0.5901
vn -0.0124 0.9505 -0.3105
vn -0.0130 0.9968 -0.0787
vn -0.0130 0.9968 0.0787
vn -0.0124 0.9505 0.3105
vn -0.0105 0.8073 0.5901
vn -0.0076 0.5848 0.8112
vn -0.0040 0.3051 0.9523
vn -0.0020 0.1561 0.9877
vn -0.0340 0.3015 -0.9529
vn -0.0175 0.1551 -0.9878
vn -0.0654 0.5798 -0.8122
vn -0.0904 0.8015 -0.5912
vn -0.1065 0.9444 -0.3112
vn -0.1117 0.9906 -0.0788
vn -0.1117 0.9906 0.0788
vn -0.1065 0.9444 0.3112
vn -0.0904 0.8015 0.5912
vn -0.0654 0.5798 0.8122
vn -0.0340 0.3015 0.9529
vn -0.0175 0.1551 0.9878
vn -0.0697 0.2948 -0.9530
vn -0.0359 0.1518 -0.9878
vn -0.1342 0.5674 -0.8124
vn -0.1857 0.7847 -0.5915
vn -0.2188 0.9248 -0.3113
vn -0.2295 0.9701 -0.0788
vn -0.2295 0.9701 0.0788
vn -0.2188 0.9248 0.3113
vn -0.1857 0.7847 0.5915
vn -0.1342 0.5674 0.8124
vn -0.0697 0.2948 0.9530
vn -0.0359 0.1518 0.9878
vn -0.1068 0.2830 -0.9532
vn -0.0550 0.1459 -0.9878
vn -0.2057 0.5452 -0.8127
vn -0.2845 0.7542 -0.5917
vn -0.3354 0.8891 -0.3115
vn -0.3519 0.9327 -0.0789
vn -0.3519 0.9327 0.0789
vn -0.3354 0.8891 0.3115
vn -0.2845 0.7542 0.5917
vn -0.2057 0.5452 0.8127
vn -0.1068 0.2830 0.9532
vn -0.0550 0.1459 0.9878
vn -0.1439 0.2656 -0.9533
vn -0.0743 0.1371 -0.9878
vn -0.2774 0.5120 -0.8129
vn -0.3839 0.7086 -0.5920
vn -0.4526 0.8355 -0.3117
vn -0.4748 0.8765 -0.0789
vn -0.4748 0.8765 0.0789
vn -0.4526 0.8355 0.3117
vn -0.3839 0.7086 0.5920
vn -0.2774 0.5120 0.8129
vn -0.1439 0.2656 0.9533
vn -0.0743 0.1371 0.9878
vn -0.1797 0.2425 -0.9534
vn -0.0928 0.1253 -0.9878
vn -0.3466 0.4677 -0.8131
vn -0.4798 0.6474 -0.5922
vn -0.5657 0.7634 -0.3118
vn -0.5935 0.8009 -0.0789
vn -0.5935 0.8009 0.0789
vn -0.5657 0.7634 0.3118
vn -0.4798 0.6474 0.5922
vn -0.3466 0.4677 0.8131
vn -0.1797 0.2425 0.9534
vn -0.0928 0.1253 0.9878
vn -0.2127 0.2141 -0.9534
vn -0.1099 0.1106 -0.9878
vn -0.4103 0.4129 -0.8131
vn -0.5679 0.5716 -0.5923
vn -0.6696 0.6740 -0.3119
vn -0.7026 0.7072 -0.0789
vn -0.7026 0.7072 0.0789
vn -0.6696 0.6740 0.3119
vn -0.5679 0.5716 0.5923
vn -0.4103 0.4129 0.8131
vn -0.2127 0.2141 0.9534
vn -0.1099 0.1106 0.9878
vn -0.2414 0.1812 -0.9534
vn -0.1247 0.0936 -0.9878
vn -0.4655 0.3495 -0.8131
vn -0.6444 0.4838 -0.5922
vn -0.7598 0.5705 -0.3118
vn -0.7972 0.5986 -0.0789
vn -0.7972 0.5986 0.0789
vn -0.7598 0.5705 0.3118
vn -0.6444 0.4838 0.5922
vn -0.4655 0.3495 0.8131
vn -0.2414 0.1812 0.9534
vn -0.1247 0.0936 0.9878
vn -0.2648 0.1453 -0.9533
vn -0.1367 0.0750 -0.9878
vn -0.5105 0.2802 -0.8130
vn -0.7065 0.3878 -0.5920
vn -0.8329 0.4572 -0.3117
vn -0.8739 0.4797 -0.0789
vn -0.8739 0.4797 0.0789
vn -0.8329 0.4572 0.3117
vn -0.7065 0.3878 0.5920
vn -0.5105 0.2802 0.8130
vn -0.2648 0.1453 0.9533
vn -0.1367 0.0750 0.9878
vn -0.2825 0.1080 -0.9532
vn -0.1457 0.0557 -0.9878
vn -0.5442 0.2081 -0.8127
vn -0.7529 0.2879 -0.5918
vn -0.8876 0.3394 -0.3116
vn -0.9311 0.3560 -0.0789
vn -0.9311 0.3560 0.0789
vn -0.8876 0.3394 0.3116
vn -0.7529 0.2879 0.5918
vn -0.5442 0.2081 0.8127
vn -0.2825 0.1080 0.9532
vn -0.1457 0.0557 0.9878
vn -0.2944 0.0706 -0.9531
vn -0.1517 0.0364 -0.9878
vn -0.5669 0.1360 -0.8125
vn -0.7841 0.1881 -0.5915
vn -0.9241 0.2217 -0.3114
vn -0.9694 0.2325 -0.0789
vn -0.9694 0.2325 0.0789
vn -0.9241 0.2217 0.3114
vn -0.7841 0.1881 0.5915
vn -0.5669 0.1360 0.8125
vn -0.2944 0.0706 0.9531
vn -0.1517 0.0364 0.9878
vn -0.3013 0.0345 -0.9529
vn -0.1550 0.0177 -0.9878
vn -0.5796 0.0663 -0.8122
vn -0.8013 0.0916 -0.5912
vn -0.9442 0.1080 -0.3111
vn -0.9904 0.1133 -0.0788
vn -0.9904 0.1133 0.0788
vn -0.9442 0.1080 0.3111
vn -0.8013 0.0916 0.5912
vn -0.5796 0.0663 0.8122
vn -0.3013 0.0345 0.9529
vn -0.1550 0.0177 0.9878
vn -0.3033 -0.0010 -0.9529
vn -0.1560 -0.0005 -0.9878
vn -0.5834 -0.0020 -0.8122
vn -0.8065 -0.0028 -0.5912
vn -0.9504 -0.0033 -0.3111
vn -0.9969 -0.0034 -0.0788
vn -0.9969 -0.0034 0.0788
vn -0.9504 -0.0033 0.3111
vn -0.8065 -0.0028 0.5912
vn -0.5834 -0.0020 0.8122
vn -0.3033 -0.0010 0.9529
vn -0.1560 -0.0005 0.9878
vn -0.3001 -0.0385 -0.9531
vn -0.1547 -0.0198 -0.9878
vn -0.5780 -0.0741 -0.8126
vn -0.7996 -0.1026 -0.5917
vn -0.9425 -0.1209 -0.3115
vn -0.9888 -0.1268 -0.0788
vn -0.9888 -0.1268 0.0788
vn -0.9425 -0.1209 0.3115
vn -0.7996 -0.1026 0.5917
vn -0.5780 -0.0741 0.8126
vn -0.3001 -0.0385 0.9531
vn -0.1547 -0.0198 0.9878
vn -0.2917 -0.0785 -0.9533
vn -0.1506 -0.0405 -0.9878
vn -0.5623 -0.1514 -0.8129
vn -0.7782 -0.2096 -0.5920
vn -0.9175 -0.2471 -0.3117
vn -0.9626 -0.2592 -0.0789
vn -0.9626 -0.2592 0.0789
vn -0.9175 -0.2471 0.3117
vn -0.7782 -0.2096 0.5920
vn -0.5623 -0.1514 0.8129
vn -0.2917 -0.0785 0.9533
vn -0.1506 -0.0405 0.9878
vn -0.2770 -0.1194 -0.9534
vn -0.1432 -0.0617 -0.9878
vn -0.5345 -0.2303 -0.8132
vn -0.7400 -0.3188 -0.5923
vn -0.8726 -0.3760 -0.3119
vn -0.9155 -0.3945 -0.0790
vn -0.9155 -0.3945 0.0790
vn -0.8726 -0.3760 0.3119
vn -0.7400 -0.3188 0.5923
vn -0.5345 -0.2303 0.8132
vn -0.2770 -0.1194 0.9534
vn -0.1432 -0.0617 0.9878
vn -0.2558 -0.1593 -0.9535
vn -0.1323 -0.0824 -0.9878
vn -0.4937 -0.3076 -0.8134
vn -0.6837 -0.4260 -0.5925
vn -0.8064 -0.5024 -0.3121
vn -0.8461 -0.5271 -0.0790
vn -0.8461 -0.5271 0.0790
vn -0.8064 -0.5024 0.3121
vn -0.6837 -0.4260 0.5925
vn -0.4937 -0.3076 0.8134
vn -0.2558 -0.1593 0.9535
vn -0.1323 -0.0824 0.9878
vn -0.2282 -0.1966 -0.9535
vn -0.1181 -0.1017 -0.9878
vn -0.4406 -0.3797 -0.8135
vn -0.6102 -0.5258 -0.5926
vn -0.7197 -0.6202 -0.3121
vn -0.7552 -0.6507 -0.0790
vn -0.7552 -0.6507 0.0790
vn -0.7197 -0.6202 0.3121
vn -0.6102 -0.5258 0.5926
vn -0.4406 -0.3797 0.8135
vn -0.2282 -0.1966 0.9535
vn -0.1181 -0.1017 0.9878
vn -0.1954 -0.2294 -0.9535
vn -0.1011 -0.1187 -0.9878
vn -0.3772 -0.4429 -0.8134
vn -0.5223 -0.6132 -0.5926
vn -0.6160 -0.7233 -0.3120
vn -0.6464 -0.7589 -0.0789
vn -0.6464 -0.7589 0.0789
vn -0.6160 -0.7233 0.3120
vn -0.5223 -0.6132 0.5926
vn -0.3772 -0.4429 0.8134
vn -0.1954 -0.2294 0.9535
vn -0.1011 -0.1187 0.9878
vn -0.1590 -0.2563 -0.9534
vn -0.0825 -0.1328 -0.9877
vn -0.3069 -0.4946 -0.8132
vn -0.4248 -0.6846 -0.5923
vn -0.5009 -0.8073 -0.3120
vn -0.5256 -0.8471 -0.0789
vn -0.5256 -0.8471 0.0789
vn -0.5009 -0.8073 0.3120
vn -0.4248 -0.6846 0.5923
vn -0.3069 -0.4946 0.8132
vn -0.1590 -0.2563 0.9534
vn -0.0825 -0.1328 0.9877
vn -0.1212 -0.2768 -0.9533
vn -0.0625 -0.1428 -0.9878
vn -0.2336 -0.5336 -0.8129
vn -0.3232 -0.7383 -0.5920
vn -0.3811 -0.8704 -0.3118
vn -0.3998 -0.9132 -0.0789
vn -0.3998 -0.9132 0.0789
vn -0.3811 -0.8704 0.3118
vn -0.3232 -0.7383 0.5920
vn -0.2336 -0.5336 0.8129
vn -0.1212 -0.2768 0.9533
vn -0.0625 -0.1428 0.9878
vn -0.0836 -0.2909 -0.9531
vn -0.0431 -0.1499 -0.9878
vn -0.1610 -0.5602 -0.8125
vn -0.2227 -0.7749 -0.5915
vn -0.2625 -0.9133 -0.3115
vn -0.2754 -0.9581 -0.0789
vn -0.2754 -0.9581 0.0789
vn -0.2625 -0.9133 0.3115
vn -0.2227 -0.7749 0.5915
vn -0.1610 -0.5602 0.8125
vn -0.0836 -0.2909 0.9531
vn -0.0431 -0.1499 0.9878
vn -0.0478 -0.2996 -0.9529
vn -0.0246 -0.1541 -0.9877
vn -0.0920 -0.5761 -0.8122
vn -0.1272 -0.7965 -0.5912
vn -0.1499 -0.9385 -0.3112
vn -0.1572 -0.9844 -0.0788
vn -0.1572 -0.9844 0.0788
vn -0.1499 -0.9385 0.3112
vn -0.1272 -0.7965 0.5912
vn -0.0920 -0.5761 0.8122
vn -0.0478 -0.2996 0.9529
vn -0.0246 -0.1541 0.9877
vn -0.0147 -0.3036 -0.9527
vn -0.0075 -0.1559 -0.9877
vn -0.0282 -0.5832 -0.8118
vn -0.0390 -0.8059 -0.5908
vn -0.0460 -0.9493 -0.3109
vn -0.0482 -0.9957 -0.0787
vn -0.0482 -0.9957 0.0787
vn -0.0460 -0.9493 0.3109
vn -0.0390 -0.8059 0.5908
vn -0.0282 -0.5832 0.8118
vn -0.0147 -0.3036 0.9527
vn -0.0075 -0.1559 0.9877
vn -0.1974 -0.1982 -0.9601
vn -0.0783 -0.0786 -0.9938
vn -0.3599 -0.3613 -0.8602
vn -0.5213 -0.5232 -0.6741
vn -0.6529 -0.6554 -0.3797
vn -0.7019 -0.7045 -0.1051
vn -0.7019 -0.7045 0.1051
vn -0.6529 -0.6554 0.3797
vn -0.5213 -0.5232 0.6741
vn -0.3599 -0.3613 0.8602
vn -0.1974 -0.1982 0.9601
vn -0.0783 -0.0786 0.9938
vn -0.2038 0.1968 -0.9590
vn -0.0814 0.0786 -0.9936
vn -0.3711 0.3581 -0.8568
vn -0.5351 0.5165 -0.6685
vn -0.6669 0.6439 -0.3750
vn -0.7157 0.6907 -0.1034
vn -0.7157 0.6907 0.1034
vn -0.6669 0.6439 0.3750
vn -0.5351 0.5165 0.6685
vn -0.3711 0.3581 0.8568
vn -0.2038 0.1968 0.9590
vn -0.0814 0.0786 0.9936
vn -0.0229 0.3044 -0.9523
vn -0.0117 0.1557 -0.9877
vn -0.0438 0.5833 -0.8111
vn -0.0605 0.8052 -0.5900
vn -0.0712 0.9480 -0.3104
vn -0.0746 0.9941 -0.0787
vn -0.0746 0.9941 0.0787
vn -0.0712 0.9480 0.3104
vn -0.0605 0.8052 0.5900
vn -0.0438 0.5833 0.8111
vn -0.0229 0.3044 0.9523
vn -0.0117 0.1557 0.9877
vn -0.0486 0.3007 -0.9525
vn -0.0249 0.1541 -0.9877
vn -0.0932 0.5770 -0.8114
vn -0.1288 0.7968 -0.5903
vn -0.1517 0.9384 -0.3106
vn -0.1591 0.9841 -0.0788
vn -0.1591 0.9841 0.0788
vn -0.1517 0.9384 0.3106
vn -0.1288 0.7968 0.5903
vn -0.0932 0.5770 0.8114
vn -0.0486 0.3007 0.9525
vn -0.0249 0.1541 0.9877
vn -0.0778 0.2937 -0.9527
vn -0.0400 0.1509 -0.9877
vn -0.1495 0.5644 -0.8119
vn -0.2066 0.7799 -0.5908
vn -0.2434 0.9187 -0.3109
vn -0.2553 0.9637 -0.0788
vn -0.2553 0.9637 0.0788
vn -0.2434 0.9187 0.3109
vn -0.2066 0.7799 0.5908
vn -0.1495 0.5644 0.8119
vn -0.0778 0.2937 0.9527
vn -0.0400 0.1509 0.9877
vn -0.1104 0.2822 -0.9530
vn -0.0568 0.1453 -0.9878
vn -0.2124 0.5431 -0.8123
vn -0.2937 0.7510 -0.5914
vn -0.3462 0.8850 -0.3113
vn -0.3632 0.9284 -0.0788
vn -0.3632 0.9284 0.0788
vn -0.3462 0.8850 0.3113
vn -0.2937 0.7510 0.5914
vn -0.2124 0.5431 0.8123
vn -0.1104 0.2822 0.9530
vn -0.0568 0.1453 0.9878
vn -0.1456 0.2647 -0.9533
vn -0.0752 0.1366 -0.9878
vn -0.2807 0.5103 -0.8129
vn -0.3884 0.7061 -0.5920
vn -0.4580 0.8325 -0.3117
vn -0.4805 0.8734 -0.0789
vn -0.4805 0.8734 0.0789
vn -0.4580 0.8325 0.3117
vn -0.3884 0.7061 0.5920
vn -0.2807 0.5103 0.8129
vn -0.1456 0.2647 0.9533
vn -0.0752 0.1366 0.9878
vn -0.1820 0.2402 -0.9535
vn -0.0943 0.1245 -0.9877
vn -0.3514 0.4636 -0.8134
vn -0.4866 0.6419 -0.5926
vn -0.5739 0.7571 -0.3121
vn -0.6022 0.7945 -0.0789
vn -0.6022 0.7945 0.0789
vn -0.5739 0.7571 0.3121
vn -0.4866 0.6419 0.5926
vn -0.3514 0.4636 0.8134
vn -0.1820 0.2402 0.9535
vn -0.0944 0.1246 0.9877
vn -0.2172 0.2081 -0.9537
vn -0.1125 0.1077 -0.9878
vn -0.4198 0.4021 -0.8137
vn -0.5815 0.5570 -0.5930
vn -0.6860 0.6571 -0.3123
vn -0.7199 0.6896 -0.0790
vn -0.7199 0.6896 0.0790
vn -0.6860 0.6571 0.3123
vn -0.5815 0.5570 0.5930
vn -0.4198 0.4021 0.8137
vn -0.2172 0.2081 0.9537
vn -0.1125 0.1077 0.9878
vn -0.2483 0.1694 -0.9538
vn -0.1287 0.0878 -0.9878
vn -0.4801 0.3274 -0.8139
vn -0.6652 0.4536 -0.5931
vn -0.7848 0.5352 -0.3125
vn -0.8236 0.5617 -0.0791
vn -0.8236 0.5617 0.0791
vn -0.7848 0.5352 0.3125
vn -0.6652 0.4536 0.5931
vn -0.4801 0.3274 0.8139
vn -0.2483 0.1694 0.9538
vn -0.1287 0.0878 0.9878
vn -0.2730 0.1263 -0.9537
vn -0.1417 0.0656 -0.9877
vn -0.5275 0.2441 -0.8137
vn -0.7308 0.3382 -0.5929
vn -0.8621 0.3990 -0.3123
vn -0.9047 0.4187 -0.0791
vn -0.9047 0.4187 0.0791
vn -0.8621 0.3990 0.3123
vn -0.7308 0.3382 0.5929
vn -0.5275 0.2441 0.8137
vn -0.2730 0.1263 0.9537
vn -0.1414 0.0654 0.9878
vn -0.2900 0.0821 -0.9535
vn -0.1500 0.0425 -0.9878
vn -0.5598 0.1585 -0.8134
vn -0.7751 0.2194 -0.5925
vn -0.9141 0.2588 -0.3121
vn -0.9592 0.2715 -0.0790
vn -0.9592 0.2715 0.0790
vn -0.9141 0.2588 0.3121
vn -0.7751 0.2194 0.5925
vn -0.5598 0.1585 0.8134
vn -0.2900 0.0821 0.9535
vn -0.1500 0.0425 0.9878
vn -0.2996 0.0395 -0.9533
vn -0.1546 0.0204 -0.9878
vn -0.5774 0.0762 -0.8129
vn -0.7991 0.1054 -0.5919
vn -0.9420 0.1243 -0.3117
vn -0.9883 0.1304 -0.0789
vn -0.9883 0.1304 0.0789
vn -0.9420 0.1243 0.3117
vn -0.7991 0.1054 0.5919
vn -0.5774 0.0762 0.8129
vn -0.2996 0.0395 0.9533
vn -0.1546 0.0204 0.9878
vn -0.3029 0.0001 -0.9530
vn -0.1560 -0.0000 -0.9878
vn -0.5830 0.0001 -0.8125
vn -0.8063 0.0002 -0.5915
vn -0.9503 0.0003 -0.3113
vn -0.9969 0.0003 -0.0788
vn -0.9969 0.0003 0.0788
vn -0.9503 0.0003 0.3113
vn -0.8063 0.0002 0.5915
vn -0.5830 0.0001 0.8125
vn -0.3029 0.0001 0.9530
vn -0.1560 -0.0000 0.9878
vn -0.3000 -0.0387 -0.9532
vn -0.1547 -0.0199 -0.9878
vn -0.5779 -0.0745 -0.8127
vn -0.7995 -0.1031 -0.5918
vn -0.9424 -0.1215 -0.3115
vn -0.9887 -0.1275 -0.0788
vn -0.9887 -0.1275 0.0788
vn -0.9424 -0.1215 0.3115
vn -0.7995 -0.1031 0.5918
vn -0.5779 -0.0745 0.8127
vn -0.3000 -0.0387 0.9532
vn -0.1547 -0.0199 0.9878
vn -0.2914 -0.0792 -0.9533
vn -0.1505 -0.0409 -0.9878
vn -0.5619 -0.1527 -0.8130
vn -0.7777 -0.2113 -0.5921
vn -0.9169 -0.2491 -0.3118
vn -0.9620 -0.2614 -0.0789
vn -0.9620 -0.2614 0.0789
vn -0.9169 -0.2491 0.3118
vn -0.7777 -0.2113 0.5921
vn -0.5619 -0.1527 0.8130
vn -0.2914 -0.0792 0.9533
vn -0.1505 -0.0409 0.9878
vn -0.2766 -0.1203 -0.9534
vn -0.1429 -0.0622 -0.9878
vn -0.5336 -0.2322 -0.8132
vn -0.7388 -0.3214 -0.5923
vn -0.8712 -0.3790 -0.3120
vn -0.9141 -0.3977 -0.0790
vn -0.9141 -0.3977 0.0790
vn -0.8712 -0.3790 0.3120
vn -0.7388 -0.3214 0.5923
vn -0.5336 -0.2322 0.8132
vn -0.2766 -0.1203 0.9534
vn -0.1429 -0.0622 0.9878
vn -0.2553 -0.1602 -0.9535
vn -0.1320 -0.0828 -0.9878
vn -0.4928 -0.3092 -0.8133
vn -0.6824 -0.4282 -0.5925
vn -0.8048 -0.5050 -0.3120
vn -0.8444 -0.5299 -0.0790
vn -0.8444 -0.5299 0.0789
vn -0.8048 -0.5050 0.3120
vn -0.6824 -0.4282 0.5925
vn -0.4928 -0.3092 0.8133
vn -0.2553 -0.1602 0.9535
vn -0.1320 -0.0828 0.9878
vn -0.2283 -0.1969 -0.9535
vn -0.1180 -0.1018 -0.9878
vn -0.4406 -0.3800 -0.8133
vn -0.6101 -0.5261 -0.5924
vn -0.7195 -0.6204 -0.3120
vn -0.7550 -0.6510 -0.0789
vn -0.7550 -0.6510 0.0789
vn -0.7195 -0.6204 0.3120
vn -0.6101 -0.5261 0.5924
vn -0.4406 -0.3800 0.8133
vn -0.2283 -0.1969 0.9535
vn -0.1180 -0.1018 0.9878
vn -0.1969 -0.2286 -0.9534
vn -0.1017 -0.1181 -0.9878
vn -0.3798 -0.4411 -0.8131
vn -0.5258 -0.6105 -0.5923
vn -0.6200 -0.7199 -0.3119
vn -0.6505 -0.7554 -0.0789
vn -0.6505 -0.7554 0.0789
vn -0.6200 -0.7199 0.3119
vn -0.5258 -0.6105 0.5923
vn -0.3798 -0.4411 0.8131
vn -0.1969 -0.2286 0.9534
vn -0.1017 -0.1181 0.9878
vn -0.1628 -0.2545 -0.9533
vn -0.0840 -0.1313 -0.9878
vn -0.3138 -0.4907 -0.8129
vn -0.4342 -0.6790 -0.5920
vn -0.5119 -0.8005 -0.3117
vn -0.5371 -0.8398 -0.0789
vn -0.5371 -0.8398 0.0789
vn -0.5119 -0.8005 0.3117
vn -0.4342 -0.6790 0.5920
vn -0.3138 -0.4907 0.8129
vn -0.1628 -0.2545 0.9533
vn -0.0840 -0.1313 0.9878
vn -0.1277 -0.2744 -0.9531
vn -0.0658 -0.1414 -0.9878
vn -0.2460 -0.5284 -0.8126
vn -0.3402 -0.7309 -0.5917
vn -0.4010 -0.8615 -0.3114
vn -0.4207 -0.9038 -0.0788
vn -0.4207 -0.9038 0.0788
vn -0.4010 -0.8615 0.3114
vn -0.3402 -0.7309 0.5917
vn -0.2460 -0.5284 0.8126
vn -0.1277 -0.2744 0.9531
vn -0.0658 -0.1414 0.9878
vn -0.0931 -0.2886 -0.9529
vn -0.0479 -0.1485 -0.9878
vn -0.1792 -0.5551 -0.8123
vn -0.2477 -0.7675 -0.5913
vn -0.2919 -0.9044 -0.3112
vn -0.3062 -0.9487 -0.0788
vn -0.3062 -0.9487 0.0788
vn -0.2919 -0.9044 0.3112
vn -0.2477 -0.7675 0.5913
vn -0.1792 -0.5551 0.8123
vn -0.0931 -0.2886 0.9529
vn -0.0479 -0.1485 0.9878
vn -0.0600 -0.2978 -0.9528
vn -0.0308 -0.1530 -0.9877
vn -0.1154 -0.5722 -0.8120
vn -0.1595 -0.7908 -0.5909
vn -0.1878 -0.9317 -0.3109
vn -0.1970 -0.9772 -0.0788
vn -0.1970 -0.9772 0.0788
vn -0.1878 -0.9317 0.3109
vn -0.1595 -0.7908 0.5909
vn -0.1154 -0.5722 0.8120
vn -0.0600 -0.2978 0.9528
vn -0.0308 -0.1530 0.9877
vn -0.0290 -0.3029 -0.9526
vn -0.0149 -0.1554 -0.9877
vn -0.0557 -0.5815 -0.8117
vn -0.0769 -0.8033 -0.5906
vn -0.0906 -0.9462 -0.3107
vn -0.0950 -0.9924 -0.0787
vn -0.0950 -0.9924 0.0787
vn -0.0906 -0.9462 0.3107
vn -0.0769 -0.8033 0.5906
vn -0.0557 -0.5815 0.8117
vn -0.0290 -0.3029 0.9526
vn -0.0149 -0.1554 0.9877
vn -0.0042 -0.3060 -0.9520
vn -0.0021 -0.1562 -0.9877
vn -0.0081 -0.5854 -0.8107
vn -0.0111 -0.8076 -0.5896
vn -0.0131 -0.9506 -0.3100
vn -0.0137 -0.9968 -0.0785
vn -0.0137 -0.9968 0.0785
vn -0.0131 -0.9506 0.3100
vn -0.0111 -0.8076 0.5896
vn -0.0081 -0.5854 0.8107
vn -0.0042 -0.3060 0.9520
vn -0.0021 -0.1562 0.9877
vn 0.0117 -0.3070 -0.9516
vn 0.0060 -0.1562 -0.9877
vn 0.0223 -0.5860 -0.8100
vn 0.0307 -0.8077 -0.5888
vn 0.0362 -0.9502 -0.3096
vn 0.0379 -0.9962 -0.0785
vn 0.0379 -0.9962 0.0785
vn 0.0362 -0.9502 0.3096
vn 0.0307 -0.8077 0.5888
vn 0.0223 -0.5860 0.8100
vn 0.0117 -0.3070 0.9516
vn 0.0060 -0.1562 0.9877
vn 0.0240 -0.3062 -0.9517
vn 0.0122 -0.1558 -0.9877
vn 0.0459 -0.5846 -0.8100
vn 0.0632 -0.8058 -0.5888
vn 0.0744 -0.9479 -0.3096
vn 0.0780 -0.9939 -0.0786
vn 0.0780 -0.9939 0.0786
vn 0.0744 -0.9479 0.3096
vn 0.0632 -0.8058 0.5888
vn 0.0459 -0.5846 0.8100
vn 0.0240 -0.3062 0.9517
vn 0.0122 -0.1558 0.9877
vn 0.0368 -0.3049 -0.9517
vn 0.0187 -0.1551 -0.9877
vn 0.0703 -0.5821 -0.8101
vn 0.0969 -0.8024 -0.5889
vn 0.1140 -0.9440 -0.3096
vn 0.1195 -0.9897 -0.0786
vn 0.1195 -0.9897 0.0786
vn 0.1140 -0.9440 0.3096
vn 0.0969 -0.8024 0.5889
vn 0.0703 -0.5821 0.8101
vn 0.0368 -0.3049 0.9517
vn 0.0187 -0.1551 0.9877
vn 0.0497 -0.3030 -0.9517
vn 0.0253 -0.1542 -0.9877
vn 0.0949 -0.5786 -0.8101
vn 0.1308 -0.7975 -0.5889
vn 0.1539 -0.9383 -0.3096
vn 0.1614 -0.9838 -0.0785
vn 0.1614 -0.9838 0.0785
vn 0.1539 -0.9383 0.3096
vn 0.1308 -0.7975 0.5889
vn 0.0949 -0.5786 0.8101
vn 0.0497 -0.3030 0.9517
vn 0.0253 -0.1542 0.9877
vn 0.0624 -0.3007 -0.9517
vn 0.0317 -0.1530 -0.9877
vn 0.1191 -0.5742 -0.8100
vn 0.1641 -0.7914 -0.5889
vn 0.1930 -0.9311 -0.3096
vn 0.2024 -0.9762 -0.0785
vn 0.2024 -0.9762 0.0785
vn 0.1930 -0.9311 0.3096
vn 0.1641 -0.7914 0.5889
vn 0.1191 -0.5742 0.8100
vn 0.0624 -0.3007 0.9517
vn 0.0317 -0.1530 0.9877
vn 0.0744 -0.2981 -0.9516
vn 0.0378 -0.1516 -0.9877
vn 0.1421 -0.5690 -0.8100
vn 0.1958 -0.7842 -0.5888
vn 0.2303 -0.9226 -0.3096
vn 0.2415 -0.9672 -0.0786
vn 0.2415 -0.9672 0.0786
vn 0.2303 -0.9226 0.3096
vn 0.1958 -0.7842 0.5888
vn 0.1421 -0.5690 0.8100
vn 0.0744 -0.2981 0.9516
vn 0.0378 -0.1516 0.9877
vn 0.0856 -0.2952 -0.9516
vn 0.0435 -0.1501 -0.9877
vn 0.1635 -0.5634 -0.8099
vn 0.2253 -0.7763 -0.5887
vn 0.2650 -0.9132 -0.3096
vn 0.2778 -0.9574 -0.0786
vn 0.2778 -0.9574 0.0786
vn 0.2650 -0.9132 0.3096
vn 0.2253 -0.7763 0.5887
vn 0.1635 -0.5634 0.8099
vn 0.0856 -0.2952 0.9516
vn 0.0435 -0.1501 0.9877
vn 0.0959 -0.2922 -0.9515
vn 0.0487 -0.1485 -0.9877
vn 0.1829 -0.5575 -0.8098
vn 0.2520 -0.7681 -0.5886
vn 0.2964 -0.9035 -0.3095
vn 0.3108 -0.9472 -0.0786
vn 0.3108 -0.9472 0.0786
vn 0.2964 -0.9035 0.3095
vn 0.2520 -0.7681 0.5886
vn 0.1829 -0.5575 0.8098
vn 0.0959 -0.2922 0.9515
vn 0.0487 -0.1485 0.9877
vn 0.1050 -0.2892 -0.9515
vn 0.0533 -0.1469 -0.9877
vn 0.2002 -0.5516 -0.8097
vn 0.2758 -0.7600 -0.5885
vn 0.3244 -0.8939 -0.3094
vn 0.3401 -0.9371 -0.0785
vn 0.3401 -0.9371 0.0785
vn 0.3244 -0.8939 0.3094
vn 0.2758 -0.7600 0.5885
vn 0.2002 -0.5516 0.8097
vn 0.1050 -0.2892 0.9515
vn 0.0533 -0.1469 0.9877
vn 0.1129 -0.2864 -0.9514
vn 0.0573 -0.1454 -0.9877
vn 0.2153 -0.5460 -0.8096
vn 0.2966 -0.7522 -0.5884
vn 0.3488 -0.8846 -0.3094
vn 0.3657 -0.9274 -0.0785
vn 0.3657 -0.9274 0.0785
vn 0.3488 -0.8846 0.3094
vn 0.2966 -0.7522 0.5884
vn 0.2153 -0.5460 0.8096
vn 0.1129 -0.2864 0.9514
vn 0.0573 -0.1454 0.9877
vn 0.1198 -0.2838 -0.9514
vn 0.0608 -0.1440 -0.9877
vn 0.2283 -0.5409 -0.8095
vn 0.3145 -0.7450 -0.5883
vn 0.3698 -0.8761 -0.3093
vn 0.3877 -0.9184 -0.0785
vn 0.3877 -0.9184 0.0785
vn 0.3698 -0.8761 0.3093
vn 0.3145 -0.7450 0.5883
vn 0.2283 -0.5409 0.8095
vn 0.1198 -0.2838 0.9514
vn 0.0608 -0.1440 0.9877
vn -0.1278 -0.1950 -0.9724
vn -0.0474 -0.0723 -0.9963
vn -0.2376 -0.3624 -0.9012
vn -0.3648 -0.5567 -0.7463
vn -0.4908 -0.7489 -0.4452
vn -0.5435 -0.8292 -0.1307
vn -0.5435 -0.8292 0.1307
vn -0.4908 -0.7489 0.4452
vn -0.3648 -0.5567 0.7463
vn -0.2376 -0.3624 0.9012
vn -0.1278 -0.1950 0.9724
vn -0.0474 -0.0723 0.9963
vn -0.2618 0.1667 -0.9506
vn -0.1116 0.0711 -0.9912
vn -0.4734 0.3014 -0.8276
vn -0.6601 0.4202 -0.6227
vn -0.7940 0.5055 -0.3376
vn -0.8402 0.5348 -0.0898
vn -0.8402 0.5348 0.0898
vn -0.7940 0.5055 0.3376
vn -0.6601 0.4202 0.6227
vn -0.4734 0.3014 0.8276
vn -0.2618 0.1667 0.9506
vn -0.1116 0.0711 0.9912
vt 0.068493 0.000000
vt 0.082192 0.000000
vt 0.075342 0.000000
vt 0.061644 0.000000
vt 0.054795 0.000000
vt 0.089041 0.000000
vt 0.047945 0.000000
vt 0.041096 0.000000
vt 0.034247 0.000000
vt 0.095890 0.000000
vt 0.027397 0.000000
vt 0.020548 0.000000
vt 0.013699 0.000000
vt 0.102740 0.000000
vt 0.006849 0.000000
vt 0.000000 0.000000
vt 0.109589 0.000000
vt 1.000000 0.000000
vt 0.993151 0.000000
vt 0.986301 0.000000
vt 0.979452 0.000000
vt 0.972603 0.000000
vt 0.965753 0.000000
vt 0.958904 0.000000
vt 0.952055 0.000000
vt 0.116438 0.000000
vt 0.945205 0.000000
vt 0.938356 0.000000
vt 0.123288 0.000000
vt 0.931507 0.000000
vt 0.924658 0.000000
vt 0.917808 0.000000
vt 0.130137 0.000000
vt 0.910959 0.000000
vt 0.904110 0.000000
vt 0.136986 0.000000
vt 0.897260 0.000000
vt 0.890411 0.000000
vt 0.883562 0.000000
vt 0.143836 0.000000
vt 0.876712 0.000000
vt 0.869863 0.000000
vt 0.863014 0.000000
vt 0.150685 0.000000
vt 0.856164 0.000000
vt 0.849315 0.000000
vt 0.157534 0.000000
vt 0.842466 0.000000
vt 0.835616 0.000000
vt 0.164384 0.000000
vt 0.828767 0.000000
vt 0.821918 0.000000
vt 0.171233 0.000000
vt 0.815068 0.000000
vt 0.178082 0.000000
vt 0.808219 0.000000
vt 0.184932 0.000000
vt 0.801370 0.000000
vt 0.191781 0.000000
vt 0.794521 0.000000
vt 0.198630 0.000000
vt 0.787671 0.000000
vt 0.780822 0.000000
vt 0.205479 0.000000
vt 0.773973 0.000000
vt 0.212329 0.000000
vt 0.767123 0.000000
vt 0.760274 0.000000
vt 0.753425 0.000000
vt 0.219178 0.000000
vt 0.746575 0.000000
vt 0.739726 0.000000
vt 0.226027 0.000000
vt 0.232877 0.000000
vt 0.239726 0.000000
vt 0.246575 0.000000
vt 0.253425 0.000000
vt 0.260274 0.000000
vt 0.267123 0.000000
vt 0.273973 0.000000
vt 0.732877 0.000000
vt 0.280822 0.000000
vt 0.726027 0.000000
vt 0.719178 0.000000
vt 0.712329 0.000000
vt 0.287671 0.000000
vt 0.705479 0.000000
vt 0.698630 0.000000
vt 0.294521 0.000000
vt 0.691781 0.000000
vt 0.301370 0.000000
vt 0.684932 0.000000
vt 0.678082 0.000000
vt 0.308219 0.000000
vt 0.671233 0.000000
vt 0.315068 0.000000
vt 0.664384 0.000000
vt 0.321918 0.000000
vt 0.657534 0.000000
vt 0.328767 0.000000
vt 0.650685 0.000000
vt 0.643836 0.000000
vt 0.335616 0.000000
vt 0.636986 0.000000
vt 0.630137 0.000000
vt 0.342466 0.000000
vt 0.486301 0.000000
vt 0.500000 0.000000
vt 0.493151 0.000000
vt 0.623288 0.000000
vt 0.506849 0.000000
vt 0.616438 0.000000
vt 0.513699 0.000000
vt 0.349315 0.000000
vt 0.609589 0.000000
vt 0.520548 0.000000
vt 0.527397 0.000000
vt 0.602740 0.000000
vt 0.534247 0.000000
vt 0.595890 0.000000
vt 0.541096 0.000000
vt 0.547945 0.000000
vt 0.589041 0.000000
vt 0.356164 0.000000
vt 0.554795 0.000000
vt 0.582192 0.000000
vt 0.561644 0.000000
vt 0.568493 0.000000
vt 0.575342 0.000000
vt 0.363014 0.000000
vt 0.369863 0.000000
vt 0.376712 0.000000
vt 0.479452 0.000000
vt 0.472603 0.000000
vt 0.465753 0.000000
vt 0.383562 0.000000
vt 0.458904 0.000000
vt 0.452055 0.000000
vt 0.390411 0.000000
vt 0.445205 0.000000
vt 0.438356 0.000000
vt 0.431507 0.000000
vt 0.397260 0.000000
vt 0.424658 0.000000
vt 0.417808 0.000000
vt 0.404110 0.000000
vt 0.410959 0.000000
vt 0.000000 0.090909
vt 0.006803 0.090909
vt 0.006803 0.000000
vt 0.000000 0.181818
vt 0.006803 0.181818
vt 0.000000 0.272727
vt 0.006803 0.272727
vt 0.000000 0.363636
vt 0.006803 0.363636
vt 0.000000 0.454545
vt 0.006803 0.454545
vt 0.000000 0.545455
vt 0.006803 0.545455
vt 0.000000 0.636364
vt 0.006803 0.636364
vt 0.000000 0.727273
vt 0.006803 0.727273
vt 0.000000 0.818182
vt 0.006803 0.818182
vt 0.000000 0.909091
vt 0.006803 0.909091
vt 0.000000 1.000000
vt 0.006803 1.000000
vt 0.013605 0.090909
vt 0.013605 0.000000
vt 0.013605 0.181818
vt 0.013605 0.272727
vt 0.013605 0.363636
vt 0.013605 0.454545
vt 0.013605 0.545455
vt 0.013605 0.636364
vt 0.013605 0.727273
vt 0.013605 0.818182
vt 0.013605 0.909091
vt 0.013605 1.000000
vt 0.020408 0.090909
vt 0.020408 0.000000
vt 0.020408 0.181818
vt 0.020408 0.272727
vt 0.020408 0.363636
vt 0.020408 0.454545
vt 0.020408 0.545455
vt 0.020408 0.636364
vt 0.020408 0.727273
vt 0.020408 0.818182
vt 0.020408 0.909091
vt 0.020408 1.000000
vt 0.027211 0.090909
vt 0.027211 0.000000
vt 0.027211 0.181818
vt 0.027211 0.272727
vt 0.027211 0.363636
vt 0.027211 0.454545
vt 0.027211 0.545455
vt 0.027211 0.636364
vt 0.027211 0.727273
vt 0.027211 0.818182
vt 0.027211 0.909091
vt 0.027211 1.000000
vt 0.034014 0.090909
vt 0.034014 0.000000
vt 0.034014 0.181818
vt 0.034014 0.272727
vt 0.034014 0.363636
vt 0.034014 0.454545
vt 0.034014 0.545455
vt 0.034014 0.636364
vt 0.034014 0.727273
vt 0.034014 0.818182
vt 0.034014 0.909091
vt 0.034014 1.000000
vt 0.040816 0.090909
vt 0.040816 0.000000
vt 0.040816 0.181818
vt 0.040816 0.272727
vt 0.040816 0.363636
vt 0.040816 0.454545
vt 0.040816 0.545455
vt 0.040816 0.636364
vt 0.040816 0.727273
vt 0.040816 0.818182
vt 0.040816 0.909091
vt 0.040816 1.000000
vt 0.047619 0.090909
vt 0.047619 0.000000
vt 0.047619 0.181818
vt 0.047619 0.272727
vt 0.047619 0.363636
vt 0.047619 0.454545
vt 0.047619 0.545455
vt 0.047619 0.636364
vt 0.047619 0.727273
vt 0.047619 0.818182
vt 0.047619 0.909091
vt 0.047619 1.000000
vt 0.054422 0.090909
vt 0.054422 0.000000
vt 0.054422 0.181818
vt 0.054422 0.272727
vt 0.054422 0.363636
vt 0.054422 0.454545
vt 0.054422 0.545455
vt 0.054422 0.636364
vt 0.054422 0.727273
vt 0.054422 0.818182
vt 0.054422 0.909091
vt 0.054422 1.000000
vt 0.061224 0.090909
vt 0.061224 0.000000
vt 0.061224 0.181818
vt 0.061224 0.272727
vt 0.061224 0.363636
vt 0.061224 0.454545
vt 0.061224 0.545455
vt 0.061224 0.636364
vt 0.061224 0.727273
vt 0.061224 0.818182
vt 0.061224 0.909091
vt 0.061224 1.000000
vt 0.068027 0.090909
vt 0.068027 0.000000
vt 0.068027 0.181818
vt 0.068027 0.272727
vt 0.068027 0.363636
vt 0.068027 0.454545
vt 0.068027 0.545455
vt 0.068027 0.636364
vt 0.068027 0.727273
vt 0.068027 0.818182
vt 0.068027 0.909091
vt 0.068027 1.000000
vt 0.074830 0.090909
vt 0.074830 0.000000
vt 0.074830 0.181818
vt 0.074830 0.272727
vt 0.074830 0.363636
vt 0.074830 0.454545
vt 0.074830 0.545455
vt 0.074830 0.636364
vt 0.074830 0.727273
vt 0.074830 0.818182
vt 0.074830 0.909091
vt 0.074830 1.000000
vt 0.081633 0.090909
vt 0.081633 0.000000
vt 0.081633 0.181818
vt 0.081633 0.272727
vt 0.081633 0.363636
vt 0.081633 0.454545
vt 0.081633 0.545455
vt 0.081633 0.636364
vt 0.081633 0.727273
vt 0.081633 0.818182
vt 0.081633 0.909091
vt 0.081633 1.000000
vt 0.088435 0.090909
vt 0.088435 0.000000
vt 0.088435 0.181818
vt 0.088435 0.272727
vt 0.088435 0.363636
vt 0.088435 0.454545
vt 0.088435 0.545455
vt 0.088435 0.636364
vt 0.088435 0.727273
vt 0.088435 0.818182
vt 0.088435 0.909091
vt 0.088435 1.000000
vt 0.095238 0.090909
vt 0.095238 0.000000
vt 0.095238 0.181818
vt 0.095238 0.272727
vt 0.095238 0.363636
vt 0.095238 0.454545
vt 0.095238 0.545455
vt 0.095238 0.636364
vt 0.095238 0.727273
vt 0.095238 0.818182
vt 0.095238 0.909091
vt 0.095238 1.000000
vt 0.102041 0.090909
vt 0.102041 0.000000
vt 0.102041 0.181818
vt 0.102041 0.272727
vt 0.102041 0.363636
vt 0.102041 0.454545
vt 0.102041 0.545455
vt 0.102041 0.636364
vt 0.102041 0.727273
vt 0.102041 0.818182
vt 0.102041 0.909091
vt 0.102041 1.000000
vt 0.108844 0.090909
vt 0.108844 0.000000
vt 0.108844 0.181818
vt 0.108844 0.272727
vt 0.108844 0.363636
vt 0.108844 0.454545
vt 0.108844 0.545455
vt 0.108844 0.636364
vt 0.108844 0.727273
vt 0.108844 0.818182
vt 0.108844 0.909091
vt 0.108844 1.000000
vt 0.115646 0.090909
vt 0.115646 0.000000
vt 0.115646 0.181818
vt 0.115646 0.272727
vt 0.115646 0.363636
vt 0.115646 0.454545
vt 0.115646 0.545455
vt 0.115646 0.636364
vt 0.115646 0.727273
vt 0.115646 0.818182
vt 0.115646 0.909091
vt 0.115646 1.000000
vt 0.122449 0.090909
vt 0.122449 0.000000
vt 0.122449 0.181818
vt 0.122449 0.272727
vt 0.122449 0.363636
vt 0.122449 0.454545
vt 0.122449 0.545455
vt 0.122449 0.636364
vt 0.122449 0.727273
vt 0.122449 0.818182
vt 0.122449 0.909091
vt 0.122449 1.000000
vt 0.129252 0.090909
vt 0.129252 0.000000
vt 0.129252 0.181818
vt 0.129252 0.272727
vt 0.129252 0.363636
vt 0.129252 0.454545
vt 0.129252 0.545455
vt 0.129252 0.636364
vt 0.129252 0.727273
vt 0.129252 0.818182
vt 0.129252 0.909091
vt 0.129252 1.000000
vt 0.136054 0.090909
vt 0.136054 0.000000
vt 0.136054 0.181818
vt 0.136054 0.272727
vt 0.136054 0.363636
vt 0.136054 0.454545
vt 0.136054 0.545455
vt 0.136054 0.636364
vt 0.136054 0.727273
vt 0.136054 0.818182
vt 0.136054 0.909091
vt 0.136054 1.000000
vt 0.142857 0.090909
vt 0.142857 0.000000
vt 0.142857 0.181818
vt 0.142857 0.272727
vt 0.142857 0.363636
vt 0.142857 0.454545
vt 0.142857 0.545455
vt 0.142857 0.636364
vt 0.142857 0.727273
vt 0.142857 0.818182
vt 0.142857 0.909091
vt 0.142857 1.000000
vt 0.149660 0.090909
vt 0.149660 0.000000
vt 0.149660 0.181818
vt 0.149660 0.272727
vt 0.149660 0.363636
vt 0.149660 0.454545
vt 0.149660 0.545455
vt 0.149660 0.636364
vt 0.149660 0.727273
vt 0.149660 0.818182
vt 0.149660 0.909091
vt 0.149660 1.000000
vt 0.156463 0.090909
vt 0.156463 0.000000
vt 0.156463 0.181818
vt 0.156463 0.272727
vt 0.156463 0.363636
vt 0.156463 0.454545
vt 0.156463 0.545455
vt 0.156463 0.636364
vt 0.156463 0.727273
vt 0.156463 0.818182
vt 0.156463 0.909091
vt 0.156463 1.000000
vt 0.163265 0.090909
vt 0.163265 0.000000
vt 0.163265 0.181818
vt 0.163265 0.272727
vt 0.163265 0.363636
vt 0.163265 0.454545
vt 0.163265 0.545455
vt 0.163265 0.636364
vt 0.163265 0.727273
vt 0.163265 0.818182
vt 0.163265 0.909091
vt 0.163265 1.000000
vt 0.170068 0.090909
vt 0.170068 0.000000
vt 0.170068 0.181818
vt 0.170068 0.272727
vt 0.170068 0.363636
vt 0.170068 0.454545
vt 0.170068 0.545455
vt 0.170068 0.636364
vt 0.170068 0.727273
vt 0.170068 0.818182
vt 0.170068 0.909091
vt 0.170068 1.000000
vt 0.176871 0.090909
vt 0.176871 0.000000
vt 0.176871 0.181818
vt 0.176871 0.272727
vt 0.176871 0.363636
vt 0.176871 0.454545
vt 0.176871 0.545455
vt 0.176871 0.636364
vt 0.176871 0.727273
vt 0.176871 0.818182
vt 0.176871 0.909091
vt 0.176871 1.000000
vt 0.183673 0.090909
vt 0.183673 0.000000
vt 0.183673 0.181818
vt 0.183673 0.272727
vt 0.183673 0.363636
vt 0.183673 0.454545
vt 0.183673 0.545455
vt 0.183673 0.636364
vt 0.183673 0.727273
vt 0.183673 0.818182
vt 0.183673 0.909091
vt 0.183673 1.000000
vt 0.190476 0.090909
vt 0.190476 0.000000
vt 0.190476 0.181818
vt 0.190476 0.272727
vt 0.190476 0.363636
vt 0.190476 0.454545
vt 0.190476 0.545455
vt 0.190476 0.636364
vt 0.190476 0.727273
vt 0.190476 0.818182
vt 0.190476 0.909091
vt 0.190476 1.000000
vt 0.197279 0.090909
vt 0.197279 0.000000
vt 0.197279 0.181818
vt 0.197279 0.272727
vt 0.197279 0.363636
vt 0.197279 0.454545
vt 0.197279 0.545455
vt 0.197279 0.636364
vt 0.197279 0.727273
vt 0.197279 0.818182
vt 0.197279 0.909091
vt 0.197279 1.000000
vt 0.204082 0.090909
vt 0.204082 0.000000
vt 0.204082 0.181818
vt 0.204082 0.272727
vt 0.204082 0.363636
vt 0.204082 0.454545
vt 0.204082 0.545455
vt 0.204082 0.636364
vt 0.204082 0.727273
vt 0.204082 0.818182
vt 0.204082 0.909091
vt 0.204082 1.000000
vt 0.210884 0.090909
vt 0.210884 0.000000
vt 0.210884 0.181818
vt 0.210884 0.272727
vt 0.210884 0.363636
vt 0.210884 0.454545
vt 0.210884 0.545455
vt 0.210884 0.636364
vt 0.210884 0.727273
vt 0.210884 0.818182
vt 0.210884 0.909091
vt 0.210884 1.000000
vt 0.217687 0.090909
vt 0.217687 0.000000
vt 0.217687 0.181818
vt 0.217687 0.272727
vt 0.217687 0.363636
vt 0.217687 0.454545
vt 0.217687 0.545455
vt 0.217687 0.636364
vt 0.217687 0.727273
vt 0.217687 0.818182
vt 0.217687 0.909091
vt 0.217687 1.000000
vt 0.224490 0.090909
vt 0.224490 0.000000
vt 0.224490 0.181818
vt 0.224490 0.272727
vt 0.224490 0.363636
vt 0.224490 0.454545
vt 0.224490 0.545455
vt 0.224490 0.636364
vt 0.224490 0.727273
vt 0.224490 0.818182
vt 0.224490 0.909091
vt 0.224490 1.000000
vt 0.231293 0.090909
vt 0.231293 0.000000
vt 0.231293 0.181818
vt 0.231293 0.272727
vt 0.231293 0.363636
vt 0.231293 0.454545
vt 0.231293 0.545455
vt 0.231293 0.636364
vt 0.231293 0.727273
vt 0.231293 0.818182
vt 0.231293 0.909091
vt 0.231293 1.000000
vt 0.238095 0.090909
vt 0.238095 0.000000
vt 0.238095 0.181818
vt 0.238095 0.272727
vt 0.238095 0.363636
vt 0.238095 0.454545
vt 0.238095 0.545455
vt 0.238095 0.636364
vt 0.238095 0.727273
vt 0.238095 0.818182
vt 0.238095 0.909091
vt 0.238095 1.000000
vt 0.244898 0.090909
vt 0.244898 0.000000
vt 0.244898 0.181818
vt 0.244898 0.272727
vt 0.244898 0.363636
vt 0.244898 0.454545
vt 0.244898 0.545455
vt 0.244898 0.636364
vt 0.244898 0.727273
vt 0.244898 0.818182
vt 0.244898 0.909091
vt 0.244898 1.000000
vt 0.251701 0.090909
vt 0.251701 0.000000
vt 0.251701 0.181818
vt 0.251701 0.272727
vt 0.251701 0.363636
vt 0.251701 0.454545
vt 0.251701 0.545455
vt 0.251701 0.636364
vt 0.251701 0.727273
vt 0.251701 0.818182
vt 0.251701 0.909091
vt 0.251701 1.000000
vt 0.258503 0.090909
vt 0.258503 0.000000
vt 0.258503 0.181818
vt 0.258503 0.272727
vt 0.258503 0.363636
vt 0.258503 0.454545
vt 0.258503 0.545455
vt 0.258503 0.636364
vt 0.258503 0.727273
vt 0.258503 0.818182
vt 0.258503 0.909091
vt 0.258503 1.000000
vt 0.265306 0.090909
vt 0.265306 0.000000
vt 0.265306 0.181818
vt 0.265306 0.272727
vt 0.265306 0.363636
vt 0.265306 0.454545
vt 0.265306 0.545455
vt 0.265306 0.636364
vt 0.265306 0.727273
vt 0.265306 0.818182
vt 0.265306 0.909091
vt 0.265306 1.000000
vt 0.272109 0.090909
vt 0.272109 0.000000
vt 0.272109 0.181818
vt 0.272109 0.272727
vt 0.272109 0.363636
vt 0.272109 0.454545
vt 0.272109 0.545455
vt 0.272109 0.636364
vt 0.272109 0.727273
vt 0.272109 0.818182
vt 0.272109 0.909091
vt 0.272109 1.000000
vt 0.278912 0.090909
vt 0.278912 0.000000
vt 0.278912 0.181818
vt 0.278912 0.272727
vt 0.278912 0.363636
vt 0.278912 0.454545
vt 0.278912 0.545455
vt 0.278912 0.636364
vt 0.278912 0.727273
vt 0.278912 0.818182
vt 0.278912 0.909091
vt 0.278912 1.000000
vt 0.285714 0.090909
vt 0.285714 0.000000
vt 0.285714 0.181818
vt 0.285714 0.272727
vt 0.285714 0.363636
vt 0.285714 0.454545
vt 0.285714 0.545455
vt 0.285714 0.636364
vt 0.285714 0.727273
vt 0.285714 0.818182
vt 0.285714 0.909091
vt 0.285714 1.000000
vt 0.292517 0.090909
vt 0.292517 0.000000
vt 0.292517 0.181818
vt 0.292517 0.272727
vt 0.292517 0.363636
vt 0.292517 0.454545
vt 0.292517 0.545455
vt 0.292517 0.636364
vt 0.292517 0.727273
vt 0.292517 0.818182
vt 0.292517 0.909091
vt 0.292517 1.000000
vt 0.299320 0.090909
vt 0.299320 0.000000
vt 0.299320 0.181818
vt 0.299320 0.272727
vt 0.299320 0.363636
vt 0.299320 0.454545
vt 0.299320 0.545455
vt 0.299320 0.636364
vt 0.299320 0.727273
vt 0.299320 0.818182
vt 0.299320 0.909091
vt 0.299320 1.000000
vt 0.306122 0.090909
vt 0.306122 0.000000
vt 0.306122 0.181818
vt 0.306122 0.272727
vt 0.306122 0.363636
vt 0.306122 0.454545
vt 0.306122 0.545455
vt 0.306122 0.636364
vt 0.306122 0.727273
vt 0.306122 0.818182
vt 0.306122 0.909091
vt 0.306122 1.000000
vt 0.312925 0.090909
vt 0.312925 0.000000
vt 0.312925 0.181818
vt 0.312925 0.272727
vt 0.312925 0.363636
vt 0.312925 0.454545
vt 0.312925 0.545455
vt 0.312925 0.636364
vt 0.312925 0.727273
vt 0.312925 0.818182
vt 0.312925 0.909091
vt 0.312925 1.000000
vt 0.319728 0.090909
vt 0.319728 0.000000
vt 0.319728 0.181818
vt 0.319728 0.272727
vt 0.319728 0.363636
vt 0.319728 0.454545
vt 0.319728 0.545455
vt 0.319728 0.636364
vt 0.319728 0.727273
vt 0.319728 0.818182
vt 0.319728 0.909091
vt 0.319728 1.000000
vt 0.326531 0.090909
vt 0.326531 0.000000
vt 0.326531 0.181818
vt 0.326531 0.272727
vt 0.326531 0.363636
vt 0.326531 0.454545
vt 0.326531 0.545455
vt 0.326531 0.636364
vt 0.326531 0.727273
vt 0.326531 0.818182
vt 0.326531 0.909091
vt 0.326531 1.000000
vt 0.333333 0.090909
vt 0.333333 0.000000
vt 0.333333 0.181818
vt 0.333333 0.272727
vt 0.333333 0.363636
vt 0.333333 0.454545
vt 0.333333 0.545455
vt 0.333333 0.636364
vt 0.333333 0.727273
vt 0.333333 0.818182
vt 0.333333 0.909091
vt 0.333333 1.000000
vt 0.340136 0.090909
vt 0.340136 0.000000
vt 0.340136 0.181818
vt 0.340136 0.272727
vt 0.340136 0.363636
vt 0.340136 0.454545
vt 0.340136 0.545455
vt 0.340136 0.636364
vt 0.340136 0.727273
vt 0.340136 0.818182
vt 0.340136 0.909091
vt 0.340136 1.000000
vt 0.346939 0.090909
vt 0.346939 0.000000
vt 0.346939 0.181818
vt 0.346939 0.272727
vt 0.346939 0.363636
vt 0.346939 0.454545
vt 0.346939 0.545455
vt 0.346939 0.636364
vt 0.346939 0.727273
vt 0.346939 0.818182
vt 0.346939 0.909091
vt 0.346939 1.000000
vt 0.353741 0.090909
vt 0.353741 0.000000
vt 0.353741 0.181818
vt 0.353741 0.272727
vt 0.353741 0.363636
vt 0.353741 0.454545
vt 0.353741 0.545455
vt 0.353741 0.636364
vt 0.353741 0.727273
vt 0.353741 0.818182
vt 0.353741 0.909091
vt 0.353741 1.000000
vt 0.360544 0.090909
vt 0.360544 0.000000
vt 0.360544 0.181818
vt 0.360544 0.272727
vt 0.360544 0.363636
vt 0.360544 0.454545
vt 0.360544 0.545455
vt 0.360544 0.636364
vt 0.360544 0.727273
vt 0.360544 0.818182
vt 0.360544 0.909091
vt 0.360544 1.000000
vt 0.367347 0.090909
vt 0.367347 0.000000
vt 0.367347 0.181818
vt 0.367347 0.272727
vt 0.367347 0.363636
vt 0.367347 0.454545
vt 0.367347 0.545455
vt 0.367347 0.636364
vt 0.367347 0.727273
vt 0.367347 0.818182
vt 0.367347 0.909091
vt 0.367347 1.000000
vt 0.374150 0.090909
vt 0.374150 0.000000
vt 0.374150 0.181818
vt 0.374150 0.272727
vt 0.374150 0.363636
vt 0.374150 0.454545
vt 0.374150 0.545455
vt 0.374150 0.636364
vt 0.374150 0.727273
vt 0.374150 0.818182
vt 0.374150 0.909091
vt 0.374150 1.000000
vt 0.380952 0.090909
vt 0.380952 0.000000
vt 0.380952 0.181818
vt 0.380952 0.272727
vt 0.380952 0.363636
vt 0.380952 0.454545
vt 0.380952 0.545455
vt 0.380952 0.636364
vt 0.380952 0.727273
vt 0.380952 0.818182
vt 0.380952 0.909091
vt 0.380952 1.000000
vt 0.387755 0.090909
vt 0.387755 0.000000
vt 0.387755 0.181818
vt 0.387755 0.272727
vt 0.387755 0.363636
vt 0.387755 0.454545
vt 0.387755 0.545455
vt 0.387755 0.636364
vt 0.387755 0.727273
vt 0.387755 0.818182
vt 0.387755 0.909091
vt 0.387755 1.000000
vt 0.394558 0.090909
vt 0.394558 0.000000
vt 0.394558 0.181818
vt 0.394558 0.272727
vt 0.394558 0.363636
vt 0.394558 0.454545
vt 0.394558 0.545455
vt 0.394558 0.636364
vt 0.394558 0.727273
vt 0.394558 0.818182
vt 0.394558 0.909091
vt 0.394558 1.000000
vt 0.401361 0.090909
vt 0.401361 0.000000
vt 0.401361 0.181818
vt 0.401361 0.272727
vt 0.401361 0.363636
vt 0.401361 0.454545
vt 0.401361 0.545455
vt 0.401361 0.636364
vt 0.401361 0.727273
vt 0.401361 0.818182
vt 0.401361 0.909091
vt 0.401361 1.000000
vt 0.408163 0.090909
vt 0.408163 0.000000
vt 0.408163 0.181818
vt 0.408163 0.272727
vt 0.408163 0.363636
vt 0.408163 0.454545
vt 0.408163 0.545455
vt 0.408163 0.636364
vt 0.408163 0.727273
vt 0.408163 0.818182
vt 0.408163 0.909091
vt 0.408163 1.000000
vt 0.414966 0.090909
vt 0.414966 0.000000
vt 0.414966 0.181818
vt 0.414966 0.272727
vt 0.414966 0.363636
vt 0.414966 0.454545
vt 0.414966 0.545455
vt 0.414966 0.636364
vt 0.414966 0.727273
vt 0.414966 0.818182
vt 0.414966 0.909091
vt 0.414966 1.000000
vt 0.421769 0.090909
vt 0.421769 0.000000
vt 0.421769 0.181818
vt 0.421769 0.272727
vt 0.421769 0.363636
vt 0.421769 0.454545
vt 0.421769 0.545455
vt 0.421769 0.636364
vt 0.421769 0.727273
vt 0.421769 0.818182
vt 0.421769 0.909091
vt 0.421769 1.000000
vt 0.428571 0.090909
vt 0.428571 0.000000
vt 0.428571 0.181818
vt 0.428571 0.272727
vt 0.428571 0.363636
vt 0.428571 0.454545
vt 0.428571 0.545455
vt 0.428571 0.636364
vt 0.428571 0.727273
vt 0.428571 0.818182
vt 0.428571 0.909091
vt 0.428571 1.000000
vt 0.435374 0.090909
vt 0.435374 0.000000
vt 0.435374 0.181818
vt 0.435374 0.272727
vt 0.435374 0.363636
vt 0.435374 0.454545
vt 0.435374 0.545455
vt 0.435374 0.636364
vt 0.435374 0.727273
vt 0.435374 0.818182
vt 0.435374 0.909091
vt 0.435374 1.000000
vt 0.442177 0.090909
vt 0.442177 0.000000
vt 0.442177 0.181818
vt 0.442177 0.272727
vt 0.442177 0.363636
vt 0.442177 0.454545
vt 0.442177 0.545455
vt 0.442177 0.636364
vt 0.442177 0.727273
vt 0.442177 0.818182
vt 0.442177 0.909091
vt 0.442177 1.000000
vt 0.448980 0.090909
vt 0.448980 0.000000
vt 0.448980 0.181818
vt 0.448980 0.272727
vt 0.448980 0.363636
vt 0.448980 0.454545
vt 0.448980 0.545455
vt 0.448980 0.636364
vt 0.448980 0.727273
vt 0.448980 0.818182
vt 0.448980 0.909091
vt 0.448980 1.000000
vt 0.455782 0.090909
vt 0.455782 0.000000
vt 0.455782 0.181818
vt 0.455782 0.272727
vt 0.455782 0.363636
vt 0.455782 0.454545
vt 0.455782 0.545455
vt 0.455782 0.636364
vt 0.455782 0.727273
vt 0.455782 0.818182
vt 0.455782 0.909091
vt 0.455782 1.000000
vt 0.462585 0.090909
vt 0.462585 0.000000
vt 0.462585 0.181818
vt 0.462585 0.272727
vt 0.462585 0.363636
vt 0.462585 0.454545
vt 0.462585 0.545455
vt 0.462585 0.636364
vt 0.462585 0.727273
vt 0.462585 0.818182
vt 0.462585 0.909091
vt 0.462585 1.000000
vt 0.469388 0.090909
vt 0.469388 0.000000
vt 0.469388 0.181818
vt 0.469388 0.272727
vt 0.469388 0.363636
vt 0.469388 0.454545
vt 0.469388 0.545455
vt 0.469388 0.636364
vt 0.469388 0.727273
vt 0.469388 0.818182
vt 0.469388 0.909091
vt 0.469388 1.000000
vt 0.476190 0.090909
vt 0.476190 0.000000
vt 0.476190 0.181818
vt 0.476190 0.272727
vt 0.476190 0.363636
vt 0.476190 0.454545
vt 0.476190 0.545455
vt 0.476190 0.636364
vt 0.476190 0.727273
vt 0.476190 0.818182
vt 0.476190 0.909091
vt 0.476190 1.000000
vt 0.482993 0.090909
vt 0.482993 0.000000
vt 0.482993 0.181818
vt 0.482993 0.272727
vt 0.482993 0.363636
vt 0.482993 0.454545
vt 0.482993 0.545455
vt 0.482993 0.636364
vt 0.482993 0.727273
vt 0.482993 0.818182
vt 0.482993 0.909091
vt 0.482993 1.000000
vt 0.489796 0.090909
vt 0.489796 0.000000
vt 0.489796 0.181818
vt 0.489796 0.272727
vt 0.489796 0.363636
vt 0.489796 0.454545
vt 0.489796 0.545455
vt 0.489796 0.636364
vt 0.489796 0.727273
vt 0.489796 0.818182
vt 0.489796 0.909091
vt 0.489796 1.000000
vt 0.496599 0.090909
vt 0.496599 0.000000
vt 0.496599 0.181818
vt 0.496599 0.272727
vt 0.496599 0.363636
vt 0.496599 0.454545
vt 0.496599 0.545455
vt 0.496599 0.636364
vt 0.496599 0.727273
vt 0.496599 0.818182
vt 0.496599 0.909091
vt 0.496599 1.000000
vt 0.503401 0.090909
vt 0.503401 0.000000
vt 0.503401 0.181818
vt 0.503401 0.272727
vt 0.503401 0.363636
vt 0.503401 0.454545
vt 0.503401 0.545455
vt 0.503401 0.636364
vt 0.503401 0.727273
vt 0.503401 0.818182
vt 0.503401 0.909091
vt 0.503401 1.000000
vt 0.510204 0.090909
vt 0.510204 0.000000
vt 0.510204 0.181818
vt 0.510204 0.272727
vt 0.510204 0.363636
vt 0.510204 0.454545
vt 0.510204 0.545455
vt 0.510204 0.636364
vt 0.510204 0.727273
vt 0.510204 0.818182
vt 0.510204 0.909091
vt 0.510204 1.000000
vt 0.517007 0.090909
vt 0.517007 0.000000
vt 0.517007 0.181818
vt 0.517007 0.272727
vt 0.517007 0.363636
vt 0.517007 0.454545
vt 0.517007 0.545455
vt 0.517007 0.636364
vt 0.517007 0.727273
vt 0.517007 0.818182
vt 0.517007 0.909091
vt 0.517007 1.000000
vt 0.523810 0.090909
vt 0.523810 0.000000
vt 0.523810 0.181818
vt 0.523810 0.272727
vt 0.523810 0.363636
vt 0.523810 0.454545
vt 0.523810 0.545455
vt 0.523810 0.636364
vt 0.523810 0.727273
vt 0.523810 0.818182
vt 0.523810 0.909091
vt 0.523810 1.000000
vt 0.530612 0.090909
vt 0.530612 0.000000
vt 0.530612 0.181818
vt 0.530612 0.272727
vt 0.530612 0.363636
vt 0.530612 0.454545
vt 0.530612 0.545455
vt 0.530612 0.636364
vt 0.530612 0.727273
vt 0.530612 0.818182
vt 0.530612 0.909091
vt 0.530612 1.000000
vt 0.537415 0.090909
vt 0.537415 0.000000
vt 0.537415 0.181818
vt 0.537415 0.272727
vt 0.537415 0.363636
vt 0.537415 0.454545
vt 0.537415 0.545455
vt 0.537415 0.636364
vt 0.537415 0.727273
vt 0.537415 0.818182
vt 0.537415 0.909091
vt 0.537415 1.000000
vt 0.544218 0.090909
vt 0.544218 0.000000
vt 0.544218 0.181818
vt 0.544218 0.272727
vt 0.544218 0.363636
vt 0.544218 0.454545
vt 0.544218 0.545455
vt 0.544218 0.636364
vt 0.544218 0.727273
vt 0.544218 0.818182
vt 0.544218 0.909091
vt 0.544218 1.000000
vt 0.551020 0.090909
vt 0.551020 0.000000
vt 0.551020 0.181818
vt 0.551020 0.272727
vt 0.551020 0.363636
vt 0.551020 0.454545
vt 0.551020 0.545455
vt 0.551020 0.636364
vt 0.551020 0.727273
vt 0.551020 0.818182
vt 0.551020 0.909091
vt 0.551020 1.000000
vt 0.557823 0.090909
vt 0.557823 0.000000
vt 0.557823 0.181818
vt 0.557823 0.272727
vt 0.557823 0.363636
vt 0.557823 0.454545
vt 0.557823 0.545455
vt 0.557823 0.636364
vt 0.557823 0.727273
vt 0.557823 0.818182
vt 0.557823 0.909091
vt 0.557823 1.000000
vt 0.564626 0.090909
vt 0.564626 0.000000
vt 0.564626 0.181818
vt 0.564626 0.272727
vt 0.564626 0.363636
vt 0.564626 0.454545
vt 0.564626 0.545455
vt 0.564626 0.636364
vt 0.564626 0.727273
vt 0.564626 0.818182
vt 0.564626 0.909091
vt 0.564626 1.000000
vt 0.571429 0.090909
vt 0.571429 0.000000
vt 0.571429 0.181818
vt 0.571429 0.272727
vt 0.571429 0.363636
vt 0.571429 0.454545
vt 0.571429 0.545455
vt 0.571429 0.636364
vt 0.571429 0.727273
vt 0.571429 0.818182
vt 0.571429 0.909091
vt 0.571429 1.000000
vt 0.578231 0.090909
vt 0.578231 0.000000
vt 0.578231 0.181818
vt 0.578231 0.272727
vt 0.578231 0.363636
vt 0.578231 0.454545
vt 0.578231 0.545455
vt 0.578231 0.636364
vt 0.578231 0.727273
vt 0.578231 0.818182
vt 0.578231 0.909091
vt 0.578231 1.000000
vt 0.585034 0.090909
vt 0.585034 0.000000
vt 0.585034 0.181818
vt 0.585034 0.272727
vt 0.585034 0.363636
vt 0.585034 0.454545
vt 0.585034 0.545455
vt 0.585034 0.636364
vt 0.585034 0.727273
vt 0.585034 0.818182
vt 0.585034 0.909091
vt 0.585034 1.000000
vt 0.591837 0.090909
vt 0.591837 0.000000
vt 0.591837 0.181818
vt 0.591837 0.272727
vt 0.591837 0.363636
vt 0.591837 0.454545
vt 0.591837 0.545455
vt 0.591837 0.636364
vt 0.591837 0.727273
vt 0.591837 0.818182
vt 0.591837 0.909091
vt 0.591837 1.000000
vt 0.598639 0.090909
vt 0.598639 0.000000
vt 0.598639 0.181818
vt 0.598639 0.272727
vt 0.598639 0.363636
vt 0.598639 0.454545
vt 0.598639 0.545455
vt 0.598639 0.636364
vt 0.598639 0.727273
vt 0.598639 0.818182
vt 0.598639 0.909091
vt 0.598639 1.000000
vt 0.605442 0.090909
vt 0.605442 0.000000
vt 0.605442 0.181818
vt 0.605442 0.272727
vt 0.605442 0.363636
vt 0.605442 0.454545
vt 0.605442 0.545455
vt 0.605442 0.636364
vt 0.605442 0.727273
vt 0.605442 0.818182
vt 0.605442 0.909091
vt 0.605442 1.000000
vt 0.612245 0.090909
vt 0.612245 0.000000
vt 0.612245 0.181818
vt 0.612245 0.272727
vt 0.612245 0.363636
vt 0.612245 0.454545
vt 0.612245 0.545455
vt 0.612245 0.636364
vt 0.612245 0.727273
vt 0.612245 0.818182
vt 0.612245 0.909091
vt 0.612245 1.000000
vt 0.619048 0.090909
vt 0.619048 0.000000
vt 0.619048 0.181818
vt 0.619048 0.272727
vt 0.619048 0.363636
vt 0.619048 0.454545
vt 0.619048 0.545455
vt 0.619048 0.636364
vt 0.619048 0.727273
vt 0.619048 0.818182
vt 0.619048 0.909091
vt 0.619048 1.000000
vt 0.625850 0.090909
vt 0.625850 0.000000
vt 0.625850 0.181818
vt 0.625850 0.272727
vt 0.625850 0.363636
vt 0.625850 0.454545
vt 0.625850 0.545455
vt 0.625850 0.636364
vt 0.625850 0.727273
vt 0.625850 0.818182
vt 0.625850 0.909091
vt 0.625850 1.000000
vt 0.632653 0.090909
vt 0.632653 0.000000
vt 0.632653 0.181818
vt 0.632653 0.272727
vt 0.632653 0.363636
vt 0.632653 0.454545
vt 0.632653 0.545455
vt 0.632653 0.636364
vt 0.632653 0.727273
vt 0.632653 0.818182
vt 0.632653 0.909091
vt 0.632653 1.000000
vt 0.639456 0.090909
vt 0.639456 0.000000
vt 0.639456 0.181818
vt 0.639456 0.272727
vt 0.639456 0.363636
vt 0.639456 0.454545
vt 0.639456 0.545455
vt 0.639456 0.636364
vt 0.639456 0.727273
vt 0.639456 0.818182
vt 0.639456 0.909091
vt 0.639456 1.000000
vt 0.646259 0.090909
vt 0.646259 0.000000
vt 0.646259 0.181818
vt 0.646259 0.272727
vt 0.646259 0.363636
vt 0.646259 0.454545
vt 0.646259 0.545455
vt 0.646259 0.636364
vt 0.646259 0.727273
vt 0.646259 0.818182
vt 0.646259 0.909091
vt 0.646259 1.000000
vt 0.653061 0.090909
vt 0.653061 0.000000
vt 0.653061 0.181818
vt 0.653061 0.272727
vt 0.653061 0.363636
vt 0.653061 0.454545
vt 0.653061 0.545455
vt 0.653061 0.636364
vt 0.653061 0.727273
vt 0.653061 0.818182
vt 0.653061 0.909091
vt 0.653061 1.000000
vt 0.659864 0.090909
vt 0.659864 0.000000
vt 0.659864 0.181818
vt 0.659864 0.272727
vt 0.659864 0.363636
vt 0.659864 0.454545
vt 0.659864 0.545455
vt 0.659864 0.636364
vt 0.659864 0.727273
vt 0.659864 0.818182
vt 0.659864 0.909091
vt 0.659864 1.000000
vt 0.666667 0.090909
vt 0.666667 0.000000
vt 0.666667 0.181818
vt 0.666667 0.272727
vt 0.666667 0.363636
vt 0.666667 0.454545
vt 0.666667 0.545455
vt 0.666667 0.636364
vt 0.666667 0.727273
vt 0.666667 0.818182
vt 0.666667 0.909091
vt 0.666667 1.000000
vt 0.673469 0.090909
vt 0.673469 0.000000
vt 0.673469 0.181818
vt 0.673469 0.272727
vt 0.673469 0.363636
vt 0.673469 0.454545
vt 0.673469 0.545455
vt 0.673469 0.636364
vt 0.673469 0.727273
vt 0.673469 0.818182
vt 0.673469 0.909091
vt 0.673469 1.000000
vt 0.680272 0.090909
vt 0.680272 0.000000
vt 0.680272 0.181818
vt 0.680272 0.272727
vt 0.680272 0.363636
vt 0.680272 0.454545
vt 0.680272 0.545455
vt 0.680272 0.636364
vt 0.680272 0.727273
vt 0.680272 0.818182
vt 0.680272 0.909091
vt 0.680272 1.000000
vt 0.687075 0.090909
vt 0.687075 0.000000
vt 0.687075 0.181818
vt 0.687075 0.272727
vt 0.687075 0.363636
vt 0.687075 0.454545
vt 0.687075 0.545455
vt 0.687075 0.636364
vt 0.687075 0.727273
vt 0.687075 0.818182
vt 0.687075 0.909091
vt 0.687075 1.000000
vt 0.693878 0.090909
vt 0.693878 0.000000
vt 0.693878 0.181818
vt 0.693878 0.272727
vt 0.693878 0.363636
vt 0.693878 0.454545
vt 0.693878 0.545455
vt 0.693878 0.636364
vt 0.693878 0.727273
vt 0.693878 0.818182
vt 0.693878 0.909091
vt 0.693878 1.000000
vt 0.700680 0.090909
vt 0.700680 0.000000
vt 0.700680 0.181818
vt 0.700680 0.272727
vt 0.700680 0.363636
vt 0.700680 0.454545
vt 0.700680 0.545455
vt 0.700680 0.636364
vt 0.700680 0.727273
vt 0.700680 0.818182
vt 0.700680 0.909091
vt 0.700680 1.000000
vt 0.707483 0.090909
vt 0.707483 0.000000
vt 0.707483 0.181818
vt 0.707483 0.272727
vt 0.707483 0.363636
vt 0.707483 0.454545
vt 0.707483 0.545455
vt 0.707483 0.636364
vt 0.707483 0.727273
vt 0.707483 0.818182
vt 0.707483 0.909091
vt 0.707483 1.000000
vt 0.714286 0.090909
vt 0.714286 0.000000
vt 0.714286 0.181818
vt 0.714286 0.272727
vt 0.714286 0.363636
vt 0.714286 0.454545
vt 0.714286 0.545455
vt 0.714286 0.636364
vt 0.714286 0.727273
vt 0.714286 0.818182
vt 0.714286 0.909091
vt 0.714286 1.000000
vt 0.721088 0.090909
vt 0.721088 0.000000
vt 0.721088 0.181818
vt 0.721088 0.272727
vt 0.721088 0.363636
vt 0.721088 0.454545
vt 0.721088 0.545455
vt 0.721088 0.636364
vt 0.721088 0.727273
vt 0.721088 0.818182
vt 0.721088 0.909091
vt 0.721088 1.000000
vt 0.727891 0.090909
vt 0.727891 0.000000
vt 0.727891 0.181818
vt 0.727891 0.272727
vt 0.727891 0.363636
vt 0.727891 0.454545
vt 0.727891 0.545455
vt 0.727891 0.636364
vt 0.727891 0.727273
vt 0.727891 0.818182
vt 0.727891 0.909091
vt 0.727891 1.000000
vt 0.734694 0.090909
vt 0.734694 0.000000
vt 0.734694 0.181818
vt 0.734694 0.272727
vt 0.734694 0.363636
vt 0.734694 0.454545
vt 0.734694 0.545455
vt 0.734694 0.636364
vt 0.734694 0.727273
vt 0.734694 0.818182
vt 0.734694 0.909091
vt 0.734694 1.000000
vt 0.741497 0.090909
vt 0.741497 0.000000
vt 0.741497 0.181818
vt 0.741497 0.272727
vt 0.741497 0.363636
vt 0.741497 0.454545
vt 0.741497 0.545455
vt 0.741497 0.636364
vt 0.741497 0.727273
vt 0.741497 0.818182
vt 0.741497 0.909091
vt 0.741497 1.000000
vt 0.748299 0.090909
vt 0.748299 0.000000
vt 0.748299 0.181818
vt 0.748299 0.272727
vt 0.748299 0.363636
vt 0.748299 0.454545
vt 0.748299 0.545455
vt 0.748299 0.636364
vt 0.748299 0.727273
vt 0.748299 0.818182
vt 0.748299 0.909091
vt 0.748299 1.000000
vt 0.755102 0.090909
vt 0.755102 0.000000
vt 0.755102 0.181818
vt 0.755102 0.272727
vt 0.755102 0.363636
vt 0.755102 0.454545
vt 0.755102 0.545455
vt 0.755102 0.636364
vt 0.755102 0.727273
vt 0.755102 0.818182
vt 0.755102 0.909091
vt 0.755102 1.000000
vt 0.761905 0.090909
vt 0.761905 0.000000
vt 0.761905 0.181818
vt 0.761905 0.272727
vt 0.761905 0.363636
vt 0.761905 0.454545
vt 0.761905 0.545455
vt 0.761905 0.636364
vt 0.761905 0.727273
vt 0.761905 0.818182
vt 0.761905 0.909091
vt 0.761905 1.000000
vt 0.768707 0.090909
vt 0.768707 0.000000
vt 0.768707 0.181818
vt 0.768707 0.272727
vt 0.768707 0.363636
vt 0.768707 0.454545
vt 0.768707 0.545455
vt 0.768707 0.636364
vt 0.768707 0.727273
vt 0.768707 0.818182
vt 0.768707 0.909091
vt 0.768707 1.000000
vt 0.775510 0.090909
vt 0.775510 0.000000
vt 0.775510 0.181818
vt 0.775510 0.272727
vt 0.775510 0.363636
vt 0.775510 0.454545
vt 0.775510 0.545455
vt 0.775510 0.636364
vt 0.775510 0.727273
vt 0.775510 0.818182
vt 0.775510 0.909091
vt 0.775510 1.000000
vt 0.782313 0.090909
vt 0.782313 0.000000
vt 0.782313 0.181818
vt 0.782313 0.272727
vt 0.782313 0.363636
vt 0.782313 0.454545
vt 0.782313 0.545455
vt 0.782313 0.636364
vt 0.782313 0.727273
vt 0.782313 0.818182
vt 0.782313 0.909091
vt 0.782313 1.000000
vt 0.789116 0.090909
vt 0.789116 0.000000
vt 0.789116 0.181818
vt 0.789116 0.272727
vt 0.789116 0.363636
vt 0.789116 0.454545
vt 0.789116 0.545455
vt 0.789116 0.636364
vt 0.789116 0.727273
vt 0.789116 0.818182
vt 0.789116 0.909091
vt 0.789116 1.000000
vt 0.795918 0.090909
vt 0.795918 0.000000
vt 0.795918 0.181818
vt 0.795918 0.272727
vt 0.795918 0.363636
vt 0.795918 0.454545
vt 0.795918 0.545455
vt 0.795918 0.636364
vt 0.795918 0.727273
vt 0.795918 0.818182
vt 0.795918 0.909091
vt 0.795918 1.000000
vt 0.802721 0.090909
vt 0.802721 0.000000
vt 0.802721 0.181818
vt 0.802721 0.272727
vt 0.802721 0.363636
vt 0.802721 0.454545
vt 0.802721 0.545455
vt 0.802721 0.636364
vt 0.802721 0.727273
vt 0.802721 0.818182
vt 0.802721 0.909091
vt 0.802721 1.000000
vt 0.809524 0.090909
vt 0.809524 0.000000
vt 0.809524 0.181818
vt 0.809524 0.272727
vt 0.809524 0.363636
vt 0.809524 0.454545
vt 0.809524 0.545455
vt 0.809524 0.636364
vt 0.809524 0.727273
vt 0.809524 0.818182
vt 0.809524 0.909091
vt 0.809524 1.000000
vt 0.816327 0.090909
vt 0.816327 0.000000
vt 0.816327 0.181818
vt 0.816327 0.272727
vt 0.816327 0.363636
vt 0.816327 0.454545
vt 0.816327 0.545455
vt 0.816327 0.636364
vt 0.816327 0.727273
vt 0.816327 0.818182
vt 0.816327 0.909091
vt 0.816327 1.000000
vt 0.823129 0.090909
vt 0.823129 0.000000
vt 0.823129 0.181818
vt 0.823129 0.272727
vt 0.823129 0.363636
vt 0.823129 0.454545
vt 0.823129 0.545455
vt 0.823129 0.636364
vt 0.823129 0.727273
vt 0.823129 0.818182
vt 0.823129 0.909091
vt 0.823129 1.000000
vt 0.829932 0.090909
vt 0.829932 0.000000
vt 0.829932 0.181818
vt 0.829932 0.272727
vt 0.829932 0.363636
vt 0.829932 0.454545
vt 0.829932 0.545455
vt 0.829932 0.636364
vt 0.829932 0.727273
vt 0.829932 0.818182
vt 0.829932 0.909091
vt 0.829932 1.000000
vt 0.836735 0.090909
vt 0.836735 0.000000
vt 0.836735 0.181818
vt 0.836735 0.272727
vt 0.836735 0.363636
vt 0.836735 0.454545
vt 0.836735 0.545455
vt 0.836735 0.636364
vt 0.836735 0.727273
vt 0.836735 0.818182
vt 0.836735 0.909091
vt 0.836735 1.000000
vt 0.843537 0.090909
vt 0.843537 0.000000
vt 0.843537 0.181818
vt 0.843537 0.272727
vt 0.843537 0.363636
vt 0.843537 0.454545
vt 0.843537 0.545455
vt 0.843537 0.636364
vt 0.843537 0.727273
vt 0.843537 0.818182
vt 0.843537 0.909091
vt 0.843537 1.000000
vt 0.850340 0.090909
vt 0.850340 0.000000
vt 0.850340 0.181818
vt 0.850340 0.272727
vt 0.850340 0.363636
vt 0.850340 0.454545
vt 0.850340 0.545455
vt 0.850340 0.636364
vt 0.850340 0.727273
vt 0.850340 0.818182
vt 0.850340 0.909091
vt 0.850340 1.000000
vt 0.857143 0.090909
vt 0.857143 0.000000
vt 0.857143 0.181818
vt 0.857143 0.272727
vt 0.857143 0.363636
vt 0.857143 0.454545
vt 0.857143 0.545455
vt 0.857143 0.636364
vt 0.857143 0.727273
vt 0.857143 0.818182
vt 0.857143 0.909091
vt 0.857143 1.000000
vt 0.863946 0.090909
vt 0.863946 0.000000
vt 0.863946 0.181818
vt 0.863946 0.272727
vt 0.863946 0.363636
vt 0.863946 0.454545
vt 0.863946 0.545455
vt 0.863946 0.636364
vt 0.863946 0.727273
vt 0.863946 0.818182
vt 0.863946 0.909091
vt 0.863946 1.000000
vt 0.870748 0.090909
vt 0.870748 0.000000
vt 0.870748 0.181818
vt 0.870748 0.272727
vt 0.870748 0.363636
vt 0.870748 0.454545
vt 0.870748 0.545455
vt 0.870748 0.636364
vt 0.870748 0.727273
vt 0.870748 0.818182
vt 0.870748 0.909091
vt 0.870748 1.000000
vt 0.877551 0.090909
vt 0.877551 0.000000
vt 0.877551 0.181818
vt 0.877551 0.272727
vt 0.877551 0.363636
vt 0.877551 0.454545
vt 0.877551 0.545455
vt 0.877551 0.636364
vt 0.877551 0.727273
vt 0.877551 0.818182
vt 0.877551 0.909091
vt 0.877551 1.000000
vt 0.884354 0.090909
vt 0.884354 0.000000
vt 0.884354 0.181818
vt 0.884354 0.272727
vt 0.884354 0.363636
vt 0.884354 0.454545
vt 0.884354 0.545455
vt 0.884354 0.636364
vt 0.884354 0.727273
vt 0.884354 0.818182
vt 0.884354 0.909091
vt 0.884354 1.000000
vt 0.891156 0.090909
vt 0.891156 0.000000
vt 0.891156 0.181818
vt 0.891156 0.272727
vt 0.891156 0.363636
vt 0.891156 0.454545
vt 0.891156 0.545455
vt 0.891156 0.636364
vt 0.891156 0.727273
vt 0.891156 0.818182
vt 0.891156 0.909091
vt 0.891156 1.000000
vt 0.897959 0.090909
vt 0.897959 0.000000
vt 0.897959 0.181818
vt 0.897959 0.272727
vt 0.897959 0.363636
vt 0.897959 0.454545
vt 0.897959 0.545455
vt 0.897959 0.636364
vt 0.897959 0.727273
vt 0.897959 0.818182
vt 0.897959 0.909091
vt 0.897959 1.000000
vt 0.904762 0.090909
vt 0.904762 0.000000
vt 0.904762 0.181818
vt 0.904762 0.272727
vt 0.904762 0.363636
vt 0.904762 0.454545
vt 0.904762 0.545455
vt 0.904762 0.636364
vt 0.904762 0.727273
vt 0.904762 0.818182
vt 0.904762 0.909091
vt 0.904762 1.000000
vt 0.911565 0.090909
vt 0.911565 0.000000
vt 0.911565 0.181818
vt 0.911565 0.272727
vt 0.911565 0.363636
vt 0.911565 0.454545
vt 0.911565 0.545455
vt 0.911565 0.636364
vt 0.911565 0.727273
vt 0.911565 0.818182
vt 0.911565 0.909091
vt 0.911565 1.000000
vt 0.918367 0.090909
vt 0.918367 0.000000
vt 0.918367 0.181818
vt 0.918367 0.272727
vt 0.918367 0.363636
vt 0.918367 0.454545
vt 0.918367 0.545455
vt 0.918367 0.636364
vt 0.918367 0.727273
vt 0.918367 0.818182
vt 0.918367 0.909091
vt 0.918367 1.000000
vt 0.925170 0.090909
vt 0.925170 0.000000
vt 0.925170 0.181818
vt 0.925170 0.272727
vt 0.925170 0.363636
vt 0.925170 0.454545
vt 0.925170 0.545455
vt 0.925170 0.636364
vt 0.925170 0.727273
vt 0.925170 0.818182
vt 0.925170 0.909091
vt 0.925170 1.000000
vt 0.931973 0.090909
vt 0.931973 0.000000
vt 0.931973 0.181818
vt 0.931973 0.272727
vt 0.931973 0.363636
vt 0.931973 0.454545
vt 0.931973 0.545455
vt 0.931973 0.636364
vt 0.931973 0.727273
vt 0.931973 0.818182
vt 0.931973 0.909091
vt 0.931973 1.000000
vt 0.938776 0.090909
vt 0.938776 0.000000
vt 0.938776 0.181818
vt 0.938776 0.272727
vt 0.938776 0.363636
vt 0.938776 0.454545
vt 0.938776 0.545455
vt 0.938776 0.636364
vt 0.938776 0.727273
vt 0.938776 0.818182
vt 0.938776 0.909091
vt 0.938776 1.000000
vt 0.945578 0.090909
vt 0.945578 0.000000
vt 0.945578 0.181818
vt 0.945578 0.272727
vt 0.945578 0.363636
vt 0.945578 0.454545
vt 0.945578 0.545455
vt 0.945578 0.636364
vt 0.945578 0.727273
vt 0.945578 0.818182
vt 0.945578 0.909091
vt 0.945578 1.000000
vt 0.952381 0.090909
vt 0.952381 0.000000
vt 0.952381 0.181818
vt 0.952381 0.272727
vt 0.952381 0.363636
vt 0.952381 0.454545
vt 0.952381 0.545455
vt 0.952381 0.636364
vt 0.952381 0.727273
vt 0.952381 0.818182
vt 0.952381 0.909091
vt 0.952381 1.000000
vt 0.959184 0.090909
vt 0.959184 0.000000
vt 0.959184 0.181818
vt 0.959184 0.272727
vt 0.959184 0.363636
vt 0.959184 0.454545
vt 0.959184 0.545455
vt 0.959184 0.636364
vt 0.959184 0.727273
vt 0.959184 0.818182
vt 0.959184 0.909091
vt 0.959184 1.000000
vt 0.965986 0.090909
vt 0.965986 0.000000
vt 0.965986 0.181818
vt 0.965986 0.272727
vt 0.965986 0.363636
vt 0.965986 0.454545
vt 0.965986 0.545455
vt 0.965986 0.636364
vt 0.965986 0.727273
vt 0.965986 0.818182
vt 0.965986 0.909091
vt 0.965986 1.000000
vt 0.972789 0.090909
vt 0.972789 0.000000
vt 0.972789 0.181818
vt 0.972789 0.272727
vt 0.972789 0.363636
vt 0.972789 0.454545
vt 0.972789 0.545455
vt 0.972789 0.636364
vt 0.972789 0.727273
vt 0.972789 0.818182
vt 0.972789 0.909091
vt 0.972789 1.000000
vt 0.979592 0.090909
vt 0.979592 0.000000
vt 0.979592 0.181818
vt 0.979592 0.272727
vt 0.979592 0.363636
vt 0.979592 0.454545
vt 0.979592 0.545455
vt 0.979592 0.636364
vt 0.979592 0.727273
vt 0.979592 0.818182
vt 0.979592 0.909091
vt 0.979592 1.000000
vt 0.986395 0.090909
vt 0.986395 0.000000
vt 0.986395 0.181818
vt 0.986395 0.272727
vt 0.986395 0.363636
vt 0.986395 0.454545
vt 0.986395 0.545455
vt 0.986395 0.636364
vt 0.986395 0.727273
vt 0.986395 0.818182
vt 0.986395 0.909091
vt 0.986395 1.000000
vt 0.993197 0.090909
vt 0.993197 0.000000
vt 0.993197 0.181818
vt 0.993197 0.272727
vt 0.993197 0.363636
vt 0.993197 0.454545
vt 0.993197 0.545455
vt 0.993197 0.636364
vt 0.993197 0.727273
vt 0.993197 0.818182
vt 0.993197 0.909091
vt 0.993197 1.000000
vt 1.000000 0.090909
vt 1.000000 0.181818
vt 1.000000 0.272727
vt 1.000000 0.363636
vt 1.000000 0.454545
vt 1.000000 0.545455
vt 1.000000 0.636364
vt 1.000000 0.727273
vt 1.000000 0.818182
vt 1.000000 0.909091
vt 1.000000 1.000000
s 0
usemtl Gold.003
f 11/1/1 13/2/1 12/3/1
f 10/4/1 13/2/1 11/1/1
f 9/5/1 13/2/1 10/4/1
f 9/5/1 14/6/1 13/2/1
f 8/7/1 14/6/1 9/5/1
f 7/8/1 14/6/1 8/7/1
f 6/9/1 14/6/1 7/8/1
f 6/9/1 15/10/1 14/6/1
f 5/11/1 15/10/1 6/9/1
f 4/12/1 15/10/1 5/11/1
f 3/13/1 15/10/1 4/12/1
f 3/13/1 16/14/1 15/10/1
f 2/15/1 16/14/1 3/13/1
f 1/16/1 16/14/1 2/15/1
f 1/16/1 17/17/1 16/14/1
f 147/18/1 17/17/1 1/16/1
f 146/19/1 145/20/1 147/18/1
f 145/20/1 144/21/1 147/18/1
f 144/21/1 143/22/1 147/18/1
f 143/22/1 142/23/1 147/18/1
f 142/23/1 17/17/1 147/18/1
f 142/23/1 141/24/1 17/17/1
f 141/24/1 140/25/1 17/17/1
f 140/25/1 18/26/1 17/17/1
f 140/25/1 139/27/1 18/26/1
f 139/27/1 138/28/1 18/26/1
f 138/28/1 19/29/1 18/26/1
f 138/28/1 137/30/1 19/29/1
f 137/30/1 136/31/1 19/29/1
f 136/31/1 135/32/1 19/29/1
f 135/32/1 20/33/1 19/29/1
f 135/32/1 134/34/1 20/33/1
f 134/34/1 133/35/1 20/33/1
f 133/35/1 21/36/1 20/33/1
f 132/37/1 21/36/1 133/35/1
f 131/38/1 21/36/1 132/37/1
f 130/39/1 21/36/1 131/38/1
f 130/39/1 22/40/1 21/36/1
f 129/41/1 22/40/1 130/39/1
f 128/42/1 22/40/1 129/41/1
f 127/43/1 22/40/1 128/42/1
f 127/43/1 23/44/1 22/40/1
f 126/45/1 23/44/1 127/43/1
f 125/46/1 23/44/1 126/45/1
f 125/46/1 24/47/1 23/44/1
f 124/48/1 24/47/1 125/46/1
f 123/49/1 24/47/1 124/48/1
f 123/49/1 25/50/1 24/47/1
f 122/51/1 25/50/1 123/49/1
f 121/52/1 25/50/1 122/51/1
f 121/52/1 26/53/1 25/50/1
f 120/54/1 26/53/1 121/52/1
f 120/54/1 27/55/1 26/53/1
f 119/56/1 27/55/1 120/54/1
f 119/56/1 28/57/1 27/55/1
f 118/58/1 28/57/1 119/56/1
f 118/58/1 29/59/1 28/57/1
f 117/60/1 29/59/1 118/58/1
f 117/60/1 30/61/1 29/59/1
f 116/62/1 30/61/1 117/60/1
f 115/63/1 30/61/1 116/62/1
f 115/63/1 31/64/1 30/61/1
f 114/65/1 31/64/1 115/63/1
f 114/65/1 32/66/1 31/64/1
f 113/67/1 32/66/1 114/65/1
f 112/68/1 32/66/1 113/67/1
f 111/69/1 32/66/1 112/68/1
f 111/69/1 33/70/1 32/66/1
f 110/71/1 33/70/1 111/69/1
f 109/72/1 33/70/1 110/71/1
f 109/72/1 34/73/1 33/70/1
f 109/72/1 35/74/1 34/73/1
f 109/72/1 36/75/1 35/74/1
f 109/72/1 37/76/1 36/75/1
f 109/72/1 38/77/1 37/76/1
f 109/72/1 39/78/1 38/77/1
f 109/72/1 40/79/1 39/78/1
f 109/72/1 41/80/1 40/79/1
f 109/72/1 108/81/1 41/80/1
f 108/81/1 42/82/1 41/80/1
f 107/83/1 42/82/1 108/81/1
f 106/84/1 42/82/1 107/83/1
f 105/85/1 42/82/1 106/84/1
f 105/85/1 43/86/1 42/82/1
f 104/87/1 43/86/1 105/85/1
f 103/88/1 43/86/1 104/87/1
f 103/88/1 44/89/1 43/86/1
f 102/90/1 44/89/1 103/88/1
f 102/90/1 45/91/1 44/89/1
f 101/92/1 45/91/1 102/90/1
f 100/93/1 45/91/1 101/92/1
f 100/93/1 46/94/1 45/91/1
f 99/95/1 46/94/1 100/93/1
f 99/95/1 47/96/1 46/94/1
f 98/97/1 47/96/1 99/95/1
f 98/97/1 48/98/1 47/96/1
f 97/99/1 48/98/1 98/97/1
f 97/99/1 49/100/1 48/98/1
f 96/101/1 49/100/1 97/99/1
f 95/102/1 49/100/1 96/101/1
f 95/102/1 50/103/1 49/100/1
f 94/104/1 50/103/1 95/102/1
f 93/105/1 50/103/1 94/104/1
f 93/105/1 51/106/1 50/103/1
f 72/107/1 74/108/1 73/109/1
f 92/110/1 51/106/1 93/105/1
f 72/107/1 75/111/1 74/108/1
f 91/112/1 51/106/1 92/110/1
f 72/107/1 76/113/1 75/111/1
f 91/112/1 52/114/1 51/106/1
f 90/115/1 52/114/1 91/112/1
f 72/107/1 77/116/1 76/113/1
f 72/107/1 78/117/1 77/116/1
f 89/118/1 52/114/1 90/115/1
f 72/107/1 79/119/1 78/117/1
f 88/120/1 52/114/1 89/118/1
f 72/107/1 80/121/1 79/119/1
f 72/107/1 81/122/1 80/121/1
f 87/123/1 52/114/1 88/120/1
f 87/123/1 53/124/1 52/114/1
f 72/107/1 82/125/1 81/122/1
f 86/126/1 53/124/1 87/123/1
f 72/107/1 83/127/1 82/125/1
f 72/107/1 84/128/1 83/127/1
f 85/129/1 53/124/1 86/126/1
f 72/107/1 85/129/1 84/128/1
f 72/107/1 53/124/1 85/129/1
f 72/107/1 54/130/1 53/124/1
f 72/107/1 55/131/1 54/130/1
f 72/107/1 56/132/1 55/131/1
f 71/133/1 56/132/1 72/107/1
f 70/134/1 56/132/1 71/133/1
f 69/135/1 56/132/1 70/134/1
f 69/135/1 57/136/1 56/132/1
f 68/137/1 57/136/1 69/135/1
f 67/138/1 57/136/1 68/137/1
f 67/138/1 58/139/1 57/136/1
f 66/140/1 58/139/1 67/138/1
f 65/141/1 58/139/1 66/140/1
f 64/142/1 58/139/1 65/141/1
f 64/142/1 59/143/1 58/139/1
f 63/144/1 59/143/1 64/142/1
f 62/145/1 59/143/1 63/144/1
f 62/145/1 60/146/1 59/143/1
f 61/147/1 60/146/1 62/145/1
f 158/1/2 159/3/2 160/2/2
f 157/4/2 158/1/2 160/2/2
f 156/5/2 157/4/2 160/2/2
f 156/5/2 160/2/2 161/6/2
f 155/7/2 156/5/2 161/6/2
f 154/8/2 155/7/2 161/6/2
f 153/9/2 154/8/2 161/6/2
f 153/9/2 161/6/2 162/10/2
f 152/11/2 153/9/2 162/10/2
f 151/12/2 152/11/2 162/10/2
f 150/13/2 151/12/2 162/10/2
f 150/13/2 162/10/2 163/14/2
f 149/15/2 150/13/2 163/14/2
f 148/16/2 149/15/2 163/14/2
f 148/16/2 163/14/2 164/17/2
f 294/18/2 148/16/2 164/17/2
f 293/19/2 294/18/2 292/20/2
f 292/20/2 294/18/2 291/21/2
f 291/21/2 294/18/2 290/22/2
f 290/22/2 294/18/2 289/23/2
f 289/23/2 294/18/2 164/17/2
f 289/23/2 164/17/2 288/24/2
f 288/24/2 164/17/2 287/25/2
f 287/25/2 164/17/2 165/26/2
f 287/25/2 165/26/2 286/27/2
f 286/27/2 165/26/2 285/28/2
f 285/28/2 165/26/2 166/29/2
f 285/28/2 166/29/2 284/30/2
f 284/30/2 166/29/2 283/31/2
f 283/31/2 166/29/2 282/32/2
f 282/32/2 166/29/2 167/33/2
f 282/32/2 167/33/2 281/34/2
f 281/34/2 167/33/2 280/35/2
f 280/35/2 167/33/2 168/36/2
f 279/37/2 280/35/2 168/36/2
f 278/38/2 279/37/2 168/36/2
f 277/39/2 278/38/2 168/36/2
f 277/39/2 168/36/2 169/40/2
f 276/41/2 277/39/2 169/40/2
f 275/42/2 276/41/2 169/40/2
f 274/43/2 275/42/2 169/40/2
f 274/43/2 169/40/2 170/44/2
f 273/45/2 274/43/2 170/44/2
f 272/46/2 273/45/2 170/44/2
f 272/46/2 170/44/2 171/47/2
f 271/48/2 272/46/2 171/47/2
f 270/49/2 271/48/2 171/47/2
f 270/49/2 171/47/2 172/50/2
f 269/51/2 270/49/2 172/50/2
f 268/52/2 269/51/2 172/50/2
f 268/52/2 172/50/2 173/53/2
f 267/54/2 268/52/2 173/53/2
f 267/54/2 173/53/2 174/55/2
f 266/56/2 267/54/2 174/55/2
f 266/56/2 174/55/2 175/57/2
f 265/58/2 266/56/2 175/57/2
f 265/58/2 175/57/2 176/59/2
f 264/60/2 265/58/2 176/59/2
f 264/60/2 176/59/2 177/61/2
f 263/62/2 264/60/2 177/61/2
f 262/63/2 263/62/2 177/61/2
f 262/63/2 177/61/2 178/64/2
f 261/65/2 262/63/2 178/64/2
f 261/65/2 178/64/2 179/66/2
f 260/67/2 261/65/2 179/66/2
f 259/68/2 260/67/2 179/66/2
f 258/69/2 259/68/2 179/66/2
f 258/69/2 179/66/2 180/70/2
f 257/71/2 258/69/2 180/70/2
f 256/72/2 257/71/2 180/70/2
f 256/72/2 180/70/2 181/73/2
f 256/72/2 181/73/2 182/74/2
f 256/72/2 182/74/2 183/75/2
f 256/72/2 183/75/2 184/76/2
f 256/72/2 184/76/2 185/77/2
f 256/72/2 185/77/2 186/78/2
f 256/72/2 186/78/2 187/79/2
f 256/72/2 187/79/2 188/80/2
f 256/72/2 188/80/2 255/81/2
f 255/81/2 188/80/2 189/82/2
f 254/83/2 255/81/2 189/82/2
f 253/84/2 254/83/2 189/82/2
f 252/85/2 253/84/2 189/82/2
f 252/85/2 189/82/2 190/86/2
f 251/87/2 252/85/2 190/86/2
f 250/88/2 251/87/2 190/86/2
f 250/88/2 190/86/2 191/89/2
f 249/90/2 250/88/2 191/89/2
f 249/90/2 191/89/2 192/91/2
f 248/92/2 249/90/2 192/91/2
f 247/93/2 248/92/2 192/91/2
f 247/93/2 192/91/2 193/94/2
f 246/95/2 247/93/2 193/94/2
f 246/95/2 193/94/2 194/96/2
f 245/97/2 246/95/2 194/96/2
f 245/97/2 194/96/2 195/98/2
f 244/99/2 245/97/2 195/98/2
f 244/99/2 195/98/2 196/100/2
f 243/101/2 244/99/2 196/100/2
f 242/102/2 243/101/2 196/100/2
f 242/102/2 196/100/2 197/103/2
f 241/104/2 242/102/2 197/103/2
f 240/105/2 241/104/2 197/103/2
f 240/105/2 197/103/2 198/106/2
f 219/107/2 220/109/2 221/108/2
f 239/110/2 240/105/2 198/106/2
f 219/107/2 221/108/2 222/111/2
f 238/112/2 239/110/2 198/106/2
f 219/107/2 222/111/2 223/113/2
f 238/112/2 198/106/2 199/114/2
f 237/115/2 238/112/2 199/114/2
f 219/107/2 223/113/2 224/116/2
f 219/107/2 224/116/2 225/117/2
f 236/118/2 237/115/2 199/114/2
f 219/107/2 225/117/2 226/119/2
f 235/120/2 236/118/2 199/114/2
f 219/107/2 226/119/2 227/121/2
f 219/107/2 227/121/2 228/122/2
f 234/123/2 235/120/2 199/114/2
f 234/123/2 199/114/2 200/124/2
f 219/107/2 228/122/2 229/125/2
f 233/126/2 234/123/2 200/124/2
f 219/107/2 229/125/2 230/127/2
f 219/107/2 230/127/2 231/128/2
f 232/129/2 233/126/2 200/124/2
f 219/107/2 231/128/2 232/129/2
f 219/107/2 232/129/2 200/124/2
f 219/107/2 200/124/2 201/130/2
f 219/107/2 201/130/2 202/131/2
f 219/107/2 202/131/2 203/132/2
f 218/133/2 219/107/2 203/132/2
f 217/134/2 218/133/2 203/132/2
f 216/135/2 217/134/2 203/132/2
f 216/135/2 203/132/2 204/136/2
f 215/137/2 216/135/2 204/136/2
f 214/138/2 215/137/2 204/136/2
f 214/138/2 204/136/2 205/139/2
f 213/140/2 214/138/2 205/139/2
f 212/141/2 213/140/2 205/139/2
f 211/142/2 212/141/2 205/139/2
f 211/142/2 205/139/2 206/143/2
f 210/144/2 211/142/2 206/143/2
f 209/145/2 210/144/2 206/143/2
f 209/145/2 206/143/2 207/146/2
f 208/147/2 209/145/2 207/146/2
s 1
f 296/148/3 308/149/4 307/150/5 295/16/6
f 297/151/7 309/152/8 308/149/4 296/148/3
f 298/153/9 310/154/10 309/152/8 297/151/7
f 299/155/11 311/156/12 310/154/10 298/153/9
f 300/157/13 312/158/14 311/156/12 299/155/11
f 301/159/15 313/160/16 312/158/14 300/157/13
f 302/161/17 314/162/18 313/160/16 301/159/15
f 303/163/19 315/164/20 314/162/18 302/161/17
f 304/165/21 316/166/22 315/164/20 303/163/19
f 305/167/23 317/168/24 316/166/22 304/165/21
f 306/169/25 318/170/26 317/168/24 305/167/23
f 308/149/4 320/171/27 319/172/28 307/150/5
f 309/152/8 321/173/29 320/171/27 308/149/4
f 310/154/10 322/174/30 321/173/29 309/152/8
f 311/156/12 323/175/31 322/174/30 310/154/10
f 312/158/14 324/176/32 323/175/31 311/156/12
f 313/160/16 325/177/33 324/176/32 312/158/14
f 314/162/18 326/178/34 325/177/33 313/160/16
f 315/164/20 327/179/35 326/178/34 314/162/18
f 316/166/22 328/180/36 327/179/35 315/164/20
f 317/168/24 329/181/37 328/180/36 316/166/22
f 318/170/26 330/182/38 329/181/37 317/168/24
f 320/171/27 332/183/39 331/184/40 319/172/28
f 321/173/29 333/185/41 332/183/39 320/171/27
f 322/174/30 334/186/42 333/185/41 321/173/29
f 323/175/31 335/187/43 334/186/42 322/174/30
f 324/176/32 336/188/44 335/187/43 323/175/31
f 325/177/33 337/189/45 336/188/44 324/176/32
f 326/178/34 338/190/46 337/189/45 325/177/33
f 327/179/35 339/191/47 338/190/46 326/178/34
f 328/180/36 340/192/48 339/191/47 327/179/35
f 329/181/37 341/193/49 340/192/48 328/180/36
f 330/182/38 342/194/50 341/193/49 329/181/37
f 332/183/39 344/195/51 343/196/52 331/184/40
f 333/185/41 345/197/53 344/195/51 332/183/39
f 334/186/42 346/198/54 345/197/53 333/185/41
f 335/187/43 347/199/55 346/198/54 334/186/42
f 336/188/44 348/200/56 347/199/55 335/187/43
f 337/189/45 349/201/57 348/200/56 336/188/44
f 338/190/46 350/202/58 349/201/57 337/189/45
f 339/191/47 351/203/59 350/202/58 338/190/46
f 340/192/48 352/204/60 351/203/59 339/191/47
f 341/193/49 353/205/61 352/204/60 340/192/48
f 342/194/50 354/206/62 353/205/61 341/193/49
f 344/195/51 356/207/63 355/208/64 343/196/52
f 345/197/53 357/209/65 356/207/63 344/195/51
f 346/198/54 358/210/66 357/209/65 345/197/53
f 347/199/55 359/211/67 358/210/66 346/198/54
f 348/200/56 360/212/68 359/211/67 347/199/55
f 349/201/57 361/213/69 360/212/68 348/200/56
f 350/202/58 362/214/70 361/213/69 349/201/57
f 351/203/59 363/215/71 362/214/70 350/202/58
f 352/204/60 364/216/72 363/215/71 351/203/59
f 353/205/61 365/217/73 364/216/72 352/204/60
f 354/206/62 366/218/74 365/217/73 353/205/61
f 356/207/63 368/219/75 367/220/76 355/208/64
f 357/209/65 369/221/77 368/219/75 356/207/63
f 358/210/66 370/222/78 369/221/77 357/209/65
f 359/211/67 371/223/79 370/222/78 358/210/66
f 360/212/68 372/224/80 371/223/79 359/211/67
f 361/213/69 373/225/81 372/224/80 360/212/68
f 362/214/70 374/226/82 373/225/81 361/213/69
f 363/215/71 375/227/83 374/226/82 362/214/70
f 364/216/72 376/228/84 375/227/83 363/215/71
f 365/217/73 377/229/85 376/228/84 364/216/72
f 366/218/74 378/230/86 377/229/85 365/217/73
f 368/219/75 380/231/87 379/232/88 367/220/76
f 369/221/77 381/233/89 380/231/87 368/219/75
f 370/222/78 382/234/90 381/233/89 369/221/77
f 371/223/79 383/235/91 382/234/90 370/222/78
f 372/224/80 384/236/92 383/235/91 371/223/79
f 373/225/81 385/237/93 384/236/92 372/224/80
f 374/226/82 386/238/94 385/237/93 373/225/81
f 375/227/83 387/239/95 386/238/94 374/226/82
f 376/228/84 388/240/96 387/239/95 375/227/83
f 377/229/85 389/241/97 388/240/96 376/228/84
f 378/230/86 390/242/98 389/241/97 377/229/85
f 380/231/87 392/243/99 391/244/100 379/232/88
f 381/233/89 393/245/101 392/243/99 380/231/87
f 382/234/90 394/246/102 393/245/101 381/233/89
f 383/235/91 395/247/103 394/246/102 382/234/90
f 384/236/92 396/248/104 395/247/103 383/235/91
f 385/237/93 397/249/105 396/248/104 384/236/92
f 386/238/94 398/250/106 397/249/105 385/237/93
f 387/239/95 399/251/107 398/250/106 386/238/94
f 388/240/96 400/252/108 399/251/107 387/239/95
f 389/241/97 401/253/109 400/252/108 388/240/96
f 390/242/98 402/254/110 401/253/109 389/241/97
f 392/243/99 404/255/111 403/256/112 391/244/100
f 393/245/101 405/257/113 404/255/111 392/243/99
f 394/246/102 406/258/114 405/257/113 393/245/101
f 395/247/103 407/259/115 406/258/114 394/246/102
f 396/248/104 408/260/116 407/259/115 395/247/103
f 397/249/105 409/261/117 408/260/116 396/248/104
f 398/250/106 410/262/118 409/261/117 397/249/105
f 399/251/107 411/263/119 410/262/118 398/250/106
f 400/252/108 412/264/120 411/263/119 399/251/107
f 401/253/109 413/265/121 412/264/120 400/252/108
f 402/254/110 414/266/122 413/265/121 401/253/109
f 404/255/111 416/267/123 415/268/124 403/256/112
f 405/257/113 417/269/125 416/267/123 404/255/111
f 406/258/114 418/270/126 417/269/125 405/257/113
f 407/259/115 419/271/127 418/270/126 406/258/114
f 408/260/116 420/272/128 419/271/127 407/259/115
f 409/261/117 421/273/129 420/272/128 408/260/116
f 410/262/118 422/274/130 421/273/129 409/261/117
f 411/263/119 423/275/131 422/274/130 410/262/118
f 412/264/120 424/276/132 423/275/131 411/263/119
f 413/265/121 425/277/133 424/276/132 412/264/120
f 414/266/122 426/278/134 425/277/133 413/265/121
f 416/267/123 428/279/135 427/280/136 415/268/124
f 417/269/125 429/281/137 428/279/135 416/267/123
f 418/270/126 430/282/138 429/281/137 417/269/125
f 419/271/127 431/283/139 430/282/138 418/270/126
f 420/272/128 432/284/140 431/283/139 419/271/127
f 421/273/129 433/285/141 432/284/140 420/272/128
f 422/274/130 434/286/142 433/285/141 421/273/129
f 423/275/131 435/287/143 434/286/142 422/274/130
f 424/276/132 436/288/144 435/287/143 423/275/131
f 425/277/133 437/289/145 436/288/144 424/276/132
f 426/278/134 438/290/146 437/289/145 425/277/133
f 428/279/135 440/291/147 439/292/148 427/280/136
f 429/281/137 441/293/149 440/291/147 428/279/135
f 430/282/138 442/294/150 441/293/149 429/281/137
f 431/283/139 443/295/151 442/294/150 430/282/138
f 432/284/140 444/296/152 443/295/151 431/283/139
f 433/285/141 445/297/153 444/296/152 432/284/140
f 434/286/142 446/298/154 445/297/153 433/285/141
f 435/287/143 447/299/155 446/298/154 434/286/142
f 436/288/144 448/300/156 447/299/155 435/287/143
f 437/289/145 449/301/157 448/300/156 436/288/144
f 438/290/146 450/302/158 449/301/157 437/289/145
f 440/291/147 452/303/159 451/304/160 439/292/148
f 441/293/149 453/305/161 452/303/159 440/291/147
f 442/294/150 454/306/162 453/305/161 441/293/149
f 443/295/151 455/307/163 454/306/162 442/294/150
f 444/296/152 456/308/164 455/307/163 443/295/151
f 445/297/153 457/309/165 456/308/164 444/296/152
f 446/298/154 458/310/166 457/309/165 445/297/153
f 447/299/155 459/311/167 458/310/166 446/298/154
f 448/300/156 460/312/168 459/311/167 447/299/155
f 449/301/157 461/313/169 460/312/168 448/300/156
f 450/302/158 462/314/170 461/313/169 449/301/157
f 452/303/159 464/315/171 463/316/172 451/304/160
f 453/305/161 465/317/173 464/315/171 452/303/159
f 454/306/162 466/318/174 465/317/173 453/305/161
f 455/307/163 467/319/175 466/318/174 454/306/162
f 456/308/164 468/320/176 467/319/175 455/307/163
f 457/309/165 469/321/177 468/320/176 456/308/164
f 458/310/166 470/322/178 469/321/177 457/309/165
f 459/311/167 471/323/179 470/322/178 458/310/166
f 460/312/168 472/324/180 471/323/179 459/311/167
f 461/313/169 473/325/181 472/324/180 460/312/168
f 462/314/170 474/326/182 473/325/181 461/313/169
f 464/315/171 476/327/183 475/328/184 463/316/172
f 465/317/173 477/329/185 476/327/183 464/315/171
f 466/318/174 478/330/186 477/329/185 465/317/173
f 467/319/175 479/331/187 478/330/186 466/318/174
f 468/320/176 480/332/188 479/331/187 467/319/175
f 469/321/177 481/333/189 480/332/188 468/320/176
f 470/322/178 482/334/190 481/333/189 469/321/177
f 471/323/179 483/335/191 482/334/190 470/322/178
f 472/324/180 484/336/192 483/335/191 471/323/179
f 473/325/181 485/337/193 484/336/192 472/324/180
f 474/326/182 486/338/194 485/337/193 473/325/181
f 476/327/183 488/339/195 487/340/196 475/328/184
f 477/329/185 489/341/197 488/339/195 476/327/183
f 478/330/186 490/342/198 489/341/197 477/329/185
f 479/331/187 491/343/199 490/342/198 478/330/186
f 480/332/188 492/344/200 491/343/199 479/331/187
f 481/333/189 493/345/201 492/344/200 480/332/188
f 482/334/190 494/346/202 493/345/201 481/333/189
f 483/335/191 495/347/203 494/346/202 482/334/190
f 484/336/192 496/348/204 495/347/203 483/335/191
f 485/337/193 497/349/205 496/348/204 484/336/192
f 486/338/194 498/350/206 497/349/205 485/337/193
f 488/339/195 500/351/207 499/352/208 487/340/196
f 489/341/197 501/353/209 500/351/207 488/339/195
f 490/342/198 502/354/210 501/353/209 489/341/197
f 491/343/199 503/355/211 502/354/210 490/342/198
f 492/344/200 504/356/212 503/355/211 491/343/199
f 493/345/201 505/357/213 504/356/212 492/344/200
f 494/346/202 506/358/214 505/357/213 493/345/201
f 495/347/203 507/359/215 506/358/214 494/346/202
f 496/348/204 508/360/216 507/359/215 495/347/203
f 497/349/205 509/361/217 508/360/216 496/348/204
f 498/350/206 510/362/218 509/361/217 497/349/205
f 500/351/207 512/363/219 511/364/220 499/352/208
f 501/353/209 513/365/221 512/363/219 500/351/207
f 502/354/210 514/366/222 513/365/221 501/353/209
f 503/355/211 515/367/223 514/366/222 502/354/210
f 504/356/212 516/368/224 515/367/223 503/355/211
f 505/357/213 517/369/225 516/368/224 504/356/212
f 506/358/214 518/370/226 517/369/225 505/357/213
f 507/359/215 519/371/227 518/370/226 506/358/214
f 508/360/216 520/372/228 519/371/227 507/359/215
f 509/361/217 521/373/229 520/372/228 508/360/216
f 510/362/218 522/374/230 521/373/229 509/361/217
f 512/363/219 524/375/231 523/376/232 511/364/220
f 513/365/221 525/377/233 524/375/231 512/363/219
f 514/366/222 526/378/234 525/377/233 513/365/221
f 515/367/223 527/379/235 526/378/234 514/366/222
f 516/368/224 528/380/236 527/379/235 515/367/223
f 517/369/225 529/381/237 528/380/236 516/368/224
f 518/370/226 530/382/238 529/381/237 517/369/225
f 519/371/227 531/383/239 530/382/238 518/370/226
f 520/372/228 532/384/240 531/383/239 519/371/227
f 521/373/229 533/385/241 532/384/240 520/372/228
f 522/374/230 534/386/242 533/385/241 521/373/229
f 524/375/231 536/387/243 535/388/244 523/376/232
f 525/377/233 537/389/245 536/387/243 524/375/231
f 526/378/234 538/390/246 537/389/245 525/377/233
f 527/379/235 539/391/247 538/390/246 526/378/234
f 528/380/236 540/392/248 539/391/247 527/379/235
f 529/381/237 541/393/249 540/392/248 528/380/236
f 530/382/238 542/394/250 541/393/249 529/381/237
f 531/383/239 543/395/251 542/394/250 530/382/238
f 532/384/240 544/396/252 543/395/251 531/383/239
f 533/385/241 545/397/253 544/396/252 532/384/240
f 534/386/242 546/398/254 545/397/253 533/385/241
f 536/387/243 548/399/255 547/400/256 535/388/244
f 537/389/245 549/401/257 548/399/255 536/387/243
f 538/390/246 550/402/258 549/401/257 537/389/245
f 539/391/247 551/403/259 550/402/258 538/390/246
f 540/392/248 552/404/260 551/403/259 539/391/247
f 541/393/249 553/405/261 552/404/260 540/392/248
f 542/394/250 554/406/262 553/405/261 541/393/249
f 543/395/251 555/407/263 554/406/262 542/394/250
f 544/396/252 556/408/264 555/407/263 543/395/251
f 545/397/253 557/409/265 556/408/264 544/396/252
f 546/398/254 558/410/266 557/409/265 545/397/253
f 548/399/255 560/411/267 559/412/268 547/400/256
f 549/401/257 561/413/269 560/411/267 548/399/255
f 550/402/258 562/414/270 561/413/269 549/401/257
f 551/403/259 563/415/271 562/414/270 550/402/258
f 552/404/260 564/416/272 563/415/271 551/403/259
f 553/405/261 565/417/273 564/416/272 552/404/260
f 554/406/262 566/418/274 565/417/273 553/405/261
f 555/407/263 567/419/275 566/418/274 554/406/262
f 556/408/264 568/420/276 567/419/275 555/407/263
f 557/409/265 569/421/277 568/420/276 556/408/264
f 558/410/266 570/422/278 569/421/277 557/409/265
f 560/411/267 572/423/279 571/424/280 559/412/268
f 561/413/269 573/425/281 572/423/279 560/411/267
f 562/414/270 574/426/282 573/425/281 561/413/269
f 563/415/271 575/427/283 574/426/282 562/414/270
f 564/416/272 576/428/284 575/427/283 563/415/271
f 565/417/273 577/429/285 576/428/284 564/416/272
f 566/418/274 578/430/286 577/429/285 565/417/273
f 567/419/275 579/431/287 578/430/286 566/418/274
f 568/420/276 580/432/288 579/431/287 567/419/275
f 569/421/277 581/433/289 580/432/288 568/420/276
f 570/422/278 582/434/290 581/433/289 569/421/277
f 572/423/279 584/435/291 583/436/292 571/424/280
f 573/425/281 585/437/293 584/435/291 572/423/279
f 574/426/282 586/438/294 585/437/293 573/425/281
f 575/427/283 587/439/295 586/438/294 574/426/282
f 576/428/284 588/440/296 587/439/295 575/427/283
f 577/429/285 589/441/297 588/440/296 576/428/284
f 578/430/286 590/442/298 589/441/297 577/429/285
f 579/431/287 591/443/299 590/442/298 578/430/286
f 580/432/288 592/444/300 591/443/299 579/431/287
f 581/433/289 593/445/301 592/444/300 580/432/288
f 582/434/290 594/446/302 593/445/301 581/433/289
f 584/435/291 596/447/303 595/448/304 583/436/292
f 585/437/293 597/449/305 596/447/303 584/435/291
f 586/438/294 598/450/306 597/449/305 585/437/293
f 587/439/295 599/451/307 598/450/306 586/438/294
f 588/440/296 600/452/308 599/451/307 587/439/295
f 589/441/297 601/453/309 600/452/308 588/440/296
f 590/442/298 602/454/310 601/453/309 589/441/297
f 591/443/299 603/455/311 602/454/310 590/442/298
f 592/444/300 604/456/312 603/455/311 591/443/299
f 593/445/301 605/457/313 604/456/312 592/444/300
f 594/446/302 606/458/314 605/457/313 593/445/301
f 596/447/303 608/459/315 607/460/316 595/448/304
f 597/449/305 609/461/317 608/459/315 596/447/303
f 598/450/306 610/462/318 609/461/317 597/449/305
f 599/451/307 611/463/319 610/462/318 598/450/306
f 600/452/308 612/464/320 611/463/319 599/451/307
f 601/453/309 613/465/321 612/464/320 600/452/308
f 602/454/310 614/466/322 613/465/321 601/453/309
f 603/455/311 615/467/323 614/466/322 602/454/310
f 604/456/312 616/468/324 615/467/323 603/455/311
f 605/457/313 617/469/325 616/468/324 604/456/312
f 606/458/314 618/470/326 617/469/325 605/457/313
f 608/459/315 620/471/327 619/472/328 607/460/316
f 609/461/317 621/473/329 620/471/327 608/459/315
f 610/462/318 622/474/330 621/473/329 609/461/317
f 611/463/319 623/475/331 622/474/330 610/462/318
f 612/464/320 624/476/332 623/475/331 611/463/319
f 613/465/321 625/477/333 624/476/332 612/464/320
f 614/466/322 626/478/334 625/477/333 613/465/321
f 615/467/323 627/479/335 626/478/334 614/466/322
f 616/468/324 628/480/336 627/479/335 615/467/323
f 617/469/325 629/481/337 628/480/336 616/468/324
f 618/470/326 630/482/338 629/481/337 617/469/325
f 620/471/327 632/483/339 631/484/340 619/472/328
f 621/473/329 633/485/341 632/483/339 620/471/327
f 622/474/330 634/486/342 633/485/341 621/473/329
f 623/475/331 635/487/343 634/486/342 622/474/330
f 624/476/332 636/488/344 635/487/343 623/475/331
f 625/477/333 637/489/345 636/488/344 624/476/332
f 626/478/334 638/490/346 637/489/345 625/477/333
f 627/479/335 639/491/347 638/490/346 626/478/334
f 628/480/336 640/492/348 639/491/347 627/479/335
f 629/481/337 641/493/349 640/492/348 628/480/336
f 630/482/338 642/494/350 641/493/349 629/481/337
f 632/483/339 644/495/351 643/496/352 631/484/340
f 633/485/341 645/497/353 644/495/351 632/483/339
f 634/486/342 646/498/354 645/497/353 633/485/341
f 635/487/343 647/499/355 646/498/354 634/486/342
f 636/488/344 648/500/356 647/499/355 635/487/343
f 637/489/345 649/501/357 648/500/356 636/488/344
f 638/490/346 650/502/358 649/501/357 637/489/345
f 639/491/347 651/503/359 650/502/358 638/490/346
f 640/492/348 652/504/360 651/503/359 639/491/347
f 641/493/349 653/505/361 652/504/360 640/492/348
f 642/494/350 654/506/362 653/505/361 641/493/349
f 644/495/351 656/507/363 655/508/364 643/496/352
f 645/497/353 657/509/365 656/507/363 644/495/351
f 646/498/354 658/510/366 657/509/365 645/497/353
f 647/499/355 659/511/367 658/510/366 646/498/354
f 648/500/356 660/512/368 659/511/367 647/499/355
f 649/501/357 661/513/369 660/512/368 648/500/356
f 650/502/358 662/514/370 661/513/369 649/501/357
f 651/503/359 663/515/371 662/514/370 650/502/358
f 652/504/360 664/516/372 663/515/371 651/503/359
f 653/505/361 665/517/373 664/516/372 652/504/360
f 654/506/362 666/518/374 665/517/373 653/505/361
f 656/507/363 668/519/375 667/520/376 655/508/364
f 657/509/365 669/521/377 668/519/375 656/507/363
f 658/510/366 670/522/378 669/521/377 657/509/365
f 659/511/367 671/523/379 670/522/378 658/510/366
f 660/512/368 672/524/380 671/523/379 659/511/367
f 661/513/369 673/525/381 672/524/380 660/512/368
f 662/514/370 674/526/382 673/525/381 661/513/369
f 663/515/371 675/527/383 674/526/382 662/514/370
f 664/516/372 676/528/384 675/527/383 663/515/371
f 665/517/373 677/529/385 676/528/384 664/516/372
f 666/518/374 678/530/386 677/529/385 665/517/373
f 668/519/375 680/531/387 679/532/388 667/520/376
f 669/521/377 681/533/389 680/531/387 668/519/375
f 670/522/378 682/534/390 681/533/389 669/521/377
f 671/523/379 683/535/391 682/534/390 670/522/378
f 672/524/380 684/536/392 683/535/391 671/523/379
f 673/525/381 685/537/393 684/536/392 672/524/380
f 674/526/382 686/538/394 685/537/393 673/525/381
f 675/527/383 687/539/395 686/538/394 674/526/382
f 676/528/384 688/540/396 687/539/395 675/527/383
f 677/529/385 689/541/397 688/540/396 676/528/384
f 678/530/386 690/542/398 689/541/397 677/529/385
f 680/531/387 692/543/399 691/544/400 679/532/388
f 681/533/389 693/545/401 692/543/399 680/531/387
f 682/534/390 694/546/402 693/545/401 681/533/389
f 683/535/391 695/547/403 694/546/402 682/534/390
f 684/536/392 696/548/404 695/547/403 683/535/391
f 685/537/393 697/549/405 696/548/404 684/536/392
f 686/538/394 698/550/406 697/549/405 685/537/393
f 687/539/395 699/551/407 698/550/406 686/538/394
f 688/540/396 700/552/408 699/551/407 687/539/395
f 689/541/397 701/553/409 700/552/408 688/540/396
f 690/542/398 702/554/410 701/553/409 689/541/397
f 692/543/399 704/555/411 703/556/412 691/544/400
f 693/545/401 705/557/413 704/555/411 692/543/399
f 694/546/402 706/558/414 705/557/413 693/545/401
f 695/547/403 707/559/415 706/558/414 694/546/402
f 696/548/404 708/560/416 707/559/415 695/547/403
f 697/549/405 709/561/417 708/560/416 696/548/404
f 698/550/406 710/562/418 709/561/417 697/549/405
f 699/551/407 711/563/419 710/562/418 698/550/406
f 700/552/408 712/564/420 711/563/419 699/551/407
f 701/553/409 713/565/421 712/564/420 700/552/408
f 702/554/410 714/566/422 713/565/421 701/553/409
f 704/555/411 716/567/423 715/568/424 703/556/412
f 705/557/413 717/569/425 716/567/423 704/555/411
f 706/558/414 718/570/426 717/569/425 705/557/413
f 707/559/415 719/571/427 718/570/426 706/558/414
f 708/560/416 720/572/428 719/571/427 707/559/415
f 709/561/417 721/573/429 720/572/428 708/560/416
f 710/562/418 722/574/430 721/573/429 709/561/417
f 711/563/419 723/575/431 722/574/430 710/562/418
f 712/564/420 724/576/432 723/575/431 711/563/419
f 713/565/421 725/577/433 724/576/432 712/564/420
f 714/566/422 726/578/434 725/577/433 713/565/421
f 716/567/423 728/579/435 727/580/436 715/568/424
f 717/569/425 729/581/437 728/579/435 716/567/423
f 718/570/426 730/582/438 729/581/437 717/569/425
f 719/571/427 731/583/439 730/582/438 718/570/426
f 720/572/428 732/584/440 731/583/439 719/571/427
f 721/573/429 733/585/441 732/584/440 720/572/428
f 722/574/430 734/586/442 733/585/441 721/573/429
f 723/575/431 735/587/443 734/586/442 722/574/430
f 724/576/432 736/588/444 735/587/443 723/575/431
f 725/577/433 737/589/445 736/588/444 724/576/432
f 726/578/434 738/590/446 737/589/445 725/577/433
f 728/579/435 740/591/447 739/592/448 727/580/436
f 729/581/437 741/593/449 740/591/447 728/579/435
f 730/582/438 742/594/450 741/593/449 729/581/437
f 731/583/439 743/595/451 742/594/450 730/582/438
f 732/584/440 744/596/452 743/595/451 731/583/439
f 733/585/441 745/597/453 744/596/452 732/584/440
f 734/586/442 746/598/454 745/597/453 733/585/441
f 735/587/443 747/599/455 746/598/454 734/586/442
f 736/588/444 748/600/456 747/599/455 735/587/443
f 737/589/445 749/601/457 748/600/456 736/588/444
f 738/590/446 750/602/458 749/601/457 737/589/445
f 740/591/447 752/603/459 751/604/460 739/592/448
f 741/593/449 753/605/461 752/603/459 740/591/447
f 742/594/450 754/606/462 753/605/461 741/593/449
f 743/595/451 755/607/463 754/606/462 742/594/450
f 744/596/452 756/608/464 755/607/463 743/595/451
f 745/597/453 757/609/465 756/608/464 744/596/452
f 746/598/454 758/610/466 757/609/465 745/597/453
f 747/599/455 759/611/467 758/610/466 746/598/454
f 748/600/456 760/612/468 759/611/467 747/599/455
f 749/601/457 761/613/469 760/612/468 748/600/456
f 750/602/458 762/614/470 761/613/469 749/601/457
f 752/603/459 764/615/471 763/616/472 751/604/460
f 753/605/461 765/617/473 764/615/471 752/603/459
f 754/606/462 766/618/474 765/617/473 753/605/461
f 755/607/463 767/619/475 766/618/474 754/606/462
f 756/608/464 768/620/476 767/619/475 755/607/463
f 757/609/465 769/621/477 768/620/476 756/608/464
f 758/610/466 770/622/478 769/621/477 757/609/465
f 759/611/467 771/623/479 770/622/478 758/610/466
f 760/612/468 772/624/480 771/623/479 759/611/467
f 761/613/469 773/625/481 772/624/480 760/612/468
f 762/614/470 774/626/482 773/625/481 761/613/469
f 764/615/471 776/627/483 775/628/484 763/616/472
f 765/617/473 777/629/485 776/627/483 764/615/471
f 766/618/474 778/630/486 777/629/485 765/617/473
f 767/619/475 779/631/487 778/630/486 766/618/474
f 768/620/476 780/632/488 779/631/487 767/619/475
f 769/621/477 781/633/489 780/632/488 768/620/476
f 770/622/478 782/634/490 781/633/489 769/621/477
f 771/623/479 783/635/491 782/634/490 770/622/478
f 772/624/480 784/636/492 783/635/491 771/623/479
f 773/625/481 785/637/493 784/636/492 772/624/480
f 774/626/482 786/638/494 785/637/493 773/625/481
f 776/627/483 788/639/495 787/640/496 775/628/484
f 777/629/485 789/641/497 788/639/495 776/627/483
f 778/630/486 790/642/498 789/641/497 777/629/485
f 779/631/487 791/643/499 790/642/498 778/630/486
f 780/632/488 792/644/500 791/643/499 779/631/487
f 781/633/489 793/645/501 792/644/500 780/632/488
f 782/634/490 794/646/502 793/645/501 781/633/489
f 783/635/491 795/647/503 794/646/502 782/634/490
f 784/636/492 796/648/504 795/647/503 783/635/491
f 785/637/493 797/649/505 796/648/504 784/636/492
f 786/638/494 798/650/506 797/649/505 785/637/493
f 788/639/495 800/651/507 799/652/508 787/640/496
f 789/641/497 801/653/509 800/651/507 788/639/495
f 790/642/498 802/654/510 801/653/509 789/641/497
f 791/643/499 803/655/511 802/654/510 790/642/498
f 792/644/500 804/656/512 803/655/511 791/643/499
f 793/645/501 805/657/513 804/656/512 792/644/500
f 794/646/502 806/658/514 805/657/513 793/645/501
f 795/647/503 807/659/515 806/658/514 794/646/502
f 796/648/504 808/660/516 807/659/515 795/647/503
f 797/649/505 809/661/517 808/660/516 796/648/504
f 798/650/506 810/662/518 809/661/517 797/649/505
f 800/651/507 812/663/519 811/664/520 799/652/508
f 801/653/509 813/665/521 812/663/519 800/651/507
f 802/654/510 814/666/522 813/665/521 801/653/509
f 803/655/511 815/667/523 814/666/522 802/654/510
f 804/656/512 816/668/524 815/667/523 803/655/511
f 805/657/513 817/669/525 816/668/524 804/656/512
f 806/658/514 818/670/526 817/669/525 805/657/513
f 807/659/515 819/671/527 818/670/526 806/658/514
f 808/660/516 820/672/528 819/671/527 807/659/515
f 809/661/517 821/673/529 820/672/528 808/660/516
f 810/662/518 822/674/530 821/673/529 809/661/517
f 812/663/519 824/675/531 823/676/532 811/664/520
f 813/665/521 825/677/533 824/675/531 812/663/519
f 814/666/522 826/678/534 825/677/533 813/665/521
f 815/667/523 827/679/535 826/678/534 814/666/522
f 816/668/524 828/680/536 827/679/535 815/667/523
f 817/669/525 829/681/537 828/680/536 816/668/524
f 818/670/526 830/682/538 829/681/537 817/669/525
f 819/671/527 831/683/539 830/682/538 818/670/526
f 820/672/528 832/684/540 831/683/539 819/671/527
f 821/673/529 833/685/541 832/684/540 820/672/528
f 822/674/530 834/686/542 833/685/541 821/673/529
f 824/675/531 836/687/543 835/688/544 823/676/532
f 825/677/533 837/689/545 836/687/543 824/675/531
f 826/678/534 838/690/546 837/689/545 825/677/533
f 827/679/535 839/691/547 838/690/546 826/678/534
f 828/680/536 840/692/548 839/691/547 827/679/535
f 829/681/537 841/693/549 840/692/548 828/680/536
f 830/682/538 842/694/550 841/693/549 829/681/537
f 831/683/539 843/695/551 842/694/550 830/682/538
f 832/684/540 844/696/552 843/695/551 831/683/539
f 833/685/541 845/697/553 844/696/552 832/684/540
f 834/686/542 846/698/554 845/697/553 833/685/541
f 836/687/543 848/699/555 847/700/556 835/688/544
f 837/689/545 849/701/557 848/699/555 836/687/543
f 838/690/546 850/702/558 849/701/557 837/689/545
f 839/691/547 851/703/559 850/702/558 838/690/546
f 840/692/548 852/704/560 851/703/559 839/691/547
f 841/693/549 853/705/561 852/704/560 840/692/548
f 842/694/550 854/706/562 853/705/561 841/693/549
f 843/695/551 855/707/563 854/706/562 842/694/550
f 844/696/552 856/708/564 855/707/563 843/695/551
f 845/697/553 857/709/565 856/708/564 844/696/552
f 846/698/554 858/710/566 857/709/565 845/697/553
f 848/699/555 860/711/567 859/712/568 847/700/556
f 849/701/557 861/713/569 860/711/567 848/699/555
f 850/702/558 862/714/570 861/713/569 849/701/557
f 851/703/559 863/715/571 862/714/570 850/702/558
f 852/704/560 864/716/572 863/715/571 851/703/559
f 853/705/561 865/717/573 864/716/572 852/704/560
f 854/706/562 866/718/574 865/717/573 853/705/561
f 855/707/563 867/719/575 866/718/574 854/706/562
f 856/708/564 868/720/576 867/719/575 855/707/563
f 857/709/565 869/721/577 868/720/576 856/708/564
f 858/710/566 870/722/578 869/721/577 857/709/565
f 860/711/567 872/723/579 871/724/580 859/712/568
f 861/713/569 873/725/581 872/723/579 860/711/567
f 862/714/570 874/726/582 873/725/581 861/713/569
f 863/715/571 875/727/583 874/726/582 862/714/570
f 864/716/572 876/728/584 875/727/583 863/715/571
f 865/717/573 877/729/585 876/728/584 864/716/572
f 866/718/574 878/730/586 877/729/585 865/717/573
f 867/719/575 879/731/587 878/730/586 866/718/574
f 868/720/576 880/732/588 879/731/587 867/719/575
f 869/721/577 881/733/589 880/732/588 868/720/576
f 870/722/578 882/734/590 881/733/589 869/721/577
f 872/723/579 884/735/591 883/736/592 871/724/580
f 873/725/581 885/737/593 884/735/591 872/723/579
f 874/726/582 886/738/594 885/737/593 873/725/581
f 875/727/583 887/739/595 886/738/594 874/726/582
f 876/728/584 888/740/596 887/739/595 875/727/583
f 877/729/585 889/741/597 888/740/596 876/728/584
f 878/730/586 890/742/598 889/741/597 877/729/585
f 879/731/587 891/743/599 890/742/598 878/730/586
f 880/732/588 892/744/600 891/743/599 879/731/587
f 881/733/589 893/745/601 892/744/600 880/732/588
f 882/734/590 894/746/602 893/745/601 881/733/589
f 884/735/591 896/747/603 895/748/604 883/736/592
f 885/737/593 897/749/605 896/747/603 884/735/591
f 886/738/594 898/750/606 897/749/605 885/737/593
f 887/739/595 899/751/607 898/750/606 886/738/594
f 888/740/596 900/752/608 899/751/607 887/739/595
f 889/741/597 901/753/609 900/752/608 888/740/596
f 890/742/598 902/754/610 901/753/609 889/741/597
f 891/743/599 903/755/611 902/754/610 890/742/598
f 892/744/600 904/756/612 903/755/611 891/743/599
f 893/745/601 905/757/613 904/756/612 892/744/600
f 894/746/602 906/758/614 905/757/613 893/745/601
f 896/747/603 908/759/615 907/760/616 895/748/604
f 897/749/605 909/761/617 908/759/615 896/747/603
f 898/750/606 910/762/618 909/761/617 897/749/605
f 899/751/607 911/763/619 910/762/618 898/750/606
f 900/752/608 912/764/620 911/763/619 899/751/607
f 901/753/609 913/765/621 912/764/620 900/752/608
f 902/754/610 914/766/622 913/765/621 901/753/609
f 903/755/611 915/767/623 914/766/622 902/754/610
f 904/756/612 916/768/624 915/767/623 903/755/611
f 905/757/613 917/769/625 916/768/624 904/756/612
f 906/758/614 918/770/626 917/769/625 905/757/613
f 908/759/615 920/771/627 919/772/628 907/760/616
f 909/761/617 921/773/629 920/771/627 908/759/615
f 910/762/618 922/774/630 921/773/629 909/761/617
f 911/763/619 923/775/631 922/774/630 910/762/618
f 912/764/620 924/776/632 923/775/631 911/763/619
f 913/765/621 925/777/633 924/776/632 912/764/620
f 914/766/622 926/778/634 925/777/633 913/765/621
f 915/767/623 927/779/635 926/778/634 914/766/622
f 916/768/624 928/780/636 927/779/635 915/767/623
f 917/769/625 929/781/637 928/780/636 916/768/624
f 918/770/626 930/782/638 929/781/637 917/769/625
f 920/771/627 932/783/639 931/784/640 919/772/628
f 921/773/629 933/785/641 932/783/639 920/771/627
f 922/774/630 934/786/642 933/785/641 921/773/629
f 923/775/631 935/787/643 934/786/642 922/774/630
f 924/776/632 936/788/644 935/787/643 923/775/631
f 925/777/633 937/789/645 936/788/644 924/776/632
f 926/778/634 938/790/646 937/789/645 925/777/633
f 927/779/635 939/791/647 938/790/646 926/778/634
f 928/780/636 940/792/648 939/791/647 927/779/635
f 929/781/637 941/793/649 940/792/648 928/780/636
f 930/782/638 942/794/650 941/793/649 929/781/637
f 932/783/639 944/795/651 943/796/652 931/784/640
f 933/785/641 945/797/653 944/795/651 932/783/639
f 934/786/642 946/798/654 945/797/653 933/785/641
f 935/787/643 947/799/655 946/798/654 934/786/642
f 936/788/644 948/800/656 947/799/655 935/787/643
f 937/789/645 949/801/657 948/800/656 936/788/644
f 938/790/646 950/802/658 949/801/657 937/789/645
f 939/791/647 951/803/659 950/802/658 938/790/646
f 940/792/648 952/804/660 951/803/659 939/791/647
f 941/793/649 953/805/661 952/804/660 940/792/648
f 942/794/650 954/806/662 953/805/661 941/793/649
f 944/795/651 956/807/663 955/808/664 943/796/652
f 945/797/653 957/809/665 956/807/663 944/795/651
f 946/798/654 958/810/666 957/809/665 945/797/653
f 947/799/655 959/811/667 958/810/666 946/798/654
f 948/800/656 960/812/668 959/811/667 947/799/655
f 949/801/657 961/813/669 960/812/668 948/800/656
f 950/802/658 962/814/670 961/813/669 949/801/657
f 951/803/659 963/815/671 962/814/670 950/802/658
f 952/804/660 964/816/672 963/815/671 951/803/659
f 953/805/661 965/817/673 964/816/672 952/804/660
f 954/806/662 966/818/674 965/817/673 953/805/661
f 956/807/663 968/819/675 967/820/676 955/808/664
f 957/809/665 969/821/677 968/819/675 956/807/663
f 958/810/666 970/822/678 969/821/677 957/809/665
f 959/811/667 971/823/679 970/822/678 958/810/666
f 960/812/668 972/824/680 971/823/679 959/811/667
f 961/813/669 973/825/681 972/824/680 960/812/668
f 962/814/670 974/826/682 973/825/681 961/813/669
f 963/815/671 975/827/683 974/826/682 962/814/670
f 964/816/672 976/828/684 975/827/683 963/815/671
f 965/817/673 977/829/685 976/828/684 964/816/672
f 966/818/674 978/830/686 977/829/685 965/817/673
f 968/819/675 980/831/687 979/832/688 967/820/676
f 969/821/677 981/833/689 980/831/687 968/819/675
f 970/822/678 982/834/690 981/833/689 969/821/677
f 971/823/679 983/835/691 982/834/690 970/822/678
f 972/824/680 984/836/692 983/835/691 971/823/679
f 973/825/681 985/837/693 984/836/692 972/824/680
f 974/826/682 986/838/694 985/837/693 973/825/681
f 975/827/683 987/839/695 986/838/694 974/826/682
f 976/828/684 988/840/696 987/839/695 975/827/683
f 977/829/685 989/841/697 988/840/696 976/828/684
f 978/830/686 990/842/698 989/841/697 977/829/685
f 980/831/687 992/843/699 991/844/700 979/832/688
f 981/833/689 993/845/701 992/843/699 980/831/687
f 982/834/690 994/846/702 993/845/701 981/833/689
f 983/835/691 995/847/703 994/846/702 982/834/690
f 984/836/692 996/848/704 995/847/703 983/835/691
f 985/837/693 997/849/705 996/848/704 984/836/692
f 986/838/694 998/850/706 997/849/705 985/837/693
f 987/839/695 999/851/707 998/850/706 986/838/694
f 988/840/696 1000/852/708 999/851/707 987/839/695
f 989/841/697 1001/853/709 1000/852/708 988/840/696
f 990/842/698 1002/854/710 1001/853/709 989/841/697
f 992/843/699 1004/855/711 1003/856/712 991/844/700
f 993/845/701 1005/857/713 1004/855/711 992/843/699
f 994/846/702 1006/858/714 1005/857/713 993/845/701
f 995/847/703 1007/859/715 1006/858/714 994/846/702
f 996/848/704 1008/860/716 1007/859/715 995/847/703
f 997/849/705 1009/861/717 1008/860/716 996/848/704
f 998/850/706 1010/862/718 1009/861/717 997/849/705
f 999/851/707 1011/863/719 1010/862/718 998/850/706
f 1000/852/708 1012/864/720 1011/863/719 999/851/707
f 1001/853/709 1013/865/721 1012/864/720 1000/852/708
f 1002/854/710 1014/866/722 1013/865/721 1001/853/709
f 1004/855/711 1016/867/723 1015/868/724 1003/856/712
f 1005/857/713 1017/869/725 1016/867/723 1004/855/711
f 1006/858/714 1018/870/726 1017/869/725 1005/857/713
f 1007/859/715 1019/871/727 1018/870/726 1006/858/714
f 1008/860/716 1020/872/728 1019/871/727 1007/859/715
f 1009/861/717 1021/873/729 1020/872/728 1008/860/716
f 1010/862/718 1022/874/730 1021/873/729 1009/861/717
f 1011/863/719 1023/875/731 1022/874/730 1010/862/718
f 1012/864/720 1024/876/732 1023/875/731 1011/863/719
f 1013/865/721 1025/877/733 1024/876/732 1012/864/720
f 1014/866/722 1026/878/734 1025/877/733 1013/865/721
f 1016/867/723 1028/879/735 1027/880/736 1015/868/724
f 1017/869/725 1029/881/737 1028/879/735 1016/867/723
f 1018/870/726 1030/882/738 1029/881/737 1017/869/725
f 1019/871/727 1031/883/739 1030/882/738 1018/870/726
f 1020/872/728 1032/884/740 1031/883/739 1019/871/727
f 1021/873/729 1033/885/741 1032/884/740 1020/872/728
f 1022/874/730 1034/886/742 1033/885/741 1021/873/729
f 1023/875/731 1035/887/743 1034/886/742 1022/874/730
f 1024/876/732 1036/888/744 1035/887/743 1023/875/731
f 1025/877/733 1037/889/745 1036/888/744 1024/876/732
f 1026/878/734 1038/890/746 1037/889/745 1025/877/733
f 1028/879/735 1040/891/747 1039/892/748 1027/880/736
f 1029/881/737 1041/893/749 1040/891/747 1028/879/735
f 1030/882/738 1042/894/750 1041/893/749 1029/881/737
f 1031/883/739 1043/895/751 1042/894/750 1030/882/738
f 1032/884/740 1044/896/752 1043/895/751 1031/883/739
f 1033/885/741 1045/897/753 1044/896/752 1032/884/740
f 1034/886/742 1046/898/754 1045/897/753 1033/885/741
f 1035/887/743 1047/899/755 1046/898/754 1034/886/742
f 1036/888/744 1048/900/756 1047/899/755 1035/887/743
f 1037/889/745 1049/901/757 1048/900/756 1036/888/744
f 1038/890/746 1050/902/758 1049/901/757 1037/889/745
f 1040/891/747 1052/903/759 1051/904/760 1039/892/748
f 1041/893/749 1053/905/761 1052/903/759 1040/891/747
f 1042/894/750 1054/906/762 1053/905/761 1041/893/749
f 1043/895/751 1055/907/763 1054/906/762 1042/894/750
f 1044/896/752 1056/908/764 1055/907/763 1043/895/751
f 1045/897/753 1057/909/765 1056/908/764 1044/896/752
f 1046/898/754 1058/910/766 1057/909/765 1045/897/753
f 1047/899/755 1059/911/767 1058/910/766 1046/898/754
f 1048/900/756 1060/912/768 1059/911/767 1047/899/755
f 1049/901/757 1061/913/769 1060/912/768 1048/900/756
f 1050/902/758 1062/914/770 1061/913/769 1049/901/757
f 1052/903/759 1064/915/771 1063/916/772 1051/904/760
f 1053/905/761 1065/917/773 1064/915/771 1052/903/759
f 1054/906/762 1066/918/774 1065/917/773 1053/905/761
f 1055/907/763 1067/919/775 1066/918/774 1054/906/762
f 1056/908/764 1068/920/776 1067/919/775 1055/907/763
f 1057/909/765 1069/921/777 1068/920/776 1056/908/764
f 1058/910/766 1070/922/778 1069/921/777 1057/909/765
f 1059/911/767 1071/923/779 1070/922/778 1058/910/766
f 1060/912/768 1072/924/780 1071/923/779 1059/911/767
f 1061/913/769 1073/925/781 1072/924/780 1060/912/768
f 1062/914/770 1074/926/782 1073/925/781 1061/913/769
f 1064/915/771 1076/927/783 1075/928/784 1063/916/772
f 1065/917/773 1077/929/785 1076/927/783 1064/915/771
f 1066/918/774 1078/930/786 1077/929/785 1065/917/773
f 1067/919/775 1079/931/787 1078/930/786 1066/918/774
f 1068/920/776 1080/932/788 1079/931/787 1067/919/775
f 1069/921/777 1081/933/789 1080/932/788 1068/920/776
f 1070/922/778 1082/934/790 1081/933/789 1069/921/777
f 1071/923/779 1083/935/791 1082/934/790 1070/922/778
f 1072/924/780 1084/936/792 1083/935/791 1071/923/779
f 1073/925/781 1085/937/793 1084/936/792 1072/924/780
f 1074/926/782 1086/938/794 1085/937/793 1073/925/781
f 1076/927/783 1088/939/795 1087/940/796 1075/928/784
f 1077/929/785 1089/941/797 1088/939/795 1076/927/783
f 1078/930/786 1090/942/798 1089/941/797 1077/929/785
f 1079/931/787 1091/943/799 1090/942/798 1078/930/786
f 1080/932/788 1092/944/800 1091/943/799 1079/931/787
f 1081/933/789 1093/945/801 1092/944/800 1080/932/788
f 1082/934/790 1094/946/802 1093/945/801 1081/933/789
f 1083/935/791 1095/947/803 1094/946/802 1082/934/790
f 1084/936/792 1096/948/804 1095/947/803 1083/935/791
f 1085/937/793 1097/949/805 1096/948/804 1084/936/792
f 1086/938/794 1098/950/806 1097/949/805 1085/937/793
f 1088/939/795 1100/951/807 1099/952/808 1087/940/796
f 1089/941/797 1101/953/809 1100/951/807 1088/939/795
f 1090/942/798 1102/954/810 1101/953/809 1089/941/797
f 1091/943/799 1103/955/811 1102/954/810 1090/942/798
f 1092/944/800 1104/956/812 1103/955/811 1091/943/799
f 1093/945/801 1105/957/813 1104/956/812 1092/944/800
f 1094/946/802 1106/958/814 1105/957/813 1093/945/801
f 1095/947/803 1107/959/815 1106/958/814 1094/946/802
f 1096/948/804 1108/960/816 1107/959/815 1095/947/803
f 1097/949/805 1109/961/817 1108/960/816 1096/948/804
f 1098/950/806 1110/962/818 1109/961/817 1097/949/805
f 1100/951/807 1112/963/819 1111/964/820 1099/952/808
f 1101/953/809 1113/965/821 1112/963/819 1100/951/807
f 1102/954/810 1114/966/822 1113/965/821 1101/953/809
f 1103/955/811 1115/967/823 1114/966/822 1102/954/810
f 1104/956/812 1116/968/824 1115/967/823 1103/955/811
f 1105/957/813 1117/969/825 1116/968/824 1104/956/812
f 1106/958/814 1118/970/826 1117/969/825 1105/957/813
f 1107/959/815 1119/971/827 1118/970/826 1106/958/814
f 1108/960/816 1120/972/828 1119/971/827 1107/959/815
f 1109/961/817 1121/973/829 1120/972/828 1108/960/816
f 1110/962/818 1122/974/830 1121/973/829 1109/961/817
f 1112/963/819 1124/975/831 1123/976/832 1111/964/820
f 1113/965/821 1125/977/833 1124/975/831 1112/963/819
f 1114/966/822 1126/978/834 1125/977/833 1113/965/821
f 1115/967/823 1127/979/835 1126/978/834 1114/966/822
f 1116/968/824 1128/980/836 1127/979/835 1115/967/823
f 1117/969/825 1129/981/837 1128/980/836 1116/968/824
f 1118/970/826 1130/982/838 1129/981/837 1117/969/825
f 1119/971/827 1131/983/839 1130/982/838 1118/970/826
f 1120/972/828 1132/984/840 1131/983/839 1119/971/827
f 1121/973/829 1133/985/841 1132/984/840 1120/972/828
f 1122/974/830 1134/986/842 1133/985/841 1121/973/829
f 1124/975/831 1136/987/843 1135/988/844 1123/976/832
f 1125/977/833 1137/989/845 1136/987/843 1124/975/831
f 1126/978/834 1138/990/846 1137/989/845 1125/977/833
f 1127/979/835 1139/991/847 1138/990/846 1126/978/834
f 1128/980/836 1140/992/848 1139/991/847 1127/979/835
f 1129/981/837 1141/993/849 1140/992/848 1128/980/836
f 1130/982/838 1142/994/850 1141/993/849 1129/981/837
f 1131/983/839 1143/995/851 1142/994/850 1130/982/838
f 1132/984/840 1144/996/852 1143/995/851 1131/983/839
f 1133/985/841 1145/997/853 1144/996/852 1132/984/840
f 1134/986/842 1146/998/854 1145/997/853 1133/985/841
f 1136/987/843 1148/999/855 1147/1000/856 1135/988/844
f 1137/989/845 1149/1001/857 1148/999/855 1136/987/843
f 1138/990/846 1150/1002/858 1149/1001/857 1137/989/845
f 1139/991/847 1151/1003/859 1150/1002/858 1138/990/846
f 1140/992/848 1152/1004/860 1151/1003/859 1139/991/847
f 1141/993/849 1153/1005/861 1152/1004/860 1140/992/848
f 1142/994/850 1154/1006/862 1153/1005/861 1141/993/849
f 1143/995/851 1155/1007/863 1154/1006/862 1142/994/850
f 1144/996/852 1156/1008/864 1155/1007/863 1143/995/851
f 1145/997/853 1157/1009/865 1156/1008/864 1144/996/852
f 1146/998/854 1158/1010/866 1157/1009/865 1145/997/853
f 1148/999/855 1160/1011/867 1159/1012/868 1147/1000/856
f 1149/1001/857 1161/1013/869 1160/1011/867 1148/999/855
f 1150/1002/858 1162/1014/870 1161/1013/869 1149/1001/857
f 1151/1003/859 1163/1015/871 1162/1014/870 1150/1002/858
f 1152/1004/860 1164/1016/872 1163/1015/871 1151/1003/859
f 1153/1005/861 1165/1017/873 1164/1016/872 1152/1004/860
f 1154/1006/862 1166/1018/874 1165/1017/873 1153/1005/861
f 1155/1007/863 1167/1019/875 1166/1018/874 1154/1006/862
f 1156/1008/864 1168/1020/876 1167/1019/875 1155/1007/863
f 1157/1009/865 1169/1021/877 1168/1020/876 1156/1008/864
f 1158/1010/866 1170/1022/878 1169/1021/877 1157/1009/865
f 1160/1011/867 1172/1023/879 1171/1024/880 1159/1012/868
f 1161/1013/869 1173/1025/881 1172/1023/879 1160/1011/867
f 1162/1014/870 1174/1026/882 1173/1025/881 1161/1013/869
f 1163/1015/871 1175/1027/883 1174/1026/882 1162/1014/870
f 1164/1016/872 1176/1028/884 1175/1027/883 1163/1015/871
f 1165/1017/873 1177/1029/885 1176/1028/884 1164/1016/872
f 1166/1018/874 1178/1030/886 1177/1029/885 1165/1017/873
f 1167/1019/875 1179/1031/887 1178/1030/886 1166/1018/874
f 1168/1020/876 1180/1032/888 1179/1031/887 1167/1019/875
f 1169/1021/877 1181/1033/889 1180/1032/888 1168/1020/876
f 1170/1022/878 1182/1034/890 1181/1033/889 1169/1021/877
f 1172/1023/879 1184/1035/891 1183/1036/892 1171/1024/880
f 1173/1025/881 1185/1037/893 1184/1035/891 1172/1023/879
f 1174/1026/882 1186/1038/894 1185/1037/893 1173/1025/881
f 1175/1027/883 1187/1039/895 1186/1038/894 1174/1026/882
f 1176/1028/884 1188/1040/896 1187/1039/895 1175/1027/883
f 1177/1029/885 1189/1041/897 1188/1040/896 1176/1028/884
f 1178/1030/886 1190/1042/898 1189/1041/897 1177/1029/885
f 1179/1031/887 1191/1043/899 1190/1042/898 1178/1030/886
f 1180/1032/888 1192/1044/900 1191/1043/899 1179/1031/887
f 1181/1033/889 1193/1045/901 1192/1044/900 1180/1032/888
f 1182/1034/890 1194/1046/902 1193/1045/901 1181/1033/889
f 1184/1035/891 1196/1047/903 1195/1048/904 1183/1036/892
f 1185/1037/893 1197/1049/905 1196/1047/903 1184/1035/891
f 1186/1038/894 1198/1050/906 1197/1049/905 1185/1037/893
f 1187/1039/895 1199/1051/907 1198/1050/906 1186/1038/894
f 1188/1040/896 1200/1052/908 1199/1051/907 1187/1039/895
f 1189/1041/897 1201/1053/909 1200/1052/908 1188/1040/896
f 1190/1042/898 1202/1054/910 1201/1053/909 1189/1041/897
f 1191/1043/899 1203/1055/911 1202/1054/910 1190/1042/898
f 1192/1044/900 1204/1056/912 1203/1055/911 1191/1043/899
f 1193/1045/901 1205/1057/913 1204/1056/912 1192/1044/900
f 1194/1046/902 1206/1058/914 1205/1057/913 1193/1045/901
f 1196/1047/903 1208/1059/915 1207/1060/916 1195/1048/904
f 1197/1049/905 1209/1061/917 1208/1059/915 1196/1047/903
f 1198/1050/906 1210/1062/918 1209/1061/917 1197/1049/905
f 1199/1051/907 1211/1063/919 1210/1062/918 1198/1050/906
f 1200/1052/908 1212/1064/920 1211/1063/919 1199/1051/907
f 1201/1053/909 1213/1065/921 1212/1064/920 1200/1052/908
f 1202/1054/910 1214/1066/922 1213/1065/921 1201/1053/909
f 1203/1055/911 1215/1067/923 1214/1066/922 1202/1054/910
f 1204/1056/912 1216/1068/924 1215/1067/923 1203/1055/911
f 1205/1057/913 1217/1069/925 1216/1068/924 1204/1056/912
f 1206/1058/914 1218/1070/926 1217/1069/925 1205/1057/913
f 1208/1059/915 1220/1071/927 1219/1072/928 1207/1060/916
f 1209/1061/917 1221/1073/929 1220/1071/927 1208/1059/915
f 1210/1062/918 1222/1074/930 1221/1073/929 1209/1061/917
f 1211/1063/919 1223/1075/931 1222/1074/930 1210/1062/918
f 1212/1064/920 1224/1076/932 1223/1075/931 1211/1063/919
f 1213/1065/921 1225/1077/933 1224/1076/932 1212/1064/920
f 1214/1066/922 1226/1078/934 1225/1077/933 1213/1065/921
f 1215/1067/923 1227/1079/935 1226/1078/934 1214/1066/922
f 1216/1068/924 1228/1080/936 1227/1079/935 1215/1067/923
f 1217/1069/925 1229/1081/937 1228/1080/936 1216/1068/924
f 1218/1070/926 1230/1082/938 1229/1081/937 1217/1069/925
f 1220/1071/927 1232/1083/939 1231/1084/940 1219/1072/928
f 1221/1073/929 1233/1085/941 1232/1083/939 1220/1071/927
f 1222/1074/930 1234/1086/942 1233/1085/941 1221/1073/929
f 1223/1075/931 1235/1087/943 1234/1086/942 1222/1074/930
f 1224/1076/932 1236/1088/944 1235/1087/943 1223/1075/931
f 1225/1077/933 1237/1089/945 1236/1088/944 1224/1076/932
f 1226/1078/934 1238/1090/946 1237/1089/945 1225/1077/933
f 1227/1079/935 1239/1091/947 1238/1090/946 1226/1078/934
f 1228/1080/936 1240/1092/948 1239/1091/947 1227/1079/935
f 1229/1081/937 1241/1093/949 1240/1092/948 1228/1080/936
f 1230/1082/938 1242/1094/950 1241/1093/949 1229/1081/937
f 1232/1083/939 1244/1095/951 1243/1096/952 1231/1084/940
f 1233/1085/941 1245/1097/953 1244/1095/951 1232/1083/939
f 1234/1086/942 1246/1098/954 1245/1097/953 1233/1085/941
f 1235/1087/943 1247/1099/955 1246/1098/954 1234/1086/942
f 1236/1088/944 1248/1100/956 1247/1099/955 1235/1087/943
f 1237/1089/945 1249/1101/957 1248/1100/956 1236/1088/944
f 1238/1090/946 1250/1102/958 1249/1101/957 1237/1089/945
f 1239/1091/947 1251/1103/959 1250/1102/958 1238/1090/946
f 1240/1092/948 1252/1104/960 1251/1103/959 1239/1091/947
f 1241/1093/949 1253/1105/961 1252/1104/960 1240/1092/948
f 1242/1094/950 1254/1106/962 1253/1105/961 1241/1093/949
f 1244/1095/951 1256/1107/963 1255/1108/964 1243/1096/952
f 1245/1097/953 1257/1109/965 1256/1107/963 1244/1095/951
f 1246/1098/954 1258/1110/966 1257/1109/965 1245/1097/953
f 1247/1099/955 1259/1111/967 1258/1110/966 1246/1098/954
f 1248/1100/956 1260/1112/968 1259/1111/967 1247/1099/955
f 1249/1101/957 1261/1113/969 1260/1112/968 1248/1100/956
f 1250/1102/958 1262/1114/970 1261/1113/969 1249/1101/957
f 1251/1103/959 1263/1115/971 1262/1114/970 1250/1102/958
f 1252/1104/960 1264/1116/972 1263/1115/971 1251/1103/959
f 1253/1105/961 1265/1117/973 1264/1116/972 1252/1104/960
f 1254/1106/962 1266/1118/974 1265/1117/973 1253/1105/961
f 1256/1107/963 1268/1119/975 1267/1120/976 1255/1108/964
f 1257/1109/965 1269/1121/977 1268/1119/975 1256/1107/963
f 1258/1110/966 1270/1122/978 1269/1121/977 1257/1109/965
f 1259/1111/967 1271/1123/979 1270/1122/978 1258/1110/966
f 1260/1112/968 1272/1124/980 1271/1123/979 1259/1111/967
f 1261/1113/969 1273/1125/981 1272/1124/980 1260/1112/968
f 1262/1114/970 1274/1126/982 1273/1125/981 1261/1113/969
f 1263/1115/971 1275/1127/983 1274/1126/982 1262/1114/970
f 1264/1116/972 1276/1128/984 1275/1127/983 1263/1115/971
f 1265/1117/973 1277/1129/985 1276/1128/984 1264/1116/972
f 1266/1118/974 1278/1130/986 1277/1129/985 1265/1117/973
f 1268/1119/975 1280/1131/987 1279/1132/988 1267/1120/976
f 1269/1121/977 1281/1133/989 1280/1131/987 1268/1119/975
f 1270/1122/978 1282/1134/990 1281/1133/989 1269/1121/977
f 1271/1123/979 1283/1135/991 1282/1134/990 1270/1122/978
f 1272/1124/980 1284/1136/992 1283/1135/991 1271/1123/979
f 1273/1125/981 1285/1137/993 1284/1136/992 1272/1124/980
f 1274/1126/982 1286/1138/994 1285/1137/993 1273/1125/981
f 1275/1127/983 1287/1139/995 1286/1138/994 1274/1126/982
f 1276/1128/984 1288/1140/996 1287/1139/995 1275/1127/983
f 1277/1129/985 1289/1141/997 1288/1140/996 1276/1128/984
f 1278/1130/986 1290/1142/998 1289/1141/997 1277/1129/985
f 1280/1131/987 1292/1143/999 1291/1144/1000 1279/1132/988
f 1281/1133/989 1293/1145/1001 1292/1143/999 1280/1131/987
f 1282/1134/990 1294/1146/1002 1293/1145/1001 1281/1133/989
f 1283/1135/991 1295/1147/1003 1294/1146/1002 1282/1134/990
f 1284/1136/992 1296/1148/1004 1295/1147/1003 1283/1135/991
f 1285/1137/993 1297/1149/1005 1296/1148/1004 1284/1136/992
f 1286/1138/994 1298/1150/1006 1297/1149/1005 1285/1137/993
f 1287/1139/995 1299/1151/1007 1298/1150/1006 1286/1138/994
f 1288/1140/996 1300/1152/1008 1299/1151/1007 1287/1139/995
f 1289/1141/997 1301/1153/1009 1300/1152/1008 1288/1140/996
f 1290/1142/998 1302/1154/1010 1301/1153/1009 1289/1141/997
f 1292/1143/999 1304/1155/1011 1303/1156/1012 1291/1144/1000
f 1293/1145/1001 1305/1157/1013 1304/1155/1011 1292/1143/999
f 1294/1146/1002 1306/1158/1014 1305/1157/1013 1293/1145/1001
f 1295/1147/1003 1307/1159/1015 1306/1158/1014 1294/1146/1002
f 1296/1148/1004 1308/1160/1016 1307/1159/1015 1295/1147/1003
f 1297/1149/1005 1309/1161/1017 1308/1160/1016 1296/1148/1004
f 1298/1150/1006 1310/1162/1018 1309/1161/1017 1297/1149/1005
f 1299/1151/1007 1311/1163/1019 1310/1162/1018 1298/1150/1006
f 1300/1152/1008 1312/1164/1020 1311/1163/1019 1299/1151/1007
f 1301/1153/1009 1313/1165/1021 1312/1164/1020 1300/1152/1008
f 1302/1154/1010 1314/1166/1022 1313/1165/1021 1301/1153/1009
f 1304/1155/1011 1316/1167/1023 1315/1168/1024 1303/1156/1012
f 1305/1157/1013 1317/1169/1025 1316/1167/1023 1304/1155/1011
f 1306/1158/1014 1318/1170/1026 1317/1169/1025 1305/1157/1013
f 1307/1159/1015 1319/1171/1027 1318/1170/1026 1306/1158/1014
f 1308/1160/1016 1320/1172/1028 1319/1171/1027 1307/1159/1015
f 1309/1161/1017 1321/1173/1029 1320/1172/1028 1308/1160/1016
f 1310/1162/1018 1322/1174/1030 1321/1173/1029 1309/1161/1017
f 1311/1163/1019 1323/1175/1031 1322/1174/1030 1310/1162/1018
f 1312/1164/1020 1324/1176/1032 1323/1175/1031 1311/1163/1019
f 1313/1165/1021 1325/1177/1033 1324/1176/1032 1312/1164/1020
f 1314/1166/1022 1326/1178/1034 1325/1177/1033 1313/1165/1021
f 1316/1167/1023 1328/1179/1035 1327/1180/1036 1315/1168/1024
f 1317/1169/1025 1329/1181/1037 1328/1179/1035 1316/1167/1023
f 1318/1170/1026 1330/1182/1038 1329/1181/1037 1317/1169/1025
f 1319/1171/1027 1331/1183/1039 1330/1182/1038 1318/1170/1026
f 1320/1172/1028 1332/1184/1040 1331/1183/1039 1319/1171/1027
f 1321/1173/1029 1333/1185/1041 1332/1184/1040 1320/1172/1028
f 1322/1174/1030 1334/1186/1042 1333/1185/1041 1321/1173/1029
f 1323/1175/1031 1335/1187/1043 1334/1186/1042 1322/1174/1030
f 1324/1176/1032 1336/1188/1044 1335/1187/1043 1323/1175/1031
f 1325/1177/1033 1337/1189/1045 1336/1188/1044 1324/1176/1032
f 1326/1178/1034 1338/1190/1046 1337/1189/1045 1325/1177/1033
f 1328/1179/1035 1340/1191/1047 1339/1192/1048 1327/1180/1036
f 1329/1181/1037 1341/1193/1049 1340/1191/1047 1328/1179/1035
f 1330/1182/1038 1342/1194/1050 1341/1193/1049 1329/1181/1037
f 1331/1183/1039 1343/1195/1051 1342/1194/1050 1330/1182/1038
f 1332/1184/1040 1344/1196/1052 1343/1195/1051 1331/1183/1039
f 1333/1185/1041 1345/1197/1053 1344/1196/1052 1332/1184/1040
f 1334/1186/1042 1346/1198/1054 1345/1197/1053 1333/1185/1041
f 1335/1187/1043 1347/1199/1055 1346/1198/1054 1334/1186/1042
f 1336/1188/1044 1348/1200/1056 1347/1199/1055 1335/1187/1043
f 1337/1189/1045 1349/1201/1057 1348/1200/1056 1336/1188/1044
f 1338/1190/1046 1350/1202/1058 1349/1201/1057 1337/1189/1045
f 1340/1191/1047 1352/1203/1059 1351/1204/1060 1339/1192/1048
f 1341/1193/1049 1353/1205/1061 1352/1203/1059 1340/1191/1047
f 1342/1194/1050 1354/1206/1062 1353/1205/1061 1341/1193/1049
f 1343/1195/1051 1355/1207/1063 1354/1206/1062 1342/1194/1050
f 1344/1196/1052 1356/1208/1064 1355/1207/1063 1343/1195/1051
f 1345/1197/1053 1357/1209/1065 1356/1208/1064 1344/1196/1052
f 1346/1198/1054 1358/1210/1066 1357/1209/1065 1345/1197/1053
f 1347/1199/1055 1359/1211/1067 1358/1210/1066 1346/1198/1054
f 1348/1200/1056 1360/1212/1068 1359/1211/1067 1347/1199/1055
f 1349/1201/1057 1361/1213/1069 1360/1212/1068 1348/1200/1056
f 1350/1202/1058 1362/1214/1070 1361/1213/1069 1349/1201/1057
f 1352/1203/1059 1364/1215/1071 1363/1216/1072 1351/1204/1060
f 1353/1205/1061 1365/1217/1073 1364/1215/1071 1352/1203/1059
f 1354/1206/1062 1366/1218/1074 1365/1217/1073 1353/1205/1061
f 1355/1207/1063 1367/1219/1075 1366/1218/1074 1354/1206/1062
f 1356/1208/1064 1368/1220/1076 1367/1219/1075 1355/1207/1063
f 1357/1209/1065 1369/1221/1077 1368/1220/1076 1356/1208/1064
f 1358/1210/1066 1370/1222/1078 1369/1221/1077 1357/1209/1065
f 1359/1211/1067 1371/1223/1079 1370/1222/1078 1358/1210/1066
f 1360/1212/1068 1372/1224/1080 1371/1223/1079 1359/1211/1067
f 1361/1213/1069 1373/1225/1081 1372/1224/1080 1360/1212/1068
f 1362/1214/1070 1374/1226/1082 1373/1225/1081 1361/1213/1069
f 1364/1215/1071 1376/1227/1083 1375/1228/1084 1363/1216/1072
f 1365/1217/1073 1377/1229/1085 1376/1227/1083 1364/1215/1071
f 1366/1218/1074 1378/1230/1086 1377/1229/1085 1365/1217/1073
f 1367/1219/1075 1379/1231/1087 1378/1230/1086 1366/1218/1074
f 1368/1220/1076 1380/1232/1088 1379/1231/1087 1367/1219/1075
f 1369/1221/1077 1381/1233/1089 1380/1232/1088 1368/1220/1076
f 1370/1222/1078 1382/1234/1090 1381/1233/1089 1369/1221/1077
f 1371/1223/1079 1383/1235/1091 1382/1234/1090 1370/1222/1078
f 1372/1224/1080 1384/1236/1092 1383/1235/1091 1371/1223/1079
f 1373/1225/1081 1385/1237/1093 1384/1236/1092 1372/1224/1080
f 1374/1226/1082 1386/1238/1094 1385/1237/1093 1373/1225/1081
f 1376/1227/1083 1388/1239/1095 1387/1240/1096 1375/1228/1084
f 1377/1229/1085 1389/1241/1097 1388/1239/1095 1376/1227/1083
f 1378/1230/1086 1390/1242/1098 1389/1241/1097 1377/1229/1085
f 1379/1231/1087 1391/1243/1099 1390/1242/1098 1378/1230/1086
f 1380/1232/1088 1392/1244/1100 1391/1243/1099 1379/1231/1087
f 1381/1233/1089 1393/1245/1101 1392/1244/1100 1380/1232/1088
f 1382/1234/1090 1394/1246/1102 1393/1245/1101 1381/1233/1089
f 1383/1235/1091 1395/1247/1103 1394/1246/1102 1382/1234/1090
f 1384/1236/1092 1396/1248/1104 1395/1247/1103 1383/1235/1091
f 1385/1237/1093 1397/1249/1105 1396/1248/1104 1384/1236/1092
f 1386/1238/1094 1398/1250/1106 1397/1249/1105 1385/1237/1093
f 1388/1239/1095 1400/1251/1107 1399/1252/1108 1387/1240/1096
f 1389/1241/1097 1401/1253/1109 1400/1251/1107 1388/1239/1095
f 1390/1242/1098 1402/1254/1110 1401/1253/1109 1389/1241/1097
f 1391/1243/1099 1403/1255/1111 1402/1254/1110 1390/1242/1098
f 1392/1244/1100 1404/1256/1112 1403/1255/1111 1391/1243/1099
f 1393/1245/1101 1405/1257/1113 1404/1256/1112 1392/1244/1100
f 1394/1246/1102 1406/1258/1114 1405/1257/1113 1393/1245/1101
f 1395/1247/1103 1407/1259/1115 1406/1258/1114 1394/1246/1102
f 1396/1248/1104 1408/1260/1116 1407/1259/1115 1395/1247/1103
f 1397/1249/1105 1409/1261/1117 1408/1260/1116 1396/1248/1104
f 1398/1250/1106 1410/1262/1118 1409/1261/1117 1397/1249/1105
f 1400/1251/1107 1412/1263/1119 1411/1264/1120 1399/1252/1108
f 1401/1253/1109 1413/1265/1121 1412/1263/1119 1400/1251/1107
f 1402/1254/1110 1414/1266/1122 1413/1265/1121 1401/1253/1109
f 1403/1255/1111 1415/1267/1123 1414/1266/1122 1402/1254/1110
f 1404/1256/1112 1416/1268/1124 1415/1267/1123 1403/1255/1111
f 1405/1257/1113 1417/1269/1125 1416/1268/1124 1404/1256/1112
f 1406/1258/1114 1418/1270/1126 1417/1269/1125 1405/1257/1113
f 1407/1259/1115 1419/1271/1127 1418/1270/1126 1406/1258/1114
f 1408/1260/1116 1420/1272/1128 1419/1271/1127 1407/1259/1115
f 1409/1261/1117 1421/1273/1129 1420/1272/1128 1408/1260/1116
f 1410/1262/1118 1422/1274/1130 1421/1273/1129 1409/1261/1117
f 1412/1263/1119 1424/1275/1131 1423/1276/1132 1411/1264/1120
f 1413/1265/1121 1425/1277/1133 1424/1275/1131 1412/1263/1119
f 1414/1266/1122 1426/1278/1134 1425/1277/1133 1413/1265/1121
f 1415/1267/1123 1427/1279/1135 1426/1278/1134 1414/1266/1122
f 1416/1268/1124 1428/1280/1136 1427/1279/1135 1415/1267/1123
f 1417/1269/1125 1429/1281/1137 1428/1280/1136 1416/1268/1124
f 1418/1270/1126 1430/1282/1138 1429/1281/1137 1417/1269/1125
f 1419/1271/1127 1431/1283/1139 1430/1282/1138 1418/1270/1126
f 1420/1272/1128 1432/1284/1140 1431/1283/1139 1419/1271/1127
f 1421/1273/1129 1433/1285/1141 1432/1284/1140 1420/1272/1128
f 1422/1274/1130 1434/1286/1142 1433/1285/1141 1421/1273/1129
f 1424/1275/1131 1436/1287/1143 1435/1288/1144 1423/1276/1132
f 1425/1277/1133 1437/1289/1145 1436/1287/1143 1424/1275/1131
f 1426/1278/1134 1438/1290/1146 1437/1289/1145 1425/1277/1133
f 1427/1279/1135 1439/1291/1147 1438/1290/1146 1426/1278/1134
f 1428/1280/1136 1440/1292/1148 1439/1291/1147 1427/1279/1135
f 1429/1281/1137 1441/1293/1149 1440/1292/1148 1428/1280/1136
f 1430/1282/1138 1442/1294/1150 1441/1293/1149 1429/1281/1137
f 1431/1283/1139 1443/1295/1151 1442/1294/1150 1430/1282/1138
f 1432/1284/1140 1444/1296/1152 1443/1295/1151 1431/1283/1139
f 1433/1285/1141 1445/1297/1153 1444/1296/1152 1432/1284/1140
f 1434/1286/1142 1446/1298/1154 1445/1297/1153 1433/1285/1141
f 1436/1287/1143 1448/1299/1155 1447/1300/1156 1435/1288/1144
f 1437/1289/1145 1449/1301/1157 1448/1299/1155 1436/1287/1143
f 1438/1290/1146 1450/1302/1158 1449/1301/1157 1437/1289/1145
f 1439/1291/1147 1451/1303/1159 1450/1302/1158 1438/1290/1146
f 1440/1292/1148 1452/1304/1160 1451/1303/1159 1439/1291/1147
f 1441/1293/1149 1453/1305/1161 1452/1304/1160 1440/1292/1148
f 1442/1294/1150 1454/1306/1162 1453/1305/1161 1441/1293/1149
f 1443/1295/1151 1455/1307/1163 1454/1306/1162 1442/1294/1150
f 1444/1296/1152 1456/1308/1164 1455/1307/1163 1443/1295/1151
f 1445/1297/1153 1457/1309/1165 1456/1308/1164 1444/1296/1152
f 1446/1298/1154 1458/1310/1166 1457/1309/1165 1445/1297/1153
f 1448/1299/1155 1460/1311/1167 1459/1312/1168 1447/1300/1156
f 1449/1301/1157 1461/1313/1169 1460/1311/1167 1448/1299/1155
f 1450/1302/1158 1462/1314/1170 1461/1313/1169 1449/1301/1157
f 1451/1303/1159 1463/1315/1171 1462/1314/1170 1450/1302/1158
f 1452/1304/1160 1464/1316/1172 1463/1315/1171 1451/1303/1159
f 1453/1305/1161 1465/1317/1173 1464/1316/1172 1452/1304/1160
f 1454/1306/1162 1466/1318/1174 1465/1317/1173 1453/1305/1161
f 1455/1307/1163 1467/1319/1175 1466/1318/1174 1454/1306/1162
f 1456/1308/1164 1468/1320/1176 1467/1319/1175 1455/1307/1163
f 1457/1309/1165 1469/1321/1177 1468/1320/1176 1456/1308/1164
f 1458/1310/1166 1470/1322/1178 1469/1321/1177 1457/1309/1165
f 1460/1311/1167 1472/1323/1179 1471/1324/1180 1459/1312/1168
f 1461/1313/1169 1473/1325/1181 1472/1323/1179 1460/1311/1167
f 1462/1314/1170 1474/1326/1182 1473/1325/1181 1461/1313/1169
f 1463/1315/1171 1475/1327/1183 1474/1326/1182 1462/1314/1170
f 1464/1316/1172 1476/1328/1184 1475/1327/1183 1463/1315/1171
f 1465/1317/1173 1477/1329/1185 1476/1328/1184 1464/1316/1172
f 1466/1318/1174 1478/1330/1186 1477/1329/1185 1465/1317/1173
f 1467/1319/1175 1479/1331/1187 1478/1330/1186 1466/1318/1174
f 1468/1320/1176 1480/1332/1188 1479/1331/1187 1467/1319/1175
f 1469/1321/1177 1481/1333/1189 1480/1332/1188 1468/1320/1176
f 1470/1322/1178 1482/1334/1190 1481/1333/1189 1469/1321/1177
f 1472/1323/1179 1484/1335/1191 1483/1336/1192 1471/1324/1180
f 1473/1325/1181 1485/1337/1193 1484/1335/1191 1472/1323/1179
f 1474/1326/1182 1486/1338/1194 1485/1337/1193 1473/1325/1181
f 1475/1327/1183 1487/1339/1195 1486/1338/1194 1474/1326/1182
f 1476/1328/1184 1488/1340/1196 1487/1339/1195 1475/1327/1183
f 1477/1329/1185 1489/1341/1197 1488/1340/1196 1476/1328/1184
f 1478/1330/1186 1490/1342/1198 1489/1341/1197 1477/1329/1185
f 1479/1331/1187 1491/1343/1199 1490/1342/1198 1478/1330/1186
f 1480/1332/1188 1492/1344/1200 1491/1343/1199 1479/1331/1187
f 1481/1333/1189 1493/1345/1201 1492/1344/1200 1480/1332/1188
f 1482/1334/1190 1494/1346/1202 1493/1345/1201 1481/1333/1189
f 1484/1335/1191 1496/1347/1203 1495/1348/1204 1483/1336/1192
f 1485/1337/1193 1497/1349/1205 1496/1347/1203 1484/1335/1191
f 1486/1338/1194 1498/1350/1206 1497/1349/1205 1485/1337/1193
f 1487/1339/1195 1499/1351/1207 1498/1350/1206 1486/1338/1194
f 1488/1340/1196 1500/1352/1208 1499/1351/1207 1487/1339/1195
f 1489/1341/1197 1501/1353/1209 1500/1352/1208 1488/1340/1196
f 1490/1342/1198 1502/1354/1210 1501/1353/1209 1489/1341/1197
f 1491/1343/1199 1503/1355/1211 1502/1354/1210 1490/1342/1198
f 1492/1344/1200 1504/1356/1212 1503/1355/1211 1491/1343/1199
f 1493/1345/1201 1505/1357/1213 1504/1356/1212 1492/1344/1200
f 1494/1346/1202 1506/1358/1214 1505/1357/1213 1493/1345/1201
f 1496/1347/1203 1508/1359/1215 1507/1360/1216 1495/1348/1204
f 1497/1349/1205 1509/1361/1217 1508/1359/1215 1496/1347/1203
f 1498/1350/1206 1510/1362/1218 1509/1361/1217 1497/1349/1205
f 1499/1351/1207 1511/1363/1219 1510/1362/1218 1498/1350/1206
f 1500/1352/1208 1512/1364/1220 1511/1363/1219 1499/1351/1207
f 1501/1353/1209 1513/1365/1221 1512/1364/1220 1500/1352/1208
f 1502/1354/1210 1514/1366/1222 1513/1365/1221 1501/1353/1209
f 1503/1355/1211 1515/1367/1223 1514/1366/1222 1502/1354/1210
f 1504/1356/1212 1516/1368/1224 1515/1367/1223 1503/1355/1211
f 1505/1357/1213 1517/1369/1225 1516/1368/1224 1504/1356/1212
f 1506/1358/1214 1518/1370/1226 1517/1369/1225 1505/1357/1213
f 1508/1359/1215 1520/1371/1227 1519/1372/1228 1507/1360/1216
f 1509/1361/1217 1521/1373/1229 1520/1371/1227 1508/1359/1215
f 1510/1362/1218 1522/1374/1230 1521/1373/1229 1509/1361/1217
f 1511/1363/1219 1523/1375/1231 1522/1374/1230 1510/1362/1218
f 1512/1364/1220 1524/1376/1232 1523/1375/1231 1511/1363/1219
f 1513/1365/1221 1525/1377/1233 1524/1376/1232 1512/1364/1220
f 1514/1366/1222 1526/1378/1234 1525/1377/1233 1513/1365/1221
f 1515/1367/1223 1527/1379/1235 1526/1378/1234 1514/1366/1222
f 1516/1368/1224 1528/1380/1236 1527/1379/1235 1515/1367/1223
f 1517/1369/1225 1529/1381/1237 1528/1380/1236 1516/1368/1224
f 1518/1370/1226 1530/1382/1238 1529/1381/1237 1517/1369/1225
f 1520/1371/1227 1532/1383/1239 1531/1384/1240 1519/1372/1228
f 1521/1373/1229 1533/1385/1241 1532/1383/1239 1520/1371/1227
f 1522/1374/1230 1534/1386/1242 1533/1385/1241 1521/1373/1229
f 1523/1375/1231 1535/1387/1243 1534/1386/1242 1522/1374/1230
f 1524/1376/1232 1536/1388/1244 1535/1387/1243 1523/1375/1231
f 1525/1377/1233 1537/1389/1245 1536/1388/1244 1524/1376/1232
f 1526/1378/1234 1538/1390/1246 1537/1389/1245 1525/1377/1233
f 1527/1379/1235 1539/1391/1247 1538/1390/1246 1526/1378/1234
f 1528/1380/1236 1540/1392/1248 1539/1391/1247 1527/1379/1235
f 1529/1381/1237 1541/1393/1249 1540/1392/1248 1528/1380/1236
f 1530/1382/1238 1542/1394/1250 1541/1393/1249 1529/1381/1237
f 1532/1383/1239 1544/1395/1251 1543/1396/1252 1531/1384/1240
f 1533/1385/1241 1545/1397/1253 1544/1395/1251 1532/1383/1239
f 1534/1386/1242 1546/1398/1254 1545/1397/1253 1533/1385/1241
f 1535/1387/1243 1547/1399/1255 1546/1398/1254 1534/1386/1242
f 1536/1388/1244 1548/1400/1256 1547/1399/1255 1535/1387/1243
f 1537/1389/1245 1549/1401/1257 1548/1400/1256 1536/1388/1244
f 1538/1390/1246 1550/1402/1258 1549/1401/1257 1537/1389/1245
f 1539/1391/1247 1551/1403/1259 1550/1402/1258 1538/1390/1246
f 1540/1392/1248 1552/1404/1260 1551/1403/1259 1539/1391/1247
f 1541/1393/1249 1553/1405/1261 1552/1404/1260 1540/1392/1248
f 1542/1394/1250 1554/1406/1262 1553/1405/1261 1541/1393/1249
f 1544/1395/1251 1556/1407/1263 1555/1408/1264 1543/1396/1252
f 1545/1397/1253 1557/1409/1265 1556/1407/1263 1544/1395/1251
f 1546/1398/1254 1558/1410/1266 1557/1409/1265 1545/1397/1253
f 1547/1399/1255 1559/1411/1267 1558/1410/1266 1546/1398/1254
f 1548/1400/1256 1560/1412/1268 1559/1411/1267 1547/1399/1255
f 1549/1401/1257 1561/1413/1269 1560/1412/1268 1548/1400/1256
f 1550/1402/1258 1562/1414/1270 1561/1413/1269 1549/1401/1257
f 1551/1403/1259 1563/1415/1271 1562/1414/1270 1550/1402/1258
f 1552/1404/1260 1564/1416/1272 1563/1415/1271 1551/1403/1259
f 1553/1405/1261 1565/1417/1273 1564/1416/1272 1552/1404/1260
f 1554/1406/1262 1566/1418/1274 1565/1417/1273 1553/1405/1261
f 1556/1407/1263 1568/1419/1275 1567/1420/1276 1555/1408/1264
f 1557/1409/1265 1569/1421/1277 1568/1419/1275 1556/1407/1263
f 1558/1410/1266 1570/1422/1278 1569/1421/1277 1557/1409/1265
f 1559/1411/1267 1571/1423/1279 1570/1422/1278 1558/1410/1266
f 1560/1412/1268 1572/1424/1280 1571/1423/1279 1559/1411/1267
f 1561/1413/1269 1573/1425/1281 1572/1424/1280 1560/1412/1268
f 1562/1414/1270 1574/1426/1282 1573/1425/1281 1561/1413/1269
f 1563/1415/1271 1575/1427/1283 1574/1426/1282 1562/1414/1270
f 1564/1416/1272 1576/1428/1284 1575/1427/1283 1563/1415/1271
f 1565/1417/1273 1577/1429/1285 1576/1428/1284 1564/1416/1272
f 1566/1418/1274 1578/1430/1286 1577/1429/1285 1565/1417/1273
f 1568/1419/1275 1580/1431/1287 1579/1432/1288 1567/1420/1276
f 1569/1421/1277 1581/1433/1289 1580/1431/1287 1568/1419/1275
f 1570/1422/1278 1582/1434/1290 1581/1433/1289 1569/1421/1277
f 1571/1423/1279 1583/1435/1291 1582/1434/1290 1570/1422/1278
f 1572/1424/1280 1584/1436/1292 1583/1435/1291 1571/1423/1279
f 1573/1425/1281 1585/1437/1293 1584/1436/1292 1572/1424/1280
f 1574/1426/1282 1586/1438/1294 1585/1437/1293 1573/1425/1281
f 1575/1427/1283 1587/1439/1295 1586/1438/1294 1574/1426/1282
f 1576/1428/1284 1588/1440/1296 1587/1439/1295 1575/1427/1283
f 1577/1429/1285 1589/1441/1297 1588/1440/1296 1576/1428/1284
f 1578/1430/1286 1590/1442/1298 1589/1441/1297 1577/1429/1285
f 1580/1431/1287 1592/1443/1299 1591/1444/1300 1579/1432/1288
f 1581/1433/1289 1593/1445/1301 1592/1443/1299 1580/1431/1287
f 1582/1434/1290 1594/1446/1302 1593/1445/1301 1581/1433/1289
f 1583/1435/1291 1595/1447/1303 1594/1446/1302 1582/1434/1290
f 1584/1436/1292 1596/1448/1304 1595/1447/1303 1583/1435/1291
f 1585/1437/1293 1597/1449/1305 1596/1448/1304 1584/1436/1292
f 1586/1438/1294 1598/1450/1306 1597/1449/1305 1585/1437/1293
f 1587/1439/1295 1599/1451/1307 1598/1450/1306 1586/1438/1294
f 1588/1440/1296 1600/1452/1308 1599/1451/1307 1587/1439/1295
f 1589/1441/1297 1601/1453/1309 1600/1452/1308 1588/1440/1296
f 1590/1442/1298 1602/1454/1310 1601/1453/1309 1589/1441/1297
f 1592/1443/1299 1604/1455/1311 1603/1456/1312 1591/1444/1300
f 1593/1445/1301 1605/1457/1313 1604/1455/1311 1592/1443/1299
f 1594/1446/1302 1606/1458/1314 1605/1457/1313 1593/1445/1301
f 1595/1447/1303 1607/1459/1315 1606/1458/1314 1594/1446/1302
f 1596/1448/1304 1608/1460/1316 1607/1459/1315 1595/1447/1303
f 1597/1449/1305 1609/1461/1317 1608/1460/1316 1596/1448/1304
f 1598/1450/1306 1610/1462/1318 1609/1461/1317 1597/1449/1305
f 1599/1451/1307 1611/1463/1319 1610/1462/1318 1598/1450/1306
f 1600/1452/1308 1612/1464/1320 1611/1463/1319 1599/1451/1307
f 1601/1453/1309 1613/1465/1321 1612/1464/1320 1600/1452/1308
f 1602/1454/1310 1614/1466/1322 1613/1465/1321 1601/1453/1309
f 1604/1455/1311 1616/1467/1323 1615/1468/1324 1603/1456/1312
f 1605/1457/1313 1617/1469/1325 1616/1467/1323 1604/1455/1311
f 1606/1458/1314 1618/1470/1326 1617/1469/1325 1605/1457/1313
f 1607/1459/1315 1619/1471/1327 1618/1470/1326 1606/1458/1314
f 1608/1460/1316 1620/1472/1328 1619/1471/1327 1607/1459/1315
f 1609/1461/1317 1621/1473/1329 1620/1472/1328 1608/1460/1316
f 1610/1462/1318 1622/1474/1330 1621/1473/1329 1609/1461/1317
f 1611/1463/1319 1623/1475/1331 1622/1474/1330 1610/1462/1318
f 1612/1464/1320 1624/1476/1332 1623/1475/1331 1611/1463/1319
f 1613/1465/1321 1625/1477/1333 1624/1476/1332 1612/1464/1320
f 1614/1466/1322 1626/1478/1334 1625/1477/1333 1613/1465/1321
f 1616/1467/1323 1628/1479/1335 1627/1480/1336 1615/1468/1324
f 1617/1469/1325 1629/1481/1337 1628/1479/1335 1616/1467/1323
f 1618/1470/1326 1630/1482/1338 1629/1481/1337 1617/1469/1325
f 1619/1471/1327 1631/1483/1339 1630/1482/1338 1618/1470/1326
f 1620/1472/1328 1632/1484/1340 1631/1483/1339 1619/1471/1327
f 1621/1473/1329 1633/1485/1341 1632/1484/1340 1620/1472/1328
f 1622/1474/1330 1634/1486/1342 1633/1485/1341 1621/1473/1329
f 1623/1475/1331 1635/1487/1343 1634/1486/1342 1622/1474/1330
f 1624/1476/1332 1636/1488/1344 1635/1487/1343 1623/1475/1331
f 1625/1477/1333 1637/1489/1345 1636/1488/1344 1624/1476/1332
f 1626/1478/1334 1638/1490/1346 1637/1489/1345 1625/1477/1333
f 1628/1479/1335 1640/1491/1347 1639/1492/1348 1627/1480/1336
f 1629/1481/1337 1641/1493/1349 1640/1491/1347 1628/1479/1335
f 1630/1482/1338 1642/1494/1350 1641/1493/1349 1629/1481/1337
f 1631/1483/1339 1643/1495/1351 1642/1494/1350 1630/1482/1338
f 1632/1484/1340 1644/1496/1352 1643/1495/1351 1631/1483/1339
f 1633/1485/1341 1645/1497/1353 1644/1496/1352 1632/1484/1340
f 1634/1486/1342 1646/1498/1354 1645/1497/1353 1633/1485/1341
f 1635/1487/1343 1647/1499/1355 1646/1498/1354 1634/1486/1342
f 1636/1488/1344 1648/1500/1356 1647/1499/1355 1635/1487/1343
f 1637/1489/1345 1649/1501/1357 1648/1500/1356 1636/1488/1344
f 1638/1490/1346 1650/1502/1358 1649/1501/1357 1637/1489/1345
f 1640/1491/1347 1652/1503/1359 1651/1504/1360 1639/1492/1348
f 1641/1493/1349 1653/1505/1361 1652/1503/1359 1640/1491/1347
f 1642/1494/1350 1654/1506/1362 1653/1505/1361 1641/1493/1349
f 1643/1495/1351 1655/1507/1363 1654/1506/1362 1642/1494/1350
f 1644/1496/1352 1656/1508/1364 1655/1507/1363 1643/1495/1351
f 1645/1497/1353 1657/1509/1365 1656/1508/1364 1644/1496/1352
f 1646/1498/1354 1658/1510/1366 1657/1509/1365 1645/1497/1353
f 1647/1499/1355 1659/1511/1367 1658/1510/1366 1646/1498/1354
f 1648/1500/1356 1660/1512/1368 1659/1511/1367 1647/1499/1355
f 1649/1501/1357 1661/1513/1369 1660/1512/1368 1648/1500/1356
f 1650/1502/1358 1662/1514/1370 1661/1513/1369 1649/1501/1357
f 1652/1503/1359 1664/1515/1371 1663/1516/1372 1651/1504/1360
f 1653/1505/1361 1665/1517/1373 1664/1515/1371 1652/1503/1359
f 1654/1506/1362 1666/1518/1374 1665/1517/1373 1653/1505/1361
f 1655/1507/1363 1667/1519/1375 1666/1518/1374 1654/1506/1362
f 1656/1508/1364 1668/1520/1376 1667/1519/1375 1655/1507/1363
f 1657/1509/1365 1669/1521/1377 1668/1520/1376 1656/1508/1364
f 1658/1510/1366 1670/1522/1378 1669/1521/1377 1657/1509/1365
f 1659/1511/1367 1671/1523/1379 1670/1522/1378 1658/1510/1366
f 1660/1512/1368 1672/1524/1380 1671/1523/1379 1659/1511/1367
f 1661/1513/1369 1673/1525/1381 1672/1524/1380 1660/1512/1368
f 1662/1514/1370 1674/1526/1382 1673/1525/1381 1661/1513/1369
f 1664/1515/1371 1676/1527/1383 1675/1528/1384 1663/1516/1372
f 1665/1517/1373 1677/1529/1385 1676/1527/1383 1664/1515/1371
f 1666/1518/1374 1678/1530/1386 1677/1529/1385 1665/1517/1373
f 1667/1519/1375 1679/1531/1387 1678/1530/1386 1666/1518/1374
f 1668/1520/1376 1680/1532/1388 1679/1531/1387 1667/1519/1375
f 1669/1521/1377 1681/1533/1389 1680/1532/1388 1668/1520/1376
f 1670/1522/1378 1682/1534/1390 1681/1533/1389 1669/1521/1377
f 1671/1523/1379 1683/1535/1391 1682/1534/1390 1670/1522/1378
f 1672/1524/1380 1684/1536/1392 1683/1535/1391 1671/1523/1379
f 1673/1525/1381 1685/1537/1393 1684/1536/1392 1672/1524/1380
f 1674/1526/1382 1686/1538/1394 1685/1537/1393 1673/1525/1381
f 1676/1527/1383 1688/1539/1395 1687/1540/1396 1675/1528/1384
f 1677/1529/1385 1689/1541/1397 1688/1539/1395 1676/1527/1383
f 1678/1530/1386 1690/1542/1398 1689/1541/1397 1677/1529/1385
f 1679/1531/1387 1691/1543/1399 1690/1542/1398 1678/1530/1386
f 1680/1532/1388 1692/1544/1400 1691/1543/1399 1679/1531/1387
f 1681/1533/1389 1693/1545/1401 1692/1544/1400 1680/1532/1388
f 1682/1534/1390 1694/1546/1402 1693/1545/1401 1681/1533/1389
f 1683/1535/1391 1695/1547/1403 1694/1546/1402 1682/1534/1390
f 1684/1536/1392 1696/1548/1404 1695/1547/1403 1683/1535/1391
f 1685/1537/1393 1697/1549/1405 1696/1548/1404 1684/1536/1392
f 1686/1538/1394 1698/1550/1406 1697/1549/1405 1685/1537/1393
f 1688/1539/1395 1700/1551/1407 1699/1552/1408 1687/1540/1396
f 1689/1541/1397 1701/1553/1409 1700/1551/1407 1688/1539/1395
f 1690/1542/1398 1702/1554/1410 1701/1553/1409 1689/1541/1397
f 1691/1543/1399 1703/1555/1411 1702/1554/1410 1690/1542/1398
f 1692/1544/1400 1704/1556/1412 1703/1555/1411 1691/1543/1399
f 1693/1545/1401 1705/1557/1413 1704/1556/1412 1692/1544/1400
f 1694/1546/1402 1706/1558/1414 1705/1557/1413 1693/1545/1401
f 1695/1547/1403 1707/1559/1415 1706/1558/1414 1694/1546/1402
f 1696/1548/1404 1708/1560/1416 1707/1559/1415 1695/1547/1403
f 1697/1549/1405 1709/1561/1417 1708/1560/1416 1696/1548/1404
f 1698/1550/1406 1710/1562/1418 1709/1561/1417 1697/1549/1405
f 1700/1551/1407 1712/1563/1419 1711/1564/1420 1699/1552/1408
f 1701/1553/1409 1713/1565/1421 1712/1563/1419 1700/1551/1407
f 1702/1554/1410 1714/1566/1422 1713/1565/1421 1701/1553/1409
f 1703/1555/1411 1715/1567/1423 1714/1566/1422 1702/1554/1410
f 1704/1556/1412 1716/1568/1424 1715/1567/1423 1703/1555/1411
f 1705/1557/1413 1717/1569/1425 1716/1568/1424 1704/1556/1412
f 1706/1558/1414 1718/1570/1426 1717/1569/1425 1705/1557/1413
f 1707/1559/1415 1719/1571/1427 1718/1570/1426 1706/1558/1414
f 1708/1560/1416 1720/1572/1428 1719/1571/1427 1707/1559/1415
f 1709/1561/1417 1721/1573/1429 1720/1572/1428 1708/1560/1416
f 1710/1562/1418 1722/1574/1430 1721/1573/1429 1709/1561/1417
f 1712/1563/1419 1724/1575/1431 1723/1576/1432 1711/1564/1420
f 1713/1565/1421 1725/1577/1433 1724/1575/1431 1712/1563/1419
f 1714/1566/1422 1726/1578/1434 1725/1577/1433 1713/1565/1421
f 1715/1567/1423 1727/1579/1435 1726/1578/1434 1714/1566/1422
f 1716/1568/1424 1728/1580/1436 1727/1579/1435 1715/1567/1423
f 1717/1569/1425 1729/1581/1437 1728/1580/1436 1716/1568/1424
f 1718/1570/1426 1730/1582/1438 1729/1581/1437 1717/1569/1425
f 1719/1571/1427 1731/1583/1439 1730/1582/1438 1718/1570/1426
f 1720/1572/1428 1732/1584/1440 1731/1583/1439 1719/1571/1427
f 1721/1573/1429 1733/1585/1441 1732/1584/1440 1720/1572/1428
f 1722/1574/1430 1734/1586/1442 1733/1585/1441 1721/1573/1429
f 1724/1575/1431 1736/1587/1443 1735/1588/1444 1723/1576/1432
f 1725/1577/1433 1737/1589/1445 1736/1587/1443 1724/1575/1431
f 1726/1578/1434 1738/1590/1446 1737/1589/1445 1725/1577/1433
f 1727/1579/1435 1739/1591/1447 1738/1590/1446 1726/1578/1434
f 1728/1580/1436 1740/1592/1448 1739/1591/1447 1727/1579/1435
f 1729/1581/1437 1741/1593/1449 1740/1592/1448 1728/1580/1436
f 1730/1582/1438 1742/1594/1450 1741/1593/1449 1729/1581/1437
f 1731/1583/1439 1743/1595/1451 1742/1594/1450 1730/1582/1438
f 1732/1584/1440 1744/1596/1452 1743/1595/1451 1731/1583/1439
f 1733/1585/1441 1745/1597/1453 1744/1596/1452 1732/1584/1440
f 1734/1586/1442 1746/1598/1454 1745/1597/1453 1733/1585/1441
f 1736/1587/1443 1748/1599/1455 1747/1600/1456 1735/1588/1444
f 1737/1589/1445 1749/1601/1457 1748/1599/1455 1736/1587/1443
f 1738/1590/1446 1750/1602/1458 1749/1601/1457 1737/1589/1445
f 1739/1591/1447 1751/1603/1459 1750/1602/1458 1738/1590/1446
f 1740/1592/1448 1752/1604/1460 1751/1603/1459 1739/1591/1447
f 1741/1593/1449 1753/1605/1461 1752/1604/1460 1740/1592/1448
f 1742/1594/1450 1754/1606/1462 1753/1605/1461 1741/1593/1449
f 1743/1595/1451 1755/1607/1463 1754/1606/1462 1742/1594/1450
f 1744/1596/1452 1756/1608/1464 1755/1607/1463 1743/1595/1451
f 1745/1597/1453 1757/1609/1465 1756/1608/1464 1744/1596/1452
f 1746/1598/1454 1758/1610/1466 1757/1609/1465 1745/1597/1453
f 1748/1599/1455 1760/1611/1467 1759/1612/1468 1747/1600/1456
f 1749/1601/1457 1761/1613/1469 1760/1611/1467 1748/1599/1455
f 1750/1602/1458 1762/1614/1470 1761/1613/1469 1749/1601/1457
f 1751/1603/1459 1763/1615/1471 1762/1614/1470 1750/1602/1458
f 1752/1604/1460 1764/1616/1472 1763/1615/1471 1751/1603/1459
f 1753/1605/1461 1765/1617/1473 1764/1616/1472 1752/1604/1460
f 1754/1606/1462 1766/1618/1474 1765/1617/1473 1753/1605/1461
f 1755/1607/1463 1767/1619/1475 1766/1618/1474 1754/1606/1462
f 1756/1608/1464 1768/1620/1476 1767/1619/1475 1755/1607/1463
f 1757/1609/1465 1769/1621/1477 1768/1620/1476 1756/1608/1464
f 1758/1610/1466 1770/1622/1478 1769/1621/1477 1757/1609/1465
f 1760/1611/1467 1772/1623/1479 1771/1624/1480 1759/1612/1468
f 1761/1613/1469 1773/1625/1481 1772/1623/1479 1760/1611/1467
f 1762/1614/1470 1774/1626/1482 1773/1625/1481 1761/1613/1469
f 1763/1615/1471 1775/1627/1483 1774/1626/1482 1762/1614/1470
f 1764/1616/1472 1776/1628/1484 1775/1627/1483 1763/1615/1471
f 1765/1617/1473 1777/1629/1485 1776/1628/1484 1764/1616/1472
f 1766/1618/1474 1778/1630/1486 1777/1629/1485 1765/1617/1473
f 1767/1619/1475 1779/1631/1487 1778/1630/1486 1766/1618/1474
f 1768/1620/1476 1780/1632/1488 1779/1631/1487 1767/1619/1475
f 1769/1621/1477 1781/1633/1489 1780/1632/1488 1768/1620/1476
f 1770/1622/1478 1782/1634/1490 1781/1633/1489 1769/1621/1477
f 1772/1623/1479 1784/1635/1491 1783/1636/1492 1771/1624/1480
f 1773/1625/1481 1785/1637/1493 1784/1635/1491 1772/1623/1479
f 1774/1626/1482 1786/1638/1494 1785/1637/1493 1773/1625/1481
f 1775/1627/1483 1787/1639/1495 1786/1638/1494 1774/1626/1482
f 1776/1628/1484 1788/1640/1496 1787/1639/1495 1775/1627/1483
f 1777/1629/1485 1789/1641/1497 1788/1640/1496 1776/1628/1484
f 1778/1630/1486 1790/1642/1498 1789/1641/1497 1777/1629/1485
f 1779/1631/1487 1791/1643/1499 1790/1642/1498 1778/1630/1486
f 1780/1632/1488 1792/1644/1500 1791/1643/1499 1779/1631/1487
f 1781/1633/1489 1793/1645/1501 1792/1644/1500 1780/1632/1488
f 1782/1634/1490 1794/1646/1502 1793/1645/1501 1781/1633/1489
f 1784/1635/1491 1796/1647/1503 1795/1648/1504 1783/1636/1492
f 1785/1637/1493 1797/1649/1505 1796/1647/1503 1784/1635/1491
f 1786/1638/1494 1798/1650/1506 1797/1649/1505 1785/1637/1493
f 1787/1639/1495 1799/1651/1507 1798/1650/1506 1786/1638/1494
f 1788/1640/1496 1800/1652/1508 1799/1651/1507 1787/1639/1495
f 1789/1641/1497 1801/1653/1509 1800/1652/1508 1788/1640/1496
f 1790/1642/1498 1802/1654/1510 1801/1653/1509 1789/1641/1497
f 1791/1643/1499 1803/1655/1511 1802/1654/1510 1790/1642/1498
f 1792/1644/1500 1804/1656/1512 1803/1655/1511 1791/1643/1499
f 1793/1645/1501 1805/1657/1513 1804/1656/1512 1792/1644/1500
f 1794/1646/1502 1806/1658/1514 1805/1657/1513 1793/1645/1501
f 1796/1647/1503 1808/1659/1515 1807/1660/1516 1795/1648/1504
f 1797/1649/1505 1809/1661/1517 1808/1659/1515 1796/1647/1503
f 1798/1650/1506 1810/1662/1518 1809/1661/1517 1797/1649/1505
f 1799/1651/1507 1811/1663/1519 1810/1662/1518 1798/1650/1506
f 1800/1652/1508 1812/1664/1520 1811/1663/1519 1799/1651/1507
f 1801/1653/1509 1813/1665/1521 1812/1664/1520 1800/1652/1508
f 1802/1654/1510 1814/1666/1522 1813/1665/1521 1801/1653/1509
f 1803/1655/1511 1815/1667/1523 1814/1666/1522 1802/1654/1510
f 1804/1656/1512 1816/1668/1524 1815/1667/1523 1803/1655/1511
f 1805/1657/1513 1817/1669/1525 1816/1668/1524 1804/1656/1512
f 1806/1658/1514 1818/1670/1526 1817/1669/1525 1805/1657/1513
f 1808/1659/1515 1820/1671/1527 1819/1672/1528 1807/1660/1516
f 1809/1661/1517 1821/1673/1529 1820/1671/1527 1808/1659/1515
f 1810/1662/1518 1822/1674/1530 1821/1673/1529 1809/1661/1517
f 1811/1663/1519 1823/1675/1531 1822/1674/1530 1810/1662/1518
f 1812/1664/1520 1824/1676/1532 1823/1675/1531 1811/1663/1519
f 1813/1665/1521 1825/1677/1533 1824/1676/1532 1812/1664/1520
f 1814/1666/1522 1826/1678/1534 1825/1677/1533 1813/1665/1521
f 1815/1667/1523 1827/1679/1535 1826/1678/1534 1814/1666/1522
f 1816/1668/1524 1828/1680/1536 1827/1679/1535 1815/1667/1523
f 1817/1669/1525 1829/1681/1537 1828/1680/1536 1816/1668/1524
f 1818/1670/1526 1830/1682/1538 1829/1681/1537 1817/1669/1525
f 1820/1671/1527 1832/1683/1539 1831/1684/1540 1819/1672/1528
f 1821/1673/1529 1833/1685/1541 1832/1683/1539 1820/1671/1527
f 1822/1674/1530 1834/1686/1542 1833/1685/1541 1821/1673/1529
f 1823/1675/1531 1835/1687/1543 1834/1686/1542 1822/1674/1530
f 1824/1676/1532 1836/1688/1544 1835/1687/1543 1823/1675/1531
f 1825/1677/1533 1837/1689/1545 1836/1688/1544 1824/1676/1532
f 1826/1678/1534 1838/1690/1546 1837/1689/1545 1825/1677/1533
f 1827/1679/1535 1839/1691/1547 1838/1690/1546 1826/1678/1534
f 1828/1680/1536 1840/1692/1548 1839/1691/1547 1827/1679/1535
f 1829/1681/1537 1841/1693/1549 1840/1692/1548 1828/1680/1536
f 1830/1682/1538 1842/1694/1550 1841/1693/1549 1829/1681/1537
f 1832/1683/1539 1844/1695/1551 1843/1696/1552 1831/1684/1540
f 1833/1685/1541 1845/1697/1553 1844/1695/1551 1832/1683/1539
f 1834/1686/1542 1846/1698/1554 1845/1697/1553 1833/1685/1541
f 1835/1687/1543 1847/1699/1555 1846/1698/1554 1834/1686/1542
f 1836/1688/1544 1848/1700/1556 1847/1699/1555 1835/1687/1543
f 1837/1689/1545 1849/1701/1557 1848/1700/1556 1836/1688/1544
f 1838/1690/1546 1850/1702/1558 1849/1701/1557 1837/1689/1545
f 1839/1691/1547 1851/1703/1559 1850/1702/1558 1838/1690/1546
f 1840/1692/1548 1852/1704/1560 1851/1703/1559 1839/1691/1547
f 1841/1693/1549 1853/1705/1561 1852/1704/1560 1840/1692/1548
f 1842/1694/1550 1854/1706/1562 1853/1705/1561 1841/1693/1549
f 1844/1695/1551 1856/1707/1563 1855/1708/1564 1843/1696/1552
f 1845/1697/1553 1857/1709/1565 1856/1707/1563 1844/1695/1551
f 1846/1698/1554 1858/1710/1566 1857/1709/1565 1845/1697/1553
f 1847/1699/1555 1859/1711/1567 1858/1710/1566 1846/1698/1554
f 1848/1700/1556 1860/1712/1568 1859/1711/1567 1847/1699/1555
f 1849/1701/1557 1861/1713/1569 1860/1712/1568 1848/1700/1556
f 1850/1702/1558 1862/1714/1570 1861/1713/1569 1849/1701/1557
f 1851/1703/1559 1863/1715/1571 1862/1714/1570 1850/1702/1558
f 1852/1704/1560 1864/1716/1572 1863/1715/1571 1851/1703/1559
f 1853/1705/1561 1865/1717/1573 1864/1716/1572 1852/1704/1560
f 1854/1706/1562 1866/1718/1574 1865/1717/1573 1853/1705/1561
f 1856/1707/1563 1868/1719/1575 1867/1720/1576 1855/1708/1564
f 1857/1709/1565 1869/1721/1577 1868/1719/1575 1856/1707/1563
f 1858/1710/1566 1870/1722/1578 1869/1721/1577 1857/1709/1565
f 1859/1711/1567 1871/1723/1579 1870/1722/1578 1858/1710/1566
f 1860/1712/1568 1872/1724/1580 1871/1723/1579 1859/1711/1567
f 1861/1713/1569 1873/1725/1581 1872/1724/1580 1860/1712/1568
f 1862/1714/1570 1874/1726/1582 1873/1725/1581 1861/1713/1569
f 1863/1715/1571 1875/1727/1583 1874/1726/1582 1862/1714/1570
f 1864/1716/1572 1876/1728/1584 1875/1727/1583 1863/1715/1571
f 1865/1717/1573 1877/1729/1585 1876/1728/1584 1864/1716/1572
f 1866/1718/1574 1878/1730/1586 1877/1729/1585 1865/1717/1573
f 1868/1719/1575 1880/1731/1587 1879/1732/1588 1867/1720/1576
f 1869/1721/1577 1881/1733/1589 1880/1731/1587 1868/1719/1575
f 1870/1722/1578 1882/1734/1590 1881/1733/1589 1869/1721/1577
f 1871/1723/1579 1883/1735/1591 1882/1734/1590 1870/1722/1578
f 1872/1724/1580 1884/1736/1592 1883/1735/1591 1871/1723/1579
f 1873/1725/1581 1885/1737/1593 1884/1736/1592 1872/1724/1580
f 1874/1726/1582 1886/1738/1594 1885/1737/1593 1873/1725/1581
f 1875/1727/1583 1887/1739/1595 1886/1738/1594 1874/1726/1582
f 1876/1728/1584 1888/1740/1596 1887/1739/1595 1875/1727/1583
f 1877/1729/1585 1889/1741/1597 1888/1740/1596 1876/1728/1584
f 1878/1730/1586 1890/1742/1598 1889/1741/1597 1877/1729/1585
f 1880/1731/1587 1892/1743/1599 1891/1744/1600 1879/1732/1588
f 1881/1733/1589 1893/1745/1601 1892/1743/1599 1880/1731/1587
f 1882/1734/1590 1894/1746/1602 1893/1745/1601 1881/1733/1589
f 1883/1735/1591 1895/1747/1603 1894/1746/1602 1882/1734/1590
f 1884/1736/1592 1896/1748/1604 1895/1747/1603 1883/1735/1591
f 1885/1737/1593 1897/1749/1605 1896/1748/1604 1884/1736/1592
f 1886/1738/1594 1898/1750/1606 1897/1749/1605 1885/1737/1593
f 1887/1739/1595 1899/1751/1607 1898/1750/1606 1886/1738/1594
f 1888/1740/1596 1900/1752/1608 1899/1751/1607 1887/1739/1595
f 1889/1741/1597 1901/1753/1609 1900/1752/1608 1888/1740/1596
f 1890/1742/1598 1902/1754/1610 1901/1753/1609 1889/1741/1597
f 1892/1743/1599 1904/1755/1611 1903/1756/1612 1891/1744/1600
f 1893/1745/1601 1905/1757/1613 1904/1755/1611 1892/1743/1599
f 1894/1746/1602 1906/1758/1614 1905/1757/1613 1893/1745/1601
f 1895/1747/1603 1907/1759/1615 1906/1758/1614 1894/1746/1602
f 1896/1748/1604 1908/1760/1616 1907/1759/1615 1895/1747/1603
f 1897/1749/1605 1909/1761/1617 1908/1760/1616 1896/1748/1604
f 1898/1750/1606 1910/1762/1618 1909/1761/1617 1897/1749/1605
f 1899/1751/1607 1911/1763/1619 1910/1762/1618 1898/1750/1606
f 1900/1752/1608 1912/1764/1620 1911/1763/1619 1899/1751/1607
f 1901/1753/1609 1913/1765/1621 1912/1764/1620 1900/1752/1608
f 1902/1754/1610 1914/1766/1622 1913/1765/1621 1901/1753/1609
f 1904/1755/1611 1916/1767/1623 1915/1768/1624 1903/1756/1612
f 1905/1757/1613 1917/1769/1625 1916/1767/1623 1904/1755/1611
f 1906/1758/1614 1918/1770/1626 1917/1769/1625 1905/1757/1613
f 1907/1759/1615 1919/1771/1627 1918/1770/1626 1906/1758/1614
f 1908/1760/1616 1920/1772/1628 1919/1771/1627 1907/1759/1615
f 1909/1761/1617 1921/1773/1629 1920/1772/1628 1908/1760/1616
f 1910/1762/1618 1922/1774/1630 1921/1773/1629 1909/1761/1617
f 1911/1763/1619 1923/1775/1631 1922/1774/1630 1910/1762/1618
f 1912/1764/1620 1924/1776/1632 1923/1775/1631 1911/1763/1619
f 1913/1765/1621 1925/1777/1633 1924/1776/1632 1912/1764/1620
f 1914/1766/1622 1926/1778/1634 1925/1777/1633 1913/1765/1621
f 1916/1767/1623 1928/1779/1635 1927/1780/1636 1915/1768/1624
f 1917/1769/1625 1929/1781/1637 1928/1779/1635 1916/1767/1623
f 1918/1770/1626 1930/1782/1638 1929/1781/1637 1917/1769/1625
f 1919/1771/1627 1931/1783/1639 1930/1782/1638 1918/1770/1626
f 1920/1772/1628 1932/1784/1640 1931/1783/1639 1919/1771/1627
f 1921/1773/1629 1933/1785/1641 1932/1784/1640 1920/1772/1628
f 1922/1774/1630 1934/1786/1642 1933/1785/1641 1921/1773/1629
f 1923/1775/1631 1935/1787/1643 1934/1786/1642 1922/1774/1630
f 1924/1776/1632 1936/1788/1644 1935/1787/1643 1923/1775/1631
f 1925/1777/1633 1937/1789/1645 1936/1788/1644 1924/1776/1632
f 1926/1778/1634 1938/1790/1646 1937/1789/1645 1925/1777/1633
f 1928/1779/1635 1940/1791/1647 1939/1792/1648 1927/1780/1636
f 1929/1781/1637 1941/1793/1649 1940/1791/1647 1928/1779/1635
f 1930/1782/1638 1942/1794/1650 1941/1793/1649 1929/1781/1637
f 1931/1783/1639 1943/1795/1651 1942/1794/1650 1930/1782/1638
f 1932/1784/1640 1944/1796/1652 1943/1795/1651 1931/1783/1639
f 1933/1785/1641 1945/1797/1653 1944/1796/1652 1932/1784/1640
f 1934/1786/1642 1946/1798/1654 1945/1797/1653 1933/1785/1641
f 1935/1787/1643 1947/1799/1655 1946/1798/1654 1934/1786/1642
f 1936/1788/1644 1948/1800/1656 1947/1799/1655 1935/1787/1643
f 1937/1789/1645 1949/1801/1657 1948/1800/1656 1936/1788/1644
f 1938/1790/1646 1950/1802/1658 1949/1801/1657 1937/1789/1645
f 1940/1791/1647 1952/1803/1659 1951/1804/1660 1939/1792/1648
f 1941/1793/1649 1953/1805/1661 1952/1803/1659 1940/1791/1647
f 1942/1794/1650 1954/1806/1662 1953/1805/1661 1941/1793/1649
f 1943/1795/1651 1955/1807/1663 1954/1806/1662 1942/1794/1650
f 1944/1796/1652 1956/1808/1664 1955/1807/1663 1943/1795/1651
f 1945/1797/1653 1957/1809/1665 1956/1808/1664 1944/1796/1652
f 1946/1798/1654 1958/1810/1666 1957/1809/1665 1945/1797/1653
f 1947/1799/1655 1959/1811/1667 1958/1810/1666 1946/1798/1654
f 1948/1800/1656 1960/1812/1668 1959/1811/1667 1947/1799/1655
f 1949/1801/1657 1961/1813/1669 1960/1812/1668 1948/1800/1656
f 1950/1802/1658 1962/1814/1670 1961/1813/1669 1949/1801/1657
f 1952/1803/1659 1964/1815/1671 1963/1816/1672 1951/1804/1660
f 1953/1805/1661 1965/1817/1673 1964/1815/1671 1952/1803/1659
f 1954/1806/1662 1966/1818/1674 1965/1817/1673 1953/1805/1661
f 1955/1807/1663 1967/1819/1675 1966/1818/1674 1954/1806/1662
f 1956/1808/1664 1968/1820/1676 1967/1819/1675 1955/1807/1663
f 1957/1809/1665 1969/1821/1677 1968/1820/1676 1956/1808/1664
f 1958/1810/1666 1970/1822/1678 1969/1821/1677 1957/1809/1665
f 1959/1811/1667 1971/1823/1679 1970/1822/1678 1958/1810/1666
f 1960/1812/1668 1972/1824/1680 1971/1823/1679 1959/1811/1667
f 1961/1813/1669 1973/1825/1681 1972/1824/1680 1960/1812/1668
f 1962/1814/1670 1974/1826/1682 1973/1825/1681 1961/1813/1669
f 1964/1815/1671 1976/1827/1683 1975/1828/1684 1963/1816/1672
f 1965/1817/1673 1977/1829/1685 1976/1827/1683 1964/1815/1671
f 1966/1818/1674 1978/1830/1686 1977/1829/1685 1965/1817/1673
f 1967/1819/1675 1979/1831/1687 1978/1830/1686 1966/1818/1674
f 1968/1820/1676 1980/1832/1688 1979/1831/1687 1967/1819/1675
f 1969/1821/1677 1981/1833/1689 1980/1832/1688 1968/1820/1676
f 1970/1822/1678 1982/1834/1690 1981/1833/1689 1969/1821/1677
f 1971/1823/1679 1983/1835/1691 1982/1834/1690 1970/1822/1678
f 1972/1824/1680 1984/1836/1692 1983/1835/1691 1971/1823/1679
f 1973/1825/1681 1985/1837/1693 1984/1836/1692 1972/1824/1680
f 1974/1826/1682 1986/1838/1694 1985/1837/1693 1973/1825/1681
f 1976/1827/1683 1988/1839/1695 1987/1840/1696 1975/1828/1684
f 1977/1829/1685 1989/1841/1697 1988/1839/1695 1976/1827/1683
f 1978/1830/1686 1990/1842/1698 1989/1841/1697 1977/1829/1685
f 1979/1831/1687 1991/1843/1699 1990/1842/1698 1978/1830/1686
f 1980/1832/1688 1992/1844/1700 1991/1843/1699 1979/1831/1687
f 1981/1833/1689 1993/1845/1701 1992/1844/1700 1980/1832/1688
f 1982/1834/1690 1994/1846/1702 1993/1845/1701 1981/1833/1689
f 1983/1835/1691 1995/1847/1703 1994/1846/1702 1982/1834/1690
f 1984/1836/1692 1996/1848/1704 1995/1847/1703 1983/1835/1691
f 1985/1837/1693 1997/1849/1705 1996/1848/1704 1984/1836/1692
f 1986/1838/1694 1998/1850/1706 1997/1849/1705 1985/1837/1693
f 1988/1839/1695 2000/1851/1707 1999/1852/1708 1987/1840/1696
f 1989/1841/1697 2001/1853/1709 2000/1851/1707 1988/1839/1695
f 1990/1842/1698 2002/1854/1710 2001/1853/1709 1989/1841/1697
f 1991/1843/1699 2003/1855/1711 2002/1854/1710 1990/1842/1698
f 1992/1844/1700 2004/1856/1712 2003/1855/1711 1991/1843/1699
f 1993/1845/1701 2005/1857/1713 2004/1856/1712 1992/1844/1700
f 1994/1846/1702 2006/1858/1714 2005/1857/1713 1993/1845/1701
f 1995/1847/1703 2007/1859/1715 2006/1858/1714 1994/1846/1702
f 1996/1848/1704 2008/1860/1716 2007/1859/1715 1995/1847/1703
f 1997/1849/1705 2009/1861/1717 2008/1860/1716 1996/1848/1704
f 1998/1850/1706 2010/1862/1718 2009/1861/1717 1997/1849/1705
f 2000/1851/1707 2012/1863/1719 2011/1864/1720 1999/1852/1708
f 2001/1853/1709 2013/1865/1721 2012/1863/1719 2000/1851/1707
f 2002/1854/1710 2014/1866/1722 2013/1865/1721 2001/1853/1709
f 2003/1855/1711 2015/1867/1723 2014/1866/1722 2002/1854/1710
f 2004/1856/1712 2016/1868/1724 2015/1867/1723 2003/1855/1711
f 2005/1857/1713 2017/1869/1725 2016/1868/1724 2004/1856/1712
f 2006/1858/1714 2018/1870/1726 2017/1869/1725 2005/1857/1713
f 2007/1859/1715 2019/1871/1727 2018/1870/1726 2006/1858/1714
f 2008/1860/1716 2020/1872/1728 2019/1871/1727 2007/1859/1715
f 2009/1861/1717 2021/1873/1729 2020/1872/1728 2008/1860/1716
f 2010/1862/1718 2022/1874/1730 2021/1873/1729 2009/1861/1717
f 2012/1863/1719 2024/1875/1731 2023/1876/1732 2011/1864/1720
f 2013/1865/1721 2025/1877/1733 2024/1875/1731 2012/1863/1719
f 2014/1866/1722 2026/1878/1734 2025/1877/1733 2013/1865/1721
f 2015/1867/1723 2027/1879/1735 2026/1878/1734 2014/1866/1722
f 2016/1868/1724 2028/1880/1736 2027/1879/1735 2015/1867/1723
f 2017/1869/1725 2029/1881/1737 2028/1880/1736 2016/1868/1724
f 2018/1870/1726 2030/1882/1738 2029/1881/1737 2017/1869/1725
f 2019/1871/1727 2031/1883/1739 2030/1882/1738 2018/1870/1726
f 2020/1872/1728 2032/1884/1740 2031/1883/1739 2019/1871/1727
f 2021/1873/1729 2033/1885/1741 2032/1884/1740 2020/1872/1728
f 2022/1874/1730 2034/1886/1742 2033/1885/1741 2021/1873/1729
f 2024/1875/1731 2036/1887/1743 2035/1888/1744 2023/1876/1732
f 2025/1877/1733 2037/1889/1745 2036/1887/1743 2024/1875/1731
f 2026/1878/1734 2038/1890/1746 2037/1889/1745 2025/1877/1733
f 2027/1879/1735 2039/1891/1747 2038/1890/1746 2026/1878/1734
f 2028/1880/1736 2040/1892/1748 2039/1891/1747 2027/1879/1735
f 2029/1881/1737 2041/1893/1749 2040/1892/1748 2028/1880/1736
f 2030/1882/1738 2042/1894/1750 2041/1893/1749 2029/1881/1737
f 2031/1883/1739 2043/1895/1751 2042/1894/1750 2030/1882/1738
f 2032/1884/1740 2044/1896/1752 2043/1895/1751 2031/1883/1739
f 2033/1885/1741 2045/1897/1753 2044/1896/1752 2032/1884/1740
f 2034/1886/1742 2046/1898/1754 2045/1897/1753 2033/1885/1741
f 2036/1887/1743 2048/1899/1755 2047/1900/1756 2035/1888/1744
f 2037/1889/1745 2049/1901/1757 2048/1899/1755 2036/1887/1743
f 2038/1890/1746 2050/1902/1758 2049/1901/1757 2037/1889/1745
f 2039/1891/1747 2051/1903/1759 2050/1902/1758 2038/1890/1746
f 2040/1892/1748 2052/1904/1760 2051/1903/1759 2039/1891/1747
f 2041/1893/1749 2053/1905/1761 2052/1904/1760 2040/1892/1748
f 2042/1894/1750 2054/1906/1762 2053/1905/1761 2041/1893/1749
f 2043/1895/1751 2055/1907/1763 2054/1906/1762 2042/1894/1750
f 2044/1896/1752 2056/1908/1764 2055/1907/1763 2043/1895/1751
f 2045/1897/1753 2057/1909/1765 2056/1908/1764 2044/1896/1752
f 2046/1898/1754 2058/1910/1766 2057/1909/1765 2045/1897/1753
f 2048/1899/1755 296/1911/3 295/18/6 2047/1900/1756
f 2049/1901/1757 297/1912/7 296/1911/3 2048/1899/1755
f 2050/1902/1758 298/1913/9 297/1912/7 2049/1901/1757
f 2051/1903/1759 299/1914/11 298/1913/9 2050/1902/1758
f 2052/1904/1760 300/1915/13 299/1914/11 2051/1903/1759
f 2053/1905/1761 301/1916/15 300/1915/13 2052/1904/1760
f 2054/1906/1762 302/1917/17 301/1916/15 2053/1905/1761
f 2055/1907/1763 303/1918/19 302/1917/17 2054/1906/1762
f 2056/1908/1764 304/1919/21 303/1918/19 2055/1907/1763
f 2057/1909/1765 305/1920/23 304/1919/21 2056/1908/1764
f 2058/1910/1766 306/1921/25 305/1920/23 2057/1909/1765
