# Blender 4.1.1
# www.blender.org
mtllib Number_8.mtl
g Number_8_Number_8
v -0.030156 -0.345099 0.050000
v -0.059131 -0.340034 0.050000
v -0.086467 -0.331851 0.050000
v -0.111927 -0.320761 0.050000
v -0.135277 -0.306977 0.050000
v -0.156279 -0.290710 0.050000
v -0.174698 -0.272172 0.050000
v -0.190297 -0.251576 0.050000
v -0.202842 -0.229132 0.050000
v -0.212094 -0.205053 0.050000
v -0.217818 -0.179550 0.050000
v -0.219779 -0.152835 0.050000
v -0.219112 -0.135229 0.050000
v -0.217108 -0.118400 0.050000
v -0.213764 -0.102335 0.050000
v -0.209075 -0.087020 0.050000
v -0.203040 -0.072441 0.050000
v -0.195654 -0.058585 0.050000
v -0.186914 -0.045437 0.050000
v -0.176816 -0.032983 0.050000
v -0.165357 -0.021210 0.050000
v -0.152533 -0.010104 0.050000
v -0.138342 0.000350 0.050000
v -0.122779 0.010165 0.050000
v -0.135086 0.019722 0.050000
v -0.146487 0.029873 0.050000
v -0.156951 0.040587 0.050000
v -0.166446 0.051832 0.050000
v -0.174940 0.063577 0.050000
v -0.182404 0.075790 0.050000
v -0.188805 0.088441 0.050000
v -0.194112 0.101498 0.050000
v -0.198294 0.114931 0.050000
v -0.201320 0.128707 0.050000
v -0.203159 0.142795 0.050000
v -0.203779 0.157165 0.050000
v -0.201939 0.184549 0.050000
v -0.196562 0.210572 0.050000
v -0.187857 0.235040 0.050000
v -0.176039 0.257758 0.050000
v -0.161317 0.278531 0.050000
v -0.143904 0.297165 0.050000
v -0.124012 0.313466 0.050000
v -0.101853 0.327239 0.050000
v -0.077638 0.338290 0.050000
v -0.051580 0.346424 0.050000
v -0.023889 0.351447 0.050000
v 0.005221 0.353165 0.050000
v 0.033334 0.351427 0.050000
v 0.060041 0.346346 0.050000
v 0.085143 0.338118 0.050000
v 0.108443 0.326943 0.050000
v 0.129744 0.313017 0.050000
v 0.148846 0.296540 0.050000
v 0.165553 0.277708 0.050000
v 0.179666 0.256721 0.050000
v 0.190987 0.233774 0.050000
v 0.199319 0.209068 0.050000
v 0.204463 0.182799 0.050000
v 0.206221 0.155165 0.050000
v 0.205656 0.142324 0.050000
v 0.203952 0.129355 0.050000
v 0.201096 0.116337 0.050000
v 0.197073 0.103350 0.050000
v 0.191869 0.090475 0.050000
v 0.185471 0.077790 0.050000
v 0.177864 0.065376 0.050000
v 0.169036 0.053313 0.050000
v 0.158971 0.041681 0.050000
v 0.147656 0.030559 0.050000
v 0.135078 0.020027 0.050000
v 0.121221 0.010165 0.050000
v 0.136325 0.001324 0.050000
v 0.150133 -0.008650 0.050000
v 0.162643 -0.019679 0.050000
v 0.173851 -0.031687 0.050000
v 0.183753 -0.044598 0.050000
v 0.192346 -0.058335 0.050000
v 0.199627 -0.072822 0.050000
v 0.205591 -0.087983 0.050000
v 0.210237 -0.103741 0.050000
v 0.213559 -0.120020 0.050000
v 0.215555 -0.136744 0.050000
v 0.216221 -0.153835 0.050000
v 0.214301 -0.180530 0.050000
v 0.208693 -0.205978 0.050000
v 0.199627 -0.229976 0.050000
v 0.187332 -0.252316 0.050000
v 0.172037 -0.272796 0.050000
v 0.153971 -0.291210 0.050000
v 0.133363 -0.307353 0.050000
v 0.110443 -0.321020 0.050000
v 0.085440 -0.332007 0.050000
v 0.058582 -0.340108 0.050000
v 0.030100 -0.345119 0.050000
v 0.000221 -0.346835 0.050000
v -0.012578 0.259343 0.050000
v -0.027422 0.256920 0.050000
v -0.041232 0.252962 0.050000
v -0.053927 0.247535 0.050000
v -0.065428 0.240706 0.050000
v -0.075654 0.232540 0.050000
v -0.084526 0.223103 0.050000
v -0.091964 0.212461 0.050000
v -0.097888 0.200681 0.050000
v -0.102219 0.187827 0.050000
v -0.104876 0.173967 0.050000
v -0.105779 0.159165 0.050000
v -0.104781 0.145355 0.050000
v -0.101881 0.132017 0.050000
v -0.097216 0.119290 0.050000
v -0.090927 0.107313 0.050000
v -0.083152 0.096225 0.050000
v -0.074029 0.086165 0.050000
v -0.063698 0.077271 0.050000
v -0.052297 0.069684 0.050000
v -0.039966 0.063540 0.050000
v -0.026843 0.058980 0.050000
v -0.013068 0.056142 0.050000
v 0.001221 0.055165 0.050000
v 0.015721 0.056122 0.050000
v 0.029634 0.058901 0.050000
v 0.042831 0.063368 0.050000
v 0.055185 0.069387 0.050000
v 0.066566 0.076823 0.050000
v 0.076846 0.085540 0.050000
v 0.085898 0.095403 0.050000
v 0.093591 0.106276 0.050000
v 0.099799 0.118024 0.050000
v 0.104393 0.130512 0.050000
v 0.107243 0.143604 0.050000
v 0.108221 0.157165 0.050000
v 0.107320 0.171586 0.050000
v 0.104679 0.185281 0.050000
v 0.100393 0.198149 0.050000
v 0.094555 0.210091 0.050000
v 0.087258 0.221005 0.050000
v 0.078596 0.230790 0.050000
v 0.068664 0.239346 0.050000
v 0.057554 0.246572 0.050000
v 0.045362 0.252368 0.050000
v 0.032180 0.256633 0.050000
v 0.018101 0.259265 0.050000
v 0.003221 0.260165 0.050000
v -0.017725 -0.038738 0.050000
v -0.034510 -0.041391 0.050000
v -0.050060 -0.045710 0.050000
v -0.064297 -0.051613 0.050000
v -0.077146 -0.059016 0.050000
v -0.088529 -0.067835 0.050000
v -0.098370 -0.077988 0.050000
v -0.106594 -0.089391 0.050000
v -0.113123 -0.101960 0.050000
v -0.117881 -0.115613 0.050000
v -0.120792 -0.130266 0.050000
v -0.121779 -0.145835 0.050000
v -0.120755 -0.161194 0.050000
v -0.117751 -0.175710 0.050000
v -0.112873 -0.189288 0.050000
v -0.106223 -0.201835 0.050000
v -0.097907 -0.213257 0.050000
v -0.088029 -0.223460 0.050000
v -0.076692 -0.232351 0.050000
v -0.064001 -0.239835 0.050000
v -0.050060 -0.245819 0.050000
v -0.034973 -0.250210 0.050000
v -0.018845 -0.252913 0.050000
v -0.001779 -0.253835 0.050000
v 0.017178 -0.252799 0.050000
v 0.034541 -0.249793 0.050000
v 0.050300 -0.244976 0.050000
v 0.064444 -0.238502 0.050000
v 0.076963 -0.230528 0.050000
v 0.087846 -0.221210 0.050000
v 0.097084 -0.210705 0.050000
v 0.104666 -0.199168 0.050000
v 0.110581 -0.186757 0.050000
v 0.114818 -0.173627 0.050000
v 0.117368 -0.159934 0.050000
v 0.118221 -0.145835 0.050000
v 0.117217 -0.130686 0.050000
v 0.114272 -0.116307 0.050000
v 0.109487 -0.102804 0.050000
v 0.102962 -0.090279 0.050000
v 0.094798 -0.078838 0.050000
v 0.085096 -0.068585 0.050000
v 0.073957 -0.059623 0.050000
v 0.061480 -0.052057 0.050000
v 0.047768 -0.045991 0.050000
v 0.032920 -0.041529 0.050000
v 0.017038 -0.038776 0.050000
v 0.000221 -0.037835 0.050000
v -0.030156 -0.345099 -0.050000
v -0.059131 -0.340034 -0.050000
v -0.086467 -0.331851 -0.050000
v -0.111927 -0.320761 -0.050000
v -0.135277 -0.306977 -0.050000
v -0.156279 -0.290710 -0.050000
v -0.174698 -0.272172 -0.050000
v -0.190297 -0.251576 -0.050000
v -0.202842 -0.229132 -0.050000
v -0.212094 -0.205053 -0.050000
v -0.217818 -0.179550 -0.050000
v -0.219779 -0.152835 -0.050000
v -0.219112 -0.135229 -0.050000
v -0.217108 -0.118400 -0.050000
v -0.213764 -0.102335 -0.050000
v -0.209075 -0.087020 -0.050000
v -0.203040 -0.072441 -0.050000
v -0.195654 -0.058585 -0.050000
v -0.186914 -0.045437 -0.050000
v -0.176816 -0.032983 -0.050000
v -0.165357 -0.021210 -0.050000
v -0.152533 -0.010104 -0.050000
v -0.138342 0.000350 -0.050000
v -0.122779 0.010165 -0.050000
v -0.135086 0.019722 -0.050000
v -0.146487 0.029873 -0.050000
v -0.156951 0.040587 -0.050000
v -0.166446 0.051832 -0.050000
v -0.174940 0.063577 -0.050000
v -0.182404 0.075790 -0.050000
v -0.188805 0.088441 -0.050000
v -0.194112 0.101498 -0.050000
v -0.198294 0.114931 -0.050000
v -0.201320 0.128707 -0.050000
v -0.203159 0.142795 -0.050000
v -0.203779 0.157165 -0.050000
v -0.201939 0.184549 -0.050000
v -0.196562 0.210572 -0.050000
v -0.187857 0.235040 -0.050000
v -0.176039 0.257758 -0.050000
v -0.161317 0.278531 -0.050000
v -0.143904 0.297165 -0.050000
v -0.124012 0.313466 -0.050000
v -0.101853 0.327239 -0.050000
v -0.077638 0.338290 -0.050000
v -0.051580 0.346424 -0.050000
v -0.023889 0.351447 -0.050000
v 0.005221 0.353165 -0.050000
v 0.033334 0.351427 -0.050000
v 0.060041 0.346346 -0.050000
v 0.085143 0.338118 -0.050000
v 0.108443 0.326943 -0.050000
v 0.129744 0.313017 -0.050000
v 0.148846 0.296540 -0.050000
v 0.165553 0.277708 -0.050000
v 0.179666 0.256721 -0.050000
v 0.190987 0.233774 -0.050000
v 0.199319 0.209068 -0.050000
v 0.204463 0.182799 -0.050000
v 0.206221 0.155165 -0.050000
v 0.205656 0.142324 -0.050000
v 0.203952 0.129355 -0.050000
v 0.201096 0.116337 -0.050000
v 0.197073 0.103350 -0.050000
v 0.191869 0.090475 -0.050000
v 0.185471 0.077790 -0.050000
v 0.177864 0.065376 -0.050000
v 0.169036 0.053313 -0.050000
v 0.158971 0.041681 -0.050000
v 0.147656 0.030559 -0.050000
v 0.135078 0.020027 -0.050000
v 0.121221 0.010165 -0.050000
v 0.136325 0.001324 -0.050000
v 0.150133 -0.008650 -0.050000
v 0.162643 -0.019679 -0.050000
v 0.173851 -0.031687 -0.050000
v 0.183753 -0.044598 -0.050000
v 0.192346 -0.058335 -0.050000
v 0.199627 -0.072822 -0.050000
v 0.205591 -0.087983 -0.050000
v 0.210237 -0.103741 -0.050000
v 0.213559 -0.120020 -0.050000
v 0.215555 -0.136744 -0.050000
v 0.216221 -0.153835 -0.050000
v 0.214301 -0.180530 -0.050000
v 0.208693 -0.205978 -0.050000
v 0.199627 -0.229976 -0.050000
v 0.187332 -0.252316 -0.050000
v 0.172037 -0.272796 -0.050000
v 0.153971 -0.291210 -0.050000
v 0.133363 -0.307353 -0.050000
v 0.110443 -0.321020 -0.050000
v 0.085440 -0.332007 -0.050000
v 0.058582 -0.340108 -0.050000
v 0.030100 -0.345119 -0.050000
v 0.000221 -0.346835 -0.050000
v -0.012578 0.259343 -0.050000
v -0.027422 0.256920 -0.050000
v -0.041232 0.252962 -0.050000
v -0.053927 0.247535 -0.050000
v -0.065428 0.240706 -0.050000
v -0.075654 0.232540 -0.050000
v -0.084526 0.223103 -0.050000
v -0.091964 0.212461 -0.050000
v -0.097888 0.200681 -0.050000
v -0.102219 0.187827 -0.050000
v -0.104876 0.173967 -0.050000
v -0.105779 0.159165 -0.050000
v -0.104781 0.145355 -0.050000
v -0.101881 0.132017 -0.050000
v -0.097216 0.119290 -0.050000
v -0.090927 0.107313 -0.050000
v -0.083152 0.096225 -0.050000
v -0.074029 0.086165 -0.050000
v -0.063698 0.077271 -0.050000
v -0.052297 0.069684 -0.050000
v -0.039966 0.063540 -0.050000
v -0.026843 0.058980 -0.050000
v -0.013068 0.056142 -0.050000
v 0.001221 0.055165 -0.050000
v 0.015721 0.056122 -0.050000
v 0.029634 0.058901 -0.050000
v 0.042831 0.063368 -0.050000
v 0.055185 0.069387 -0.050000
v 0.066566 0.076823 -0.050000
v 0.076846 0.085540 -0.050000
v 0.085898 0.095403 -0.050000
v 0.093591 0.106276 -0.050000
v 0.099799 0.118024 -0.050000
v 0.104393 0.130512 -0.050000
v 0.107243 0.143604 -0.050000
v 0.108221 0.157165 -0.050000
v 0.107320 0.171586 -0.050000
v 0.104679 0.185281 -0.050000
v 0.100393 0.198149 -0.050000
v 0.094555 0.210091 -0.050000
v 0.087258 0.221005 -0.050000
v 0.078596 0.230790 -0.050000
v 0.068664 0.239346 -0.050000
v 0.057554 0.246572 -0.050000
v 0.045362 0.252368 -0.050000
v 0.032180 0.256633 -0.050000
v 0.018101 0.259265 -0.050000
v 0.003221 0.260165 -0.050000
v -0.017725 -0.038738 -0.050000
v -0.034510 -0.041391 -0.050000
v -0.050060 -0.045710 -0.050000
v -0.064297 -0.051613 -0.050000
v -0.077146 -0.059016 -0.050000
v -0.088529 -0.067835 -0.050000
v -0.098370 -0.077988 -0.050000
v -0.106594 -0.089391 -0.050000
v -0.113123 -0.101960 -0.050000
v -0.117881 -0.115613 -0.050000
v -0.120792 -0.130266 -0.050000
v -0.121779 -0.145835 -0.050000
v -0.120755 -0.161194 -0.050000
v -0.117751 -0.175710 -0.050000
v -0.112873 -0.189288 -0.050000
v -0.106223 -0.201835 -0.050000
v -0.097907 -0.213257 -0.050000
v -0.088029 -0.223460 -0.050000
v -0.076692 -0.232351 -0.050000
v -0.064001 -0.239835 -0.050000
v -0.050060 -0.245819 -0.050000
v -0.034973 -0.250210 -0.050000
v -0.018845 -0.252913 -0.050000
v -0.001779 -0.253835 -0.050000
v 0.017178 -0.252799 -0.050000
v 0.034541 -0.249793 -0.050000
v 0.050300 -0.244976 -0.050000
v 0.064444 -0.238502 -0.050000
v 0.076963 -0.230528 -0.050000
v 0.087846 -0.221210 -0.050000
v 0.097084 -0.210705 -0.050000
v 0.104666 -0.199168 -0.050000
v 0.110581 -0.186757 -0.050000
v 0.114818 -0.173627 -0.050000
v 0.117368 -0.159934 -0.050000
v 0.118221 -0.145835 -0.050000
v 0.117217 -0.130686 -0.050000
v 0.114272 -0.116307 -0.050000
v 0.109487 -0.102804 -0.050000
v 0.102962 -0.090279 -0.050000
v 0.094798 -0.078838 -0.050000
v 0.085096 -0.068585 -0.050000
v 0.073957 -0.059623 -0.050000
v 0.061480 -0.052057 -0.050000
v 0.047768 -0.045991 -0.050000
v 0.032920 -0.041529 -0.050000
v 0.017038 -0.038776 -0.050000
v 0.000221 -0.037835 -0.050000
v -0.030156 -0.345099 -0.050000
v -0.030512 -0.348174 -0.049511
v -0.030833 -0.350948 -0.048090
v -0.031087 -0.353150 -0.045878
v -0.031250 -0.354563 -0.043090
v -0.031307 -0.355050 -0.040000
v -0.031307 -0.355050 0.040000
v -0.031250 -0.354563 0.043090
v -0.031087 -0.353150 0.045878
v -0.030833 -0.350948 0.048090
v -0.030512 -0.348174 0.049511
v -0.030156 -0.345099 0.050000
v -0.059131 -0.340034 -0.050000
v -0.059842 -0.343047 -0.049511
v -0.060485 -0.345764 -0.048090
v -0.060994 -0.347921 -0.045878
v -0.061321 -0.349306 -0.043090
v -0.061434 -0.349783 -0.040000
v -0.061434 -0.349783 0.040000
v -0.061321 -0.349306 0.043090
v -0.060994 -0.347921 0.045878
v -0.060485 -0.345764 0.048090
v -0.059842 -0.343047 0.049511
v -0.059131 -0.340034 0.050000
v -0.086467 -0.331851 -0.050000
v -0.087530 -0.334758 -0.049511
v -0.088490 -0.337380 -0.048090
v -0.089252 -0.339462 -0.045878
v -0.089741 -0.340798 -0.043090
v -0.089909 -0.341258 -0.040000
v -0.089909 -0.341258 0.040000
v -0.089741 -0.340798 0.043090
v -0.089252 -0.339462 0.045878
v -0.088490 -0.337380 0.048090
v -0.087530 -0.334758 0.049511
v -0.086467 -0.331851 0.050000
v -0.111927 -0.320761 -0.050000
v -0.113335 -0.323518 -0.049511
v -0.114605 -0.326006 -0.048090
v -0.115613 -0.327980 -0.045878
v -0.116260 -0.329247 -0.043090
v -0.116483 -0.329684 -0.040000
v -0.116483 -0.329684 0.040000
v -0.116260 -0.329247 0.043090
v -0.115613 -0.327980 0.045878
v -0.114605 -0.326006 0.048090
v -0.113335 -0.323518 0.049511
v -0.111927 -0.320761 0.050000
v -0.135277 -0.306977 -0.050000
v -0.137015 -0.309539 -0.049511
v -0.138583 -0.311850 -0.048090
v -0.139828 -0.313685 -0.045878
v -0.140627 -0.314862 -0.043090
v -0.140902 -0.315268 -0.040000
v -0.140902 -0.315268 0.040000
v -0.140627 -0.314862 0.043090
v -0.139828 -0.313685 0.045878
v -0.138583 -0.311850 0.048090
v -0.137015 -0.309539 0.049511
v -0.135277 -0.306977 0.050000
v -0.156279 -0.290710 -0.050000
v -0.158330 -0.293030 -0.049511
v -0.160180 -0.295123 -0.048090
v -0.161648 -0.296785 -0.045878
v -0.162590 -0.297851 -0.043090
v -0.162916 -0.298219 -0.040000
v -0.162916 -0.298219 0.040000
v -0.162590 -0.297851 0.043090
v -0.161648 -0.296785 0.045878
v -0.160180 -0.295123 0.048090
v -0.158330 -0.293030 0.049511
v -0.156279 -0.290710 0.050000
v -0.174698 -0.272172 -0.050000
v -0.177036 -0.274203 -0.049511
v -0.179145 -0.276036 -0.048090
v -0.180819 -0.277490 -0.045878
v -0.181894 -0.278423 -0.043090
v -0.182264 -0.278745 -0.040000
v -0.182264 -0.278745 0.040000
v -0.181894 -0.278423 0.043090
v -0.180819 -0.277490 0.045878
v -0.179145 -0.276036 0.048090
v -0.177036 -0.274203 0.049511
v -0.174698 -0.272172 0.050000
v -0.190297 -0.251576 -0.050000
v -0.192890 -0.253271 -0.049511
v -0.195229 -0.254799 -0.048090
v -0.197086 -0.256013 -0.045878
v -0.198277 -0.256792 -0.043090
v -0.198688 -0.257060 -0.040000
v -0.198688 -0.257060 0.040000
v -0.198277 -0.256792 0.043090
v -0.197086 -0.256013 0.045878
v -0.195229 -0.254799 0.048090
v -0.192890 -0.253271 0.049511
v -0.190297 -0.251576 0.050000
v -0.202842 -0.229132 -0.050000
v -0.205647 -0.230447 -0.049511
v -0.208177 -0.231633 -0.048090
v -0.210186 -0.232574 -0.045878
v -0.211475 -0.233178 -0.043090
v -0.211920 -0.233386 -0.040000
v -0.211920 -0.233386 0.040000
v -0.211475 -0.233178 0.043090
v -0.210186 -0.232574 0.045878
v -0.208177 -0.231633 0.048090
v -0.205647 -0.230447 0.049511
v -0.202842 -0.229132 0.050000
v -0.212094 -0.205053 -0.050000
v -0.215059 -0.205950 -0.049511
v -0.217735 -0.206759 -0.048090
v -0.219858 -0.207402 -0.045878
v -0.221221 -0.207814 -0.043090
v -0.221690 -0.207956 -0.040000
v -0.221690 -0.207956 0.040000
v -0.221221 -0.207814 0.043090
v -0.219858 -0.207402 0.045878
v -0.217735 -0.206759 0.048090
v -0.215059 -0.205950 0.049511
v -0.212094 -0.205053 0.050000
v -0.217818 -0.179550 -0.050000
v -0.220883 -0.180004 -0.049511
v -0.223648 -0.180413 -0.048090
v -0.225843 -0.180738 -0.045878
v -0.227252 -0.180947 -0.043090
v -0.227737 -0.181019 -0.040000
v -0.227737 -0.181019 0.040000
v -0.227252 -0.180947 0.043090
v -0.225843 -0.180738 0.045878
v -0.223648 -0.180413 0.048090
v -0.220883 -0.180004 0.049511
v -0.217818 -0.179550 0.050000
v -0.219779 -0.152835 -0.050000
v -0.222874 -0.152890 -0.049511
v -0.225665 -0.152939 -0.048090
v -0.227880 -0.152978 -0.045878
v -0.229303 -0.153004 -0.043090
v -0.229793 -0.153012 -0.040000
v -0.229793 -0.153012 0.040000
v -0.229303 -0.153004 0.043090
v -0.227880 -0.152978 0.045878
v -0.225665 -0.152939 0.048090
v -0.222874 -0.152890 0.049511
v -0.219779 -0.152835 0.050000
v -0.219112 -0.135229 -0.050000
v -0.222195 -0.134987 -0.049511
v -0.224977 -0.134769 -0.048090
v -0.227184 -0.134596 -0.045878
v -0.228601 -0.134485 -0.043090
v -0.229090 -0.134447 -0.040000
v -0.229090 -0.134447 0.040000
v -0.228601 -0.134485 0.043090
v -0.227184 -0.134596 0.045878
v -0.224977 -0.134769 0.048090
v -0.222195 -0.134987 0.049511
v -0.219112 -0.135229 0.050000
v -0.217108 -0.118400 -0.050000
v -0.220161 -0.117901 -0.049511
v -0.222915 -0.117451 -0.048090
v -0.225100 -0.117095 -0.045878
v -0.226503 -0.116865 -0.043090
v -0.226987 -0.116786 -0.040000
v -0.226987 -0.116786 0.040000
v -0.226503 -0.116865 0.043090
v -0.225100 -0.117095 0.045878
v -0.222915 -0.117451 0.048090
v -0.220161 -0.117901 0.049511
v -0.217108 -0.118400 0.050000
v -0.213764 -0.102335 -0.050000
v -0.216760 -0.101566 -0.049511
v -0.219463 -0.100873 -0.048090
v -0.221608 -0.100322 -0.045878
v -0.222986 -0.099969 -0.043090
v -0.223460 -0.099847 -0.040000
v -0.223460 -0.099847 0.040000
v -0.222986 -0.099969 0.043090
v -0.221608 -0.100322 0.045878
v -0.219463 -0.100873 0.048090
v -0.216760 -0.101566 0.049511
v -0.213764 -0.102335 0.050000
v -0.209075 -0.087020 -0.050000
v -0.211987 -0.085975 -0.049511
v -0.214614 -0.085031 -0.048090
v -0.216698 -0.084283 -0.045878
v -0.218036 -0.083802 -0.043090
v -0.218498 -0.083636 -0.040000
v -0.218498 -0.083636 0.040000
v -0.218036 -0.083802 0.043090
v -0.216698 -0.084283 0.045878
v -0.214614 -0.085031 0.048090
v -0.211987 -0.085975 0.049511
v -0.209075 -0.087020 0.050000
v -0.203040 -0.072441 -0.050000
v -0.205838 -0.071121 -0.049511
v -0.208361 -0.069929 -0.048090
v -0.210364 -0.068983 -0.045878
v -0.211650 -0.068376 -0.043090
v -0.212093 -0.068167 -0.040000
v -0.212093 -0.068167 0.040000
v -0.211650 -0.068376 0.043090
v -0.210364 -0.068983 0.045878
v -0.208361 -0.069929 0.048090
v -0.205838 -0.071121 0.049511
v -0.203040 -0.072441 0.050000
v -0.195654 -0.058585 -0.050000
v -0.198310 -0.056999 -0.049511
v -0.200707 -0.055569 -0.048090
v -0.202608 -0.054433 -0.045878
v -0.203830 -0.053704 -0.043090
v -0.204250 -0.053453 -0.040000
v -0.204250 -0.053453 0.040000
v -0.203830 -0.053704 0.043090
v -0.202608 -0.054433 0.045878
v -0.200707 -0.055569 0.048090
v -0.198310 -0.056999 0.049511
v -0.195654 -0.058585 0.050000
v -0.186914 -0.045437 -0.050000
v -0.189406 -0.043604 -0.049511
v -0.191655 -0.041951 -0.048090
v -0.193439 -0.040639 -0.045878
v -0.194585 -0.039797 -0.043090
v -0.194979 -0.039507 -0.040000
v -0.194979 -0.039507 0.040000
v -0.194585 -0.039797 0.043090
v -0.193439 -0.040639 0.045878
v -0.191655 -0.041951 0.048090
v -0.189406 -0.043604 0.049511
v -0.186914 -0.045437 0.050000
v -0.176816 -0.032983 -0.050000
v -0.179128 -0.030928 -0.049511
v -0.181214 -0.029074 -0.048090
v -0.182869 -0.027603 -0.045878
v -0.183932 -0.026659 -0.043090
v -0.184298 -0.026333 -0.040000
v -0.184298 -0.026333 0.040000
v -0.183932 -0.026659 0.043090
v -0.182869 -0.027603 0.045878
v -0.181214 -0.029074 0.048090
v -0.179128 -0.030928 0.049511
v -0.176816 -0.032983 0.050000
v -0.165357 -0.021210 -0.050000
v -0.167479 -0.018960 -0.049511
v -0.169394 -0.016931 -0.048090
v -0.170914 -0.015320 -0.045878
v -0.171890 -0.014286 -0.043090
v -0.172226 -0.013930 -0.040000
v -0.172226 -0.013930 0.040000
v -0.171890 -0.014286 0.043090
v -0.170914 -0.015320 0.045878
v -0.169394 -0.016931 0.048090
v -0.167479 -0.018960 0.049511
v -0.165357 -0.021210 0.050000
v -0.152533 -0.010104 -0.050000
v -0.154464 -0.007688 -0.049511
v -0.156206 -0.005509 -0.048090
v -0.157588 -0.003779 -0.045878
v -0.158476 -0.002669 -0.043090
v -0.158782 -0.002286 -0.040000
v -0.158782 -0.002286 0.040000
v -0.158476 -0.002669 0.043090
v -0.157588 -0.003779 0.045878
v -0.156206 -0.005509 0.048090
v -0.154464 -0.007688 0.049511
v -0.152533 -0.010104 0.050000
v -0.138342 0.000350 -0.050000
v -0.140085 0.002904 -0.049511
v -0.141657 0.005209 -0.048090
v -0.142905 0.007037 -0.045878
v -0.143706 0.008211 -0.043090
v -0.143982 0.008616 -0.040000
v -0.143982 0.008616 0.040000
v -0.143706 0.008211 0.043090
v -0.142905 0.007037 0.045878
v -0.141657 0.005209 0.048090
v -0.140085 0.002904 0.049511
v -0.138342 0.000350 0.050000
v -0.122779 0.010165 -0.050000
v -0.128155 0.010428 -0.049511
v -0.133005 0.010665 -0.048090
v -0.136854 0.010853 -0.045878
v -0.139326 0.010973 -0.043090
v -0.140178 0.011015 -0.040000
v -0.140178 0.011015 0.040000
v -0.139326 0.010973 0.043090
v -0.136854 0.010853 0.045878
v -0.133005 0.010665 0.048090
v -0.128155 0.010428 0.049511
v -0.122779 0.010165 0.050000
v -0.135086 0.019722 -0.050000
v -0.137063 0.017345 -0.049511
v -0.138847 0.015201 -0.048090
v -0.140262 0.013499 -0.045878
v -0.141171 0.012407 -0.043090
v -0.141485 0.012030 -0.040000
v -0.141485 0.012030 0.040000
v -0.141171 0.012407 0.043090
v -0.140262 0.013499 0.045878
v -0.138847 0.015201 0.048090
v -0.137063 0.017345 0.049511
v -0.135086 0.019722 0.050000
v -0.146487 0.029873 -0.050000
v -0.148622 0.027637 -0.049511
v -0.150549 0.025620 -0.048090
v -0.152077 0.024019 -0.045878
v -0.153059 0.022991 -0.043090
v -0.153397 0.022637 -0.040000
v -0.153397 0.022637 0.040000
v -0.153059 0.022991 0.043090
v -0.152077 0.024019 0.045878
v -0.150549 0.025620 0.048090
v -0.148622 0.027637 0.049511
v -0.146487 0.029873 0.050000
v -0.156951 0.040587 -0.050000
v -0.159240 0.038508 -0.049511
v -0.161304 0.036632 -0.048090
v -0.162943 0.035144 -0.045878
v -0.163995 0.034188 -0.043090
v -0.164358 0.033859 -0.040000
v -0.164358 0.033859 0.040000
v -0.163995 0.034188 0.043090
v -0.162943 0.035144 0.045878
v -0.161304 0.036632 0.048090
v -0.159240 0.038508 0.049511
v -0.156951 0.040587 0.050000
v -0.166446 0.051832 -0.050000
v -0.168881 0.049927 -0.049511
v -0.171079 0.048208 -0.048090
v -0.172823 0.046844 -0.045878
v -0.173942 0.045969 -0.043090
v -0.174328 0.045667 -0.040000
v -0.174328 0.045667 0.040000
v -0.173942 0.045969 0.043090
v -0.172823 0.046844 0.045878
v -0.171079 0.048208 0.048090
v -0.168881 0.049927 0.049511
v -0.166446 0.051832 0.050000
v -0.174940 0.063577 -0.050000
v -0.177515 0.061863 -0.049511
v -0.179837 0.060317 -0.048090
v -0.181680 0.059090 -0.045878
v -0.182863 0.058302 -0.043090
v -0.183271 0.058031 -0.040000
v -0.183271 0.058031 0.040000
v -0.182863 0.058302 0.043090
v -0.181680 0.059090 0.045878
v -0.179837 0.060317 0.048090
v -0.177515 0.061863 0.049511
v -0.174940 0.063577 0.050000
v -0.182404 0.075790 -0.050000
v -0.185105 0.074284 -0.049511
v -0.187542 0.072926 -0.048090
v -0.189476 0.071848 -0.045878
v -0.190718 0.071156 -0.043090
v -0.191146 0.070918 -0.040000
v -0.191146 0.070918 0.040000
v -0.190718 0.071156 0.043090
v -0.189476 0.071848 0.045878
v -0.187542 0.072926 0.048090
v -0.185105 0.074284 0.049511
v -0.182404 0.075790 0.050000
v -0.188805 0.088441 -0.050000
v -0.191620 0.087160 -0.049511
v -0.194159 0.086003 -0.048090
v -0.196174 0.085086 -0.045878
v -0.197468 0.084497 -0.043090
v -0.197914 0.084294 -0.040000
v -0.197914 0.084294 0.040000
v -0.197468 0.084497 0.043090
v -0.196174 0.085086 0.045878
v -0.194159 0.086003 0.048090
v -0.191620 0.087160 0.049511
v -0.188805 0.088441 0.050000
v -0.194112 0.101498 -0.050000
v -0.197024 0.100455 -0.049511
v -0.199651 0.099515 -0.048090
v -0.201735 0.098768 -0.045878
v -0.203074 0.098288 -0.043090
v -0.203535 0.098123 -0.040000
v -0.203535 0.098123 0.040000
v -0.203074 0.098288 0.043090
v -0.201735 0.098768 0.045878
v -0.199651 0.099515 0.048090
v -0.197024 0.100455 0.049511
v -0.194112 0.101498 0.050000
v -0.198294 0.114931 -0.050000
v -0.201284 0.114138 -0.049511
v -0.203981 0.113424 -0.048090
v -0.206122 0.112856 -0.045878
v -0.207496 0.112492 -0.043090
v -0.207969 0.112367 -0.040000
v -0.207969 0.112367 0.040000
v -0.207496 0.112492 0.043090
v -0.206122 0.112856 0.045878
v -0.203981 0.113424 0.048090
v -0.201284 0.114138 0.049511
v -0.198294 0.114931 0.050000
v -0.201320 0.128707 -0.050000
v -0.204367 0.128174 -0.049511
v -0.207116 0.127694 -0.048090
v -0.209297 0.127313 -0.045878
v -0.210698 0.127068 -0.043090
v -0.211181 0.126984 -0.040000
v -0.211181 0.126984 0.040000
v -0.210698 0.127068 0.043090
v -0.209297 0.127313 0.045878
v -0.207116 0.127694 0.048090
v -0.204367 0.128174 0.049511
v -0.201320 0.128707 0.050000
v -0.203159 0.142795 -0.050000
v -0.206240 0.142528 -0.049511
v -0.209020 0.142287 -0.048090
v -0.211227 0.142096 -0.045878
v -0.212643 0.141973 -0.043090
v -0.213131 0.141931 -0.040000
v -0.213131 0.141931 0.040000
v -0.212643 0.141973 0.043090
v -0.211227 0.142096 0.045878
v -0.209020 0.142287 0.048090
v -0.206240 0.142528 0.049511
v -0.203159 0.142795 0.050000
v -0.203779 0.157165 -0.050000
v -0.206874 0.157202 -0.049511
v -0.209666 0.157236 -0.048090
v -0.211881 0.157262 -0.045878
v -0.213303 0.157279 -0.043090
v -0.213794 0.157285 -0.040000
v -0.213794 0.157285 0.040000
v -0.213303 0.157279 0.043090
v -0.211881 0.157262 0.045878
v -0.209666 0.157236 0.048090
v -0.206874 0.157202 0.049511
v -0.203779 0.157165 0.050000
v -0.201939 0.184549 -0.050000
v -0.205008 0.184968 -0.049511
v -0.207777 0.185345 -0.048090
v -0.209974 0.185644 -0.045878
v -0.211385 0.185836 -0.043090
v -0.211871 0.185903 -0.040000
v -0.211871 0.185903 0.040000
v -0.211385 0.185836 0.043090
v -0.209974 0.185644 0.045878
v -0.207777 0.185345 0.048090
v -0.205008 0.184968 0.049511
v -0.201939 0.184549 0.050000
v -0.196562 0.210572 -0.050000
v -0.199545 0.211407 -0.049511
v -0.202236 0.212160 -0.048090
v -0.204371 0.212757 -0.045878
v -0.205742 0.213141 -0.043090
v -0.206215 0.213273 -0.040000
v -0.206215 0.213273 0.040000
v -0.205742 0.213141 0.043090
v -0.204371 0.212757 0.045878
v -0.202236 0.212160 0.048090
v -0.199545 0.211407 0.049511
v -0.196562 0.210572 0.050000
v -0.187857 0.235040 -0.050000
v -0.190697 0.236277 -0.049511
v -0.193259 0.237393 -0.048090
v -0.195292 0.238278 -0.045878
v -0.196598 0.238847 -0.043090
v -0.197048 0.239043 -0.040000
v -0.197048 0.239043 0.040000
v -0.196598 0.238847 0.043090
v -0.195292 0.238278 0.045878
v -0.193259 0.237393 0.048090
v -0.190697 0.236277 0.049511
v -0.187857 0.235040 0.050000
v -0.176039 0.257758 -0.050000
v -0.178682 0.259372 -0.049511
v -0.181067 0.260828 -0.048090
v -0.182960 0.261983 -0.045878
v -0.184175 0.262725 -0.043090
v -0.184593 0.262981 -0.040000
v -0.184593 0.262981 0.040000
v -0.184175 0.262725 0.043090
v -0.182960 0.261983 0.045878
v -0.181067 0.260828 0.048090
v -0.178682 0.259372 0.049511
v -0.176039 0.257758 0.050000
v -0.161317 0.278531 -0.050000
v -0.163717 0.280488 -0.049511
v -0.165882 0.282254 -0.048090
v -0.167601 0.283655 -0.045878
v -0.168704 0.284554 -0.043090
v -0.169085 0.284864 -0.040000
v -0.169085 0.284864 0.040000
v -0.168704 0.284554 0.043090
v -0.167601 0.283655 0.045878
v -0.165882 0.282254 0.048090
v -0.163717 0.280488 0.049511
v -0.161317 0.278531 0.050000
v -0.143904 0.297165 -0.050000
v -0.146022 0.299425 -0.049511
v -0.147932 0.301464 -0.048090
v -0.149448 0.303082 -0.045878
v -0.150421 0.304120 -0.043090
v -0.150757 0.304478 -0.040000
v -0.150757 0.304478 0.040000
v -0.150421 0.304120 0.043090
v -0.149448 0.303082 0.045878
v -0.147932 0.301464 0.048090
v -0.146022 0.299425 0.049511
v -0.143904 0.297165 0.050000
v -0.124012 0.313466 -0.050000
v -0.125815 0.315984 -0.049511
v -0.127441 0.318256 -0.048090
v -0.128732 0.320058 -0.045878
v -0.129560 0.321216 -0.043090
v -0.129846 0.321614 -0.040000
v -0.129846 0.321614 0.040000
v -0.129560 0.321216 0.043090
v -0.128732 0.320058 0.045878
v -0.127441 0.318256 0.048090
v -0.125815 0.315984 0.049511
v -0.124012 0.313466 0.050000
v -0.101853 0.327239 -0.050000
v -0.103316 0.329968 -0.049511
v -0.104636 0.332430 -0.048090
v -0.105684 0.334384 -0.045878
v -0.106356 0.335638 -0.043090
v -0.106588 0.336071 -0.040000
v -0.106588 0.336071 0.040000
v -0.106356 0.335638 0.043090
v -0.105684 0.334384 0.045878
v -0.104636 0.332430 0.048090
v -0.103316 0.329968 0.049511
v -0.101853 0.327239 0.050000
v -0.077638 0.338290 -0.050000
v -0.078745 0.341182 -0.049511
v -0.079743 0.343791 -0.048090
v -0.080535 0.345861 -0.045878
v -0.081043 0.347191 -0.043090
v -0.081218 0.347649 -0.040000
v -0.081218 0.347649 0.040000
v -0.081043 0.347191 0.043090
v -0.080535 0.345861 0.045878
v -0.079743 0.343791 0.048090
v -0.078745 0.341182 0.049511
v -0.077638 0.338290 0.050000
v -0.051580 0.346424 -0.050000
v -0.052319 0.349431 -0.049511
v -0.052985 0.352143 -0.048090
v -0.053514 0.354296 -0.045878
v -0.053854 0.355678 -0.043090
v -0.053971 0.356154 -0.040000
v -0.053971 0.356154 0.040000
v -0.053854 0.355678 0.043090
v -0.053514 0.354296 0.045878
v -0.052985 0.352143 0.048090
v -0.052319 0.349431 0.049511
v -0.051580 0.346424 0.050000
v -0.023889 0.351447 -0.050000
v -0.024257 0.354521 -0.049511
v -0.024589 0.357294 -0.048090
v -0.024853 0.359495 -0.045878
v -0.025022 0.360908 -0.043090
v -0.025081 0.361395 -0.040000
v -0.025081 0.361395 0.040000
v -0.025022 0.360908 0.043090
v -0.024853 0.359495 0.045878
v -0.024589 0.357294 0.048090
v -0.024257 0.354521 0.049511
v -0.023889 0.351447 0.050000
v 0.005221 0.353165 -0.050000
v 0.005225 0.356261 -0.049511
v 0.005229 0.359054 -0.048090
v 0.005233 0.361270 -0.045878
v 0.005234 0.362693 -0.043090
v 0.005235 0.363183 -0.040000
v 0.005235 0.363183 0.040000
v 0.005234 0.362693 0.043090
v 0.005233 0.361270 0.045878
v 0.005229 0.359054 0.048090
v 0.005225 0.356261 0.049511
v 0.005221 0.353165 0.050000
v 0.033334 0.351427 -0.050000
v 0.033720 0.354499 -0.049511
v 0.034067 0.357271 -0.048090
v 0.034344 0.359470 -0.045878
v 0.034521 0.360882 -0.043090
v 0.034582 0.361369 -0.040000
v 0.034582 0.361369 0.040000
v 0.034521 0.360882 0.043090
v 0.034344 0.359470 0.045878
v 0.034067 0.357271 0.048090
v 0.033720 0.354499 0.049511
v 0.033334 0.351427 0.050000
v 0.060041 0.346346 -0.050000
v 0.060814 0.349344 -0.049511
v 0.061511 0.352049 -0.048090
v 0.062065 0.354196 -0.045878
v 0.062421 0.355574 -0.043090
v 0.062543 0.356049 -0.040000
v 0.062543 0.356049 0.040000
v 0.062421 0.355574 0.043090
v 0.062065 0.354196 0.045878
v 0.061511 0.352049 0.048090
v 0.060814 0.349344 0.049511
v 0.060041 0.346346 0.050000
v 0.085143 0.338118 -0.050000
v 0.086298 0.340992 -0.049511
v 0.087339 0.343584 -0.048090
v 0.088165 0.345641 -0.045878
v 0.088696 0.346962 -0.043090
v 0.088879 0.347417 -0.040000
v 0.088879 0.347417 0.040000
v 0.088696 0.346962 0.043090
v 0.088165 0.345641 0.045878
v 0.087339 0.343584 0.048090
v 0.086298 0.340992 0.049511
v 0.085143 0.338118 0.050000
v 0.108443 0.326943 -0.050000
v 0.109964 0.329641 -0.049511
v 0.111335 0.332075 -0.048090
v 0.112424 0.334006 -0.045878
v 0.113122 0.335247 -0.043090
v 0.113363 0.335674 -0.040000
v 0.113363 0.335674 0.040000
v 0.113122 0.335247 0.043090
v 0.112424 0.334006 0.045878
v 0.111335 0.332075 0.048090
v 0.109964 0.329641 0.049511
v 0.108443 0.326943 0.050000
v 0.129744 0.313017 -0.050000
v 0.131607 0.315492 -0.049511
v 0.133287 0.317723 -0.048090
v 0.134621 0.319495 -0.045878
v 0.135477 0.320632 -0.043090
v 0.135772 0.321024 -0.040000
v 0.135772 0.321024 0.040000
v 0.135477 0.320632 0.043090
v 0.134621 0.319495 0.045878
v 0.133287 0.317723 0.048090
v 0.131607 0.315492 0.049511
v 0.129744 0.313017 0.050000
v 0.148846 0.296540 -0.050000
v 0.151021 0.298745 -0.049511
v 0.152983 0.300734 -0.048090
v 0.154540 0.302313 -0.045878
v 0.155539 0.303327 -0.043090
v 0.155883 0.303676 -0.040000
v 0.155883 0.303676 0.040000
v 0.155539 0.303327 0.043090
v 0.154540 0.302313 0.045878
v 0.152983 0.300734 0.048090
v 0.151021 0.298745 0.049511
v 0.148846 0.296540 0.050000
v 0.165553 0.277708 -0.050000
v 0.168002 0.279604 -0.049511
v 0.170211 0.281315 -0.048090
v 0.171964 0.282672 -0.045878
v 0.173090 0.283544 -0.043090
v 0.173478 0.283844 -0.040000
v 0.173478 0.283844 0.040000
v 0.173090 0.283544 0.043090
v 0.171964 0.282672 0.045878
v 0.170211 0.281315 0.048090
v 0.168002 0.279604 0.049511
v 0.165553 0.277708 0.050000
v 0.179666 0.256721 -0.050000
v 0.182346 0.258273 -0.049511
v 0.184763 0.259674 -0.048090
v 0.186681 0.260786 -0.045878
v 0.187913 0.261499 -0.043090
v 0.188338 0.261745 -0.040000
v 0.188338 0.261745 0.040000
v 0.187913 0.261499 0.043090
v 0.186681 0.260786 0.045878
v 0.184763 0.259674 0.048090
v 0.182346 0.258273 0.049511
v 0.179666 0.256721 0.050000
v 0.190987 0.233774 -0.050000
v 0.193849 0.234957 -0.049511
v 0.196431 0.236024 -0.048090
v 0.198480 0.236870 -0.045878
v 0.199796 0.237414 -0.043090
v 0.200249 0.237601 -0.040000
v 0.200249 0.237601 0.040000
v 0.199796 0.237414 0.043090
v 0.198480 0.236870 0.045878
v 0.196431 0.236024 0.048090
v 0.193849 0.234957 0.049511
v 0.190987 0.233774 0.050000
v 0.199319 0.209068 -0.050000
v 0.202312 0.209862 -0.049511
v 0.205013 0.210578 -0.048090
v 0.207155 0.211147 -0.045878
v 0.208531 0.211512 -0.043090
v 0.209005 0.211638 -0.040000
v 0.209005 0.211638 0.040000
v 0.208531 0.211512 0.043090
v 0.207155 0.211147 0.045878
v 0.205013 0.210578 0.048090
v 0.202312 0.209862 0.049511
v 0.199319 0.209068 0.050000
v 0.204463 0.182799 -0.050000
v 0.207534 0.183195 -0.049511
v 0.210304 0.183553 -0.048090
v 0.212503 0.183837 -0.045878
v 0.213915 0.184020 -0.043090
v 0.214401 0.184083 -0.040000
v 0.214401 0.184083 0.040000
v 0.213915 0.184020 0.043090
v 0.212503 0.183837 0.045878
v 0.210304 0.183553 0.048090
v 0.207534 0.183195 0.049511
v 0.204463 0.182799 0.050000
v 0.206221 0.155165 -0.050000
v 0.209316 0.155195 -0.049511
v 0.212107 0.155223 -0.048090
v 0.214323 0.155244 -0.045878
v 0.215745 0.155258 -0.043090
v 0.216235 0.155263 -0.040000
v 0.216235 0.155263 0.040000
v 0.215745 0.155258 0.043090
v 0.214323 0.155244 0.045878
v 0.212107 0.155223 0.048090
v 0.209316 0.155195 0.049511
v 0.206221 0.155165 0.050000
v 0.205656 0.142324 -0.050000
v 0.208737 0.142054 -0.049511
v 0.211517 0.141811 -0.048090
v 0.213723 0.141618 -0.045878
v 0.215139 0.141494 -0.043090
v 0.215627 0.141451 -0.040000
v 0.215627 0.141451 0.040000
v 0.215139 0.141494 0.043090
v 0.213723 0.141618 0.045878
v 0.211517 0.141811 0.048090
v 0.208737 0.142054 0.049511
v 0.205656 0.142324 0.050000
v 0.203952 0.129355 -0.050000
v 0.206999 0.128822 -0.049511
v 0.209747 0.128340 -0.048090
v 0.211928 0.127959 -0.045878
v 0.213329 0.127713 -0.043090
v 0.213811 0.127629 -0.040000
v 0.213811 0.127629 0.040000
v 0.213329 0.127713 0.043090
v 0.211928 0.127959 0.045878
v 0.209747 0.128340 0.048090
v 0.206999 0.128822 0.049511
v 0.203952 0.129355 0.050000
v 0.201096 0.116337 -0.050000
v 0.204086 0.115547 -0.049511
v 0.206784 0.114835 -0.048090
v 0.208925 0.114269 -0.045878
v 0.210299 0.113906 -0.043090
v 0.210773 0.113781 -0.040000
v 0.210773 0.113781 0.040000
v 0.210299 0.113906 0.043090
v 0.208925 0.114269 0.045878
v 0.206784 0.114835 0.048090
v 0.204086 0.115547 0.049511
v 0.201096 0.116337 0.050000
v 0.197073 0.103350 -0.050000
v 0.199986 0.102312 -0.049511
v 0.202614 0.101376 -0.048090
v 0.204700 0.100633 -0.045878
v 0.206040 0.100156 -0.043090
v 0.206501 0.099991 -0.040000
v 0.206501 0.099991 0.040000
v 0.206040 0.100156 0.043090
v 0.204700 0.100633 0.045878
v 0.202614 0.101376 0.048090
v 0.199986 0.102312 0.049511
v 0.197073 0.103350 0.050000
v 0.191869 0.090475 -0.050000
v 0.194686 0.089198 -0.049511
v 0.197227 0.088046 -0.048090
v 0.199244 0.087131 -0.045878
v 0.200538 0.086544 -0.043090
v 0.200985 0.086342 -0.040000
v 0.200985 0.086342 0.040000
v 0.200538 0.086544 0.043090
v 0.199244 0.087131 0.045878
v 0.197227 0.088046 0.048090
v 0.194686 0.089198 0.049511
v 0.191869 0.090475 0.050000
v 0.185471 0.077790 -0.050000
v 0.188173 0.076284 -0.049511
v 0.190610 0.074926 -0.048090
v 0.192544 0.073848 -0.045878
v 0.193785 0.073156 -0.043090
v 0.194213 0.072918 -0.040000
v 0.194213 0.072918 0.040000
v 0.193785 0.073156 0.043090
v 0.192544 0.073848 0.045878
v 0.190610 0.074926 0.048090
v 0.188173 0.076284 0.049511
v 0.185471 0.077790 0.050000
v 0.177864 0.065376 -0.050000
v 0.180433 0.063654 -0.049511
v 0.182750 0.062100 -0.048090
v 0.184589 0.060866 -0.045878
v 0.185770 0.060074 -0.043090
v 0.186176 0.059802 -0.040000
v 0.186176 0.059802 0.040000
v 0.185770 0.060074 0.043090
v 0.184589 0.060866 0.045878
v 0.182750 0.062100 0.048090
v 0.180433 0.063654 0.049511
v 0.177864 0.065376 0.050000
v 0.169036 0.053313 -0.050000
v 0.171455 0.051387 -0.049511
v 0.173638 0.049648 -0.048090
v 0.175369 0.048269 -0.045878
v 0.176481 0.047384 -0.043090
v 0.176865 0.047078 -0.040000
v 0.176865 0.047078 0.040000
v 0.176481 0.047384 0.043090
v 0.175369 0.048269 0.045878
v 0.173638 0.049648 0.048090
v 0.171455 0.051387 0.049511
v 0.169036 0.053313 0.050000
v 0.158971 0.041681 -0.050000
v 0.161226 0.039564 -0.049511
v 0.163261 0.037655 -0.048090
v 0.164875 0.036140 -0.045878
v 0.165912 0.035167 -0.043090
v 0.166269 0.034832 -0.040000
v 0.166269 0.034832 0.040000
v 0.165912 0.035167 0.043090
v 0.164875 0.036140 0.045878
v 0.163261 0.037655 0.048090
v 0.161226 0.039564 0.049511
v 0.158971 0.041681 0.050000
v 0.147656 0.030559 -0.050000
v 0.149735 0.028268 -0.049511
v 0.151609 0.026202 -0.048090
v 0.153097 0.024563 -0.045878
v 0.154052 0.023510 -0.043090
v 0.154382 0.023147 -0.040000
v 0.154382 0.023147 0.040000
v 0.154052 0.023510 0.043090
v 0.153097 0.024563 0.045878
v 0.151609 0.026202 0.048090
v 0.149735 0.028268 0.049511
v 0.147656 0.030559 0.050000
v 0.135078 0.020027 -0.050000
v 0.136968 0.017579 -0.049511
v 0.138674 0.015372 -0.048090
v 0.140028 0.013620 -0.045878
v 0.140896 0.012495 -0.043090
v 0.141196 0.012107 -0.040000
v 0.141196 0.012107 0.040000
v 0.140896 0.012495 0.043090
v 0.140028 0.013620 0.045878
v 0.138674 0.015372 0.048090
v 0.136968 0.017579 0.049511
v 0.135078 0.020027 0.050000
v 0.121221 0.010165 -0.050000
v 0.126906 0.010418 -0.049511
v 0.132034 0.010646 -0.048090
v 0.136104 0.010827 -0.045878
v 0.138717 0.010944 -0.043090
v 0.139618 0.010984 -0.040000
v 0.139618 0.010984 0.040000
v 0.138717 0.010944 0.043090
v 0.136104 0.010827 0.045878
v 0.132034 0.010646 0.048090
v 0.126906 0.010418 0.049511
v 0.121221 0.010165 0.050000
v 0.136325 0.001324 -0.050000
v 0.138014 0.003916 -0.049511
v 0.139538 0.006254 -0.048090
v 0.140747 0.008109 -0.045878
v 0.141524 0.009301 -0.043090
v 0.141791 0.009711 -0.040000
v 0.141791 0.009711 0.040000
v 0.141524 0.009301 0.043090
v 0.140747 0.008109 0.045878
v 0.139538 0.006254 0.048090
v 0.138014 0.003916 0.049511
v 0.136325 0.001324 0.050000
v 0.150133 -0.008650 -0.050000
v 0.152065 -0.006233 -0.049511
v 0.153806 -0.004052 -0.048090
v 0.155189 -0.002321 -0.045878
v 0.156076 -0.001210 -0.043090
v 0.156382 -0.000828 -0.040000
v 0.156382 -0.000828 0.040000
v 0.156076 -0.001210 0.043090
v 0.155189 -0.002321 0.045878
v 0.153806 -0.004052 0.048090
v 0.152065 -0.006233 0.049511
v 0.150133 -0.008650 0.050000
v 0.162643 -0.019679 -0.050000
v 0.164799 -0.017460 -0.049511
v 0.166745 -0.015459 -0.048090
v 0.168289 -0.013871 -0.045878
v 0.169280 -0.012851 -0.043090
v 0.169622 -0.012500 -0.040000
v 0.169622 -0.012500 0.040000
v 0.169280 -0.012851 0.043090
v 0.168289 -0.013871 0.045878
v 0.166745 -0.015459 0.048090
v 0.164799 -0.017460 0.049511
v 0.162643 -0.019679 0.050000
v 0.173851 -0.031687 -0.050000
v 0.176212 -0.029688 -0.049511
v 0.178342 -0.027884 -0.048090
v 0.180032 -0.026453 -0.045878
v 0.181117 -0.025534 -0.043090
v 0.181491 -0.025217 -0.040000
v 0.181491 -0.025217 0.040000
v 0.181117 -0.025534 0.043090
v 0.180032 -0.026453 0.045878
v 0.178342 -0.027884 0.048090
v 0.176212 -0.029688 0.049511
v 0.173851 -0.031687 0.050000
v 0.183753 -0.044598 -0.050000
v 0.186294 -0.042834 -0.049511
v 0.188587 -0.041243 -0.048090
v 0.190407 -0.039980 -0.045878
v 0.191575 -0.039170 -0.043090
v 0.191978 -0.038890 -0.040000
v 0.191978 -0.038890 0.040000
v 0.191575 -0.039170 0.043090
v 0.190407 -0.039980 0.045878
v 0.188587 -0.041243 0.048090
v 0.186294 -0.042834 0.049511
v 0.183753 -0.044598 0.050000
v 0.192346 -0.058335 -0.050000
v 0.195042 -0.056818 -0.049511
v 0.197475 -0.055450 -0.048090
v 0.199405 -0.054365 -0.045878
v 0.200644 -0.053668 -0.043090
v 0.201071 -0.053427 -0.040000
v 0.201071 -0.053427 0.040000
v 0.200644 -0.053668 0.043090
v 0.199405 -0.054365 0.045878
v 0.197475 -0.055450 0.048090
v 0.195042 -0.056818 0.049511
v 0.192346 -0.058335 0.050000
v 0.199627 -0.072822 -0.050000
v 0.202451 -0.071560 -0.049511
v 0.204999 -0.070422 -0.048090
v 0.207020 -0.069518 -0.045878
v 0.208318 -0.068938 -0.043090
v 0.208766 -0.068738 -0.040000
v 0.208766 -0.068738 0.040000
v 0.208318 -0.068938 0.043090
v 0.207020 -0.069518 0.045878
v 0.204999 -0.070422 0.048090
v 0.202451 -0.071560 0.049511
v 0.199627 -0.072822 0.050000
v 0.205591 -0.087983 -0.050000
v 0.208517 -0.086979 -0.049511
v 0.211156 -0.086072 -0.048090
v 0.213250 -0.085353 -0.045878
v 0.214595 -0.084892 -0.043090
v 0.215059 -0.084732 -0.040000
v 0.215059 -0.084732 0.040000
v 0.214595 -0.084892 0.043090
v 0.213250 -0.085353 0.045878
v 0.211156 -0.086072 0.048090
v 0.208517 -0.086979 0.049511
v 0.205591 -0.087983 0.050000
v 0.210237 -0.103741 -0.050000
v 0.213238 -0.102994 -0.049511
v 0.215946 -0.102320 -0.048090
v 0.218095 -0.101785 -0.045878
v 0.219474 -0.101442 -0.043090
v 0.219949 -0.101323 -0.040000
v 0.219949 -0.101323 0.040000
v 0.219474 -0.101442 0.043090
v 0.218095 -0.101785 0.045878
v 0.215946 -0.102320 0.048090
v 0.213238 -0.102994 0.049511
v 0.210237 -0.103741 0.050000
v 0.213559 -0.120020 -0.050000
v 0.216612 -0.119527 -0.049511
v 0.219367 -0.119083 -0.048090
v 0.221553 -0.118730 -0.045878
v 0.222956 -0.118503 -0.043090
v 0.223439 -0.118425 -0.040000
v 0.223439 -0.118425 0.040000
v 0.222956 -0.118503 0.043090
v 0.221553 -0.118730 0.045878
v 0.219367 -0.119083 0.048090
v 0.216612 -0.119527 0.049511
v 0.213559 -0.120020 0.050000
v 0.215555 -0.136744 -0.050000
v 0.218638 -0.136500 -0.049511
v 0.221419 -0.136280 -0.048090
v 0.223626 -0.136106 -0.045878
v 0.225043 -0.135994 -0.043090
v 0.225532 -0.135955 -0.040000
v 0.225532 -0.135955 0.040000
v 0.225043 -0.135994 0.043090
v 0.223626 -0.136106 0.045878
v 0.221419 -0.136280 0.048090
v 0.218638 -0.136500 0.049511
v 0.215555 -0.136744 0.050000
v 0.216221 -0.153835 -0.050000
v 0.219316 -0.153886 -0.049511
v 0.222107 -0.153932 -0.048090
v 0.224322 -0.153968 -0.045878
v 0.225745 -0.153991 -0.043090
v 0.226235 -0.153999 -0.040000
v 0.226235 -0.153999 0.040000
v 0.225745 -0.153991 0.043090
v 0.224322 -0.153968 0.045878
v 0.222107 -0.153932 0.048090
v 0.219316 -0.153886 0.049511
v 0.216221 -0.153835 0.050000
v 0.214301 -0.180530 -0.050000
v 0.217367 -0.180976 -0.049511
v 0.220133 -0.181378 -0.048090
v 0.222328 -0.181697 -0.045878
v 0.223737 -0.181902 -0.043090
v 0.224223 -0.181972 -0.040000
v 0.224223 -0.181972 0.040000
v 0.223737 -0.181902 0.043090
v 0.222328 -0.181697 0.045878
v 0.220133 -0.181378 0.048090
v 0.217367 -0.180976 0.049511
v 0.214301 -0.180530 0.050000
v 0.208693 -0.205978 -0.050000
v 0.211663 -0.206862 -0.049511
v 0.214342 -0.207658 -0.048090
v 0.216468 -0.208291 -0.045878
v 0.217833 -0.208697 -0.043090
v 0.218303 -0.208836 -0.040000
v 0.218303 -0.208836 0.040000
v 0.217833 -0.208697 0.043090
v 0.216468 -0.208291 0.045878
v 0.214342 -0.207658 0.048090
v 0.211663 -0.206862 0.049511
v 0.208693 -0.205978 0.050000
v 0.199627 -0.229976 -0.050000
v 0.202440 -0.231273 -0.049511
v 0.204978 -0.232444 -0.048090
v 0.206992 -0.233373 -0.045878
v 0.208285 -0.233969 -0.043090
v 0.208730 -0.234175 -0.040000
v 0.208730 -0.234175 0.040000
v 0.208285 -0.233969 0.043090
v 0.206992 -0.233373 0.045878
v 0.204978 -0.232444 0.048090
v 0.202440 -0.231273 0.049511
v 0.199627 -0.229976 0.050000
v 0.187332 -0.252316 -0.050000
v 0.189936 -0.253994 -0.049511
v 0.192285 -0.255507 -0.048090
v 0.194149 -0.256708 -0.045878
v 0.195346 -0.257479 -0.043090
v 0.195759 -0.257745 -0.040000
v 0.195759 -0.257745 0.040000
v 0.195346 -0.257479 0.043090
v 0.194149 -0.256708 0.045878
v 0.192285 -0.255507 0.048090
v 0.189936 -0.253994 0.049511
v 0.187332 -0.252316 0.050000
v 0.172037 -0.272796 -0.050000
v 0.174388 -0.274812 -0.049511
v 0.176510 -0.276630 -0.048090
v 0.178193 -0.278073 -0.045878
v 0.179274 -0.279000 -0.043090
v 0.179646 -0.279319 -0.040000
v 0.179646 -0.279319 0.040000
v 0.179274 -0.279000 0.043090
v 0.178193 -0.278073 0.045878
v 0.176510 -0.276630 0.048090
v 0.174388 -0.274812 0.049511
v 0.172037 -0.272796 0.050000
v 0.153971 -0.291210 -0.050000
v 0.156036 -0.293518 -0.049511
v 0.157898 -0.295600 -0.048090
v 0.159376 -0.297253 -0.045878
v 0.160325 -0.298314 -0.043090
v 0.160652 -0.298679 -0.040000
v 0.160652 -0.298679 0.040000
v 0.160325 -0.298314 0.043090
v 0.159376 -0.297253 0.045878
v 0.157898 -0.295600 0.048090
v 0.156036 -0.293518 0.049511
v 0.153971 -0.291210 0.050000
v 0.133363 -0.307353 -0.050000
v 0.135114 -0.309907 -0.049511
v 0.136694 -0.312210 -0.048090
v 0.137948 -0.314038 -0.045878
v 0.138753 -0.315212 -0.043090
v 0.139030 -0.315617 -0.040000
v 0.139030 -0.315617 0.040000
v 0.138753 -0.315212 0.043090
v 0.137948 -0.314038 0.045878
v 0.136694 -0.312210 0.048090
v 0.135114 -0.309907 0.049511
v 0.133363 -0.307353 0.050000
v 0.110443 -0.321020 -0.050000
v 0.111861 -0.323772 -0.049511
v 0.113141 -0.326255 -0.048090
v 0.114156 -0.328225 -0.045878
v 0.114808 -0.329490 -0.043090
v 0.115033 -0.329926 -0.040000
v 0.115033 -0.329926 0.040000
v 0.114808 -0.329490 0.043090
v 0.114156 -0.328225 0.045878
v 0.113141 -0.326255 0.048090
v 0.111861 -0.323772 0.049511
v 0.110443 -0.321020 0.050000
v 0.085440 -0.332007 -0.050000
v 0.086511 -0.334911 -0.049511
v 0.087478 -0.337531 -0.048090
v 0.088246 -0.339611 -0.045878
v 0.088738 -0.340946 -0.043090
v 0.088908 -0.341406 -0.040000
v 0.088908 -0.341406 0.040000
v 0.088738 -0.340946 0.043090
v 0.088246 -0.339611 0.045878
v 0.087478 -0.337531 0.048090
v 0.086511 -0.334911 0.049511
v 0.085440 -0.332007 0.050000
v 0.058582 -0.340108 -0.050000
v 0.059298 -0.343120 -0.049511
v 0.059945 -0.345837 -0.048090
v 0.060458 -0.347993 -0.045878
v 0.060787 -0.349377 -0.043090
v 0.060900 -0.349854 -0.040000
v 0.060900 -0.349854 0.040000
v 0.060787 -0.349377 0.043090
v 0.060458 -0.347993 0.045878
v 0.059945 -0.345837 0.048090
v 0.059298 -0.343120 0.049511
v 0.058582 -0.340108 0.050000
v 0.030100 -0.345119 -0.050000
v 0.030457 -0.348194 -0.049511
v 0.030780 -0.350968 -0.048090
v 0.031036 -0.353169 -0.045878
v 0.031200 -0.354582 -0.043090
v 0.031256 -0.355069 -0.040000
v 0.031256 -0.355069 0.040000
v 0.031200 -0.354582 0.043090
v 0.031036 -0.353169 0.045878
v 0.030780 -0.350968 0.048090
v 0.030457 -0.348194 0.049511
v 0.030100 -0.345119 0.050000
v 0.000221 -0.346835 -0.050000
v 0.000221 -0.349930 -0.049511
v 0.000222 -0.352722 -0.048090
v 0.000222 -0.354938 -0.045878
v 0.000222 -0.356361 -0.043090
v 0.000222 -0.356851 -0.040000
v 0.000222 -0.356851 0.040000
v 0.000222 -0.356361 0.043090
v 0.000222 -0.354938 0.045878
v 0.000222 -0.352722 0.048090
v 0.000221 -0.349930 0.049511
v 0.000221 -0.346835 0.050000
v -0.012578 0.259343 -0.050000
v -0.012247 0.256265 -0.049511
v -0.011950 0.253490 -0.048090
v -0.011713 0.251287 -0.045878
v -0.011562 0.249872 -0.043090
v -0.011509 0.249385 -0.040000
v -0.011509 0.249385 0.040000
v -0.011562 0.249872 0.043090
v -0.011713 0.251287 0.045878
v -0.011950 0.253490 0.048090
v -0.012247 0.256265 0.049511
v -0.012578 0.259343 0.050000
v -0.027422 0.256920 -0.050000
v -0.026745 0.253899 -0.049511
v -0.026135 0.251174 -0.048090
v -0.025650 0.249012 -0.045878
v -0.025339 0.247623 -0.043090
v -0.025232 0.247145 -0.040000
v -0.025232 0.247145 0.040000
v -0.025339 0.247623 0.043090
v -0.025650 0.249012 0.045878
v -0.026135 0.251174 0.048090
v -0.026745 0.253899 0.049511
v -0.027422 0.256920 0.050000
v -0.041232 0.252962 -0.050000
v -0.040195 0.250044 -0.049511
v -0.039259 0.247413 -0.048090
v -0.038517 0.245324 -0.045878
v -0.038040 0.243983 -0.043090
v -0.037876 0.243521 -0.040000
v -0.037876 0.243521 0.040000
v -0.038040 0.243983 0.043090
v -0.038517 0.245324 0.045878
v -0.039259 0.247413 0.048090
v -0.040195 0.250044 0.049511
v -0.041232 0.252962 0.050000
v -0.053927 0.247535 -0.050000
v -0.052524 0.244774 -0.049511
v -0.051259 0.242283 -0.048090
v -0.050256 0.240306 -0.045878
v -0.049611 0.239037 -0.043090
v -0.049389 0.238600 -0.040000
v -0.049389 0.238600 0.040000
v -0.049611 0.239037 0.043090
v -0.050256 0.240306 0.045878
v -0.051259 0.242283 0.048090
v -0.052524 0.244774 0.049511
v -0.053927 0.247535 0.050000
v -0.065428 0.240706 -0.050000
v -0.063666 0.238158 -0.049511
v -0.062077 0.235859 -0.048090
v -0.060816 0.234035 -0.045878
v -0.060006 0.232864 -0.043090
v -0.059727 0.232461 -0.040000
v -0.059727 0.232461 0.040000
v -0.060006 0.232864 0.043090
v -0.060816 0.234035 0.045878
v -0.062077 0.235859 0.048090
v -0.063666 0.238158 0.049511
v -0.065428 0.240706 0.050000
v -0.075654 0.232540 -0.050000
v -0.073553 0.230263 -0.049511
v -0.071658 0.228208 -0.048090
v -0.070155 0.226578 -0.045878
v -0.069189 0.225531 -0.043090
v -0.068857 0.225171 -0.040000
v -0.068857 0.225171 0.040000
v -0.069189 0.225531 0.043090
v -0.070155 0.226578 0.045878
v -0.071658 0.228208 0.048090
v -0.073553 0.230263 0.049511
v -0.075654 0.232540 0.050000
v -0.084526 0.223103 -0.050000
v -0.082121 0.221149 -0.049511
v -0.079952 0.219387 -0.048090
v -0.078230 0.217988 -0.045878
v -0.077125 0.217090 -0.043090
v -0.076744 0.216781 -0.040000
v -0.076744 0.216781 0.040000
v -0.077125 0.217090 0.043090
v -0.078230 0.217988 0.045878
v -0.079952 0.219387 0.048090
v -0.082121 0.221149 0.049511
v -0.084526 0.223103 0.050000
v -0.091964 0.212461 -0.050000
v -0.089303 0.210874 -0.049511
v -0.086903 0.209442 -0.048090
v -0.084998 0.208305 -0.045878
v -0.083776 0.207575 -0.043090
v -0.083354 0.207324 -0.040000
v -0.083354 0.207324 0.040000
v -0.083776 0.207575 0.043090
v -0.084998 0.208305 0.045878
v -0.086903 0.209442 0.048090
v -0.089303 0.210874 0.049511
v -0.091964 0.212461 0.050000
v -0.097888 0.200681 -0.050000
v -0.095030 0.199487 -0.049511
v -0.092450 0.198411 -0.048090
v -0.090404 0.197556 -0.045878
v -0.089090 0.197008 -0.043090
v -0.088637 0.196819 -0.040000
v -0.088637 0.196819 0.040000
v -0.089090 0.197008 0.043090
v -0.090404 0.197556 0.045878
v -0.092450 0.198411 0.048090
v -0.095030 0.199487 0.049511
v -0.097888 0.200681 0.050000
v -0.102219 0.187827 -0.050000
v -0.099223 0.187039 -0.049511
v -0.096521 0.186329 -0.048090
v -0.094377 0.185765 -0.045878
v -0.093000 0.185402 -0.043090
v -0.092526 0.185278 -0.040000
v -0.092526 0.185278 0.040000
v -0.093000 0.185402 0.043090
v -0.094377 0.185765 0.045878
v -0.096521 0.186329 0.048090
v -0.099223 0.187039 0.049511
v -0.102219 0.187827 0.050000
v -0.104876 0.173967 -0.050000
v -0.101804 0.173580 -0.049511
v -0.099032 0.173231 -0.048090
v -0.096833 0.172954 -0.045878
v -0.095420 0.172777 -0.043090
v -0.094934 0.172716 -0.040000
v -0.094934 0.172716 0.040000
v -0.095420 0.172777 0.043090
v -0.096833 0.172954 0.045878
v -0.099032 0.173231 0.048090
v -0.101804 0.173580 0.049511
v -0.104876 0.173967 0.050000
v -0.105779 0.159165 -0.050000
v -0.102682 0.159182 -0.049511
v -0.099888 0.159198 -0.048090
v -0.097671 0.159210 -0.045878
v -0.096247 0.159218 -0.043090
v -0.095757 0.159221 -0.040000
v -0.095757 0.159221 0.040000
v -0.096247 0.159218 0.043090
v -0.097671 0.159210 0.045878
v -0.099888 0.159198 0.048090
v -0.102682 0.159182 0.049511
v -0.105779 0.159165 0.050000
v -0.104781 0.145355 -0.050000
v -0.101715 0.145797 -0.049511
v -0.098949 0.146195 -0.048090
v -0.096754 0.146512 -0.045878
v -0.095344 0.146715 -0.043090
v -0.094858 0.146785 -0.040000
v -0.094858 0.146785 0.040000
v -0.095344 0.146715 0.043090
v -0.096754 0.146512 0.045878
v -0.098949 0.146195 0.048090
v -0.101715 0.145797 0.049511
v -0.104781 0.145355 0.050000
v -0.101881 0.132017 -0.050000
v -0.098906 0.132881 -0.049511
v -0.096223 0.133660 -0.048090
v -0.094094 0.134279 -0.045878
v -0.092727 0.134676 -0.043090
v -0.092255 0.134813 -0.040000
v -0.092255 0.134813 0.040000
v -0.092727 0.134676 0.043090
v -0.094094 0.134279 0.045878
v -0.096223 0.133660 0.048090
v -0.098906 0.132881 0.049511
v -0.101881 0.132017 0.050000
v -0.097216 0.119290 -0.050000
v -0.094385 0.120546 -0.049511
v -0.091832 0.121678 -0.048090
v -0.089805 0.122577 -0.045878
v -0.088504 0.123154 -0.043090
v -0.088055 0.123353 -0.040000
v -0.088055 0.123353 0.040000
v -0.088504 0.123154 0.043090
v -0.089805 0.122577 0.045878
v -0.091832 0.121678 0.048090
v -0.094385 0.120546 0.049511
v -0.097216 0.119290 0.050000
v -0.090927 0.107313 -0.050000
v -0.088283 0.108925 -0.049511
v -0.085898 0.110379 -0.048090
v -0.084005 0.111534 -0.045878
v -0.082790 0.112275 -0.043090
v -0.082372 0.112530 -0.040000
v -0.082372 0.112530 0.040000
v -0.082790 0.112275 0.043090
v -0.084005 0.111534 0.045878
v -0.085898 0.110379 0.048090
v -0.088283 0.108925 0.049511
v -0.090927 0.107313 0.050000
v -0.083152 0.096225 -0.050000
v -0.080733 0.098158 -0.049511
v -0.078550 0.099901 -0.048090
v -0.076818 0.101285 -0.045878
v -0.075707 0.102173 -0.043090
v -0.075323 0.102479 -0.040000
v -0.075323 0.102479 0.040000
v -0.075707 0.102173 0.043090
v -0.076818 0.101285 0.045878
v -0.078550 0.099901 0.048090
v -0.080733 0.098158 0.049511
v -0.083152 0.096225 0.050000
v -0.074029 0.086165 -0.050000
v -0.071868 0.088382 -0.049511
v -0.069918 0.090383 -0.048090
v -0.068372 0.091970 -0.045878
v -0.067378 0.092989 -0.043090
v -0.067036 0.093340 -0.040000
v -0.067036 0.093340 0.040000
v -0.067378 0.092989 0.043090
v -0.068372 0.091970 0.045878
v -0.069918 0.090383 0.048090
v -0.071868 0.088382 0.049511
v -0.074029 0.086165 0.050000
v -0.063698 0.077271 -0.050000
v -0.061827 0.079738 -0.049511
v -0.060139 0.081963 -0.048090
v -0.058799 0.083729 -0.045878
v -0.057938 0.084863 -0.043090
v -0.057642 0.085254 -0.040000
v -0.057642 0.085254 0.040000
v -0.057938 0.084863 0.043090
v -0.058799 0.083729 0.045878
v -0.060139 0.081963 0.048090
v -0.061827 0.079738 0.049511
v -0.063698 0.077271 0.050000
v -0.052297 0.069684 -0.050000
v -0.050746 0.072363 -0.049511
v -0.049346 0.074781 -0.048090
v -0.048236 0.076699 -0.045878
v -0.047523 0.077931 -0.043090
v -0.047277 0.078355 -0.040000
v -0.047277 0.078355 0.040000
v -0.047523 0.077931 0.043090
v -0.048236 0.076699 0.045878
v -0.049346 0.074781 0.048090
v -0.050746 0.072363 0.049511
v -0.052297 0.069684 0.050000
v -0.039966 0.063540 -0.050000
v -0.038765 0.066394 -0.049511
v -0.037681 0.068969 -0.048090
v -0.036822 0.071012 -0.045878
v -0.036269 0.072324 -0.043090
v -0.036079 0.072776 -0.040000
v -0.036079 0.072776 0.040000
v -0.036269 0.072324 0.043090
v -0.036822 0.071012 0.045878
v -0.037681 0.068969 0.048090
v -0.038765 0.066394 0.049511
v -0.039966 0.063540 0.050000
v -0.026843 0.058980 -0.050000
v -0.026021 0.061965 -0.049511
v -0.025279 0.064659 -0.048090
v -0.024690 0.066796 -0.045878
v -0.024312 0.068169 -0.043090
v -0.024182 0.068641 -0.040000
v -0.024182 0.068641 0.040000
v -0.024312 0.068169 0.043090
v -0.024690 0.066796 0.045878
v -0.025279 0.064659 0.048090
v -0.026021 0.061965 0.049511
v -0.026843 0.058980 0.050000
v -0.013068 0.056142 -0.050000
v -0.012649 0.059211 -0.049511
v -0.012271 0.061979 -0.048090
v -0.011971 0.064176 -0.045878
v -0.011778 0.065586 -0.043090
v -0.011712 0.066073 -0.040000
v -0.011712 0.066073 0.040000
v -0.011778 0.065586 0.043090
v -0.011971 0.064176 0.045878
v -0.012271 0.061979 0.048090
v -0.012649 0.059211 0.049511
v -0.013068 0.056142 0.050000
v 0.001221 0.055165 -0.050000
v 0.001225 0.058262 -0.049511
v 0.001229 0.061056 -0.048090
v 0.001231 0.063273 -0.045878
v 0.001233 0.064697 -0.043090
v 0.001233 0.065188 -0.040000
v 0.001233 0.065188 0.040000
v 0.001233 0.064697 0.043090
v 0.001231 0.063273 0.045878
v 0.001229 0.061056 0.048090
v 0.001225 0.058262 0.049511
v 0.001221 0.055165 0.050000
v 0.015721 0.056122 -0.050000
v 0.015315 0.059192 -0.049511
v 0.014949 0.061961 -0.048090
v 0.014658 0.064159 -0.045878
v 0.014471 0.065570 -0.043090
v 0.014407 0.066057 -0.040000
v 0.014407 0.066057 0.040000
v 0.014471 0.065570 0.043090
v 0.014658 0.064159 0.045878
v 0.014949 0.061961 0.048090
v 0.015315 0.059192 0.049511
v 0.015721 0.056122 0.050000
v 0.029634 0.058901 -0.050000
v 0.028832 0.061892 -0.049511
v 0.028109 0.064591 -0.048090
v 0.027536 0.066732 -0.045878
v 0.027167 0.068107 -0.043090
v 0.027040 0.068581 -0.040000
v 0.027040 0.068581 0.040000
v 0.027167 0.068107 0.043090
v 0.027536 0.066732 0.045878
v 0.028109 0.064591 0.048090
v 0.028832 0.061892 0.049511
v 0.029634 0.058901 0.050000
v 0.042831 0.063368 -0.050000
v 0.041654 0.066232 -0.049511
v 0.040592 0.068816 -0.048090
v 0.039750 0.070866 -0.045878
v 0.039209 0.072183 -0.043090
v 0.039023 0.072636 -0.040000
v 0.039023 0.072636 0.040000
v 0.039209 0.072183 0.043090
v 0.039750 0.070866 0.045878
v 0.040592 0.068816 0.048090
v 0.041654 0.066232 0.049511
v 0.042831 0.063368 0.050000
v 0.055185 0.069387 -0.050000
v 0.053657 0.072080 -0.049511
v 0.052278 0.074510 -0.048090
v 0.051184 0.076438 -0.045878
v 0.050482 0.077676 -0.043090
v 0.050240 0.078102 -0.040000
v 0.050240 0.078102 0.040000
v 0.050482 0.077676 0.043090
v 0.051184 0.076438 0.045878
v 0.052278 0.074510 0.048090
v 0.053657 0.072080 0.049511
v 0.055185 0.069387 0.050000
v 0.066566 0.076823 -0.050000
v 0.064714 0.079305 -0.049511
v 0.063044 0.081543 -0.048090
v 0.061718 0.083320 -0.045878
v 0.060867 0.084461 -0.043090
v 0.060574 0.084854 -0.040000
v 0.060574 0.084854 0.040000
v 0.060867 0.084461 0.043090
v 0.061718 0.083320 0.045878
v 0.063044 0.081543 0.048090
v 0.064714 0.079305 0.049511
v 0.066566 0.076823 0.050000
v 0.076846 0.085540 -0.050000
v 0.074701 0.087772 -0.049511
v 0.072765 0.089785 -0.048090
v 0.071228 0.091383 -0.045878
v 0.070242 0.092409 -0.043090
v 0.069902 0.092763 -0.040000
v 0.069902 0.092763 0.040000
v 0.070242 0.092409 0.043090
v 0.071228 0.091383 0.045878
v 0.072765 0.089785 0.048090
v 0.074701 0.087772 0.049511
v 0.076846 0.085540 0.050000
v 0.085898 0.095403 -0.050000
v 0.083488 0.097348 -0.049511
v 0.081315 0.099102 -0.048090
v 0.079590 0.100495 -0.045878
v 0.078482 0.101389 -0.043090
v 0.078101 0.101697 -0.040000
v 0.078101 0.101697 0.040000
v 0.078482 0.101389 0.043090
v 0.079590 0.100495 0.045878
v 0.081315 0.099102 0.048090
v 0.083488 0.097348 0.049511
v 0.085898 0.095403 0.050000
v 0.093591 0.106276 -0.050000
v 0.090953 0.107897 -0.049511
v 0.088573 0.109360 -0.048090
v 0.086684 0.110520 -0.045878
v 0.085471 0.111265 -0.043090
v 0.085053 0.111522 -0.040000
v 0.085053 0.111522 0.040000
v 0.085471 0.111265 0.043090
v 0.086684 0.110520 0.045878
v 0.088573 0.109360 0.048090
v 0.090953 0.107897 0.049511
v 0.093591 0.106276 0.050000
v 0.099799 0.118024 -0.050000
v 0.096971 0.119285 -0.049511
v 0.094419 0.120423 -0.048090
v 0.092394 0.121325 -0.045878
v 0.091093 0.121905 -0.043090
v 0.090645 0.122105 -0.040000
v 0.090645 0.122105 0.040000
v 0.091093 0.121905 0.043090
v 0.092394 0.121325 0.045878
v 0.094419 0.120423 0.048090
v 0.096971 0.119285 0.049511
v 0.099799 0.118024 0.050000
v 0.104393 0.130512 -0.050000
v 0.101419 0.131378 -0.049511
v 0.098736 0.132160 -0.048090
v 0.096607 0.132780 -0.045878
v 0.095240 0.133178 -0.043090
v 0.094769 0.133315 -0.040000
v 0.094769 0.133315 0.040000
v 0.095240 0.133178 0.043090
v 0.096607 0.132780 0.045878
v 0.098736 0.132160 0.048090
v 0.101419 0.131378 0.049511
v 0.104393 0.130512 0.050000
v 0.107243 0.143604 -0.050000
v 0.104176 0.144046 -0.049511
v 0.101410 0.144445 -0.048090
v 0.099215 0.144762 -0.045878
v 0.097806 0.144965 -0.043090
v 0.097320 0.145035 -0.040000
v 0.097320 0.145035 0.040000
v 0.097806 0.144965 0.043090
v 0.099215 0.144762 0.045878
v 0.101410 0.144445 0.048090
v 0.104176 0.144046 0.049511
v 0.107243 0.143604 0.050000
v 0.108221 0.157165 -0.050000
v 0.105124 0.157180 -0.049511
v 0.102330 0.157193 -0.048090
v 0.100113 0.157204 -0.045878
v 0.098689 0.157211 -0.043090
v 0.098199 0.157213 -0.040000
v 0.098199 0.157213 0.040000
v 0.098689 0.157211 0.043090
v 0.100113 0.157204 0.045878
v 0.102330 0.157193 0.048090
v 0.105124 0.157180 0.049511
v 0.108221 0.157165 0.050000
v 0.107320 0.171586 -0.050000
v 0.104248 0.171195 -0.049511
v 0.101477 0.170843 -0.048090
v 0.099278 0.170563 -0.045878
v 0.097866 0.170384 -0.043090
v 0.097379 0.170322 -0.040000
v 0.097379 0.170322 0.040000
v 0.097866 0.170384 0.043090
v 0.099278 0.170563 0.045878
v 0.101477 0.170843 0.048090
v 0.104248 0.171195 0.049511
v 0.107320 0.171586 0.050000
v 0.104679 0.185281 -0.050000
v 0.101683 0.184497 -0.049511
v 0.098981 0.183789 -0.048090
v 0.096836 0.183228 -0.045878
v 0.095459 0.182867 -0.043090
v 0.094984 0.182743 -0.040000
v 0.094984 0.182743 0.040000
v 0.095459 0.182867 0.043090
v 0.096836 0.183228 0.045878
v 0.098981 0.183789 0.048090
v 0.101683 0.184497 0.049511
v 0.104679 0.185281 0.050000
v 0.100393 0.198149 -0.050000
v 0.097526 0.196977 -0.049511
v 0.094940 0.195920 -0.048090
v 0.092888 0.195081 -0.045878
v 0.091570 0.194542 -0.043090
v 0.091116 0.194356 -0.040000
v 0.091116 0.194356 0.040000
v 0.091570 0.194542 0.043090
v 0.092888 0.195081 0.045878
v 0.094940 0.195920 0.048090
v 0.097526 0.196977 0.049511
v 0.100393 0.198149 0.050000
v 0.094555 0.210091 -0.050000
v 0.091870 0.208547 -0.049511
v 0.089448 0.207153 -0.048090
v 0.087526 0.206048 -0.045878
v 0.086292 0.205338 -0.043090
v 0.085867 0.205093 -0.040000
v 0.085867 0.205093 0.040000
v 0.086292 0.205338 0.043090
v 0.087526 0.206048 0.045878
v 0.089448 0.207153 0.048090
v 0.091870 0.208547 0.049511
v 0.094555 0.210091 0.050000
v 0.087258 0.221005 -0.050000
v 0.084805 0.219113 -0.049511
v 0.082593 0.217407 -0.048090
v 0.080836 0.216053 -0.045878
v 0.079709 0.215183 -0.043090
v 0.079321 0.214884 -0.040000
v 0.079321 0.214884 0.040000
v 0.079709 0.215183 0.043090
v 0.080836 0.216053 0.045878
v 0.082593 0.217407 0.048090
v 0.084805 0.219113 0.049511
v 0.087258 0.221005 0.050000
v 0.078596 0.230790 -0.050000
v 0.076421 0.228585 -0.049511
v 0.074459 0.226596 -0.048090
v 0.072901 0.225018 -0.045878
v 0.071902 0.224004 -0.043090
v 0.071557 0.223655 -0.040000
v 0.071557 0.223655 0.040000
v 0.071902 0.224004 0.043090
v 0.072901 0.225018 0.045878
v 0.074459 0.226596 0.048090
v 0.076421 0.228585 0.049511
v 0.078596 0.230790 0.050000
v 0.068664 0.239346 -0.050000
v 0.066805 0.236869 -0.049511
v 0.065127 0.234635 -0.048090
v 0.063796 0.232861 -0.045878
v 0.062942 0.231723 -0.043090
v 0.062647 0.231330 -0.040000
v 0.062647 0.231330 0.040000
v 0.062942 0.231723 0.043090
v 0.063796 0.232861 0.045878
v 0.065127 0.234635 0.048090
v 0.066805 0.236869 0.049511
v 0.068664 0.239346 0.050000
v 0.057554 0.246572 -0.050000
v 0.056042 0.243870 -0.049511
v 0.054678 0.241432 -0.048090
v 0.053595 0.239497 -0.045878
v 0.052900 0.238255 -0.043090
v 0.052660 0.237827 -0.040000
v 0.052660 0.237827 0.040000
v 0.052900 0.238255 0.043090
v 0.053595 0.239497 0.045878
v 0.054678 0.241432 0.048090
v 0.056042 0.243870 0.049511
v 0.057554 0.246572 0.050000
v 0.045362 0.252368 -0.050000
v 0.044218 0.249490 -0.049511
v 0.043186 0.246894 -0.048090
v 0.042367 0.244834 -0.045878
v 0.041842 0.243511 -0.043090
v 0.041660 0.243055 -0.040000
v 0.041660 0.243055 0.040000
v 0.041842 0.243511 0.043090
v 0.042367 0.244834 0.045878
v 0.043186 0.246894 0.048090
v 0.044218 0.249490 0.049511
v 0.045362 0.252368 0.050000
v 0.032180 0.256633 -0.050000
v 0.031417 0.253632 -0.049511
v 0.030729 0.250924 -0.048090
v 0.030183 0.248776 -0.045878
v 0.029832 0.247396 -0.043090
v 0.029711 0.246921 -0.040000
v 0.029711 0.246921 0.040000
v 0.029832 0.247396 0.043090
v 0.030183 0.248776 0.045878
v 0.030729 0.250924 0.048090
v 0.031417 0.253632 0.049511
v 0.032180 0.256633 0.050000
v 0.018101 0.259265 -0.050000
v 0.017723 0.256192 -0.049511
v 0.017381 0.253420 -0.048090
v 0.017110 0.251220 -0.045878
v 0.016936 0.249808 -0.043090
v 0.016876 0.249321 -0.040000
v 0.016876 0.249321 0.040000
v 0.016936 0.249808 0.043090
v 0.017110 0.251220 0.045878
v 0.017381 0.253420 0.048090
v 0.017723 0.256192 0.049511
v 0.018101 0.259265 0.050000
v 0.003221 0.260165 -0.050000
v 0.003208 0.257070 -0.049511
v 0.003196 0.254278 -0.048090
v 0.003187 0.252062 -0.045878
v 0.003181 0.250640 -0.043090
v 0.003179 0.250149 -0.040000
v 0.003179 0.250149 0.040000
v 0.003181 0.250640 0.043090
v 0.003187 0.252062 0.045878
v 0.003196 0.254278 0.048090
v 0.003208 0.257070 0.049511
v 0.003221 0.260165 0.050000
v -0.017725 -0.038738 -0.050000
v -0.017405 -0.041816 -0.049511
v -0.017117 -0.044593 -0.048090
v -0.016888 -0.046796 -0.045878
v -0.016741 -0.048211 -0.043090
v -0.016690 -0.048698 -0.040000
v -0.016690 -0.048698 0.040000
v -0.016741 -0.048211 0.043090
v -0.016888 -0.046796 0.045878
v -0.017117 -0.044593 0.048090
v -0.017405 -0.041816 0.049511
v -0.017725 -0.038738 0.050000
v -0.034510 -0.041391 -0.050000
v -0.033853 -0.044415 -0.049511
v -0.033261 -0.047144 -0.048090
v -0.032791 -0.049309 -0.045878
v -0.032489 -0.050700 -0.043090
v -0.032385 -0.051179 -0.040000
v -0.032385 -0.051179 0.040000
v -0.032489 -0.050700 0.043090
v -0.032791 -0.049309 0.045878
v -0.033261 -0.047144 0.048090
v -0.033853 -0.044415 0.049511
v -0.034510 -0.041391 0.050000
v -0.050060 -0.045710 -0.050000
v -0.049051 -0.048637 -0.049511
v -0.048141 -0.051277 -0.048090
v -0.047418 -0.053373 -0.045878
v -0.046954 -0.054718 -0.043090
v -0.046795 -0.055182 -0.040000
v -0.046795 -0.055182 0.040000
v -0.046954 -0.054718 0.043090
v -0.047418 -0.053373 0.045878
v -0.048141 -0.051277 0.048090
v -0.049051 -0.048637 0.049511
v -0.050060 -0.045710 0.050000
v -0.064297 -0.051613 -0.050000
v -0.062928 -0.054391 -0.049511
v -0.061694 -0.056896 -0.048090
v -0.060714 -0.058885 -0.045878
v -0.060085 -0.060162 -0.043090
v -0.059868 -0.060602 -0.040000
v -0.059868 -0.060602 0.040000
v -0.060085 -0.060162 0.043090
v -0.060714 -0.058885 0.045878
v -0.061694 -0.056896 0.048090
v -0.062928 -0.054391 0.049511
v -0.064297 -0.051613 0.050000
v -0.077146 -0.059016 -0.050000
v -0.075420 -0.061588 -0.049511
v -0.073863 -0.063908 -0.048090
v -0.072628 -0.065749 -0.045878
v -0.071835 -0.066932 -0.043090
v -0.071562 -0.067339 -0.040000
v -0.071562 -0.067339 0.040000
v -0.071835 -0.066932 0.043090
v -0.072628 -0.065749 0.045878
v -0.073863 -0.063908 0.048090
v -0.075420 -0.061588 0.049511
v -0.077146 -0.059016 0.050000
v -0.088529 -0.067835 -0.050000
v -0.086463 -0.070143 -0.049511
v -0.084599 -0.072226 -0.048090
v -0.083120 -0.073878 -0.045878
v -0.082170 -0.074939 -0.043090
v -0.081843 -0.075305 -0.040000
v -0.081843 -0.075305 0.040000
v -0.082170 -0.074939 0.043090
v -0.083120 -0.073878 0.045878
v -0.084599 -0.072226 0.048090
v -0.086463 -0.070143 0.049511
v -0.088529 -0.067835 0.050000
v -0.098370 -0.077988 -0.050000
v -0.095995 -0.079977 -0.049511
v -0.093853 -0.081772 -0.048090
v -0.092152 -0.083197 -0.045878
v -0.091060 -0.084111 -0.043090
v -0.090685 -0.084426 -0.040000
v -0.090685 -0.084426 0.040000
v -0.091060 -0.084111 0.043090
v -0.092152 -0.083197 0.045878
v -0.093853 -0.081772 0.048090
v -0.095995 -0.079977 0.049511
v -0.098370 -0.077988 0.050000
v -0.106594 -0.089391 -0.050000
v -0.103956 -0.091015 -0.049511
v -0.101576 -0.092481 -0.048090
v -0.099687 -0.093644 -0.045878
v -0.098474 -0.094391 -0.043090
v -0.098056 -0.094648 -0.040000
v -0.098056 -0.094648 0.040000
v -0.098474 -0.094391 0.043090
v -0.099687 -0.093644 0.045878
v -0.101576 -0.092481 0.048090
v -0.103956 -0.091015 0.049511
v -0.106594 -0.089391 0.050000
v -0.113123 -0.101960 -0.050000
v -0.110278 -0.103187 -0.049511
v -0.107712 -0.104294 -0.048090
v -0.105675 -0.105172 -0.045878
v -0.104367 -0.105736 -0.043090
v -0.103916 -0.105931 -0.040000
v -0.103916 -0.105931 0.040000
v -0.104367 -0.105736 0.043090
v -0.105675 -0.105172 0.045878
v -0.107712 -0.104294 0.048090
v -0.110278 -0.103187 0.049511
v -0.113123 -0.101960 0.050000
v -0.117881 -0.115613 -0.050000
v -0.114892 -0.116426 -0.049511
v -0.112195 -0.117160 -0.048090
v -0.110055 -0.117742 -0.045878
v -0.108682 -0.118116 -0.043090
v -0.108208 -0.118245 -0.040000
v -0.108208 -0.118245 0.040000
v -0.108682 -0.118116 0.043090
v -0.110055 -0.117742 0.045878
v -0.112195 -0.117160 0.048090
v -0.114892 -0.116426 0.049511
v -0.117881 -0.115613 0.050000
v -0.120792 -0.130266 -0.050000
v -0.117721 -0.130666 -0.049511
v -0.114950 -0.131028 -0.048090
v -0.112752 -0.131314 -0.045878
v -0.111340 -0.131498 -0.043090
v -0.110854 -0.131562 -0.040000
v -0.110854 -0.131562 0.040000
v -0.111340 -0.131498 0.043090
v -0.112752 -0.131314 0.045878
v -0.114950 -0.131028 0.048090
v -0.117721 -0.130666 0.049511
v -0.120792 -0.130266 0.050000
v -0.121779 -0.145835 -0.050000
v -0.118682 -0.145830 -0.049511
v -0.115888 -0.145825 -0.048090
v -0.113672 -0.145822 -0.045878
v -0.112248 -0.145820 -0.043090
v -0.111758 -0.145819 -0.040000
v -0.111758 -0.145819 0.040000
v -0.112248 -0.145820 0.043090
v -0.113672 -0.145822 0.045878
v -0.115888 -0.145825 0.048090
v -0.118682 -0.145830 0.049511
v -0.121779 -0.145835 0.050000
v -0.120755 -0.161194 -0.050000
v -0.117686 -0.160777 -0.049511
v -0.114917 -0.160400 -0.048090
v -0.112720 -0.160101 -0.045878
v -0.111309 -0.159909 -0.043090
v -0.110823 -0.159842 -0.040000
v -0.110823 -0.159842 0.040000
v -0.111309 -0.159909 0.043090
v -0.112720 -0.160101 0.045878
v -0.114917 -0.160400 0.048090
v -0.117686 -0.160777 0.049511
v -0.120755 -0.161194 0.050000
v -0.117751 -0.175710 -0.050000
v -0.114770 -0.174870 -0.049511
v -0.112079 -0.174113 -0.048090
v -0.109945 -0.173512 -0.045878
v -0.108574 -0.173126 -0.043090
v -0.108102 -0.172993 -0.040000
v -0.108102 -0.172993 0.040000
v -0.108574 -0.173126 0.043090
v -0.109945 -0.173512 0.045878
v -0.112079 -0.174113 0.048090
v -0.114770 -0.174870 0.049511
v -0.117751 -0.175710 0.050000
v -0.112873 -0.189288 -0.050000
v -0.110039 -0.188036 -0.049511
v -0.107483 -0.186906 -0.048090
v -0.105454 -0.186010 -0.045878
v -0.104152 -0.185434 -0.043090
v -0.103703 -0.185236 -0.040000
v -0.103703 -0.185236 0.040000
v -0.104152 -0.185434 0.043090
v -0.105454 -0.186010 0.045878
v -0.107483 -0.186906 0.048090
v -0.110039 -0.188036 0.049511
v -0.112873 -0.189288 0.050000
v -0.106223 -0.201835 -0.050000
v -0.103596 -0.200194 -0.049511
v -0.101226 -0.198713 -0.048090
v -0.099345 -0.197538 -0.045878
v -0.098137 -0.196784 -0.043090
v -0.097720 -0.196524 -0.040000
v -0.097720 -0.196524 0.040000
v -0.098137 -0.196784 0.043090
v -0.099345 -0.197538 0.045878
v -0.101226 -0.198713 0.048090
v -0.103596 -0.200194 0.049511
v -0.106223 -0.201835 0.050000
v -0.097907 -0.213257 -0.050000
v -0.095537 -0.211263 -0.049511
v -0.093398 -0.209464 -0.048090
v -0.091701 -0.208037 -0.045878
v -0.090611 -0.207120 -0.043090
v -0.090236 -0.206804 -0.040000
v -0.090236 -0.206804 0.040000
v -0.090611 -0.207120 0.043090
v -0.091701 -0.208037 0.045878
v -0.093398 -0.209464 0.048090
v -0.095537 -0.211263 0.049511
v -0.097907 -0.213257 0.050000
v -0.088029 -0.223460 -0.050000
v -0.085955 -0.221159 -0.049511
v -0.084085 -0.219083 -0.048090
v -0.082601 -0.217435 -0.045878
v -0.081648 -0.216377 -0.043090
v -0.081320 -0.216013 -0.040000
v -0.081320 -0.216013 0.040000
v -0.081648 -0.216377 0.043090
v -0.082601 -0.217435 0.045878
v -0.084085 -0.219083 0.048090
v -0.085955 -0.221159 0.049511
v -0.088029 -0.223460 0.050000
v -0.076692 -0.232351 -0.050000
v -0.074946 -0.229793 -0.049511
v -0.073371 -0.227485 -0.048090
v -0.072121 -0.225654 -0.045878
v -0.071318 -0.224478 -0.043090
v -0.071042 -0.224073 -0.040000
v -0.071042 -0.224073 0.040000
v -0.071318 -0.224478 0.043090
v -0.072121 -0.225654 0.045878
v -0.073371 -0.227485 0.048090
v -0.074946 -0.229793 0.049511
v -0.076692 -0.232351 0.050000
v -0.064001 -0.239835 -0.050000
v -0.062601 -0.237073 -0.049511
v -0.061338 -0.234582 -0.048090
v -0.060335 -0.232604 -0.045878
v -0.059692 -0.231335 -0.043090
v -0.059470 -0.230897 -0.040000
v -0.059470 -0.230897 0.040000
v -0.059692 -0.231335 0.043090
v -0.060335 -0.232604 0.045878
v -0.061338 -0.234582 0.048090
v -0.062601 -0.237073 0.049511
v -0.064001 -0.239835 0.050000
v -0.050060 -0.245819 -0.050000
v -0.049015 -0.242905 -0.049511
v -0.048072 -0.240276 -0.048090
v -0.047324 -0.238190 -0.045878
v -0.046843 -0.236850 -0.043090
v -0.046678 -0.236389 -0.040000
v -0.046678 -0.236389 0.040000
v -0.046843 -0.236850 0.043090
v -0.047324 -0.238190 0.045878
v -0.048072 -0.240276 0.048090
v -0.049015 -0.242905 0.049511
v -0.050060 -0.245819 0.050000
v -0.034973 -0.250210 -0.050000
v -0.034284 -0.247192 -0.049511
v -0.033662 -0.244470 -0.048090
v -0.033168 -0.242310 -0.045878
v -0.032852 -0.240922 -0.043090
v -0.032742 -0.240444 -0.040000
v -0.032742 -0.240444 0.040000
v -0.032852 -0.240922 0.043090
v -0.033168 -0.242310 0.045878
v -0.033662 -0.244470 0.048090
v -0.034284 -0.247192 0.049511
v -0.034973 -0.250210 0.050000
v -0.018845 -0.252913 -0.050000
v -0.018505 -0.249837 -0.049511
v -0.018199 -0.247062 -0.048090
v -0.017955 -0.244859 -0.045878
v -0.017799 -0.243445 -0.043090
v -0.017745 -0.242958 -0.040000
v -0.017745 -0.242958 0.040000
v -0.017799 -0.243445 0.043090
v -0.017955 -0.244859 0.045878
v -0.018199 -0.247062 0.048090
v -0.018505 -0.249837 0.049511
v -0.018845 -0.252913 0.050000
v -0.001779 -0.253835 -0.050000
v -0.001780 -0.250740 -0.049511
v -0.001781 -0.247948 -0.048090
v -0.001782 -0.245733 -0.045878
v -0.001782 -0.244310 -0.043090
v -0.001782 -0.243820 -0.040000
v -0.001782 -0.243820 0.040000
v -0.001782 -0.244310 0.043090
v -0.001782 -0.245733 0.045878
v -0.001781 -0.247948 0.048090
v -0.001780 -0.250740 0.049511
v -0.001779 -0.253835 0.050000
v 0.017178 -0.252799 -0.050000
v 0.016829 -0.249723 -0.049511
v 0.016514 -0.246948 -0.048090
v 0.016265 -0.244746 -0.045878
v 0.016104 -0.243332 -0.043090
v 0.016049 -0.242845 -0.040000
v 0.016049 -0.242845 0.040000
v 0.016104 -0.243332 0.043090
v 0.016265 -0.244746 0.045878
v 0.016514 -0.246948 0.048090
v 0.016829 -0.249723 0.049511
v 0.017178 -0.252799 0.050000
v 0.034541 -0.249793 -0.050000
v 0.033823 -0.246781 -0.049511
v 0.033176 -0.244064 -0.048090
v 0.032662 -0.241908 -0.045878
v 0.032331 -0.240524 -0.043090
v 0.032218 -0.240047 -0.040000
v 0.032218 -0.240047 0.040000
v 0.032331 -0.240524 0.043090
v 0.032662 -0.241908 0.045878
v 0.033176 -0.244064 0.048090
v 0.033823 -0.246781 0.049511
v 0.034541 -0.249793 0.050000
v 0.050300 -0.244976 -0.050000
v 0.049200 -0.242080 -0.049511
v 0.048208 -0.239469 -0.048090
v 0.047421 -0.237396 -0.045878
v 0.046916 -0.236065 -0.043090
v 0.046742 -0.235607 -0.040000
v 0.046742 -0.235607 0.040000
v 0.046916 -0.236065 0.043090
v 0.047421 -0.237396 0.045878
v 0.048208 -0.239469 0.048090
v 0.049200 -0.242080 0.049511
v 0.050300 -0.244976 0.050000
v 0.064444 -0.238502 -0.050000
v 0.062964 -0.235781 -0.049511
v 0.061629 -0.233326 -0.048090
v 0.060569 -0.231378 -0.045878
v 0.059889 -0.230127 -0.043090
v 0.059654 -0.229696 -0.040000
v 0.059654 -0.229696 0.040000
v 0.059889 -0.230127 0.043090
v 0.060569 -0.231378 0.045878
v 0.061629 -0.233326 0.048090
v 0.062964 -0.235781 0.049511
v 0.064444 -0.238502 0.050000
v 0.076963 -0.230528 -0.050000
v 0.075119 -0.228038 -0.049511
v 0.073455 -0.225793 -0.048090
v 0.072135 -0.224011 -0.045878
v 0.071287 -0.222867 -0.043090
v 0.070995 -0.222472 -0.040000
v 0.070995 -0.222472 0.040000
v 0.071287 -0.222867 0.043090
v 0.072135 -0.224011 0.045878
v 0.073455 -0.225793 0.048090
v 0.075119 -0.228038 0.049511
v 0.076963 -0.230528 0.050000
v 0.087846 -0.221210 -0.050000
v 0.085671 -0.219005 -0.049511
v 0.083708 -0.217016 -0.048090
v 0.082150 -0.215437 -0.045878
v 0.081149 -0.214424 -0.043090
v 0.080805 -0.214074 -0.040000
v 0.080805 -0.214074 0.040000
v 0.081149 -0.214424 0.043090
v 0.082150 -0.215437 0.045878
v 0.083708 -0.217016 0.048090
v 0.085671 -0.219005 0.049511
v 0.087846 -0.221210 0.050000
v 0.097084 -0.210705 -0.050000
v 0.094621 -0.208827 -0.049511
v 0.092398 -0.207133 -0.048090
v 0.090635 -0.205788 -0.045878
v 0.089503 -0.204925 -0.043090
v 0.089112 -0.204627 -0.040000
v 0.089112 -0.204627 0.040000
v 0.089503 -0.204925 0.043090
v 0.090635 -0.205788 0.045878
v 0.092398 -0.207133 0.048090
v 0.094621 -0.208827 0.049511
v 0.097084 -0.210705 0.050000
v 0.104666 -0.199168 -0.050000
v 0.101968 -0.197648 -0.049511
v 0.099533 -0.196276 -0.048090
v 0.097601 -0.195188 -0.045878
v 0.096360 -0.194489 -0.043090
v 0.095933 -0.194248 -0.040000
v 0.095933 -0.194248 0.040000
v 0.096360 -0.194489 0.043090
v 0.097601 -0.195188 0.045878
v 0.099533 -0.196276 0.048090
v 0.101968 -0.197648 0.049511
v 0.104666 -0.199168 0.050000
v 0.110581 -0.186757 -0.050000
v 0.107703 -0.185613 -0.049511
v 0.105107 -0.184580 -0.048090
v 0.103047 -0.183761 -0.045878
v 0.101723 -0.183235 -0.043090
v 0.101268 -0.183054 -0.040000
v 0.101268 -0.183054 0.040000
v 0.101723 -0.183235 0.043090
v 0.103047 -0.183761 0.045878
v 0.105107 -0.184580 0.048090
v 0.107703 -0.185613 0.049511
v 0.110581 -0.186757 0.050000
v 0.114818 -0.173627 -0.050000
v 0.111817 -0.172866 -0.049511
v 0.109109 -0.172180 -0.048090
v 0.106960 -0.171635 -0.045878
v 0.105580 -0.171286 -0.043090
v 0.105105 -0.171165 -0.040000
v 0.105105 -0.171165 0.040000
v 0.105580 -0.171286 0.043090
v 0.106960 -0.171635 0.045878
v 0.109109 -0.172180 0.048090
v 0.111817 -0.172866 0.049511
v 0.114818 -0.173627 0.050000
v 0.117368 -0.159934 -0.050000
v 0.114295 -0.159556 -0.049511
v 0.111523 -0.159216 -0.048090
v 0.109323 -0.158945 -0.045878
v 0.107911 -0.158772 -0.043090
v 0.107424 -0.158712 -0.040000
v 0.107424 -0.158712 0.040000
v 0.107911 -0.158772 0.043090
v 0.109323 -0.158945 0.045878
v 0.111523 -0.159216 0.048090
v 0.114295 -0.159556 0.049511
v 0.117368 -0.159934 0.050000
v 0.118221 -0.145835 -0.050000
v 0.115124 -0.145844 -0.049511
v 0.112332 -0.145852 -0.048090
v 0.110115 -0.145858 -0.045878
v 0.108691 -0.145863 -0.043090
v 0.108201 -0.145864 -0.040000
v 0.108201 -0.145864 0.040000
v 0.108691 -0.145863 0.043090
v 0.110115 -0.145858 0.045878
v 0.112332 -0.145852 0.048090
v 0.115124 -0.145844 0.049511
v 0.118221 -0.145835 0.050000
v 0.117217 -0.130686 -0.050000
v 0.114147 -0.131100 -0.049511
v 0.111378 -0.131473 -0.048090
v 0.109181 -0.131770 -0.045878
v 0.107770 -0.131960 -0.043090
v 0.107284 -0.132026 -0.040000
v 0.107284 -0.132026 0.040000
v 0.107770 -0.131960 0.043090
v 0.109181 -0.131770 0.045878
v 0.111378 -0.131473 0.048090
v 0.114147 -0.131100 0.049511
v 0.117217 -0.130686 0.050000
v 0.114272 -0.116307 -0.050000
v 0.111287 -0.117137 -0.049511
v 0.108596 -0.117886 -0.048090
v 0.106459 -0.118480 -0.045878
v 0.105087 -0.118862 -0.043090
v 0.104614 -0.118993 -0.040000
v 0.104614 -0.118993 0.040000
v 0.105087 -0.118862 0.043090
v 0.106459 -0.118480 0.045878
v 0.108596 -0.117886 0.048090
v 0.111287 -0.117137 0.049511
v 0.114272 -0.116307 0.050000
v 0.109487 -0.102804 -0.050000
v 0.106646 -0.104040 -0.049511
v 0.104084 -0.105155 -0.048090
v 0.102050 -0.106040 -0.045878
v 0.100745 -0.106608 -0.043090
v 0.100295 -0.106803 -0.040000
v 0.100295 -0.106803 0.040000
v 0.100745 -0.106608 0.043090
v 0.102050 -0.106040 0.045878
v 0.104084 -0.105155 0.048090
v 0.106646 -0.104040 0.049511
v 0.109487 -0.102804 0.050000
v 0.102962 -0.090279 -0.050000
v 0.100321 -0.091899 -0.049511
v 0.097939 -0.093359 -0.048090
v 0.096048 -0.094519 -0.045878
v 0.094834 -0.095263 -0.043090
v 0.094416 -0.095519 -0.040000
v 0.094416 -0.095519 0.040000
v 0.094834 -0.095263 0.043090
v 0.096048 -0.094519 0.045878
v 0.097939 -0.093359 0.048090
v 0.100321 -0.091899 0.049511
v 0.102962 -0.090279 0.050000
v 0.094798 -0.078838 -0.050000
v 0.092406 -0.080807 -0.049511
v 0.090249 -0.082583 -0.048090
v 0.088537 -0.083993 -0.045878
v 0.087438 -0.084898 -0.043090
v 0.087059 -0.085209 -0.040000
v 0.087059 -0.085209 0.040000
v 0.087438 -0.084898 0.043090
v 0.088537 -0.083993 0.045878
v 0.090249 -0.082583 0.048090
v 0.092406 -0.080807 0.049511
v 0.094798 -0.078838 0.050000
v 0.085096 -0.068585 -0.050000
v 0.082996 -0.070861 -0.049511
v 0.081101 -0.072915 -0.048090
v 0.079597 -0.074544 -0.045878
v 0.078632 -0.075590 -0.043090
v 0.078299 -0.075951 -0.040000
v 0.078299 -0.075951 0.040000
v 0.078632 -0.075590 0.043090
v 0.079597 -0.074544 0.045878
v 0.081101 -0.072915 0.048090
v 0.082996 -0.070861 0.049511
v 0.085096 -0.068585 0.050000
v 0.073957 -0.059623 -0.050000
v 0.072179 -0.062159 -0.049511
v 0.070576 -0.064447 -0.048090
v 0.069303 -0.066263 -0.045878
v 0.068486 -0.067428 -0.043090
v 0.068205 -0.067830 -0.040000
v 0.068205 -0.067830 0.040000
v 0.068486 -0.067428 0.043090
v 0.069303 -0.066263 0.045878
v 0.070576 -0.064447 0.048090
v 0.072179 -0.062159 0.049511
v 0.073957 -0.059623 0.050000
v 0.061480 -0.052057 -0.050000
v 0.060048 -0.054803 -0.049511
v 0.058756 -0.057279 -0.048090
v 0.057731 -0.059245 -0.045878
v 0.057072 -0.060507 -0.043090
v 0.056846 -0.060942 -0.040000
v 0.056846 -0.060942 0.040000
v 0.057072 -0.060507 0.043090
v 0.057731 -0.059245 0.045878
v 0.058756 -0.057279 0.048090
v 0.060048 -0.054803 0.049511
v 0.061480 -0.052057 0.050000
v 0.047768 -0.045991 -0.050000
v 0.046694 -0.048895 -0.049511
v 0.045725 -0.051515 -0.048090
v 0.044956 -0.053594 -0.045878
v 0.044463 -0.054929 -0.043090
v 0.044293 -0.055389 -0.040000
v 0.044293 -0.055389 0.040000
v 0.044463 -0.054929 0.043090
v 0.044956 -0.053594 0.045878
v 0.045725 -0.051515 0.048090
v 0.046694 -0.048895 0.049511
v 0.047768 -0.045991 0.050000
v 0.032920 -0.041529 -0.050000
v 0.032209 -0.044542 -0.049511
v 0.031567 -0.047260 -0.048090
v 0.031058 -0.049418 -0.045878
v 0.030731 -0.050802 -0.043090
v 0.030619 -0.051280 -0.040000
v 0.030619 -0.051280 0.040000
v 0.030731 -0.050802 0.043090
v 0.031058 -0.049418 0.045878
v 0.031567 -0.047260 0.048090
v 0.032209 -0.044542 0.049511
v 0.032920 -0.041529 0.050000
v 0.017038 -0.038776 -0.050000
v 0.016686 -0.041851 -0.049511
v 0.016369 -0.044626 -0.048090
v 0.016118 -0.046827 -0.045878
v 0.015956 -0.048241 -0.043090
v 0.015900 -0.048728 -0.040000
v 0.015900 -0.048728 0.040000
v 0.015956 -0.048241 0.043090
v 0.016118 -0.046827 0.045878
v 0.016369 -0.044626 0.048090
v 0.016686 -0.041851 0.049511
v 0.017038 -0.038776 0.050000
v 0.000221 -0.037835 -0.050000
v 0.000212 -0.040930 -0.049511
v 0.000204 -0.043721 -0.048090
v 0.000198 -0.045937 -0.045878
v 0.000194 -0.047359 -0.043090
v 0.000193 -0.047849 -0.040000
v 0.000193 -0.047849 0.040000
v 0.000194 -0.047359 0.043090
v 0.000198 -0.045937 0.045878
v 0.000204 -0.043721 0.048090
v 0.000212 -0.040930 0.049511
v 0.000221 -0.037835 0.050000
vn -0.0000 -0.0000 1.0000
vn -0.0000 -0.0000 -1.0000
vn -0.0360 -0.3117 -0.9495
vn -0.0722 -0.3055 -0.9495
vn -0.0359 -0.1519 -0.9878
vn -0.0179 -0.1550 -0.9878
vn -0.0679 -0.5870 -0.8067
vn -0.1359 -0.5752 -0.8067
vn -0.0931 -0.8052 -0.5857
vn -0.1863 -0.7888 -0.5857
vn -0.1092 -0.9452 -0.3077
vn -0.2187 -0.9260 -0.3077
vn -0.1145 -0.9903 -0.0784
vn -0.2292 -0.9702 -0.0783
vn -0.1145 -0.9903 0.0784
vn -0.2292 -0.9702 0.0783
vn -0.1092 -0.9452 0.3077
vn -0.2187 -0.9260 0.3077
vn -0.0931 -0.8052 0.5857
vn -0.1863 -0.7888 0.5857
vn -0.0679 -0.5870 0.8067
vn -0.1359 -0.5752 0.8067
vn -0.0360 -0.3117 0.9495
vn -0.0722 -0.3055 0.9495
vn -0.0179 -0.1550 0.9878
vn -0.0359 -0.1519 0.9878
vn -0.1079 -0.2948 -0.9494
vn -0.0536 -0.1465 -0.9878
vn -0.2031 -0.5550 -0.8067
vn -0.2786 -0.7612 -0.5856
vn -0.3270 -0.8935 -0.3077
vn -0.3426 -0.9362 -0.0783
vn -0.3426 -0.9362 0.0783
vn -0.3270 -0.8935 0.3077
vn -0.2786 -0.7612 0.5856
vn -0.2031 -0.5550 0.8067
vn -0.1079 -0.2948 0.9494
vn -0.0536 -0.1465 0.9878
vn -0.1428 -0.2797 -0.9494
vn -0.0709 -0.1390 -0.9878
vn -0.2688 -0.5264 -0.8066
vn -0.3686 -0.7220 -0.5856
vn -0.4327 -0.8474 -0.3076
vn -0.4533 -0.8879 -0.0784
vn -0.4533 -0.8879 0.0784
vn -0.4327 -0.8474 0.3076
vn -0.3686 -0.7220 0.5856
vn -0.2688 -0.5264 0.8066
vn -0.1428 -0.2797 0.9494
vn -0.0709 -0.1390 0.9878
vn -0.1764 -0.2600 -0.9494
vn -0.0876 -0.1291 -0.9878
vn -0.3319 -0.4892 -0.8066
vn -0.4552 -0.6708 -0.5855
vn -0.5342 -0.7874 -0.3077
vn -0.5597 -0.8250 -0.0784
vn -0.5597 -0.8250 0.0784
vn -0.5342 -0.7874 0.3077
vn -0.4552 -0.6708 0.5855
vn -0.3319 -0.4892 0.8066
vn -0.1764 -0.2600 0.9494
vn -0.0876 -0.1291 0.9878
vn -0.2081 -0.2355 -0.9493
vn -0.1033 -0.1169 -0.9878
vn -0.3915 -0.4430 -0.8065
vn -0.5369 -0.6074 -0.5855
vn -0.6301 -0.7129 -0.3077
vn -0.6602 -0.7470 -0.0785
vn -0.6602 -0.7470 0.0785
vn -0.6301 -0.7129 0.3077
vn -0.5369 -0.6074 0.5855
vn -0.3915 -0.4430 0.8065
vn -0.2081 -0.2355 0.9493
vn -0.1033 -0.1169 0.9878
vn -0.2374 -0.2062 -0.9493
vn -0.1177 -0.1023 -0.9878
vn -0.4464 -0.3878 -0.8065
vn -0.6121 -0.5316 -0.5854
vn -0.7184 -0.6240 -0.3076
vn -0.7526 -0.6537 -0.0784
vn -0.7526 -0.6537 0.0784
vn -0.7184 -0.6240 0.3076
vn -0.6121 -0.5316 0.5854
vn -0.4464 -0.3878 0.8065
vn -0.2374 -0.2062 0.9493
vn -0.1177 -0.1023 0.9878
vn -0.2634 -0.1721 -0.9492
vn -0.1305 -0.0853 -0.9878
vn -0.4950 -0.3236 -0.8064
vn -0.6786 -0.4436 -0.5854
vn -0.7965 -0.5206 -0.3076
vn -0.8345 -0.5454 -0.0784
vn -0.8345 -0.5454 0.0784
vn -0.7965 -0.5206 0.3076
vn -0.6786 -0.4436 0.5854
vn -0.4950 -0.3236 0.8064
vn -0.2634 -0.1721 0.9492
vn -0.1305 -0.0853 0.9878
vn -0.2850 -0.1336 -0.9492
vn -0.1412 -0.0662 -0.9878
vn -0.5356 -0.2510 -0.8063
vn -0.7342 -0.3441 -0.5853
vn -0.8616 -0.4038 -0.3075
vn -0.9027 -0.4230 -0.0784
vn -0.9027 -0.4230 0.0784
vn -0.8616 -0.4038 0.3075
vn -0.7342 -0.3441 0.5853
vn -0.5356 -0.2510 0.8063
vn -0.2850 -0.1336 0.9492
vn -0.1412 -0.0662 0.9878
vn -0.3014 -0.0912 -0.9491
vn -0.1492 -0.0452 -0.9878
vn -0.5662 -0.1713 -0.8063
vn -0.7760 -0.2348 -0.5853
vn -0.9108 -0.2756 -0.3075
vn -0.9542 -0.2887 -0.0783
vn -0.9542 -0.2887 0.0783
vn -0.9108 -0.2756 0.3075
vn -0.7760 -0.2348 0.5853
vn -0.5662 -0.1713 0.8063
vn -0.3014 -0.0912 0.9491
vn -0.1492 -0.0452 0.9878
vn -0.3115 -0.0461 -0.9491
vn -0.1542 -0.0228 -0.9878
vn -0.5852 -0.0867 -0.8062
vn -0.8020 -0.1188 -0.5854
vn -0.9413 -0.1394 -0.3075
vn -0.9862 -0.1461 -0.0783
vn -0.9862 -0.1461 0.0783
vn -0.9413 -0.1394 0.3075
vn -0.8020 -0.1188 0.5854
vn -0.5852 -0.0867 0.8062
vn -0.3115 -0.0461 0.9491
vn -0.1542 -0.0228 0.9878
vn -0.3136 -0.0056 -0.9495
vn -0.1560 -0.0028 -0.9877
vn -0.5908 -0.0105 -0.8068
vn -0.8104 -0.0143 -0.5858
vn -0.9513 -0.0168 -0.3078
vn -0.9968 -0.0176 -0.0784
vn -0.9968 -0.0176 0.0784
vn -0.9513 -0.0168 0.3078
vn -0.8104 -0.0143 0.5858
vn -0.5908 -0.0105 0.8068
vn -0.3136 -0.0056 0.9495
vn -0.1560 -0.0028 0.9877
vn -0.3115 0.0244 -0.9499
vn -0.1557 0.0122 -0.9877
vn -0.5884 0.0461 -0.8073
vn -0.8077 0.0633 -0.5861
vn -0.9484 0.0743 -0.3081
vn -0.9939 0.0779 -0.0784
vn -0.9939 0.0779 0.0784
vn -0.9484 0.0743 0.3081
vn -0.8077 0.0633 0.5861
vn -0.5884 0.0461 0.8073
vn -0.3115 0.0244 0.9499
vn -0.1557 0.0122 0.9877
vn -0.3086 0.0504 -0.9499
vn -0.1541 0.0252 -0.9877
vn -0.5826 0.0952 -0.8072
vn -0.7997 0.1306 -0.5861
vn -0.9389 0.1534 -0.3080
vn -0.9839 0.1607 -0.0784
vn -0.9839 0.1607 0.0784
vn -0.9389 0.1534 0.3080
vn -0.7997 0.1306 0.5861
vn -0.5826 0.0952 0.8072
vn -0.3086 0.0504 0.9499
vn -0.1541 0.0252 0.9877
vn -0.3031 0.0778 -0.9498
vn -0.1512 0.0388 -0.9877
vn -0.5719 0.1467 -0.8071
vn -0.7849 0.2014 -0.5860
vn -0.9215 0.2364 -0.3080
vn -0.9656 0.2478 -0.0784
vn -0.9656 0.2478 0.0784
vn -0.9215 0.2364 0.3080
vn -0.7849 0.2014 0.5860
vn -0.5719 0.1467 0.8071
vn -0.3031 0.0778 0.9498
vn -0.1512 0.0388 0.9877
vn -0.2946 0.1058 -0.9497
vn -0.1469 0.0528 -0.9877
vn -0.5558 0.1996 -0.8070
vn -0.7627 0.2739 -0.5859
vn -0.8954 0.3216 -0.3079
vn -0.9382 0.3370 -0.0784
vn -0.9382 0.3370 0.0784
vn -0.8954 0.3216 0.3079
vn -0.7627 0.2739 0.5859
vn -0.5558 0.1996 0.8070
vn -0.2946 0.1058 0.9497
vn -0.1469 0.0528 0.9877
vn -0.2831 0.1337 -0.9497
vn -0.1412 0.0667 -0.9877
vn -0.5340 0.2522 -0.8070
vn -0.7328 0.3460 -0.5859
vn -0.8603 0.4062 -0.3079
vn -0.9015 0.4257 -0.0783
vn -0.9015 0.4257 0.0783
vn -0.8603 0.4062 0.3079
vn -0.7328 0.3460 0.5859
vn -0.5340 0.2522 0.8070
vn -0.2831 0.1337 0.9497
vn -0.1412 0.0667 0.9877
vn -0.2688 0.1605 -0.9497
vn -0.1341 0.0800 -0.9877
vn -0.5071 0.3027 -0.8070
vn -0.6958 0.4154 -0.5860
vn -0.8169 0.4877 -0.3079
vn -0.8560 0.5110 -0.0783
vn -0.8560 0.5110 0.0783
vn -0.8169 0.4877 0.3079
vn -0.6958 0.4154 0.5860
vn -0.5071 0.3027 0.8070
vn -0.2688 0.1605 0.9497
vn -0.1341 0.0800 0.9877
vn -0.2521 0.1854 -0.9498
vn -0.1258 0.0925 -0.9877
vn -0.4757 0.3498 -0.8070
vn -0.6529 0.4800 -0.5860
vn -0.7665 0.5636 -0.3079
vn -0.8032 0.5905 -0.0783
vn -0.8032 0.5905 0.0783
vn -0.7665 0.5636 0.3079
vn -0.6529 0.4800 0.5860
vn -0.4757 0.3498 0.8070
vn -0.2521 0.1854 0.9498
vn -0.1258 0.0925 0.9877
vn -0.2338 0.2078 -0.9498
vn -0.1167 0.1037 -0.9877
vn -0.4413 0.3922 -0.8071
vn -0.6057 0.5383 -0.5860
vn -0.7111 0.6320 -0.3079
vn -0.7452 0.6623 -0.0784
vn -0.7452 0.6623 0.0784
vn -0.7111 0.6320 0.3079
vn -0.6057 0.5383 0.5860
vn -0.4413 0.3922 0.8071
vn -0.2338 0.2078 0.9498
vn -0.1167 0.1037 0.9877
vn -0.2145 0.2274 -0.9499
vn -0.1072 0.1136 -0.9877
vn -0.4050 0.4293 -0.8072
vn -0.5560 0.5893 -0.5861
vn -0.6529 0.6920 -0.3080
vn -0.6842 0.7251 -0.0784
vn -0.6842 0.7251 0.0784
vn -0.6529 0.6920 0.3080
vn -0.5560 0.5893 0.5861
vn -0.4050 0.4293 0.8072
vn -0.2145 0.2274 0.9499
vn -0.1072 0.1136 0.9877
vn -0.1950 0.2440 -0.9500
vn -0.0975 0.1220 -0.9877
vn -0.3684 0.4609 -0.8073
vn -0.5058 0.6328 -0.5862
vn -0.5940 0.7431 -0.3081
vn -0.6224 0.7787 -0.0784
vn -0.6224 0.7787 0.0784
vn -0.5940 0.7431 0.3081
vn -0.5058 0.6328 0.5862
vn -0.3684 0.4609 0.8073
vn -0.1950 0.2440 0.9500
vn -0.0975 0.1220 0.9877
vn -0.1759 0.2578 -0.9501
vn -0.0880 0.1290 -0.9877
vn -0.3325 0.4873 -0.8075
vn -0.4566 0.6692 -0.5863
vn -0.5362 0.7858 -0.3082
vn -0.5619 0.8235 -0.0785
vn -0.5619 0.8235 0.0785
vn -0.5362 0.7858 0.3082
vn -0.4566 0.6692 0.5863
vn -0.3325 0.4873 0.8075
vn -0.1759 0.2578 0.9501
vn -0.0880 0.1290 0.9877
vn -0.1284 0.0063 -0.9917
vn -0.0904 0.0044 -0.9959
vn -0.3291 0.0160 -0.9442
vn -0.5683 0.0277 -0.8224
vn -0.8427 0.0414 -0.5367
vn -0.9883 0.0484 -0.1447
vn -0.9883 0.0484 0.1447
vn -0.8427 0.0414 0.5367
vn -0.5683 0.0277 0.8224
vn -0.3288 0.0162 0.9443
vn -0.1284 0.0063 0.9917
vn -0.0904 0.0044 0.9959
vn -0.1995 -0.2398 -0.9501
vn -0.0999 -0.1201 -0.9877
vn -0.3772 -0.4535 -0.8075
vn -0.5180 -0.6227 -0.5864
vn -0.6085 -0.7312 -0.3083
vn -0.6377 -0.7663 -0.0784
vn -0.6377 -0.7663 0.0784
vn -0.6085 -0.7312 0.3083
vn -0.5180 -0.6227 0.5864
vn -0.3772 -0.4535 0.8075
vn -0.1995 -0.2398 0.9501
vn -0.0999 -0.1201 0.9877
vn -0.2155 -0.2257 -0.9501
vn -0.1079 -0.1130 -0.9877
vn -0.4074 -0.4266 -0.8075
vn -0.5594 -0.5859 -0.5864
vn -0.6570 -0.6880 -0.3082
vn -0.6885 -0.7210 -0.0784
vn -0.6885 -0.7210 0.0784
vn -0.6570 -0.6880 0.3082
vn -0.5594 -0.5859 0.5864
vn -0.4074 -0.4266 0.8075
vn -0.2155 -0.2257 0.9501
vn -0.1079 -0.1130 0.9877
vn -0.2310 -0.2098 -0.9500
vn -0.1156 -0.1050 -0.9877
vn -0.4367 -0.3967 -0.8075
vn -0.5996 -0.5447 -0.5863
vn -0.7042 -0.6397 -0.3081
vn -0.7379 -0.6703 -0.0784
vn -0.7379 -0.6703 0.0784
vn -0.7042 -0.6397 0.3081
vn -0.5996 -0.5447 0.5863
vn -0.4367 -0.3967 0.8075
vn -0.2310 -0.2098 0.9500
vn -0.1156 -0.1050 0.9877
vn -0.2459 -0.1923 -0.9500
vn -0.1230 -0.0962 -0.9877
vn -0.4647 -0.3634 -0.8074
vn -0.6382 -0.4991 -0.5862
vn -0.7494 -0.5861 -0.3081
vn -0.7853 -0.6141 -0.0784
vn -0.7853 -0.6141 0.0784
vn -0.7494 -0.5861 0.3081
vn -0.6382 -0.4991 0.5862
vn -0.4647 -0.3634 0.8074
vn -0.2459 -0.1923 0.9500
vn -0.1230 -0.0962 0.9877
vn -0.2600 -0.1731 -0.9500
vn -0.1300 -0.0865 -0.9877
vn -0.4912 -0.3270 -0.8074
vn -0.6744 -0.4489 -0.5862
vn -0.7919 -0.5272 -0.3080
vn -0.8298 -0.5525 -0.0784
vn -0.8298 -0.5525 0.0784
vn -0.7919 -0.5272 0.3080
vn -0.6744 -0.4489 0.5862
vn -0.4912 -0.3270 0.8074
vn -0.2600 -0.1731 0.9500
vn -0.1300 -0.0865 0.9877
vn -0.2729 -0.1521 -0.9499
vn -0.1364 -0.0760 -0.9877
vn -0.5155 -0.2873 -0.8073
vn -0.7077 -0.3944 -0.5862
vn -0.8310 -0.4632 -0.3080
vn -0.8708 -0.4853 -0.0784
vn -0.8708 -0.4853 0.0784
vn -0.8310 -0.4632 0.3080
vn -0.7077 -0.3944 0.5862
vn -0.5155 -0.2873 0.8073
vn -0.2729 -0.1521 0.9499
vn -0.1364 -0.0760 0.9877
vn -0.2844 -0.1295 -0.9499
vn -0.1421 -0.0647 -0.9877
vn -0.5371 -0.2446 -0.8073
vn -0.7374 -0.3357 -0.5862
vn -0.8658 -0.3942 -0.3081
vn -0.9073 -0.4131 -0.0784
vn -0.9073 -0.4131 0.0784
vn -0.8659 -0.3942 0.3081
vn -0.7374 -0.3357 0.5862
vn -0.5371 -0.2446 0.8073
vn -0.2844 -0.1295 0.9499
vn -0.1421 -0.0647 0.9877
vn -0.2943 -0.1054 -0.9499
vn -0.1470 -0.0527 -0.9877
vn -0.5557 -0.1990 -0.8072
vn -0.7627 -0.2732 -0.5862
vn -0.8957 -0.3208 -0.3080
vn -0.9385 -0.3362 -0.0784
vn -0.9385 -0.3362 0.0784
vn -0.8957 -0.3208 0.3080
vn -0.7627 -0.2732 0.5862
vn -0.5557 -0.1990 0.8072
vn -0.2943 -0.1054 0.9499
vn -0.1470 -0.0527 0.9877
vn -0.3022 -0.0801 -0.9499
vn -0.1509 -0.0400 -0.9877
vn -0.5706 -0.1512 -0.8072
vn -0.7832 -0.2075 -0.5862
vn -0.9196 -0.2437 -0.3080
vn -0.9637 -0.2554 -0.0783
vn -0.9637 -0.2554 0.0783
vn -0.9196 -0.2437 0.3080
vn -0.7832 -0.2075 0.5862
vn -0.5706 -0.1512 0.8072
vn -0.3022 -0.0801 0.9499
vn -0.1509 -0.0400 0.9877
vn -0.3080 -0.0538 -0.9499
vn -0.1538 -0.0269 -0.9877
vn -0.5815 -0.1016 -0.8072
vn -0.7981 -0.1395 -0.5861
vn -0.9372 -0.1638 -0.3080
vn -0.9820 -0.1716 -0.0784
vn -0.9820 -0.1716 0.0784
vn -0.9372 -0.1638 0.3080
vn -0.7981 -0.1395 0.5861
vn -0.5815 -0.1016 0.8072
vn -0.3080 -0.0538 0.9499
vn -0.1538 -0.0269 0.9877
vn -0.3115 -0.0270 -0.9499
vn -0.1556 -0.0135 -0.9877
vn -0.5881 -0.0510 -0.8072
vn -0.8072 -0.0700 -0.5861
vn -0.9478 -0.0821 -0.3080
vn -0.9932 -0.0861 -0.0784
vn -0.9932 -0.0861 0.0784
vn -0.9478 -0.0821 0.3080
vn -0.8072 -0.0700 0.5861
vn -0.5881 -0.0510 0.8072
vn -0.3115 -0.0270 0.9499
vn -0.1556 -0.0135 0.9877
vn -0.3135 0.0037 -0.9496
vn -0.1560 0.0019 -0.9877
vn -0.5908 0.0071 -0.8068
vn -0.8105 0.0097 -0.5857
vn -0.9514 0.0114 -0.3078
vn -0.9968 0.0119 -0.0784
vn -0.9968 0.0119 0.0784
vn -0.9514 0.0114 0.3078
vn -0.8105 0.0097 0.5857
vn -0.5908 0.0071 0.8068
vn -0.3135 0.0037 0.9496
vn -0.1560 0.0019 0.9877
vn -0.3116 0.0425 -0.9493
vn -0.1545 0.0211 -0.9878
vn -0.5860 0.0799 -0.8064
vn -0.8033 0.1095 -0.5854
vn -0.9428 0.1285 -0.3077
vn -0.9878 0.1346 -0.0784
vn -0.9878 0.1346 0.0784
vn -0.9428 0.1285 0.3077
vn -0.8033 0.1095 0.5854
vn -0.5860 0.0799 0.8064
vn -0.3116 0.0425 0.9493
vn -0.1545 0.0211 0.9878
vn -0.3029 0.0847 -0.9492
vn -0.1502 0.0420 -0.9878
vn -0.5696 0.1593 -0.8063
vn -0.7808 0.2184 -0.5854
vn -0.9163 0.2563 -0.3077
vn -0.9601 0.2686 -0.0784
vn -0.9601 0.2686 0.0784
vn -0.9163 0.2563 0.3077
vn -0.7808 0.2184 0.5854
vn -0.5696 0.1593 0.8063
vn -0.3029 0.0847 0.9492
vn -0.1502 0.0420 0.9878
vn -0.2884 0.1256 -0.9492
vn -0.1430 0.0623 -0.9878
vn -0.5422 0.2362 -0.8064
vn -0.7433 0.3237 -0.5854
vn -0.8723 0.3799 -0.3077
vn -0.9140 0.3981 -0.0784
vn -0.9140 0.3981 0.0784
vn -0.8723 0.3799 0.3077
vn -0.7433 0.3237 0.5854
vn -0.5422 0.2362 0.8064
vn -0.2884 0.1256 0.9492
vn -0.1430 0.0623 0.9878
vn -0.2685 0.1639 -0.9492
vn -0.1331 0.0813 -0.9878
vn -0.5047 0.3082 -0.8064
vn -0.6920 0.4224 -0.5854
vn -0.8121 0.4958 -0.3077
vn -0.8509 0.5195 -0.0784
vn -0.8509 0.5195 0.0784
vn -0.8121 0.4958 0.3077
vn -0.6920 0.4224 0.5854
vn -0.5047 0.3082 0.8064
vn -0.2685 0.1639 0.9492
vn -0.1331 0.0813 0.9878
vn -0.2437 0.1987 -0.9493
vn -0.1209 0.0986 -0.9878
vn -0.4583 0.3737 -0.8064
vn -0.6284 0.5123 -0.5854
vn -0.7374 0.6013 -0.3076
vn -0.7726 0.6300 -0.0784
vn -0.7726 0.6300 0.0784
vn -0.7374 0.6013 0.3076
vn -0.6284 0.5123 0.5854
vn -0.4583 0.3737 0.8064
vn -0.2437 0.1987 0.9493
vn -0.1209 0.0986 0.9878
vn -0.2150 0.2294 -0.9493
vn -0.1066 0.1138 -0.9878
vn -0.4043 0.4315 -0.8065
vn -0.5543 0.5916 -0.5854
vn -0.6506 0.6943 -0.3076
vn -0.6817 0.7275 -0.0784
vn -0.6817 0.7275 0.0784
vn -0.6506 0.6943 0.3076
vn -0.5543 0.5916 0.5854
vn -0.4043 0.4315 0.8065
vn -0.2150 0.2294 0.9493
vn -0.1066 0.1138 0.9878
vn -0.1830 0.2556 -0.9493
vn -0.0908 0.1268 -0.9878
vn -0.3442 0.4808 -0.8065
vn -0.4719 0.6592 -0.5855
vn -0.5539 0.7737 -0.3076
vn -0.5803 0.8106 -0.0784
vn -0.5803 0.8106 0.0784
vn -0.5539 0.7737 0.3076
vn -0.4719 0.6592 0.5855
vn -0.3442 0.4808 0.8065
vn -0.1830 0.2556 0.9493
vn -0.0908 0.1268 0.9878
vn -0.1485 0.2769 -0.9494
vn -0.0737 0.1375 -0.9878
vn -0.2793 0.5210 -0.8065
vn -0.3830 0.7145 -0.5855
vn -0.4496 0.8386 -0.3077
vn -0.4711 0.8786 -0.0784
vn -0.4711 0.8786 0.0784
vn -0.4496 0.8386 0.3077
vn -0.3830 0.7145 0.5855
vn -0.2793 0.5210 0.8065
vn -0.1485 0.2769 0.9494
vn -0.0737 0.1375 0.9878
vn -0.1122 0.2934 -0.9494
vn -0.0557 0.1457 -0.9878
vn -0.2112 0.5521 -0.8066
vn -0.2896 0.7571 -0.5856
vn -0.3399 0.8887 -0.3077
vn -0.3562 0.9311 -0.0784
vn -0.3562 0.9311 0.0784
vn -0.3399 0.8887 0.3077
vn -0.2896 0.7571 0.5856
vn -0.2112 0.5521 0.8066
vn -0.1122 0.2934 0.9494
vn -0.0557 0.1457 0.9878
vn -0.0750 0.3050 -0.9494
vn -0.0372 0.1515 -0.9878
vn -0.1411 0.5740 -0.8066
vn -0.1935 0.7871 -0.5856
vn -0.2271 0.9240 -0.3077
vn -0.2379 0.9681 -0.0784
vn -0.2379 0.9681 0.0784
vn -0.2271 0.9240 0.3077
vn -0.1935 0.7871 0.5856
vn -0.1411 0.5740 0.8066
vn -0.0750 0.3050 0.9494
vn -0.0372 0.1515 0.9878
vn -0.0373 0.3117 -0.9494
vn -0.0186 0.1549 -0.9878
vn -0.0703 0.5868 -0.8066
vn -0.0964 0.8048 -0.5857
vn -0.1131 0.9447 -0.3077
vn -0.1185 0.9899 -0.0784
vn -0.1185 0.9899 0.0784
vn -0.1131 0.9447 0.3077
vn -0.0964 0.8048 0.5857
vn -0.0703 0.5868 0.8066
vn -0.0373 0.3117 0.9494
vn -0.0186 0.1549 0.9878
vn 0.0004 0.3139 -0.9494
vn 0.0002 0.1560 -0.9878
vn 0.0008 0.5911 -0.8066
vn 0.0012 0.8106 -0.5856
vn 0.0013 0.9515 -0.3077
vn 0.0014 0.9969 -0.0784
vn 0.0014 0.9969 0.0784
vn 0.0013 0.9515 0.3077
vn 0.0012 0.8106 0.5856
vn 0.0008 0.5911 0.8066
vn 0.0004 0.3139 0.9494
vn 0.0002 0.1560 0.9878
vn 0.0391 0.3117 -0.9494
vn 0.0194 0.1548 -0.9878
vn 0.0736 0.5866 -0.8065
vn 0.1010 0.8043 -0.5855
vn 0.1185 0.9441 -0.3077
vn 0.1242 0.9892 -0.0784
vn 0.1242 0.9892 0.0784
vn 0.1185 0.9441 0.3077
vn 0.1010 0.8043 0.5855
vn 0.0736 0.5866 0.8065
vn 0.0391 0.3117 0.9494
vn 0.0194 0.1548 0.9878
vn 0.0785 0.3043 -0.9493
vn 0.0389 0.1510 -0.9878
vn 0.1476 0.5725 -0.8065
vn 0.2024 0.7850 -0.5855
vn 0.2376 0.9213 -0.3077
vn 0.2489 0.9653 -0.0784
vn 0.2489 0.9653 0.0784
vn 0.2376 0.9213 0.3077
vn 0.2024 0.7850 0.5855
vn 0.1476 0.5725 0.8065
vn 0.0785 0.3043 0.9493
vn 0.0389 0.1510 0.9878
vn 0.1172 0.2917 -0.9493
vn 0.0581 0.1447 -0.9878
vn 0.2204 0.5487 -0.8065
vn 0.3022 0.7522 -0.5855
vn 0.3547 0.8829 -0.3077
vn 0.3716 0.9251 -0.0784
vn 0.3716 0.9251 0.0784
vn 0.3547 0.8829 0.3077
vn 0.3022 0.7522 0.5855
vn 0.2204 0.5487 0.8065
vn 0.1172 0.2917 0.9493
vn 0.0583 0.1453 0.9877
vn 0.1543 0.2739 -0.9493
vn 0.0766 0.1359 -0.9878
vn 0.2903 0.5152 -0.8064
vn 0.3980 0.7063 -0.5855
vn 0.4671 0.8290 -0.3077
vn 0.4894 0.8685 -0.0784
vn 0.4894 0.8685 0.0784
vn 0.4671 0.8290 0.3077
vn 0.3980 0.7063 0.5855
vn 0.2903 0.5152 0.8064
vn 0.1543 0.2739 0.9493
vn 0.0766 0.1359 0.9878
vn 0.1891 0.2512 -0.9493
vn 0.0938 0.1246 -0.9878
vn 0.3557 0.4724 -0.8065
vn 0.4876 0.6476 -0.5855
vn 0.5723 0.7601 -0.3076
vn 0.5997 0.7964 -0.0784
vn 0.5997 0.7964 0.0784
vn 0.5723 0.7601 0.3076
vn 0.4876 0.6476 0.5855
vn 0.3557 0.4724 0.8065
vn 0.1891 0.2512 0.9493
vn 0.0938 0.1246 0.9878
vn 0.2208 0.2239 -0.9493
vn 0.1095 0.1110 -0.9878
vn 0.4152 0.4210 -0.8064
vn 0.5692 0.5772 -0.5855
vn 0.6681 0.6775 -0.3076
vn 0.7000 0.7098 -0.0783
vn 0.7000 0.7098 0.0783
vn 0.6681 0.6775 0.3076
vn 0.5692 0.5772 0.5855
vn 0.4152 0.4210 0.8064
vn 0.2208 0.2239 0.9493
vn 0.1095 0.1110 0.9878
vn 0.2486 0.1925 -0.9493
vn 0.1233 0.0955 -0.9878
vn 0.4676 0.3620 -0.8064
vn 0.6410 0.4963 -0.5855
vn 0.7524 0.5825 -0.3077
vn 0.7883 0.6103 -0.0784
vn 0.7883 0.6103 0.0784
vn 0.7524 0.5825 0.3077
vn 0.6410 0.4963 0.5855
vn 0.4676 0.3620 0.8064
vn 0.2486 0.1925 0.9493
vn 0.1233 0.0955 0.9878
vn 0.2721 0.1576 -0.9493
vn 0.1350 0.0782 -0.9878
vn 0.5117 0.2965 -0.8064
vn 0.7015 0.4064 -0.5855
vn 0.8233 0.4770 -0.3077
vn 0.8626 0.4998 -0.0784
vn 0.8626 0.4998 0.0784
vn 0.8233 0.4770 0.3077
vn 0.7015 0.4064 0.5855
vn 0.5117 0.2965 0.8064
vn 0.2721 0.1576 0.9493
vn 0.1349 0.0782 0.9878
vn 0.2906 0.1201 -0.9493
vn 0.1442 0.0596 -0.9878
vn 0.5465 0.2258 -0.8064
vn 0.7493 0.3096 -0.5855
vn 0.8794 0.3633 -0.3077
vn 0.9214 0.3807 -0.0784
vn 0.9214 0.3807 0.0784
vn 0.8794 0.3633 0.3077
vn 0.7493 0.3096 0.5855
vn 0.5465 0.2258 0.8064
vn 0.2906 0.1201 0.9493
vn 0.1442 0.0596 0.9878
vn 0.3039 0.0806 -0.9493
vn 0.1508 0.0400 -0.9878
vn 0.5715 0.1516 -0.8064
vn 0.7836 0.2079 -0.5855
vn 0.9197 0.2440 -0.3077
vn 0.9636 0.2556 -0.0783
vn 0.9636 0.2556 0.0784
vn 0.9197 0.2440 0.3077
vn 0.7836 0.2079 0.5855
vn 0.5715 0.1516 0.8064
vn 0.3039 0.0806 0.9493
vn 0.1508 0.0400 0.9878
vn 0.3117 0.0403 -0.9493
vn 0.1547 0.0200 -0.9878
vn 0.5864 0.0757 -0.8065
vn 0.8040 0.1039 -0.5855
vn 0.9437 0.1219 -0.3077
vn 0.9887 0.1277 -0.0784
vn 0.9887 0.1277 0.0784
vn 0.9437 0.1219 0.3077
vn 0.8040 0.1039 0.5855
vn 0.5864 0.0757 0.8065
vn 0.3117 0.0403 0.9493
vn 0.1547 0.0200 0.9878
vn 0.3135 0.0031 -0.9496
vn 0.1561 0.0015 -0.9877
vn 0.5907 0.0058 -0.8068
vn 0.8104 0.0079 -0.5858
vn 0.9514 0.0093 -0.3078
vn 0.9969 0.0098 -0.0784
vn 0.9969 0.0098 0.0784
vn 0.9514 0.0093 0.3078
vn 0.8104 0.0079 0.5858
vn 0.5907 0.0058 0.8068
vn 0.3135 0.0031 0.9496
vn 0.1561 0.0015 0.9877
vn 0.3115 -0.0273 -0.9499
vn 0.1556 -0.0136 -0.9877
vn 0.5880 -0.0515 -0.8072
vn 0.8072 -0.0707 -0.5861
vn 0.9478 -0.0830 -0.3080
vn 0.9931 -0.0870 -0.0784
vn 0.9931 -0.0870 0.0784
vn 0.9478 -0.0830 0.3080
vn 0.8072 -0.0707 0.5861
vn 0.5880 -0.0515 0.8072
vn 0.3115 -0.0273 0.9499
vn 0.1556 -0.0136 0.9877
vn 0.3079 -0.0539 -0.9499
vn 0.1538 -0.0269 -0.9877
vn 0.5814 -0.1018 -0.8072
vn 0.7981 -0.1397 -0.5861
vn 0.9371 -0.1641 -0.3080
vn 0.9820 -0.1719 -0.0783
vn 0.9820 -0.1719 0.0784
vn 0.9371 -0.1641 0.3080
vn 0.7981 -0.1397 0.5861
vn 0.5814 -0.1018 0.8072
vn 0.3079 -0.0539 0.9499
vn 0.1538 -0.0269 0.9877
vn 0.3022 -0.0798 -0.9499
vn 0.1510 -0.0399 -0.9877
vn 0.5707 -0.1507 -0.8072
vn 0.7834 -0.2069 -0.5861
vn 0.9199 -0.2429 -0.3080
vn 0.9639 -0.2545 -0.0784
vn 0.9639 -0.2545 0.0784
vn 0.9199 -0.2429 0.3080
vn 0.7834 -0.2069 0.5861
vn 0.5707 -0.1507 0.8072
vn 0.3022 -0.0798 0.9499
vn 0.1510 -0.0399 0.9877
vn 0.2944 -0.1049 -0.9499
vn 0.1471 -0.0524 -0.9877
vn 0.5560 -0.1981 -0.8073
vn 0.7632 -0.2719 -0.5862
vn 0.8962 -0.3193 -0.3080
vn 0.9391 -0.3346 -0.0784
vn 0.9391 -0.3346 0.0784
vn 0.8962 -0.3193 0.3080
vn 0.7632 -0.2719 0.5862
vn 0.5560 -0.1981 0.8073
vn 0.2945 -0.1049 0.9499
vn 0.1471 -0.0524 0.9877
vn 0.2847 -0.1290 -0.9499
vn 0.1422 -0.0645 -0.9877
vn 0.5375 -0.2437 -0.8073
vn 0.7379 -0.3345 -0.5862
vn 0.8665 -0.3928 -0.3080
vn 0.9080 -0.4116 -0.0784
vn 0.9080 -0.4116 0.0784
vn 0.8665 -0.3928 0.3080
vn 0.7379 -0.3345 0.5862
vn 0.5375 -0.2437 0.8073
vn 0.2847 -0.1290 0.9499
vn 0.1422 -0.0645 0.9877
vn 0.2730 -0.1521 -0.9499
vn 0.1364 -0.0760 -0.9877
vn 0.5155 -0.2873 -0.8073
vn 0.7077 -0.3944 -0.5861
vn 0.8311 -0.4632 -0.3079
vn 0.8708 -0.4853 -0.0783
vn 0.8708 -0.4853 0.0783
vn 0.8311 -0.4632 0.3079
vn 0.7077 -0.3944 0.5861
vn 0.5155 -0.2873 0.8073
vn 0.2730 -0.1521 0.9499
vn 0.1364 -0.0760 0.9877
vn 0.2595 -0.1741 -0.9499
vn 0.1297 -0.0870 -0.9877
vn 0.4901 -0.3287 -0.8073
vn 0.6729 -0.4513 -0.5862
vn 0.7901 -0.5299 -0.3080
vn 0.8280 -0.5553 -0.0783
vn 0.8280 -0.5553 0.0783
vn 0.7901 -0.5299 0.3080
vn 0.6729 -0.4513 0.5862
vn 0.4901 -0.3287 0.8073
vn 0.2595 -0.1741 0.9499
vn 0.1297 -0.0870 0.9877
vn 0.2444 -0.1946 -0.9499
vn 0.1222 -0.0973 -0.9877
vn 0.4617 -0.3676 -0.8073
vn 0.6338 -0.5047 -0.5862
vn 0.7442 -0.5927 -0.3081
vn 0.7798 -0.6210 -0.0784
vn 0.7798 -0.6210 0.0784
vn 0.7442 -0.5927 0.3081
vn 0.6338 -0.5047 0.5862
vn 0.4617 -0.3676 0.8073
vn 0.2444 -0.1946 0.9499
vn 0.1222 -0.0973 0.9877
vn 0.2278 -0.2138 -0.9499
vn 0.1139 -0.1069 -0.9877
vn 0.4304 -0.4038 -0.8073
vn 0.5908 -0.5544 -0.5862
vn 0.6937 -0.6510 -0.3081
vn 0.7270 -0.6822 -0.0784
vn 0.7270 -0.6822 0.0784
vn 0.6937 -0.6510 0.3081
vn 0.5908 -0.5544 0.5862
vn 0.4304 -0.4038 0.8073
vn 0.2278 -0.2138 0.9499
vn 0.1139 -0.1069 0.9877
vn 0.2099 -0.2313 -0.9499
vn 0.1049 -0.1156 -0.9877
vn 0.3966 -0.4370 -0.8073
vn 0.5444 -0.6000 -0.5862
vn 0.6393 -0.7045 -0.3081
vn 0.6700 -0.7382 -0.0784
vn 0.6700 -0.7382 0.0784
vn 0.6393 -0.7045 0.3081
vn 0.5444 -0.6000 0.5862
vn 0.3966 -0.4370 0.8073
vn 0.2099 -0.2313 0.9499
vn 0.1049 -0.1156 0.9877
vn 0.1910 -0.2472 -0.9500
vn 0.0955 -0.1236 -0.9877
vn 0.3608 -0.4670 -0.8073
vn 0.4953 -0.6411 -0.5862
vn 0.5817 -0.7528 -0.3081
vn 0.6095 -0.7889 -0.0785
vn 0.6095 -0.7889 0.0785
vn 0.5817 -0.7528 0.3081
vn 0.4953 -0.6411 0.5862
vn 0.3608 -0.4670 0.8073
vn 0.1910 -0.2472 0.9500
vn 0.0955 -0.1236 0.9877
vn 0.1195 0.0053 -0.9928
vn 0.0855 0.0038 -0.9963
vn 0.3107 0.0139 -0.9504
vn 0.5443 0.0243 -0.8386
vn 0.8272 0.0367 -0.5607
vn 0.9872 0.0438 -0.1534
vn 0.9872 0.0438 0.1534
vn 0.8272 0.0367 0.5607
vn 0.5443 0.0243 0.8386
vn 0.3107 0.0139 0.9504
vn 0.1195 0.0053 0.9928
vn 0.0855 0.0038 0.9963
vn 0.1709 0.2623 -0.9497
vn 0.0852 0.1308 -0.9877
vn 0.3224 0.4947 -0.8070
vn 0.4424 0.6789 -0.5860
vn 0.5195 0.7971 -0.3079
vn 0.5444 0.8351 -0.0783
vn 0.5444 0.8351 0.0783
vn 0.5195 0.7971 0.3079
vn 0.4424 0.6789 0.5860
vn 0.3224 0.4947 0.8070
vn 0.1709 0.2623 0.9497
vn 0.0852 0.1308 0.9877
vn 0.1954 0.2446 -0.9497
vn 0.0974 0.1220 -0.9877
vn 0.3686 0.4614 -0.8070
vn 0.5058 0.6331 -0.5859
vn 0.5938 0.7434 -0.3078
vn 0.6222 0.7789 -0.0786
vn 0.6222 0.7789 0.0786
vn 0.5938 0.7434 0.3078
vn 0.5058 0.6331 0.5859
vn 0.3686 0.4614 0.8070
vn 0.1954 0.2446 0.9497
vn 0.0974 0.1220 0.9877
vn 0.2182 0.2245 -0.9497
vn 0.1088 0.1119 -0.9877
vn 0.4116 0.4234 -0.8070
vn 0.5648 0.5811 -0.5859
vn 0.6632 0.6822 -0.3079
vn 0.6949 0.7149 -0.0783
vn 0.6949 0.7149 0.0783
vn 0.6632 0.6822 0.3079
vn 0.5648 0.5811 0.5859
vn 0.4116 0.4234 0.8070
vn 0.2182 0.2245 0.9497
vn 0.1088 0.1119 0.9877
vn 0.2389 0.2023 -0.9497
vn 0.1192 0.1009 -0.9877
vn 0.4507 0.3816 -0.8070
vn 0.6185 0.5237 -0.5859
vn 0.7261 0.6148 -0.3079
vn 0.7608 0.6442 -0.0784
vn 0.7608 0.6442 0.0784
vn 0.7261 0.6148 0.3079
vn 0.6185 0.5237 0.5859
vn 0.4507 0.3816 0.8070
vn 0.2389 0.2023 0.9497
vn 0.1192 0.1009 0.9877
vn 0.2571 0.1784 -0.9498
vn 0.1283 0.0890 -0.9877
vn 0.4851 0.3366 -0.8070
vn 0.6658 0.4620 -0.5859
vn 0.7817 0.5424 -0.3079
vn 0.8190 0.5683 -0.0784
vn 0.8190 0.5683 0.0784
vn 0.7817 0.5424 0.3079
vn 0.6658 0.4620 0.5859
vn 0.4851 0.3366 0.8070
vn 0.2571 0.1784 0.9498
vn 0.1283 0.0890 0.9877
vn 0.2727 0.1534 -0.9498
vn 0.1361 0.0765 -0.9877
vn 0.5147 0.2895 -0.8071
vn 0.7063 0.3973 -0.5859
vn 0.8292 0.4664 -0.3080
vn 0.8689 0.4887 -0.0785
vn 0.8689 0.4887 0.0785
vn 0.8292 0.4664 0.3080
vn 0.7063 0.3973 0.5859
vn 0.5147 0.2895 0.8071
vn 0.2727 0.1534 0.9498
vn 0.1361 0.0765 0.9877
vn 0.2856 0.1276 -0.9498
vn 0.1426 0.0637 -0.9877
vn 0.5391 0.2409 -0.8071
vn 0.7398 0.3306 -0.5860
vn 0.8686 0.3882 -0.3080
vn 0.9102 0.4067 -0.0785
vn 0.9102 0.4067 0.0785
vn 0.8686 0.3882 0.3080
vn 0.7398 0.3306 0.5860
vn 0.5391 0.2409 0.8071
vn 0.2856 0.1276 0.9498
vn 0.1426 0.0637 0.9877
vn 0.2958 0.1016 -0.9498
vn 0.1477 0.0507 -0.9877
vn 0.5584 0.1917 -0.8071
vn 0.7664 0.2632 -0.5860
vn 0.8998 0.3090 -0.3080
vn 0.9429 0.3237 -0.0785
vn 0.9429 0.3237 0.0785
vn 0.8998 0.3090 0.3080
vn 0.7664 0.2632 0.5860
vn 0.5584 0.1917 0.8071
vn 0.2958 0.1016 0.9498
vn 0.1477 0.0507 0.9877
vn 0.3033 0.0755 -0.9499
vn 0.1515 0.0377 -0.9877
vn 0.5728 0.1426 -0.8072
vn 0.7863 0.1958 -0.5861
vn 0.9232 0.2299 -0.3080
vn 0.9674 0.2408 -0.0784
vn 0.9674 0.2408 0.0784
vn 0.9232 0.2299 0.3080
vn 0.7863 0.1958 0.5861
vn 0.5728 0.1426 0.8072
vn 0.3033 0.0755 0.9499
vn 0.1515 0.0377 0.9877
vn 0.3085 0.0498 -0.9499
vn 0.1542 0.0249 -0.9877
vn 0.5826 0.0941 -0.8073
vn 0.7999 0.1291 -0.5861
vn 0.9392 0.1516 -0.3080
vn 0.9842 0.1589 -0.0784
vn 0.9842 0.1589 0.0784
vn 0.9392 0.1516 0.3080
vn 0.7999 0.1291 0.5861
vn 0.5826 0.0941 0.8073
vn 0.3085 0.0498 0.9499
vn 0.1542 0.0249 0.9877
vn 0.3114 0.0246 -0.9499
vn 0.1557 0.0123 -0.9877
vn 0.5883 0.0465 -0.8073
vn 0.8077 0.0638 -0.5862
vn 0.9484 0.0750 -0.3081
vn 0.9938 0.0785 -0.0784
vn 0.9938 0.0785 0.0784
vn 0.9484 0.0750 0.3081
vn 0.8077 0.0638 0.5862
vn 0.5883 0.0465 0.8073
vn 0.3114 0.0246 0.9499
vn 0.1557 0.0123 0.9877
vn 0.3136 -0.0051 -0.9495
vn 0.1560 -0.0026 -0.9877
vn 0.5908 -0.0097 -0.8068
vn 0.8104 -0.0133 -0.5858
vn 0.9513 -0.0156 -0.3079
vn 0.9968 -0.0164 -0.0784
vn 0.9968 -0.0164 0.0784
vn 0.9513 -0.0156 0.3079
vn 0.8104 -0.0133 0.5858
vn 0.5908 -0.0097 0.8068
vn 0.3136 -0.0051 0.9495
vn 0.1560 -0.0026 0.9877
vn 0.3116 -0.0453 -0.9491
vn 0.1543 -0.0224 -0.9878
vn 0.5854 -0.0851 -0.8063
vn 0.8023 -0.1166 -0.5854
vn 0.9416 -0.1369 -0.3076
vn 0.9866 -0.1434 -0.0784
vn 0.9866 -0.1434 0.0784
vn 0.9416 -0.1369 0.3076
vn 0.8023 -0.1166 0.5854
vn 0.5854 -0.0851 0.8063
vn 0.3116 -0.0453 0.9491
vn 0.1543 -0.0224 0.9878
vn 0.3018 -0.0897 -0.9492
vn 0.1494 -0.0444 -0.9878
vn 0.5670 -0.1686 -0.8063
vn 0.7771 -0.2311 -0.5853
vn 0.9121 -0.2712 -0.3076
vn 0.9556 -0.2842 -0.0784
vn 0.9556 -0.2842 0.0784
vn 0.9121 -0.2712 0.3076
vn 0.7771 -0.2311 0.5853
vn 0.5670 -0.1686 0.8063
vn 0.3018 -0.0897 0.9492
vn 0.1494 -0.0444 0.9878
vn 0.2858 -0.1318 -0.9492
vn 0.1416 -0.0653 -0.9878
vn 0.5371 -0.2477 -0.8063
vn 0.7362 -0.3396 -0.5854
vn 0.8640 -0.3985 -0.3076
vn 0.9053 -0.4176 -0.0784
vn 0.9053 -0.4176 0.0784
vn 0.8640 -0.3985 0.3076
vn 0.7362 -0.3396 0.5854
vn 0.5371 -0.2477 0.8063
vn 0.2858 -0.1318 0.9492
vn 0.1416 -0.0653 0.9878
vn 0.2645 -0.1704 -0.9492
vn 0.1311 -0.0844 -0.9878
vn 0.4972 -0.3203 -0.8064
vn 0.6816 -0.4391 -0.5854
vn 0.7999 -0.5153 -0.3076
vn 0.8381 -0.5399 -0.0784
vn 0.8381 -0.5399 0.0784
vn 0.7999 -0.5153 0.3076
vn 0.6816 -0.4391 0.5854
vn 0.4972 -0.3203 0.8064
vn 0.2645 -0.1704 0.9492
vn 0.1311 -0.0844 0.9878
vn 0.2387 -0.2047 -0.9493
vn 0.1184 -0.1015 -0.9878
vn 0.4490 -0.3849 -0.8064
vn 0.6155 -0.5276 -0.5855
vn 0.7224 -0.6193 -0.3076
vn 0.7569 -0.6488 -0.0783
vn 0.7569 -0.6488 0.0783
vn 0.7224 -0.6193 0.3076
vn 0.6155 -0.5276 0.5855
vn 0.4490 -0.3849 0.8064
vn 0.2387 -0.2047 0.9493
vn 0.1184 -0.1015 0.9878
vn 0.2096 -0.2343 -0.9493
vn 0.1040 -0.1163 -0.9878
vn 0.3942 -0.4407 -0.8065
vn 0.5404 -0.6042 -0.5855
vn 0.6343 -0.7092 -0.3077
vn 0.6646 -0.7431 -0.0783
vn 0.6646 -0.7431 0.0783
vn 0.6343 -0.7092 0.3077
vn 0.5404 -0.6042 0.5855
vn 0.3942 -0.4407 0.8065
vn 0.2096 -0.2343 0.9493
vn 0.1040 -0.1163 0.9878
vn 0.1777 -0.2591 -0.9494
vn 0.0882 -0.1286 -0.9878
vn 0.3343 -0.4876 -0.8065
vn 0.4584 -0.6685 -0.5856
vn 0.5381 -0.7847 -0.3077
vn 0.5638 -0.8222 -0.0784
vn 0.5638 -0.8222 0.0784
vn 0.5381 -0.7847 0.3077
vn 0.4584 -0.6685 0.5856
vn 0.3343 -0.4876 0.8065
vn 0.1777 -0.2591 0.9494
vn 0.0882 -0.1286 0.9878
vn 0.1439 -0.2792 -0.9494
vn 0.0715 -0.1387 -0.9878
vn 0.2708 -0.5254 -0.8066
vn 0.3713 -0.7206 -0.5856
vn 0.4359 -0.8458 -0.3077
vn 0.4567 -0.8862 -0.0784
vn 0.4567 -0.8862 0.0784
vn 0.4359 -0.8458 0.3077
vn 0.3713 -0.7206 0.5856
vn 0.2708 -0.5254 0.8066
vn 0.1439 -0.2792 0.9494
vn 0.0715 -0.1387 0.9878
vn 0.1087 -0.2946 -0.9494
vn 0.0540 -0.1464 -0.9878
vn 0.2046 -0.5545 -0.8067
vn 0.2806 -0.7605 -0.5856
vn 0.3294 -0.8926 -0.3077
vn 0.3451 -0.9353 -0.0784
vn 0.3451 -0.9353 0.0784
vn 0.3294 -0.8926 0.3077
vn 0.2806 -0.7605 0.5856
vn 0.2046 -0.5545 0.8067
vn 0.1087 -0.2946 0.9494
vn 0.0540 -0.1464 0.9878
vn 0.0726 -0.3054 -0.9495
vn 0.0361 -0.1518 -0.9878
vn 0.1368 -0.5749 -0.8067
vn 0.1876 -0.7886 -0.5856
vn 0.2202 -0.9257 -0.3077
vn 0.2307 -0.9699 -0.0784
vn 0.2307 -0.9699 0.0784
vn 0.2202 -0.9257 0.3077
vn 0.1876 -0.7886 0.5856
vn 0.1368 -0.5749 0.8067
vn 0.0726 -0.3054 0.9495
vn 0.0361 -0.1518 0.9878
vn 0.0362 -0.3117 -0.9495
vn 0.0180 -0.1550 -0.9878
vn 0.0682 -0.5870 -0.8067
vn 0.0936 -0.8051 -0.5856
vn 0.1099 -0.9451 -0.3077
vn 0.1151 -0.9903 -0.0784
vn 0.1151 -0.9903 0.0784
vn 0.1099 -0.9451 0.3077
vn 0.0936 -0.8051 0.5856
vn 0.0682 -0.5870 0.8067
vn 0.0362 -0.3117 0.9495
vn 0.0180 -0.1550 0.9878
vn -0.0000 -0.3137 -0.9495
vn -0.0000 -0.1561 -0.9877
vn 0.0001 -0.5909 -0.8067
vn 0.0001 -0.8105 -0.5857
vn 0.0001 -0.9515 -0.3077
vn 0.0001 -0.9969 -0.0783
vn 0.0001 -0.9969 0.0783
vn 0.0001 -0.9515 0.3077
vn 0.0001 -0.8105 0.5857
vn 0.0001 -0.5909 0.8067
vn -0.0000 -0.3137 0.9495
vn -0.0000 -0.1561 0.9877
vn 0.0324 -0.3020 -0.9528
vn 0.0663 -0.2960 -0.9529
vn 0.0341 -0.1522 -0.9878
vn 0.0166 -0.1552 -0.9878
vn 0.0623 -0.5804 -0.8120
vn 0.1276 -0.5693 -0.8122
vn 0.0861 -0.8021 -0.5910
vn 0.1764 -0.7870 -0.5913
vn 0.1014 -0.9450 -0.3110
vn 0.2078 -0.9273 -0.3112
vn 0.1064 -0.9912 -0.0788
vn 0.2180 -0.9728 -0.0788
vn 0.1064 -0.9912 0.0788
vn 0.2180 -0.9728 0.0788
vn 0.1014 -0.9450 0.3110
vn 0.2078 -0.9273 0.3112
vn 0.0861 -0.8021 0.5910
vn 0.1764 -0.7870 0.5913
vn 0.0623 -0.5804 0.8120
vn 0.1276 -0.5693 0.8122
vn 0.0324 -0.3020 0.9528
vn 0.0663 -0.2960 0.9529
vn 0.0166 -0.1552 0.9878
vn 0.0341 -0.1522 0.9878
vn 0.1015 -0.2854 -0.9530
vn 0.0522 -0.1470 -0.9878
vn 0.1953 -0.5494 -0.8124
vn 0.2701 -0.7597 -0.5915
vn 0.3183 -0.8954 -0.3113
vn 0.3339 -0.9393 -0.0788
vn 0.3339 -0.9393 0.0788
vn 0.3183 -0.8954 0.3113
vn 0.2701 -0.7597 0.5915
vn 0.1953 -0.5494 0.8124
vn 0.1015 -0.2854 0.9530
vn 0.0524 -0.1474 0.9877
vn 0.1370 -0.2697 -0.9532
vn 0.0706 -0.1390 -0.9878
vn 0.2639 -0.5195 -0.8127
vn 0.3650 -0.7188 -0.5917
vn 0.4303 -0.8473 -0.3115
vn 0.4514 -0.8888 -0.0788
vn 0.4514 -0.8888 0.0788
vn 0.4303 -0.8473 0.3115
vn 0.3650 -0.7188 0.5917
vn 0.2639 -0.5195 0.8127
vn 0.1370 -0.2697 0.9532
vn 0.0706 -0.1391 0.9878
vn 0.1718 -0.2485 -0.9533
vn 0.0887 -0.1283 -0.9878
vn 0.3312 -0.4791 -0.8129
vn 0.4583 -0.6630 -0.5919
vn 0.5403 -0.7816 -0.3116
vn 0.5669 -0.8200 -0.0788
vn 0.5669 -0.8200 0.0788
vn 0.5403 -0.7816 0.3116
vn 0.4583 -0.6630 0.5919
vn 0.3312 -0.4791 0.8129
vn 0.1718 -0.2485 0.9533
vn 0.0887 -0.1283 0.9878
vn 0.2047 -0.2219 -0.9533
vn 0.1057 -0.1146 -0.9878
vn 0.3948 -0.4280 -0.8130
vn 0.5464 -0.5924 -0.5921
vn 0.6442 -0.6984 -0.3117
vn 0.6759 -0.7328 -0.0788
vn 0.6759 -0.7328 0.0788
vn 0.6442 -0.6984 0.3117
vn 0.5464 -0.5924 0.5921
vn 0.3948 -0.4280 0.8130
vn 0.2047 -0.2219 0.9533
vn 0.1057 -0.1146 0.9878
vn 0.2342 -0.1903 -0.9534
vn 0.1210 -0.0983 -0.9878
vn 0.4518 -0.3671 -0.8131
vn 0.6254 -0.5081 -0.5922
vn 0.7375 -0.5991 -0.3118
vn 0.7737 -0.6286 -0.0789
vn 0.7737 -0.6286 0.0789
vn 0.7375 -0.5991 0.3118
vn 0.6254 -0.5081 0.5922
vn 0.4518 -0.3671 0.8131
vn 0.2342 -0.1903 0.9534
vn 0.1210 -0.0983 0.9878
vn 0.2592 -0.1547 -0.9534
vn 0.1339 -0.0799 -0.9878
vn 0.4999 -0.2983 -0.8131
vn 0.6920 -0.4129 -0.5922
vn 0.8159 -0.4869 -0.3118
vn 0.8561 -0.5108 -0.0790
vn 0.8561 -0.5108 0.0790
vn 0.8159 -0.4869 0.3118
vn 0.6920 -0.4129 0.5922
vn 0.4999 -0.2983 0.8131
vn 0.2592 -0.1547 0.9534
vn 0.1339 -0.0799 0.9878
vn 0.2787 -0.1163 -0.9533
vn 0.1439 -0.0601 -0.9878
vn 0.5374 -0.2243 -0.8130
vn 0.7437 -0.3105 -0.5920
vn 0.8768 -0.3661 -0.3117
vn 0.9199 -0.3841 -0.0789
vn 0.9199 -0.3841 0.0789
vn 0.8768 -0.3661 0.3117
vn 0.7437 -0.3105 0.5920
vn 0.5374 -0.2243 0.8130
vn 0.2787 -0.1163 0.9533
vn 0.1439 -0.0601 0.9878
vn 0.2923 -0.0769 -0.9532
vn 0.1508 -0.0397 -0.9878
vn 0.5634 -0.1482 -0.8128
vn 0.7795 -0.2050 -0.5919
vn 0.9190 -0.2417 -0.3116
vn 0.9641 -0.2536 -0.0788
vn 0.9641 -0.2536 0.0788
vn 0.9190 -0.2417 0.3116
vn 0.7795 -0.2050 0.5919
vn 0.5634 -0.1482 0.8128
vn 0.2923 -0.0769 0.9532
vn 0.1508 -0.0397 0.9878
vn 0.3003 -0.0378 -0.9531
vn 0.1548 -0.0195 -0.9878
vn 0.5783 -0.0728 -0.8126
vn 0.7999 -0.1006 -0.5916
vn 0.9428 -0.1186 -0.3114
vn 0.9891 -0.1244 -0.0788
vn 0.9891 -0.1244 0.0788
vn 0.9428 -0.1186 0.3114
vn 0.7999 -0.1006 0.5916
vn 0.5783 -0.0728 0.8126
vn 0.3003 -0.0378 0.9531
vn 0.1548 -0.0195 0.9878
vn 0.3024 0.0017 -0.9532
vn 0.1560 0.0009 -0.9878
vn 0.5827 0.0032 -0.8127
vn 0.8061 0.0045 -0.5918
vn 0.9502 0.0053 -0.3116
vn 0.9969 0.0056 -0.0789
vn 0.9969 0.0056 0.0789
vn 0.9502 0.0053 0.3116
vn 0.8061 0.0045 0.5918
vn 0.5827 0.0032 0.8127
vn 0.3024 0.0017 0.9532
vn 0.1560 0.0009 0.9878
vn 0.2989 0.0431 -0.9533
vn 0.1543 0.0222 -0.9878
vn 0.5763 0.0831 -0.8130
vn 0.7976 0.1149 -0.5921
vn 0.9404 0.1355 -0.3118
vn 0.9867 0.1422 -0.0790
vn 0.9867 0.1422 0.0790
vn 0.9404 0.1355 0.3118
vn 0.7976 0.1149 0.5921
vn 0.5763 0.0831 0.8130
vn 0.2989 0.0431 0.9533
vn 0.1543 0.0222 0.9878
vn 0.2902 0.0843 -0.9532
vn 0.1497 0.0435 -0.9878
vn 0.5594 0.1625 -0.8128
vn 0.7740 0.2248 -0.5919
vn 0.9125 0.2651 -0.3117
vn 0.9573 0.2781 -0.0790
vn 0.9573 0.2781 0.0790
vn 0.9125 0.2651 0.3117
vn 0.7740 0.2248 0.5919
vn 0.5594 0.1625 0.8128
vn 0.2902 0.0843 0.9532
vn 0.1497 0.0435 0.9878
vn 0.2765 0.1226 -0.9531
vn 0.1426 0.0632 -0.9878
vn 0.5327 0.2362 -0.8127
vn 0.7369 0.3268 -0.5917
vn 0.8686 0.3853 -0.3115
vn 0.9113 0.4042 -0.0789
vn 0.9113 0.4042 0.0789
vn 0.8686 0.3853 0.3115
vn 0.7369 0.3268 0.5917
vn 0.5327 0.2362 0.8127
vn 0.2765 0.1226 0.9531
vn 0.1426 0.0632 0.9878
vn 0.2585 0.1576 -0.9531
vn 0.1332 0.0812 -0.9878
vn 0.4976 0.3034 -0.8126
vn 0.6883 0.4197 -0.5916
vn 0.8114 0.4947 -0.3113
vn 0.8511 0.5190 -0.0788
vn 0.8511 0.5190 0.0788
vn 0.8114 0.4947 0.3113
vn 0.6883 0.4197 0.5916
vn 0.4976 0.3034 0.8126
vn 0.2585 0.1576 0.9531
vn 0.1332 0.0812 0.9878
vn 0.2366 0.1890 -0.9530
vn 0.1219 0.0974 -0.9878
vn 0.4555 0.3639 -0.8125
vn 0.6300 0.5033 -0.5915
vn 0.7425 0.5931 -0.3113
vn 0.7789 0.6222 -0.0788
vn 0.7789 0.6222 0.0788
vn 0.7425 0.5931 0.3113
vn 0.6300 0.5033 0.5915
vn 0.4555 0.3639 0.8125
vn 0.2366 0.1890 0.9530
vn 0.1219 0.0974 0.9878
vn 0.2114 0.2169 -0.9530
vn 0.1089 0.1117 -0.9878
vn 0.4069 0.4176 -0.8124
vn 0.5628 0.5775 -0.5914
vn 0.6632 0.6806 -0.3113
vn 0.6957 0.7140 -0.0788
vn 0.6957 0.7140 0.0788
vn 0.6632 0.6806 0.3113
vn 0.5628 0.5775 0.5914
vn 0.4070 0.4176 0.8124
vn 0.2114 0.2169 0.9530
vn 0.1089 0.1117 0.9878
vn 0.1831 0.2413 -0.9530
vn 0.0943 0.1243 -0.9878
vn 0.3524 0.4645 -0.8124
vn 0.4873 0.6424 -0.5915
vn 0.5743 0.7571 -0.3114
vn 0.6025 0.7942 -0.0788
vn 0.6025 0.7942 0.0788
vn 0.5743 0.7571 0.3114
vn 0.4873 0.6424 0.5915
vn 0.3524 0.4645 0.8124
vn 0.1831 0.2413 0.9530
vn 0.0943 0.1243 0.9878
vn 0.1517 0.2621 -0.9530
vn 0.0782 0.1350 -0.9878
vn 0.2921 0.5046 -0.8125
vn 0.4039 0.6978 -0.5915
vn 0.4761 0.8224 -0.3114
vn 0.4994 0.8628 -0.0789
vn 0.4994 0.8628 0.0789
vn 0.4761 0.8224 0.3114
vn 0.4039 0.6978 0.5915
vn 0.2921 0.5046 0.8125
vn 0.1517 0.2621 0.9530
vn 0.0782 0.1350 0.9878
vn 0.1174 0.2790 -0.9531
vn 0.0605 0.1438 -0.9878
vn 0.2261 0.5373 -0.8125
vn 0.3127 0.7431 -0.5916
vn 0.3686 0.8759 -0.3114
vn 0.3867 0.9188 -0.0788
vn 0.3867 0.9188 0.0788
vn 0.3686 0.8759 0.3114
vn 0.3127 0.7431 0.5916
vn 0.2261 0.5373 0.8125
vn 0.1174 0.2790 0.9531
vn 0.0605 0.1438 0.9878
vn 0.0803 0.2916 -0.9531
vn 0.0414 0.1504 -0.9878
vn 0.1548 0.5618 -0.8127
vn 0.2141 0.7772 -0.5917
vn 0.2524 0.9161 -0.3115
vn 0.2648 0.9611 -0.0789
vn 0.2648 0.9611 0.0789
vn 0.2524 0.9161 0.3115
vn 0.2141 0.7772 0.5917
vn 0.1548 0.5618 0.8127
vn 0.0803 0.2916 0.9531
vn 0.0414 0.1504 0.9878
vn 0.0409 0.2996 -0.9532
vn 0.0211 0.1545 -0.9878
vn 0.0788 0.5772 -0.8128
vn 0.1091 0.7986 -0.5918
vn 0.1285 0.9415 -0.3117
vn 0.1349 0.9877 -0.0790
vn 0.1349 0.9877 0.0790
vn 0.1285 0.9415 0.3117
vn 0.1091 0.7986 0.5918
vn 0.0788 0.5772 0.8128
vn 0.0409 0.2996 0.9532
vn 0.0211 0.1545 0.9878
vn 0.0004 0.3024 -0.9532
vn 0.0007 0.5826 -0.8127
vn 0.0010 0.8061 -0.5918
vn 0.0011 0.9502 -0.3117
vn 0.0012 0.9969 -0.0790
vn 0.0012 0.9969 0.0790
vn 0.0011 0.9502 0.3117
vn 0.0010 0.8061 0.5918
vn 0.0007 0.5826 0.8127
vn 0.0004 0.3024 0.9532
vn -0.0397 0.2999 -0.9531
vn -0.0205 0.1546 -0.9878
vn -0.0764 0.5777 -0.8127
vn -0.1057 0.7992 -0.5917
vn -0.1246 0.9420 -0.3116
vn -0.1308 0.9883 -0.0790
vn -0.1308 0.9883 0.0790
vn -0.1246 0.9420 0.3116
vn -0.1057 0.7992 0.5917
vn -0.0764 0.5777 0.8127
vn -0.0397 0.2999 0.9531
vn -0.0205 0.1546 0.9878
vn -0.0783 0.2923 -0.9531
vn -0.0404 0.1507 -0.9878
vn -0.1508 0.5630 -0.8126
vn -0.2087 0.7787 -0.5916
vn -0.2459 0.9179 -0.3115
vn -0.2580 0.9629 -0.0789
vn -0.2580 0.9629 0.0789
vn -0.2459 0.9179 0.3115
vn -0.2087 0.7787 0.5916
vn -0.1508 0.5630 0.8126
vn -0.0783 0.2923 0.9531
vn -0.0404 0.1507 0.9878
vn -0.1151 0.2800 -0.9531
vn -0.0593 0.1443 -0.9878
vn -0.2216 0.5392 -0.8125
vn -0.3065 0.7457 -0.5916
vn -0.3612 0.8790 -0.3114
vn -0.3789 0.9221 -0.0788
vn -0.3789 0.9221 0.0788
vn -0.3612 0.8790 0.3114
vn -0.3065 0.7457 0.5916
vn -0.2216 0.5392 0.8125
vn -0.1151 0.2800 0.9531
vn -0.0593 0.1443 0.9878
vn -0.1494 0.2634 -0.9530
vn -0.0770 0.1357 -0.9878
vn -0.2877 0.5071 -0.8125
vn -0.3979 0.7013 -0.5915
vn -0.4689 0.8265 -0.3113
vn -0.4919 0.8671 -0.0788
vn -0.4919 0.8671 0.0788
vn -0.4689 0.8265 0.3113
vn -0.3979 0.7013 0.5915
vn -0.2877 0.5071 0.8125
vn -0.1494 0.2634 0.9530
vn -0.0770 0.1357 0.9878
vn -0.1811 0.2428 -0.9530
vn -0.0933 0.1250 -0.9878
vn -0.3486 0.4673 -0.8125
vn -0.4821 0.6463 -0.5915
vn -0.5682 0.7617 -0.3113
vn -0.5961 0.7990 -0.0788
vn -0.5961 0.7990 0.0788
vn -0.5682 0.7617 0.3113
vn -0.4821 0.6463 0.5915
vn -0.3486 0.4673 0.8125
vn -0.1811 0.2428 0.9530
vn -0.0933 0.1250 0.9878
vn -0.2099 0.2183 -0.9530
vn -0.1081 0.1125 -0.9878
vn -0.4041 0.4202 -0.8125
vn -0.5588 0.5812 -0.5916
vn -0.6586 0.6850 -0.3114
vn -0.6909 0.7186 -0.0789
vn -0.6909 0.7186 0.0789
vn -0.6586 0.6850 0.3114
vn -0.5588 0.5812 0.5916
vn -0.4041 0.4202 0.8125
vn -0.2099 0.2183 0.9530
vn -0.1081 0.1125 0.9878
vn -0.2356 0.1902 -0.9531
vn -0.1214 0.0980 -0.9878
vn -0.4536 0.3662 -0.8125
vn -0.6273 0.5064 -0.5916
vn -0.7394 0.5969 -0.3114
vn -0.7757 0.6262 -0.0789
vn -0.7757 0.6262 0.0789
vn -0.7394 0.5969 0.3114
vn -0.6273 0.5064 0.5916
vn -0.4536 0.3662 0.8125
vn -0.2356 0.1902 0.9531
vn -0.1214 0.0980 0.9878
vn -0.2578 0.1584 -0.9531
vn -0.1329 0.0817 -0.9878
vn -0.4966 0.3051 -0.8126
vn -0.6869 0.4221 -0.5917
vn -0.8096 0.4975 -0.3115
vn -0.8494 0.5218 -0.0789
vn -0.8494 0.5218 0.0789
vn -0.8096 0.4975 0.3115
vn -0.6869 0.4221 0.5917
vn -0.4966 0.3051 0.8126
vn -0.2578 0.1584 0.9531
vn -0.1329 0.0817 0.9878
vn -0.2762 0.1231 -0.9532
vn -0.1425 0.0635 -0.9878
vn -0.5322 0.2372 -0.8127
vn -0.7363 0.3282 -0.5918
vn -0.8679 0.3868 -0.3117
vn -0.9105 0.4059 -0.0789
vn -0.9105 0.4059 0.0789
vn -0.8679 0.3868 0.3117
vn -0.7363 0.3282 0.5918
vn -0.5322 0.2372 0.8127
vn -0.2762 0.1231 0.9532
vn -0.1425 0.0635 0.9878
vn -0.2901 0.0845 -0.9533
vn -0.1497 0.0436 -0.9878
vn -0.5592 0.1628 -0.8129
vn -0.7738 0.2254 -0.5919
vn -0.9123 0.2657 -0.3117
vn -0.9571 0.2788 -0.0789
vn -0.9571 0.2788 0.0789
vn -0.9123 0.2657 0.3117
vn -0.7738 0.2254 0.5919
vn -0.5592 0.1628 0.8129
vn -0.2901 0.0845 0.9533
vn -0.1497 0.0436 0.9878
vn -0.2988 0.0431 -0.9533
vn -0.1543 0.0222 -0.9878
vn -0.5763 0.0831 -0.8130
vn -0.7976 0.1150 -0.5921
vn -0.9404 0.1356 -0.3118
vn -0.9867 0.1422 -0.0789
vn -0.9867 0.1422 0.0789
vn -0.9404 0.1356 0.3118
vn -0.7976 0.1150 0.5921
vn -0.5763 0.0831 0.8130
vn -0.2988 0.0431 0.9533
vn -0.1543 0.0222 0.9878
vn -0.3024 0.0015 -0.9532
vn -0.1559 0.0007 -0.9878
vn -0.5826 0.0028 -0.8128
vn -0.8061 0.0039 -0.5918
vn -0.9502 0.0046 -0.3116
vn -0.9969 0.0048 -0.0789
vn -0.9969 0.0048 0.0789
vn -0.9502 0.0046 0.3116
vn -0.8061 0.0039 0.5918
vn -0.5826 0.0028 0.8128
vn -0.3024 0.0015 0.9532
vn -0.1559 0.0007 0.9878
vn -0.3003 -0.0382 -0.9531
vn -0.1547 -0.0197 -0.9878
vn -0.5782 -0.0735 -0.8126
vn -0.7998 -0.1017 -0.5916
vn -0.9427 -0.1198 -0.3115
vn -0.9889 -0.1257 -0.0789
vn -0.9889 -0.1257 0.0789
vn -0.9427 -0.1198 0.3115
vn -0.7998 -0.1017 0.5916
vn -0.5782 -0.0735 0.8126
vn -0.3003 -0.0382 0.9531
vn -0.1547 -0.0197 0.9878
vn -0.2927 -0.0766 -0.9531
vn -0.1509 -0.0395 -0.9878
vn -0.5638 -0.1476 -0.8126
vn -0.7799 -0.2041 -0.5917
vn -0.9193 -0.2406 -0.3116
vn -0.9644 -0.2524 -0.0789
vn -0.9644 -0.2524 0.0789
vn -0.9193 -0.2406 0.3116
vn -0.7799 -0.2041 0.5917
vn -0.5638 -0.1476 0.8126
vn -0.2927 -0.0766 0.9531
vn -0.1509 -0.0395 0.9878
vn -0.2799 -0.1145 -0.9532
vn -0.1444 -0.0590 -0.9878
vn -0.5393 -0.2205 -0.8127
vn -0.7461 -0.3051 -0.5918
vn -0.8795 -0.3596 -0.3116
vn -0.9227 -0.3773 -0.0789
vn -0.9227 -0.3773 0.0789
vn -0.8795 -0.3596 0.3116
vn -0.7461 -0.3051 0.5918
vn -0.5393 -0.2205 0.8127
vn -0.2799 -0.1145 0.9532
vn -0.1444 -0.0590 0.9878
vn -0.2621 -0.1508 -0.9532
vn -0.1352 -0.0778 -0.9878
vn -0.5050 -0.2905 -0.8128
vn -0.6987 -0.4019 -0.5918
vn -0.8237 -0.4738 -0.3116
vn -0.8641 -0.4971 -0.0789
vn -0.8641 -0.4971 0.0789
vn -0.8237 -0.4738 0.3116
vn -0.6987 -0.4019 0.5918
vn -0.5050 -0.2905 0.8128
vn -0.2621 -0.1508 0.9532
vn -0.1352 -0.0778 0.9878
vn -0.2394 -0.1846 -0.9532
vn -0.1235 -0.0952 -0.9878
vn -0.4613 -0.3557 -0.8128
vn -0.6383 -0.4922 -0.5919
vn -0.7525 -0.5803 -0.3116
vn -0.7894 -0.6088 -0.0789
vn -0.7894 -0.6088 0.0789
vn -0.7525 -0.5803 0.3116
vn -0.6383 -0.4922 0.5919
vn -0.4613 -0.3557 0.8128
vn -0.2394 -0.1846 0.9532
vn -0.1235 -0.0952 0.9878
vn -0.2123 -0.2152 -0.9532
vn -0.1095 -0.1110 -0.9878
vn -0.4091 -0.4147 -0.8128
vn -0.5661 -0.5738 -0.5919
vn -0.6674 -0.6764 -0.3116
vn -0.7001 -0.7096 -0.0789
vn -0.7001 -0.7096 0.0789
vn -0.6674 -0.6764 0.3116
vn -0.5661 -0.5738 0.5919
vn -0.4091 -0.4147 0.8128
vn -0.2123 -0.2152 0.9532
vn -0.1095 -0.1110 0.9878
vn -0.1815 -0.2418 -0.9532
vn -0.0936 -0.1247 -0.9878
vn -0.3497 -0.4659 -0.8128
vn -0.4839 -0.6447 -0.5918
vn -0.5704 -0.7599 -0.3116
vn -0.5985 -0.7973 -0.0790
vn -0.5985 -0.7973 0.0790
vn -0.5704 -0.7599 0.3116
vn -0.4839 -0.6447 0.5918
vn -0.3497 -0.4659 0.8128
vn -0.1815 -0.2418 0.9532
vn -0.0936 -0.1247 0.9878
vn -0.1477 -0.2639 -0.9532
vn -0.0762 -0.1361 -0.9878
vn -0.2845 -0.5084 -0.8127
vn -0.3937 -0.7034 -0.5918
vn -0.4641 -0.8292 -0.3116
vn -0.4868 -0.8699 -0.0790
vn -0.4868 -0.8699 0.0790
vn -0.4641 -0.8292 0.3116
vn -0.3937 -0.7034 0.5918
vn -0.2845 -0.5084 0.8127
vn -0.1477 -0.2639 0.9532
vn -0.0762 -0.1361 0.9878
vn -0.1117 -0.2812 -0.9531
vn -0.0576 -0.1449 -0.9878
vn -0.2152 -0.5416 -0.8126
vn -0.2977 -0.7492 -0.5917
vn -0.3510 -0.8830 -0.3115
vn -0.3682 -0.9264 -0.0789
vn -0.3682 -0.9264 0.0789
vn -0.3510 -0.8830 0.3115
vn -0.2977 -0.7492 0.5917
vn -0.2152 -0.5416 0.8126
vn -0.1117 -0.2812 0.9531
vn -0.0576 -0.1449 0.9878
vn -0.0746 -0.2934 -0.9531
vn -0.0384 -0.1512 -0.9878
vn -0.1436 -0.5649 -0.8126
vn -0.1986 -0.7814 -0.5916
vn -0.2341 -0.9210 -0.3115
vn -0.2456 -0.9662 -0.0789
vn -0.2456 -0.9662 0.0789
vn -0.2341 -0.9210 0.3115
vn -0.1986 -0.7814 0.5916
vn -0.1436 -0.5649 0.8126
vn -0.0746 -0.2934 0.9531
vn -0.0384 -0.1512 0.9878
vn -0.0370 -0.3006 -0.9530
vn -0.0191 -0.1548 -0.9878
vn -0.0713 -0.5786 -0.8125
vn -0.0986 -0.8003 -0.5914
vn -0.1162 -0.9432 -0.3114
vn -0.1219 -0.9894 -0.0789
vn -0.1219 -0.9894 0.0789
vn -0.1162 -0.9432 0.3114
vn -0.0986 -0.8003 0.5914
vn -0.0713 -0.5787 0.8125
vn -0.0371 -0.3006 0.9530
vn -0.0191 -0.1548 0.9878
vn -0.0013 -0.3035 -0.9528
vn -0.0007 -0.1560 -0.9878
vn -0.0025 -0.5836 -0.8121
vn -0.0034 -0.8066 -0.5910
vn -0.0040 -0.9504 -0.3111
vn -0.0042 -0.9969 -0.0789
vn -0.0042 -0.9969 0.0789
vn -0.0040 -0.9504 0.3111
vn -0.0034 -0.8066 0.5910
vn -0.0025 -0.5836 0.8121
vn -0.0013 -0.3035 0.9528
vn -0.0007 -0.1560 0.9878
vn 0.0314 -0.3022 -0.9527
vn 0.0644 -0.2965 -0.9528
vn 0.0331 -0.1525 -0.9877
vn 0.0161 -0.1552 -0.9877
vn 0.0603 -0.5807 -0.8119
vn 0.1238 -0.5702 -0.8121
vn 0.0834 -0.8025 -0.5908
vn 0.1712 -0.7882 -0.5911
vn 0.0982 -0.9453 -0.3109
vn 0.2017 -0.9287 -0.3112
vn 0.1030 -0.9916 -0.0787
vn 0.2116 -0.9742 -0.0788
vn 0.1030 -0.9916 0.0787
vn 0.2116 -0.9742 0.0788
vn 0.0982 -0.9453 0.3109
vn 0.2017 -0.9287 0.3112
vn 0.0834 -0.8025 0.5908
vn 0.1712 -0.7882 0.5911
vn 0.0603 -0.5807 0.8119
vn 0.1238 -0.5702 0.8121
vn 0.0314 -0.3022 0.9527
vn 0.0644 -0.2965 0.9528
vn 0.0161 -0.1552 0.9877
vn 0.0331 -0.1525 0.9877
vn 0.0988 -0.2865 -0.9530
vn 0.0509 -0.1475 -0.9878
vn 0.1901 -0.5513 -0.8124
vn 0.2628 -0.7623 -0.5914
vn 0.3097 -0.8984 -0.3113
vn 0.3249 -0.9424 -0.0789
vn 0.3249 -0.9424 0.0789
vn 0.3097 -0.8984 0.3113
vn 0.2628 -0.7623 0.5914
vn 0.1901 -0.5513 0.8124
vn 0.0988 -0.2865 0.9530
vn 0.0509 -0.1475 0.9878
vn 0.1338 -0.2715 -0.9531
vn 0.0689 -0.1399 -0.9878
vn 0.2576 -0.5228 -0.8126
vn 0.3563 -0.7231 -0.5917
vn 0.4200 -0.8524 -0.3115
vn 0.4406 -0.8942 -0.0789
vn 0.4406 -0.8942 0.0789
vn 0.4200 -0.8524 0.3115
vn 0.3563 -0.7231 0.5917
vn 0.2576 -0.5228 0.8126
vn 0.1338 -0.2715 0.9531
vn 0.0689 -0.1399 0.9878
vn 0.1684 -0.2510 -0.9532
vn 0.0869 -0.1295 -0.9878
vn 0.3246 -0.4837 -0.8128
vn 0.4491 -0.6693 -0.5919
vn 0.5294 -0.7891 -0.3117
vn 0.5554 -0.8278 -0.0789
vn 0.5554 -0.8278 0.0789
vn 0.5294 -0.7891 0.3117
vn 0.4491 -0.6693 0.5919
vn 0.3246 -0.4837 0.8128
vn 0.1684 -0.2510 0.9532
vn 0.0869 -0.1295 0.9878
vn 0.2014 -0.2250 -0.9533
vn 0.1040 -0.1162 -0.9878
vn 0.3883 -0.4339 -0.8130
vn 0.5375 -0.6005 -0.5921
vn 0.6337 -0.7080 -0.3118
vn 0.6648 -0.7428 -0.0789
vn 0.6648 -0.7428 0.0789
vn 0.6337 -0.7080 0.3118
vn 0.5375 -0.6005 0.5921
vn 0.3883 -0.4339 0.8130
vn 0.2014 -0.2250 0.9533
vn 0.1040 -0.1162 0.9878
vn 0.2313 -0.1938 -0.9534
vn 0.1195 -0.1001 -0.9878
vn 0.4462 -0.3738 -0.8131
vn 0.6177 -0.5174 -0.5922
vn 0.7284 -0.6101 -0.3118
vn 0.7642 -0.6401 -0.0789
vn 0.7642 -0.6401 0.0789
vn 0.7284 -0.6101 0.3118
vn 0.6177 -0.5174 0.5922
vn 0.4462 -0.3738 0.8131
vn 0.2313 -0.1938 0.9534
vn 0.1195 -0.1001 0.9878
vn 0.2569 -0.1582 -0.9534
vn 0.1328 -0.0817 -0.9878
vn 0.4956 -0.3052 -0.8131
vn 0.6861 -0.4225 -0.5923
vn 0.8091 -0.4982 -0.3119
vn 0.8489 -0.5227 -0.0789
vn 0.8489 -0.5227 0.0789
vn 0.8091 -0.4982 0.3119
vn 0.6861 -0.4225 0.5923
vn 0.4956 -0.3052 0.8131
vn 0.2569 -0.1582 0.9534
vn 0.1328 -0.0817 0.9878
vn 0.2772 -0.1195 -0.9534
vn 0.1432 -0.0617 -0.9878
vn 0.5345 -0.2305 -0.8131
vn 0.7399 -0.3191 -0.5922
vn 0.8724 -0.3763 -0.3119
vn 0.9154 -0.3948 -0.0790
vn 0.9154 -0.3948 0.0790
vn 0.8724 -0.3763 0.3119
vn 0.7399 -0.3191 0.5922
vn 0.5345 -0.2305 0.8131
vn 0.2772 -0.1195 0.9534
vn 0.1432 -0.0617 0.9878
vn 0.2915 -0.0793 -0.9533
vn 0.1505 -0.0409 -0.9878
vn 0.5619 -0.1529 -0.8129
vn 0.7777 -0.2117 -0.5920
vn 0.9168 -0.2496 -0.3117
vn 0.9619 -0.2618 -0.0790
vn 0.9619 -0.2618 0.0790
vn 0.9168 -0.2496 0.3117
vn 0.7777 -0.2117 0.5920
vn 0.5619 -0.1529 0.8129
vn 0.2915 -0.0793 0.9533
vn 0.1505 -0.0409 0.9878
vn 0.2999 -0.0391 -0.9532
vn 0.1551 -0.0202 -0.9877
vn 0.5778 -0.0754 -0.8127
vn 0.7994 -0.1043 -0.5917
vn 0.9423 -0.1229 -0.3115
vn 0.9885 -0.1289 -0.0789
vn 0.9885 -0.1289 0.0789
vn 0.9423 -0.1229 0.3115
vn 0.7994 -0.1043 0.5917
vn 0.5778 -0.0754 0.8127
vn 0.2999 -0.0391 0.9532
vn 0.1547 -0.0202 0.9878
vn 0.3026 0.0005 -0.9531
vn 0.1560 0.0003 -0.9878
vn 0.5828 0.0009 -0.8126
vn 0.8062 0.0013 -0.5917
vn 0.9502 0.0015 -0.3115
vn 0.9969 0.0016 -0.0788
vn 0.9969 0.0016 0.0788
vn 0.9502 0.0015 0.3115
vn 0.8062 0.0013 0.5917
vn 0.5828 0.0009 0.8126
vn 0.3026 0.0005 0.9531
vn 0.1560 0.0003 0.9878
vn 0.2994 0.0408 -0.9533
vn 0.1545 0.0210 -0.9878
vn 0.5772 0.0786 -0.8128
vn 0.7986 0.1087 -0.5919
vn 0.9415 0.1282 -0.3117
vn 0.9878 0.1345 -0.0789
vn 0.9878 0.1345 0.0789
vn 0.9415 0.1282 0.3117
vn 0.7986 0.1087 0.5919
vn 0.5772 0.0786 0.8128
vn 0.2994 0.0408 0.9533
vn 0.1545 0.0210 0.9878
vn 0.2907 0.0819 -0.9533
vn 0.1501 0.0423 -0.9878
vn 0.5605 0.1578 -0.8130
vn 0.7757 0.2184 -0.5920
vn 0.9146 0.2575 -0.3117
vn 0.9596 0.2702 -0.0789
vn 0.9596 0.2702 0.0789
vn 0.9146 0.2575 0.3117
vn 0.7757 0.2184 0.5920
vn 0.5605 0.1578 0.8130
vn 0.2907 0.0819 0.9533
vn 0.1501 0.0423 0.9878
vn 0.2762 0.1220 -0.9533
vn 0.1426 0.0630 -0.9878
vn 0.5326 0.2353 -0.8130
vn 0.7371 0.3258 -0.5921
vn 0.8691 0.3841 -0.3118
vn 0.9118 0.4030 -0.0790
vn 0.9118 0.4030 0.0790
vn 0.8691 0.3841 0.3118
vn 0.7371 0.3258 0.5921
vn 0.5326 0.2353 0.8130
vn 0.2762 0.1220 0.9533
vn 0.1426 0.0630 0.9878
vn 0.2561 0.1600 -0.9533
vn 0.1322 0.0826 -0.9878
vn 0.4938 0.3085 -0.8130
vn 0.6835 0.4269 -0.5921
vn 0.8058 0.5034 -0.3118
vn 0.8455 0.5281 -0.0790
vn 0.8455 0.5281 0.0790
vn 0.8058 0.5034 0.3118
vn 0.6835 0.4269 0.5921
vn 0.4938 0.3085 0.8130
vn 0.2561 0.1600 0.9533
vn 0.1322 0.0826 0.9878
vn 0.2312 0.1944 -0.9533
vn 0.1193 0.1004 -0.9878
vn 0.4457 0.3748 -0.8129
vn 0.6167 0.5187 -0.5921
vn 0.7272 0.6116 -0.3118
vn 0.7629 0.6417 -0.0789
vn 0.7629 0.6417 0.0789
vn 0.7272 0.6116 0.3118
vn 0.6167 0.5187 0.5921
vn 0.4457 0.3748 0.8129
vn 0.2312 0.1944 0.9533
vn 0.1193 0.1004 0.9878
vn 0.2023 0.2246 -0.9532
vn 0.1046 0.1161 -0.9877
vn 0.3899 0.4328 -0.8128
vn 0.5395 0.5988 -0.5919
vn 0.6360 0.7060 -0.3116
vn 0.6672 0.7407 -0.0788
vn 0.6672 0.7407 0.0788
vn 0.6360 0.7060 0.3116
vn 0.5395 0.5988 0.5919
vn 0.3899 0.4328 0.8128
vn 0.2023 0.2246 0.9532
vn 0.1044 0.1159 0.9878
vn 0.1705 0.2498 -0.9532
vn 0.0879 0.1288 -0.9878
vn 0.3285 0.4812 -0.8127
vn 0.4545 0.6658 -0.5918
vn 0.5357 0.7848 -0.3115
vn 0.5620 0.8234 -0.0789
vn 0.5620 0.8234 0.0789
vn 0.5357 0.7848 0.3115
vn 0.4545 0.6658 0.5918
vn 0.3285 0.4812 0.8127
vn 0.1705 0.2498 0.9532
vn 0.0879 0.1288 0.9878
vn 0.1369 0.2700 -0.9531
vn 0.0705 0.1391 -0.9878
vn 0.2635 0.5199 -0.8126
vn 0.3645 0.7191 -0.5916
vn 0.4297 0.8476 -0.3114
vn 0.4507 0.8892 -0.0789
vn 0.4507 0.8892 0.0789
vn 0.4297 0.8476 0.3114
vn 0.3645 0.7191 0.5916
vn 0.2635 0.5199 0.8126
vn 0.1369 0.2700 0.9531
vn 0.0705 0.1391 0.9878
vn 0.1023 0.2852 -0.9530
vn 0.0527 0.1469 -0.9878
vn 0.1969 0.5489 -0.8124
vn 0.2722 0.7590 -0.5914
vn 0.3208 0.8945 -0.3113
vn 0.3365 0.9384 -0.0788
vn 0.3365 0.9384 0.0788
vn 0.3208 0.8945 0.3113
vn 0.2722 0.7590 0.5914
vn 0.1969 0.5489 0.8124
vn 0.1023 0.2852 0.9530
vn 0.0527 0.1469 0.9878
vn 0.0676 0.2957 -0.9529
vn 0.0348 0.1521 -0.9878
vn 0.1300 0.5687 -0.8122
vn 0.1796 0.7862 -0.5913
vn 0.2117 0.9265 -0.3112
vn 0.2220 0.9718 -0.0788
vn 0.2220 0.9718 0.0788
vn 0.2117 0.9265 0.3112
vn 0.1796 0.7862 0.5913
vn 0.1300 0.5687 0.8122
vn 0.0676 0.2957 0.9529
vn 0.0348 0.1521 0.9878
vn 0.0333 0.3017 -0.9528
vn 0.0171 0.1551 -0.9877
vn 0.0641 0.5800 -0.8121
vn 0.0885 0.8017 -0.5911
vn 0.1043 0.9446 -0.3111
vn 0.1095 0.9909 -0.0788
vn 0.1095 0.9909 0.0788
vn 0.1043 0.9446 0.3111
vn 0.0885 0.8017 0.5911
vn 0.0641 0.5800 0.8121
vn 0.0333 0.3017 0.9528
vn 0.0171 0.1551 0.9877
vn -0.0001 0.3037 -0.9528
vn -0.0000 0.1561 -0.9877
vn -0.0002 0.5837 -0.8119
vn -0.0003 0.8067 -0.5909
vn -0.0003 0.9504 -0.3110
vn -0.0003 0.9969 -0.0788
vn -0.0003 0.9969 0.0788
vn -0.0003 0.9504 0.3110
vn -0.0003 0.8067 0.5909
vn -0.0002 0.5837 0.8119
vn -0.0001 0.3037 0.9528
vn -0.0000 0.1561 0.9877
vn -0.0342 0.3014 -0.9529
vn -0.0176 0.1550 -0.9878
vn -0.0658 0.5797 -0.8122
vn -0.0910 0.8014 -0.5912
vn -0.1072 0.9443 -0.3112
vn -0.1124 0.9905 -0.0788
vn -0.1124 0.9905 0.0788
vn -0.1072 0.9443 0.3112
vn -0.0910 0.8014 0.5912
vn -0.0658 0.5797 0.8122
vn -0.0342 0.3014 0.9529
vn -0.0176 0.1550 0.9878
vn -0.0702 0.2946 -0.9530
vn -0.0362 0.1517 -0.9878
vn -0.1352 0.5671 -0.8125
vn -0.1870 0.7843 -0.5915
vn -0.2204 0.9244 -0.3113
vn -0.2312 0.9697 -0.0788
vn -0.2312 0.9697 0.0788
vn -0.2204 0.9244 0.3113
vn -0.1870 0.7843 0.5915
vn -0.1352 0.5671 0.8125
vn -0.0702 0.2946 0.9530
vn -0.0362 0.1517 0.9878
vn -0.1074 0.2828 -0.9532
vn -0.0554 0.1458 -0.9878
vn -0.2069 0.5447 -0.8127
vn -0.2862 0.7536 -0.5918
vn -0.3374 0.8883 -0.3115
vn -0.3540 0.9319 -0.0788
vn -0.3540 0.9319 0.0788
vn -0.3374 0.8883 0.3115
vn -0.2862 0.7536 0.5918
vn -0.2069 0.5447 0.8127
vn -0.1074 0.2828 0.9532
vn -0.0554 0.1458 0.9878
vn -0.1444 0.2654 -0.9533
vn -0.0745 0.1370 -0.9878
vn -0.2783 0.5116 -0.8129
vn -0.3851 0.7080 -0.5920
vn -0.4541 0.8347 -0.3117
vn -0.4764 0.8757 -0.0789
vn -0.4764 0.8757 0.0789
vn -0.4541 0.8347 0.3117
vn -0.3851 0.7080 0.5920
vn -0.2783 0.5116 0.8129
vn -0.1444 0.2654 0.9533
vn -0.0745 0.1370 0.9878
vn -0.1798 0.2427 -0.9533
vn -0.0928 0.1253 -0.9878
vn -0.3466 0.4679 -0.8130
vn -0.4797 0.6476 -0.5921
vn -0.5656 0.7635 -0.3118
vn -0.5934 0.8010 -0.0790
vn -0.5934 0.8010 0.0790
vn -0.5656 0.7635 0.3118
vn -0.4797 0.6476 0.5921
vn -0.3466 0.4679 0.8130
vn -0.1798 0.2427 0.9533
vn -0.0928 0.1253 0.9878
vn -0.2121 0.2149 -0.9533
vn -0.1095 0.1110 -0.9878
vn -0.4090 0.4144 -0.8130
vn -0.5660 0.5736 -0.5921
vn -0.6674 0.6763 -0.3118
vn -0.7002 0.7096 -0.0790
vn -0.7002 0.7096 0.0790
vn -0.6674 0.6763 0.3118
vn -0.5660 0.5736 0.5921
vn -0.4090 0.4144 0.8130
vn -0.2121 0.2149 0.9533
vn -0.1095 0.1110 0.9878
vn -0.2402 0.1831 -0.9533
vn -0.1240 0.0946 -0.9878
vn -0.4631 0.3530 -0.8130
vn -0.6409 0.4886 -0.5920
vn -0.7556 0.5760 -0.3118
vn -0.7928 0.6044 -0.0790
vn -0.7928 0.6044 0.0790
vn -0.7556 0.5760 0.3118
vn -0.6409 0.4886 0.5920
vn -0.4631 0.3530 0.8130
vn -0.2402 0.1831 0.9533
vn -0.1240 0.0946 0.9878
vn -0.2633 0.1483 -0.9532
vn -0.1359 0.0766 -0.9878
vn -0.5075 0.2859 -0.8129
vn -0.7022 0.3956 -0.5919
vn -0.8279 0.4664 -0.3117
vn -0.8685 0.4893 -0.0789
vn -0.8685 0.4893 0.0789
vn -0.8279 0.4664 0.3117
vn -0.7022 0.3956 0.5919
vn -0.5075 0.2859 0.8129
vn -0.2633 0.1483 0.9532
vn -0.1359 0.0766 0.9878
vn -0.2810 0.1117 -0.9532
vn -0.1449 0.0576 -0.9878
vn -0.5414 0.2153 -0.8127
vn -0.7490 0.2978 -0.5918
vn -0.8830 0.3511 -0.3116
vn -0.9263 0.3683 -0.0788
vn -0.9263 0.3683 0.0788
vn -0.8830 0.3511 0.3116
vn -0.7490 0.2978 0.5918
vn -0.5414 0.2153 0.8127
vn -0.2810 0.1117 0.9532
vn -0.1449 0.0576 0.9878
vn -0.2934 0.0743 -0.9531
vn -0.1512 0.0383 -0.9878
vn -0.5650 0.1432 -0.8126
vn -0.7815 0.1980 -0.5916
vn -0.9212 0.2334 -0.3114
vn -0.9663 0.2449 -0.0788
vn -0.9663 0.2449 0.0788
vn -0.9212 0.2334 0.3114
vn -0.7815 0.1980 0.5916
vn -0.5650 0.1432 0.8126
vn -0.2934 0.0743 0.9531
vn -0.1512 0.0383 0.9878
vn -0.3007 0.0369 -0.9530
vn -0.1548 0.0190 -0.9878
vn -0.5787 0.0711 -0.8124
vn -0.8003 0.0984 -0.5914
vn -0.9432 0.1159 -0.3113
vn -0.9894 0.1216 -0.0788
vn -0.9894 0.1216 0.0788
vn -0.9432 0.1159 0.3113
vn -0.8003 0.0984 0.5914
vn -0.5787 0.0711 0.8124
vn -0.3007 0.0369 0.9530
vn -0.1548 0.0190 0.9878
vn -0.3028 -0.0009 -0.9530
vn -0.1560 -0.0005 -0.9878
vn -0.5830 -0.0017 -0.8125
vn -0.8063 -0.0023 -0.5916
vn -0.9503 -0.0027 -0.3114
vn -0.9969 -0.0029 -0.0788
vn -0.9969 -0.0029 0.0788
vn -0.9503 -0.0027 0.3114
vn -0.8063 -0.0023 0.5916
vn -0.5830 -0.0017 0.8125
vn -0.3028 -0.0009 0.9530
vn -0.1560 -0.0004 0.9878
vn -0.2996 -0.0404 -0.9532
vn -0.1545 -0.0208 -0.9878
vn -0.5773 -0.0779 -0.8128
vn -0.7988 -0.1078 -0.5919
vn -0.9417 -0.1271 -0.3116
vn -0.9879 -0.1333 -0.0789
vn -0.9879 -0.1333 0.0789
vn -0.9417 -0.1271 0.3116
vn -0.7988 -0.1078 0.5919
vn -0.5773 -0.0779 0.8128
vn -0.2996 -0.0404 0.9532
vn -0.1545 -0.0208 0.9878
vn -0.2911 -0.0810 -0.9533
vn -0.1502 -0.0418 -0.9878
vn -0.5611 -0.1561 -0.8129
vn -0.7765 -0.2160 -0.5920
vn -0.9154 -0.2546 -0.3117
vn -0.9604 -0.2671 -0.0789
vn -0.9604 -0.2671 0.0789
vn -0.9154 -0.2546 0.3117
vn -0.7765 -0.2160 0.5920
vn -0.5611 -0.1561 0.8129
vn -0.2911 -0.0810 0.9533
vn -0.1502 -0.0418 0.9878
vn -0.2770 -0.1205 -0.9533
vn -0.1430 -0.0622 -0.9878
vn -0.5340 -0.2324 -0.8129
vn -0.7390 -0.3216 -0.5920
vn -0.8713 -0.3791 -0.3116
vn -0.9141 -0.3978 -0.0789
vn -0.9141 -0.3978 0.0789
vn -0.8713 -0.3791 0.3116
vn -0.7390 -0.3216 0.5920
vn -0.5340 -0.2324 0.8129
vn -0.2770 -0.1205 0.9533
vn -0.1430 -0.0622 0.9878
vn -0.2576 -0.1579 -0.9533
vn -0.1329 -0.0815 -0.9878
vn -0.4964 -0.3044 -0.8130
vn -0.6870 -0.4212 -0.5920
vn -0.8101 -0.4967 -0.3116
vn -0.8498 -0.5211 -0.0789
vn -0.8498 -0.5211 0.0789
vn -0.8101 -0.4967 0.3116
vn -0.6870 -0.4212 0.5920
vn -0.4964 -0.3044 0.8130
vn -0.2576 -0.1579 0.9533
vn -0.1329 -0.0815 0.9878
vn -0.2333 -0.1921 -0.9533
vn -0.1204 -0.0991 -0.9878
vn -0.4496 -0.3702 -0.8129
vn -0.6222 -0.5122 -0.5920
vn -0.7336 -0.6039 -0.3116
vn -0.7696 -0.6336 -0.0789
vn -0.7696 -0.6336 0.0789
vn -0.7336 -0.6039 0.3116
vn -0.6222 -0.5122 0.5920
vn -0.4496 -0.3702 0.8129
vn -0.2333 -0.1921 0.9533
vn -0.1204 -0.0991 0.9878
vn -0.2050 -0.2222 -0.9532
vn -0.1058 -0.1146 -0.9878
vn -0.3951 -0.4281 -0.8128
vn -0.5466 -0.5924 -0.5918
vn -0.6444 -0.6983 -0.3116
vn -0.6760 -0.7326 -0.0789
vn -0.6760 -0.7326 0.0789
vn -0.6444 -0.6983 0.3116
vn -0.5466 -0.5924 0.5918
vn -0.3951 -0.4281 0.8128
vn -0.2050 -0.2222 0.9532
vn -0.1058 -0.1146 0.9878
vn -0.1736 -0.2477 -0.9532
vn -0.0895 -0.1277 -0.9878
vn -0.3344 -0.4771 -0.8127
vn -0.4627 -0.6601 -0.5917
vn -0.5454 -0.7782 -0.3115
vn -0.5721 -0.8163 -0.0789
vn -0.5721 -0.8163 0.0789
vn -0.5454 -0.7782 0.3115
vn -0.4627 -0.6601 0.5917
vn -0.3344 -0.4771 0.8127
vn -0.1736 -0.2477 0.9532
vn -0.0895 -0.1277 0.9878
vn -0.1400 -0.2684 -0.9531
vn -0.0721 -0.1383 -0.9878
vn -0.2696 -0.5168 -0.8126
vn -0.3729 -0.7148 -0.5916
vn -0.4395 -0.8425 -0.3114
vn -0.4610 -0.8839 -0.0789
vn -0.4610 -0.8839 0.0789
vn -0.4395 -0.8425 0.3114
vn -0.3729 -0.7148 0.5916
vn -0.2696 -0.5168 0.8126
vn -0.1400 -0.2684 0.9531
vn -0.0721 -0.1383 0.9878
vn -0.1051 -0.2841 -0.9530
vn -0.0541 -0.1463 -0.9878
vn -0.2022 -0.5468 -0.8125
vn -0.2797 -0.7563 -0.5915
vn -0.3296 -0.8913 -0.3114
vn -0.3458 -0.9350 -0.0789
vn -0.3458 -0.9350 0.0789
vn -0.3296 -0.8913 0.3114
vn -0.2797 -0.7563 0.5915
vn -0.2022 -0.5468 0.8125
vn -0.1051 -0.2841 0.9530
vn -0.0541 -0.1463 0.9878
vn -0.0696 -0.2950 -0.9530
vn -0.0358 -0.1519 -0.9878
vn -0.1340 -0.5676 -0.8123
vn -0.1853 -0.7849 -0.5913
vn -0.2183 -0.9249 -0.3113
vn -0.2290 -0.9702 -0.0789
vn -0.2290 -0.9702 0.0789
vn -0.2183 -0.9249 0.3113
vn -0.1853 -0.7849 0.5913
vn -0.1340 -0.5676 0.8123
vn -0.0696 -0.2950 0.9530
vn -0.0358 -0.1519 0.9878
vn -0.0344 -0.3014 -0.9529
vn -0.0177 -0.1550 -0.9878
vn -0.0662 -0.5796 -0.8122
vn -0.0916 -0.8013 -0.5912
vn -0.1079 -0.9442 -0.3112
vn -0.1132 -0.9904 -0.0788
vn -0.1132 -0.9904 0.0788
vn -0.1079 -0.9442 0.3112
vn -0.0916 -0.8013 0.5912
vn -0.0662 -0.5796 0.8122
vn -0.0344 -0.3014 0.9529
vn -0.0177 -0.1550 0.9878
vn -0.0009 -0.3039 -0.9527
vn -0.0004 -0.1561 -0.9877
vn -0.0016 -0.5838 -0.8119
vn -0.0023 -0.8068 -0.5908
vn -0.0027 -0.9504 -0.3109
vn -0.0028 -0.9969 -0.0787
vn -0.0028 -0.9969 0.0787
vn -0.0027 -0.9504 0.3109
vn -0.0023 -0.8068 0.5908
vn -0.0016 -0.5838 0.8119
vn -0.0009 -0.3039 0.9527
vn -0.0004 -0.1561 0.9877
vt 0.240838 0.000000
vt 0.251309 0.000000
vt 0.246073 0.000000
vt 0.235602 0.000000
vt 0.256545 0.000000
vt 0.230366 0.000000
vt 0.261780 0.000000
vt 0.225131 0.000000
vt 0.267016 0.000000
vt 0.219895 0.000000
vt 0.272251 0.000000
vt 0.214660 0.000000
vt 0.277487 0.000000
vt 0.209424 0.000000
vt 0.282723 0.000000
vt 0.204188 0.000000
vt 0.748691 0.000000
vt 0.287958 0.000000
vt 0.502618 0.000000
vt 0.743455 0.000000
vt 0.507853 0.000000
vt 0.738220 0.000000
vt 0.198953 0.000000
vt 0.513089 0.000000
vt 0.293194 0.000000
vt 0.732984 0.000000
vt 0.518325 0.000000
vt 0.727749 0.000000
vt 0.523560 0.000000
vt 0.722513 0.000000
vt 0.528796 0.000000
vt 0.717277 0.000000
vt 0.193717 0.000000
vt 0.298429 0.000000
vt 0.534031 0.000000
vt 0.712042 0.000000
vt 0.539267 0.000000
vt 0.706806 0.000000
vt 0.544503 0.000000
vt 0.188482 0.000000
vt 0.701571 0.000000
vt 0.303665 0.000000
vt 0.549738 0.000000
vt 0.696335 0.000000
vt 0.554974 0.000000
vt 0.691099 0.000000
vt 0.183246 0.000000
vt 0.308901 0.000000
vt 0.560209 0.000000
vt 0.685864 0.000000
vt 0.565445 0.000000
vt 0.178010 0.000000
vt 0.680628 0.000000
vt 0.314136 0.000000
vt 0.570681 0.000000
vt 0.675393 0.000000
vt 0.172775 0.000000
vt 0.319372 0.000000
vt 0.575916 0.000000
vt 0.670157 0.000000
vt 0.324607 0.000000
vt 0.167539 0.000000
vt 0.581152 0.000000
vt 0.664921 0.000000
vt 0.329843 0.000000
vt 0.162304 0.000000
vt 0.586387 0.000000
vt 0.659686 0.000000
vt 0.335079 0.000000
vt 0.157068 0.000000
vt 0.591623 0.000000
vt 0.654450 0.000000
vt 0.340314 0.000000
vt 0.151832 0.000000
vt 0.596859 0.000000
vt 0.649215 0.000000
vt 0.345550 0.000000
vt 0.602094 0.000000
vt 0.643979 0.000000
vt 0.146597 0.000000
vt 0.607330 0.000000
vt 0.638743 0.000000
vt 0.350785 0.000000
vt 0.141361 0.000000
vt 0.612565 0.000000
vt 0.633508 0.000000
vt 0.617801 0.000000
vt 0.628272 0.000000
vt 0.623037 0.000000
vt 0.356021 0.000000
vt 0.136126 0.000000
vt 0.361257 0.000000
vt 0.130890 0.000000
vt 0.366492 0.000000
vt 0.125654 0.000000
vt 0.371728 0.000000
vt 0.120419 0.000000
vt 0.115183 0.000000
vt 0.376963 0.000000
vt 0.382199 0.000000
vt 0.109948 0.000000
vt 0.387435 0.000000
vt 0.104712 0.000000
vt 0.392670 0.000000
vt 0.099476 0.000000
vt 1.000000 0.000000
vt 0.397906 0.000000
vt 0.094241 0.000000
vt 0.753927 0.000000
vt 0.994764 0.000000
vt 0.759162 0.000000
vt 0.989529 0.000000
vt 0.764398 0.000000
vt 0.984293 0.000000
vt 0.403141 0.000000
vt 0.089005 0.000000
vt 0.769634 0.000000
vt 0.979058 0.000000
vt 0.774869 0.000000
vt 0.973822 0.000000
vt 0.408377 0.000000
vt 0.083770 0.000000
vt 0.780105 0.000000
vt 0.968586 0.000000
vt 0.785340 0.000000
vt 0.963351 0.000000
vt 0.078534 0.000000
vt 0.413613 0.000000
vt 0.790576 0.000000
vt 0.958115 0.000000
vt 0.073298 0.000000
vt 0.418848 0.000000
vt 0.795812 0.000000
vt 0.952880 0.000000
vt 0.801047 0.000000
vt 0.068063 0.000000
vt 0.947644 0.000000
vt 0.424084 0.000000
vt 0.806283 0.000000
vt 0.942408 0.000000
vt 0.062827 0.000000
vt 0.429319 0.000000
vt 0.811518 0.000000
vt 0.937173 0.000000
vt 0.057592 0.000000
vt 0.434555 0.000000
vt 0.816754 0.000000
vt 0.931937 0.000000
vt 0.052356 0.000000
vt 0.439791 0.000000
vt 0.926702 0.000000
vt 0.821990 0.000000
vt 0.921466 0.000000
vt 0.827225 0.000000
vt 0.047120 0.000000
vt 0.445026 0.000000
vt 0.916230 0.000000
vt 0.832461 0.000000
vt 0.910995 0.000000
vt 0.837696 0.000000
vt 0.041885 0.000000
vt 0.450262 0.000000
vt 0.905759 0.000000
vt 0.842932 0.000000
vt 0.900524 0.000000
vt 0.848168 0.000000
vt 0.036649 0.000000
vt 0.455497 0.000000
vt 0.895288 0.000000
vt 0.853403 0.000000
vt 0.890052 0.000000
vt 0.858639 0.000000
vt 0.884817 0.000000
vt 0.863874 0.000000
vt 0.879581 0.000000
vt 0.869110 0.000000
vt 0.031414 0.000000
vt 0.460733 0.000000
vt 0.874346 0.000000
vt 0.026178 0.000000
vt 0.465969 0.000000
vt 0.020942 0.000000
vt 0.471204 0.000000
vt 0.015707 0.000000
vt 0.476440 0.000000
vt 0.010471 0.000000
vt 0.481675 0.000000
vt 0.005236 0.000000
vt 0.486911 0.000000
vt 0.000000 0.000000
vt 0.492147 0.000000
vt 0.497382 0.000000
vt 0.000000 0.090909
vt 0.010417 0.090909
vt 0.010417 0.000000
vt 0.000000 0.181818
vt 0.010417 0.181818
vt 0.000000 0.272727
vt 0.010417 0.272727
vt 0.000000 0.363636
vt 0.010417 0.363636
vt 0.000000 0.454545
vt 0.010417 0.454545
vt 0.000000 0.545455
vt 0.010417 0.545455
vt 0.000000 0.636364
vt 0.010417 0.636364
vt 0.000000 0.727273
vt 0.010417 0.727273
vt 0.000000 0.818182
vt 0.010417 0.818182
vt 0.000000 0.909091
vt 0.010417 0.909091
vt 0.000000 1.000000
vt 0.010417 1.000000
vt 0.020833 0.090909
vt 0.020833 0.000000
vt 0.020833 0.181818
vt 0.020833 0.272727
vt 0.020833 0.363636
vt 0.020833 0.454545
vt 0.020833 0.545455
vt 0.020833 0.636364
vt 0.020833 0.727273
vt 0.020833 0.818182
vt 0.020833 0.909091
vt 0.020833 1.000000
vt 0.031250 0.090909
vt 0.031250 0.000000
vt 0.031250 0.181818
vt 0.031250 0.272727
vt 0.031250 0.363636
vt 0.031250 0.454545
vt 0.031250 0.545455
vt 0.031250 0.636364
vt 0.031250 0.727273
vt 0.031250 0.818182
vt 0.031250 0.909091
vt 0.031250 1.000000
vt 0.041667 0.090909
vt 0.041667 0.000000
vt 0.041667 0.181818
vt 0.041667 0.272727
vt 0.041667 0.363636
vt 0.041667 0.454545
vt 0.041667 0.545455
vt 0.041667 0.636364
vt 0.041667 0.727273
vt 0.041667 0.818182
vt 0.041667 0.909091
vt 0.041667 1.000000
vt 0.052083 0.090909
vt 0.052083 0.000000
vt 0.052083 0.181818
vt 0.052083 0.272727
vt 0.052083 0.363636
vt 0.052083 0.454545
vt 0.052083 0.545455
vt 0.052083 0.636364
vt 0.052083 0.727273
vt 0.052083 0.818182
vt 0.052083 0.909091
vt 0.052083 1.000000
vt 0.062500 0.090909
vt 0.062500 0.000000
vt 0.062500 0.181818
vt 0.062500 0.272727
vt 0.062500 0.363636
vt 0.062500 0.454545
vt 0.062500 0.545455
vt 0.062500 0.636364
vt 0.062500 0.727273
vt 0.062500 0.818182
vt 0.062500 0.909091
vt 0.062500 1.000000
vt 0.072917 0.090909
vt 0.072917 0.000000
vt 0.072917 0.181818
vt 0.072917 0.272727
vt 0.072917 0.363636
vt 0.072917 0.454545
vt 0.072917 0.545455
vt 0.072917 0.636364
vt 0.072917 0.727273
vt 0.072917 0.818182
vt 0.072917 0.909091
vt 0.072917 1.000000
vt 0.083333 0.090909
vt 0.083333 0.000000
vt 0.083333 0.181818
vt 0.083333 0.272727
vt 0.083333 0.363636
vt 0.083333 0.454545
vt 0.083333 0.545455
vt 0.083333 0.636364
vt 0.083333 0.727273
vt 0.083333 0.818182
vt 0.083333 0.909091
vt 0.083333 1.000000
vt 0.093750 0.090909
vt 0.093750 0.000000
vt 0.093750 0.181818
vt 0.093750 0.272727
vt 0.093750 0.363636
vt 0.093750 0.454545
vt 0.093750 0.545455
vt 0.093750 0.636364
vt 0.093750 0.727273
vt 0.093750 0.818182
vt 0.093750 0.909091
vt 0.093750 1.000000
vt 0.104167 0.090909
vt 0.104167 0.000000
vt 0.104167 0.181818
vt 0.104167 0.272727
vt 0.104167 0.363636
vt 0.104167 0.454545
vt 0.104167 0.545455
vt 0.104167 0.636364
vt 0.104167 0.727273
vt 0.104167 0.818182
vt 0.104167 0.909091
vt 0.104167 1.000000
vt 0.114583 0.090909
vt 0.114583 0.000000
vt 0.114583 0.181818
vt 0.114583 0.272727
vt 0.114583 0.363636
vt 0.114583 0.454545
vt 0.114583 0.545455
vt 0.114583 0.636364
vt 0.114583 0.727273
vt 0.114583 0.818182
vt 0.114583 0.909091
vt 0.114583 1.000000
vt 0.125000 0.090909
vt 0.125000 0.000000
vt 0.125000 0.181818
vt 0.125000 0.272727
vt 0.125000 0.363636
vt 0.125000 0.454545
vt 0.125000 0.545455
vt 0.125000 0.636364
vt 0.125000 0.727273
vt 0.125000 0.818182
vt 0.125000 0.909091
vt 0.125000 1.000000
vt 0.135417 0.090909
vt 0.135417 0.000000
vt 0.135417 0.181818
vt 0.135417 0.272727
vt 0.135417 0.363636
vt 0.135417 0.454545
vt 0.135417 0.545455
vt 0.135417 0.636364
vt 0.135417 0.727273
vt 0.135417 0.818182
vt 0.135417 0.909091
vt 0.135417 1.000000
vt 0.145833 0.090909
vt 0.145833 0.000000
vt 0.145833 0.181818
vt 0.145833 0.272727
vt 0.145833 0.363636
vt 0.145833 0.454545
vt 0.145833 0.545455
vt 0.145833 0.636364
vt 0.145833 0.727273
vt 0.145833 0.818182
vt 0.145833 0.909091
vt 0.145833 1.000000
vt 0.156250 0.090909
vt 0.156250 0.000000
vt 0.156250 0.181818
vt 0.156250 0.272727
vt 0.156250 0.363636
vt 0.156250 0.454545
vt 0.156250 0.545455
vt 0.156250 0.636364
vt 0.156250 0.727273
vt 0.156250 0.818182
vt 0.156250 0.909091
vt 0.156250 1.000000
vt 0.166667 0.090909
vt 0.166667 0.000000
vt 0.166667 0.181818
vt 0.166667 0.272727
vt 0.166667 0.363636
vt 0.166667 0.454545
vt 0.166667 0.545455
vt 0.166667 0.636364
vt 0.166667 0.727273
vt 0.166667 0.818182
vt 0.166667 0.909091
vt 0.166667 1.000000
vt 0.177083 0.090909
vt 0.177083 0.000000
vt 0.177083 0.181818
vt 0.177083 0.272727
vt 0.177083 0.363636
vt 0.177083 0.454545
vt 0.177083 0.545455
vt 0.177083 0.636364
vt 0.177083 0.727273
vt 0.177083 0.818182
vt 0.177083 0.909091
vt 0.177083 1.000000
vt 0.187500 0.090909
vt 0.187500 0.000000
vt 0.187500 0.181818
vt 0.187500 0.272727
vt 0.187500 0.363636
vt 0.187500 0.454545
vt 0.187500 0.545455
vt 0.187500 0.636364
vt 0.187500 0.727273
vt 0.187500 0.818182
vt 0.187500 0.909091
vt 0.187500 1.000000
vt 0.197917 0.090909
vt 0.197917 0.000000
vt 0.197917 0.181818
vt 0.197917 0.272727
vt 0.197917 0.363636
vt 0.197917 0.454545
vt 0.197917 0.545455
vt 0.197917 0.636364
vt 0.197917 0.727273
vt 0.197917 0.818182
vt 0.197917 0.909091
vt 0.197917 1.000000
vt 0.208333 0.090909
vt 0.208333 0.000000
vt 0.208333 0.181818
vt 0.208333 0.272727
vt 0.208333 0.363636
vt 0.208333 0.454545
vt 0.208333 0.545455
vt 0.208333 0.636364
vt 0.208333 0.727273
vt 0.208333 0.818182
vt 0.208333 0.909091
vt 0.208333 1.000000
vt 0.218750 0.090909
vt 0.218750 0.000000
vt 0.218750 0.181818
vt 0.218750 0.272727
vt 0.218750 0.363636
vt 0.218750 0.454545
vt 0.218750 0.545455
vt 0.218750 0.636364
vt 0.218750 0.727273
vt 0.218750 0.818182
vt 0.218750 0.909091
vt 0.218750 1.000000
vt 0.229167 0.090909
vt 0.229167 0.000000
vt 0.229167 0.181818
vt 0.229167 0.272727
vt 0.229167 0.363636
vt 0.229167 0.454545
vt 0.229167 0.545455
vt 0.229167 0.636364
vt 0.229167 0.727273
vt 0.229167 0.818182
vt 0.229167 0.909091
vt 0.229167 1.000000
vt 0.239583 0.090909
vt 0.239583 0.000000
vt 0.239583 0.181818
vt 0.239583 0.272727
vt 0.239583 0.363636
vt 0.239583 0.454545
vt 0.239583 0.545455
vt 0.239583 0.636364
vt 0.239583 0.727273
vt 0.239583 0.818182
vt 0.239583 0.909091
vt 0.239583 1.000000
vt 0.250000 0.090909
vt 0.250000 0.000000
vt 0.250000 0.181818
vt 0.250000 0.272727
vt 0.250000 0.363636
vt 0.250000 0.454545
vt 0.250000 0.545455
vt 0.250000 0.636364
vt 0.250000 0.727273
vt 0.250000 0.818182
vt 0.250000 0.909091
vt 0.250000 1.000000
vt 0.260417 0.090909
vt 0.260417 0.000000
vt 0.260417 0.181818
vt 0.260417 0.272727
vt 0.260417 0.363636
vt 0.260417 0.454545
vt 0.260417 0.545455
vt 0.260417 0.636364
vt 0.260417 0.727273
vt 0.260417 0.818182
vt 0.260417 0.909091
vt 0.260417 1.000000
vt 0.270833 0.090909
vt 0.270833 0.000000
vt 0.270833 0.181818
vt 0.270833 0.272727
vt 0.270833 0.363636
vt 0.270833 0.454545
vt 0.270833 0.545455
vt 0.270833 0.636364
vt 0.270833 0.727273
vt 0.270833 0.818182
vt 0.270833 0.909091
vt 0.270833 1.000000
vt 0.281250 0.090909
vt 0.281250 0.000000
vt 0.281250 0.181818
vt 0.281250 0.272727
vt 0.281250 0.363636
vt 0.281250 0.454545
vt 0.281250 0.545455
vt 0.281250 0.636364
vt 0.281250 0.727273
vt 0.281250 0.818182
vt 0.281250 0.909091
vt 0.281250 1.000000
vt 0.291667 0.090909
vt 0.291667 0.000000
vt 0.291667 0.181818
vt 0.291667 0.272727
vt 0.291667 0.363636
vt 0.291667 0.454545
vt 0.291667 0.545455
vt 0.291667 0.636364
vt 0.291667 0.727273
vt 0.291667 0.818182
vt 0.291667 0.909091
vt 0.291667 1.000000
vt 0.302083 0.090909
vt 0.302083 0.000000
vt 0.302083 0.181818
vt 0.302083 0.272727
vt 0.302083 0.363636
vt 0.302083 0.454545
vt 0.302083 0.545455
vt 0.302083 0.636364
vt 0.302083 0.727273
vt 0.302083 0.818182
vt 0.302083 0.909091
vt 0.302083 1.000000
vt 0.312500 0.090909
vt 0.312500 0.000000
vt 0.312500 0.181818
vt 0.312500 0.272727
vt 0.312500 0.363636
vt 0.312500 0.454545
vt 0.312500 0.545455
vt 0.312500 0.636364
vt 0.312500 0.727273
vt 0.312500 0.818182
vt 0.312500 0.909091
vt 0.312500 1.000000
vt 0.322917 0.090909
vt 0.322917 0.000000
vt 0.322917 0.181818
vt 0.322917 0.272727
vt 0.322917 0.363636
vt 0.322917 0.454545
vt 0.322917 0.545455
vt 0.322917 0.636364
vt 0.322917 0.727273
vt 0.322917 0.818182
vt 0.322917 0.909091
vt 0.322917 1.000000
vt 0.333333 0.090909
vt 0.333333 0.000000
vt 0.333333 0.181818
vt 0.333333 0.272727
vt 0.333333 0.363636
vt 0.333333 0.454545
vt 0.333333 0.545455
vt 0.333333 0.636364
vt 0.333333 0.727273
vt 0.333333 0.818182
vt 0.333333 0.909091
vt 0.333333 1.000000
vt 0.343750 0.090909
vt 0.343750 0.000000
vt 0.343750 0.181818
vt 0.343750 0.272727
vt 0.343750 0.363636
vt 0.343750 0.454545
vt 0.343750 0.545455
vt 0.343750 0.636364
vt 0.343750 0.727273
vt 0.343750 0.818182
vt 0.343750 0.909091
vt 0.343750 1.000000
vt 0.354167 0.090909
vt 0.354167 0.000000
vt 0.354167 0.181818
vt 0.354167 0.272727
vt 0.354167 0.363636
vt 0.354167 0.454545
vt 0.354167 0.545455
vt 0.354167 0.636364
vt 0.354167 0.727273
vt 0.354167 0.818182
vt 0.354167 0.909091
vt 0.354167 1.000000
vt 0.364583 0.090909
vt 0.364583 0.000000
vt 0.364583 0.181818
vt 0.364583 0.272727
vt 0.364583 0.363636
vt 0.364583 0.454545
vt 0.364583 0.545455
vt 0.364583 0.636364
vt 0.364583 0.727273
vt 0.364583 0.818182
vt 0.364583 0.909091
vt 0.364583 1.000000
vt 0.375000 0.090909
vt 0.375000 0.000000
vt 0.375000 0.181818
vt 0.375000 0.272727
vt 0.375000 0.363636
vt 0.375000 0.454545
vt 0.375000 0.545455
vt 0.375000 0.636364
vt 0.375000 0.727273
vt 0.375000 0.818182
vt 0.375000 0.909091
vt 0.375000 1.000000
vt 0.385417 0.090909
vt 0.385417 0.000000
vt 0.385417 0.181818
vt 0.385417 0.272727
vt 0.385417 0.363636
vt 0.385417 0.454545
vt 0.385417 0.545455
vt 0.385417 0.636364
vt 0.385417 0.727273
vt 0.385417 0.818182
vt 0.385417 0.909091
vt 0.385417 1.000000
vt 0.395833 0.090909
vt 0.395833 0.000000
vt 0.395833 0.181818
vt 0.395833 0.272727
vt 0.395833 0.363636
vt 0.395833 0.454545
vt 0.395833 0.545455
vt 0.395833 0.636364
vt 0.395833 0.727273
vt 0.395833 0.818182
vt 0.395833 0.909091
vt 0.395833 1.000000
vt 0.406250 0.090909
vt 0.406250 0.000000
vt 0.406250 0.181818
vt 0.406250 0.272727
vt 0.406250 0.363636
vt 0.406250 0.454545
vt 0.406250 0.545455
vt 0.406250 0.636364
vt 0.406250 0.727273
vt 0.406250 0.818182
vt 0.406250 0.909091
vt 0.406250 1.000000
vt 0.416667 0.090909
vt 0.416667 0.000000
vt 0.416667 0.181818
vt 0.416667 0.272727
vt 0.416667 0.363636
vt 0.416667 0.454545
vt 0.416667 0.545455
vt 0.416667 0.636364
vt 0.416667 0.727273
vt 0.416667 0.818182
vt 0.416667 0.909091
vt 0.416667 1.000000
vt 0.427083 0.090909
vt 0.427083 0.000000
vt 0.427083 0.181818
vt 0.427083 0.272727
vt 0.427083 0.363636
vt 0.427083 0.454545
vt 0.427083 0.545455
vt 0.427083 0.636364
vt 0.427083 0.727273
vt 0.427083 0.818182
vt 0.427083 0.909091
vt 0.427083 1.000000
vt 0.437500 0.090909
vt 0.437500 0.000000
vt 0.437500 0.181818
vt 0.437500 0.272727
vt 0.437500 0.363636
vt 0.437500 0.454545
vt 0.437500 0.545455
vt 0.437500 0.636364
vt 0.437500 0.727273
vt 0.437500 0.818182
vt 0.437500 0.909091
vt 0.437500 1.000000
vt 0.447917 0.090909
vt 0.447917 0.000000
vt 0.447917 0.181818
vt 0.447917 0.272727
vt 0.447917 0.363636
vt 0.447917 0.454545
vt 0.447917 0.545455
vt 0.447917 0.636364
vt 0.447917 0.727273
vt 0.447917 0.818182
vt 0.447917 0.909091
vt 0.447917 1.000000
vt 0.458333 0.090909
vt 0.458333 0.000000
vt 0.458333 0.181818
vt 0.458333 0.272727
vt 0.458333 0.363636
vt 0.458333 0.454545
vt 0.458333 0.545455
vt 0.458333 0.636364
vt 0.458333 0.727273
vt 0.458333 0.818182
vt 0.458333 0.909091
vt 0.458333 1.000000
vt 0.468750 0.090909
vt 0.468750 0.000000
vt 0.468750 0.181818
vt 0.468750 0.272727
vt 0.468750 0.363636
vt 0.468750 0.454545
vt 0.468750 0.545455
vt 0.468750 0.636364
vt 0.468750 0.727273
vt 0.468750 0.818182
vt 0.468750 0.909091
vt 0.468750 1.000000
vt 0.479167 0.090909
vt 0.479167 0.000000
vt 0.479167 0.181818
vt 0.479167 0.272727
vt 0.479167 0.363636
vt 0.479167 0.454545
vt 0.479167 0.545455
vt 0.479167 0.636364
vt 0.479167 0.727273
vt 0.479167 0.818182
vt 0.479167 0.909091
vt 0.479167 1.000000
vt 0.489583 0.090909
vt 0.489583 0.000000
vt 0.489583 0.181818
vt 0.489583 0.272727
vt 0.489583 0.363636
vt 0.489583 0.454545
vt 0.489583 0.545455
vt 0.489583 0.636364
vt 0.489583 0.727273
vt 0.489583 0.818182
vt 0.489583 0.909091
vt 0.489583 1.000000
vt 0.500000 0.090909
vt 0.500000 0.000000
vt 0.500000 0.181818
vt 0.500000 0.272727
vt 0.500000 0.363636
vt 0.500000 0.454545
vt 0.500000 0.545455
vt 0.500000 0.636364
vt 0.500000 0.727273
vt 0.500000 0.818182
vt 0.500000 0.909091
vt 0.500000 1.000000
vt 0.510417 0.090909
vt 0.510417 0.000000
vt 0.510417 0.181818
vt 0.510417 0.272727
vt 0.510417 0.363636
vt 0.510417 0.454545
vt 0.510417 0.545455
vt 0.510417 0.636364
vt 0.510417 0.727273
vt 0.510417 0.818182
vt 0.510417 0.909091
vt 0.510417 1.000000
vt 0.520833 0.090909
vt 0.520833 0.000000
vt 0.520833 0.181818
vt 0.520833 0.272727
vt 0.520833 0.363636
vt 0.520833 0.454545
vt 0.520833 0.545455
vt 0.520833 0.636364
vt 0.520833 0.727273
vt 0.520833 0.818182
vt 0.520833 0.909091
vt 0.520833 1.000000
vt 0.531250 0.090909
vt 0.531250 0.000000
vt 0.531250 0.181818
vt 0.531250 0.272727
vt 0.531250 0.363636
vt 0.531250 0.454545
vt 0.531250 0.545455
vt 0.531250 0.636364
vt 0.531250 0.727273
vt 0.531250 0.818182
vt 0.531250 0.909091
vt 0.531250 1.000000
vt 0.541667 0.090909
vt 0.541667 0.000000
vt 0.541667 0.181818
vt 0.541667 0.272727
vt 0.541667 0.363636
vt 0.541667 0.454545
vt 0.541667 0.545455
vt 0.541667 0.636364
vt 0.541667 0.727273
vt 0.541667 0.818182
vt 0.541667 0.909091
vt 0.541667 1.000000
vt 0.552083 0.090909
vt 0.552083 0.000000
vt 0.552083 0.181818
vt 0.552083 0.272727
vt 0.552083 0.363636
vt 0.552083 0.454545
vt 0.552083 0.545455
vt 0.552083 0.636364
vt 0.552083 0.727273
vt 0.552083 0.818182
vt 0.552083 0.909091
vt 0.552083 1.000000
vt 0.562500 0.090909
vt 0.562500 0.000000
vt 0.562500 0.181818
vt 0.562500 0.272727
vt 0.562500 0.363636
vt 0.562500 0.454545
vt 0.562500 0.545455
vt 0.562500 0.636364
vt 0.562500 0.727273
vt 0.562500 0.818182
vt 0.562500 0.909091
vt 0.562500 1.000000
vt 0.572917 0.090909
vt 0.572917 0.000000
vt 0.572917 0.181818
vt 0.572917 0.272727
vt 0.572917 0.363636
vt 0.572917 0.454545
vt 0.572917 0.545455
vt 0.572917 0.636364
vt 0.572917 0.727273
vt 0.572917 0.818182
vt 0.572917 0.909091
vt 0.572917 1.000000
vt 0.583333 0.090909
vt 0.583333 0.000000
vt 0.583333 0.181818
vt 0.583333 0.272727
vt 0.583333 0.363636
vt 0.583333 0.454545
vt 0.583333 0.545455
vt 0.583333 0.636364
vt 0.583333 0.727273
vt 0.583333 0.818182
vt 0.583333 0.909091
vt 0.583333 1.000000
vt 0.593750 0.090909
vt 0.593750 0.000000
vt 0.593750 0.181818
vt 0.593750 0.272727
vt 0.593750 0.363636
vt 0.593750 0.454545
vt 0.593750 0.545455
vt 0.593750 0.636364
vt 0.593750 0.727273
vt 0.593750 0.818182
vt 0.593750 0.909091
vt 0.593750 1.000000
vt 0.604167 0.090909
vt 0.604167 0.000000
vt 0.604167 0.181818
vt 0.604167 0.272727
vt 0.604167 0.363636
vt 0.604167 0.454545
vt 0.604167 0.545455
vt 0.604167 0.636364
vt 0.604167 0.727273
vt 0.604167 0.818182
vt 0.604167 0.909091
vt 0.604167 1.000000
vt 0.614583 0.090909
vt 0.614583 0.000000
vt 0.614583 0.181818
vt 0.614583 0.272727
vt 0.614583 0.363636
vt 0.614583 0.454545
vt 0.614583 0.545455
vt 0.614583 0.636364
vt 0.614583 0.727273
vt 0.614583 0.818182
vt 0.614583 0.909091
vt 0.614583 1.000000
vt 0.625000 0.090909
vt 0.625000 0.000000
vt 0.625000 0.181818
vt 0.625000 0.272727
vt 0.625000 0.363636
vt 0.625000 0.454545
vt 0.625000 0.545455
vt 0.625000 0.636364
vt 0.625000 0.727273
vt 0.625000 0.818182
vt 0.625000 0.909091
vt 0.625000 1.000000
vt 0.635417 0.090909
vt 0.635417 0.000000
vt 0.635417 0.181818
vt 0.635417 0.272727
vt 0.635417 0.363636
vt 0.635417 0.454545
vt 0.635417 0.545455
vt 0.635417 0.636364
vt 0.635417 0.727273
vt 0.635417 0.818182
vt 0.635417 0.909091
vt 0.635417 1.000000
vt 0.645833 0.090909
vt 0.645833 0.000000
vt 0.645833 0.181818
vt 0.645833 0.272727
vt 0.645833 0.363636
vt 0.645833 0.454545
vt 0.645833 0.545455
vt 0.645833 0.636364
vt 0.645833 0.727273
vt 0.645833 0.818182
vt 0.645833 0.909091
vt 0.645833 1.000000
vt 0.656250 0.090909
vt 0.656250 0.000000
vt 0.656250 0.181818
vt 0.656250 0.272727
vt 0.656250 0.363636
vt 0.656250 0.454545
vt 0.656250 0.545455
vt 0.656250 0.636364
vt 0.656250 0.727273
vt 0.656250 0.818182
vt 0.656250 0.909091
vt 0.656250 1.000000
vt 0.666667 0.090909
vt 0.666667 0.000000
vt 0.666667 0.181818
vt 0.666667 0.272727
vt 0.666667 0.363636
vt 0.666667 0.454545
vt 0.666667 0.545455
vt 0.666667 0.636364
vt 0.666667 0.727273
vt 0.666667 0.818182
vt 0.666667 0.909091
vt 0.666667 1.000000
vt 0.677083 0.090909
vt 0.677083 0.000000
vt 0.677083 0.181818
vt 0.677083 0.272727
vt 0.677083 0.363636
vt 0.677083 0.454545
vt 0.677083 0.545455
vt 0.677083 0.636364
vt 0.677083 0.727273
vt 0.677083 0.818182
vt 0.677083 0.909091
vt 0.677083 1.000000
vt 0.687500 0.090909
vt 0.687500 0.000000
vt 0.687500 0.181818
vt 0.687500 0.272727
vt 0.687500 0.363636
vt 0.687500 0.454545
vt 0.687500 0.545455
vt 0.687500 0.636364
vt 0.687500 0.727273
vt 0.687500 0.818182
vt 0.687500 0.909091
vt 0.687500 1.000000
vt 0.697917 0.090909
vt 0.697917 0.000000
vt 0.697917 0.181818
vt 0.697917 0.272727
vt 0.697917 0.363636
vt 0.697917 0.454545
vt 0.697917 0.545455
vt 0.697917 0.636364
vt 0.697917 0.727273
vt 0.697917 0.818182
vt 0.697917 0.909091
vt 0.697917 1.000000
vt 0.708333 0.090909
vt 0.708333 0.000000
vt 0.708333 0.181818
vt 0.708333 0.272727
vt 0.708333 0.363636
vt 0.708333 0.454545
vt 0.708333 0.545455
vt 0.708333 0.636364
vt 0.708333 0.727273
vt 0.708333 0.818182
vt 0.708333 0.909091
vt 0.708333 1.000000
vt 0.718750 0.090909
vt 0.718750 0.000000
vt 0.718750 0.181818
vt 0.718750 0.272727
vt 0.718750 0.363636
vt 0.718750 0.454545
vt 0.718750 0.545455
vt 0.718750 0.636364
vt 0.718750 0.727273
vt 0.718750 0.818182
vt 0.718750 0.909091
vt 0.718750 1.000000
vt 0.729167 0.090909
vt 0.729167 0.000000
vt 0.729167 0.181818
vt 0.729167 0.272727
vt 0.729167 0.363636
vt 0.729167 0.454545
vt 0.729167 0.545455
vt 0.729167 0.636364
vt 0.729167 0.727273
vt 0.729167 0.818182
vt 0.729167 0.909091
vt 0.729167 1.000000
vt 0.739583 0.090909
vt 0.739583 0.000000
vt 0.739583 0.181818
vt 0.739583 0.272727
vt 0.739583 0.363636
vt 0.739583 0.454545
vt 0.739583 0.545455
vt 0.739583 0.636364
vt 0.739583 0.727273
vt 0.739583 0.818182
vt 0.739583 0.909091
vt 0.739583 1.000000
vt 0.750000 0.090909
vt 0.750000 0.000000
vt 0.750000 0.181818
vt 0.750000 0.272727
vt 0.750000 0.363636
vt 0.750000 0.454545
vt 0.750000 0.545455
vt 0.750000 0.636364
vt 0.750000 0.727273
vt 0.750000 0.818182
vt 0.750000 0.909091
vt 0.750000 1.000000
vt 0.760417 0.090909
vt 0.760417 0.000000
vt 0.760417 0.181818
vt 0.760417 0.272727
vt 0.760417 0.363636
vt 0.760417 0.454545
vt 0.760417 0.545455
vt 0.760417 0.636364
vt 0.760417 0.727273
vt 0.760417 0.818182
vt 0.760417 0.909091
vt 0.760417 1.000000
vt 0.770833 0.090909
vt 0.770833 0.000000
vt 0.770833 0.181818
vt 0.770833 0.272727
vt 0.770833 0.363636
vt 0.770833 0.454545
vt 0.770833 0.545455
vt 0.770833 0.636364
vt 0.770833 0.727273
vt 0.770833 0.818182
vt 0.770833 0.909091
vt 0.770833 1.000000
vt 0.781250 0.090909
vt 0.781250 0.000000
vt 0.781250 0.181818
vt 0.781250 0.272727
vt 0.781250 0.363636
vt 0.781250 0.454545
vt 0.781250 0.545455
vt 0.781250 0.636364
vt 0.781250 0.727273
vt 0.781250 0.818182
vt 0.781250 0.909091
vt 0.781250 1.000000
vt 0.791667 0.090909
vt 0.791667 0.000000
vt 0.791667 0.181818
vt 0.791667 0.272727
vt 0.791667 0.363636
vt 0.791667 0.454545
vt 0.791667 0.545455
vt 0.791667 0.636364
vt 0.791667 0.727273
vt 0.791667 0.818182
vt 0.791667 0.909091
vt 0.791667 1.000000
vt 0.802083 0.090909
vt 0.802083 0.000000
vt 0.802083 0.181818
vt 0.802083 0.272727
vt 0.802083 0.363636
vt 0.802083 0.454545
vt 0.802083 0.545455
vt 0.802083 0.636364
vt 0.802083 0.727273
vt 0.802083 0.818182
vt 0.802083 0.909091
vt 0.802083 1.000000
vt 0.812500 0.090909
vt 0.812500 0.000000
vt 0.812500 0.181818
vt 0.812500 0.272727
vt 0.812500 0.363636
vt 0.812500 0.454545
vt 0.812500 0.545455
vt 0.812500 0.636364
vt 0.812500 0.727273
vt 0.812500 0.818182
vt 0.812500 0.909091
vt 0.812500 1.000000
vt 0.822917 0.090909
vt 0.822917 0.000000
vt 0.822917 0.181818
vt 0.822917 0.272727
vt 0.822917 0.363636
vt 0.822917 0.454545
vt 0.822917 0.545455
vt 0.822917 0.636364
vt 0.822917 0.727273
vt 0.822917 0.818182
vt 0.822917 0.909091
vt 0.822917 1.000000
vt 0.833333 0.090909
vt 0.833333 0.000000
vt 0.833333 0.181818
vt 0.833333 0.272727
vt 0.833333 0.363636
vt 0.833333 0.454545
vt 0.833333 0.545455
vt 0.833333 0.636364
vt 0.833333 0.727273
vt 0.833333 0.818182
vt 0.833333 0.909091
vt 0.833333 1.000000
vt 0.843750 0.090909
vt 0.843750 0.000000
vt 0.843750 0.181818
vt 0.843750 0.272727
vt 0.843750 0.363636
vt 0.843750 0.454545
vt 0.843750 0.545455
vt 0.843750 0.636364
vt 0.843750 0.727273
vt 0.843750 0.818182
vt 0.843750 0.909091
vt 0.843750 1.000000
vt 0.854167 0.090909
vt 0.854167 0.000000
vt 0.854167 0.181818
vt 0.854167 0.272727
vt 0.854167 0.363636
vt 0.854167 0.454545
vt 0.854167 0.545455
vt 0.854167 0.636364
vt 0.854167 0.727273
vt 0.854167 0.818182
vt 0.854167 0.909091
vt 0.854167 1.000000
vt 0.864583 0.090909
vt 0.864583 0.000000
vt 0.864583 0.181818
vt 0.864583 0.272727
vt 0.864583 0.363636
vt 0.864583 0.454545
vt 0.864583 0.545455
vt 0.864583 0.636364
vt 0.864583 0.727273
vt 0.864583 0.818182
vt 0.864583 0.909091
vt 0.864583 1.000000
vt 0.875000 0.090909
vt 0.875000 0.000000
vt 0.875000 0.181818
vt 0.875000 0.272727
vt 0.875000 0.363636
vt 0.875000 0.454545
vt 0.875000 0.545455
vt 0.875000 0.636364
vt 0.875000 0.727273
vt 0.875000 0.818182
vt 0.875000 0.909091
vt 0.875000 1.000000
vt 0.885417 0.090909
vt 0.885417 0.000000
vt 0.885417 0.181818
vt 0.885417 0.272727
vt 0.885417 0.363636
vt 0.885417 0.454545
vt 0.885417 0.545455
vt 0.885417 0.636364
vt 0.885417 0.727273
vt 0.885417 0.818182
vt 0.885417 0.909091
vt 0.885417 1.000000
vt 0.895833 0.090909
vt 0.895833 0.000000
vt 0.895833 0.181818
vt 0.895833 0.272727
vt 0.895833 0.363636
vt 0.895833 0.454545
vt 0.895833 0.545455
vt 0.895833 0.636364
vt 0.895833 0.727273
vt 0.895833 0.818182
vt 0.895833 0.909091
vt 0.895833 1.000000
vt 0.906250 0.090909
vt 0.906250 0.000000
vt 0.906250 0.181818
vt 0.906250 0.272727
vt 0.906250 0.363636
vt 0.906250 0.454545
vt 0.906250 0.545455
vt 0.906250 0.636364
vt 0.906250 0.727273
vt 0.906250 0.818182
vt 0.906250 0.909091
vt 0.906250 1.000000
vt 0.916667 0.090909
vt 0.916667 0.000000
vt 0.916667 0.181818
vt 0.916667 0.272727
vt 0.916667 0.363636
vt 0.916667 0.454545
vt 0.916667 0.545455
vt 0.916667 0.636364
vt 0.916667 0.727273
vt 0.916667 0.818182
vt 0.916667 0.909091
vt 0.916667 1.000000
vt 0.927083 0.090909
vt 0.927083 0.000000
vt 0.927083 0.181818
vt 0.927083 0.272727
vt 0.927083 0.363636
vt 0.927083 0.454545
vt 0.927083 0.545455
vt 0.927083 0.636364
vt 0.927083 0.727273
vt 0.927083 0.818182
vt 0.927083 0.909091
vt 0.927083 1.000000
vt 0.937500 0.090909
vt 0.937500 0.000000
vt 0.937500 0.181818
vt 0.937500 0.272727
vt 0.937500 0.363636
vt 0.937500 0.454545
vt 0.937500 0.545455
vt 0.937500 0.636364
vt 0.937500 0.727273
vt 0.937500 0.818182
vt 0.937500 0.909091
vt 0.937500 1.000000
vt 0.947917 0.090909
vt 0.947917 0.000000
vt 0.947917 0.181818
vt 0.947917 0.272727
vt 0.947917 0.363636
vt 0.947917 0.454545
vt 0.947917 0.545455
vt 0.947917 0.636364
vt 0.947917 0.727273
vt 0.947917 0.818182
vt 0.947917 0.909091
vt 0.947917 1.000000
vt 0.958333 0.090909
vt 0.958333 0.000000
vt 0.958333 0.181818
vt 0.958333 0.272727
vt 0.958333 0.363636
vt 0.958333 0.454545
vt 0.958333 0.545455
vt 0.958333 0.636364
vt 0.958333 0.727273
vt 0.958333 0.818182
vt 0.958333 0.909091
vt 0.958333 1.000000
vt 0.968750 0.090909
vt 0.968750 0.000000
vt 0.968750 0.181818
vt 0.968750 0.272727
vt 0.968750 0.363636
vt 0.968750 0.454545
vt 0.968750 0.545455
vt 0.968750 0.636364
vt 0.968750 0.727273
vt 0.968750 0.818182
vt 0.968750 0.909091
vt 0.968750 1.000000
vt 0.979167 0.090909
vt 0.979167 0.000000
vt 0.979167 0.181818
vt 0.979167 0.272727
vt 0.979167 0.363636
vt 0.979167 0.454545
vt 0.979167 0.545455
vt 0.979167 0.636364
vt 0.979167 0.727273
vt 0.979167 0.818182
vt 0.979167 0.909091
vt 0.979167 1.000000
vt 0.989583 0.090909
vt 0.989583 0.000000
vt 0.989583 0.181818
vt 0.989583 0.272727
vt 0.989583 0.363636
vt 0.989583 0.454545
vt 0.989583 0.545455
vt 0.989583 0.636364
vt 0.989583 0.727273
vt 0.989583 0.818182
vt 0.989583 0.909091
vt 0.989583 1.000000
vt 1.000000 0.090909
vt 1.000000 0.181818
vt 1.000000 0.272727
vt 1.000000 0.363636
vt 1.000000 0.454545
vt 1.000000 0.545455
vt 1.000000 0.636364
vt 1.000000 0.727273
vt 1.000000 0.818182
vt 1.000000 0.909091
vt 1.000000 1.000000
s 0
usemtl Gold.008
f 47/1/1 49/2/1 48/3/1
f 46/4/1 49/2/1 47/1/1
f 46/4/1 50/5/1 49/2/1
f 45/6/1 50/5/1 46/4/1
f 45/6/1 51/7/1 50/5/1
f 44/8/1 51/7/1 45/6/1
f 44/8/1 52/9/1 51/7/1
f 43/10/1 52/9/1 44/8/1
f 43/10/1 53/11/1 52/9/1
f 42/12/1 53/11/1 43/10/1
f 42/12/1 54/13/1 53/11/1
f 41/14/1 54/13/1 42/12/1
f 41/14/1 55/15/1 54/13/1
f 40/16/1 55/15/1 41/14/1
f 40/16/1 144/17/1 55/15/1
f 144/17/1 56/18/1 55/15/1
f 40/16/1 97/19/1 144/17/1
f 143/20/1 56/18/1 144/17/1
f 40/16/1 98/21/1 97/19/1
f 142/22/1 56/18/1 143/20/1
f 39/23/1 98/21/1 40/16/1
f 39/23/1 99/24/1 98/21/1
f 142/22/1 57/25/1 56/18/1
f 141/26/1 57/25/1 142/22/1
f 39/23/1 100/27/1 99/24/1
f 140/28/1 57/25/1 141/26/1
f 39/23/1 101/29/1 100/27/1
f 139/30/1 57/25/1 140/28/1
f 39/23/1 102/31/1 101/29/1
f 138/32/1 57/25/1 139/30/1
f 38/33/1 102/31/1 39/23/1
f 138/32/1 58/34/1 57/25/1
f 38/33/1 103/35/1 102/31/1
f 137/36/1 58/34/1 138/32/1
f 38/33/1 104/37/1 103/35/1
f 136/38/1 58/34/1 137/36/1
f 38/33/1 105/39/1 104/37/1
f 37/40/1 105/39/1 38/33/1
f 135/41/1 58/34/1 136/38/1
f 135/41/1 59/42/1 58/34/1
f 37/40/1 106/43/1 105/39/1
f 134/44/1 59/42/1 135/41/1
f 37/40/1 107/45/1 106/43/1
f 133/46/1 59/42/1 134/44/1
f 36/47/1 107/45/1 37/40/1
f 133/46/1 60/48/1 59/42/1
f 36/47/1 108/49/1 107/45/1
f 132/50/1 60/48/1 133/46/1
f 36/47/1 109/51/1 108/49/1
f 35/52/1 109/51/1 36/47/1
f 131/53/1 60/48/1 132/50/1
f 131/53/1 61/54/1 60/48/1
f 35/52/1 110/55/1 109/51/1
f 130/56/1 61/54/1 131/53/1
f 34/57/1 110/55/1 35/52/1
f 130/56/1 62/58/1 61/54/1
f 34/57/1 111/59/1 110/55/1
f 129/60/1 62/58/1 130/56/1
f 129/60/1 63/61/1 62/58/1
f 33/62/1 111/59/1 34/57/1
f 33/62/1 112/63/1 111/59/1
f 128/64/1 63/61/1 129/60/1
f 128/64/1 64/65/1 63/61/1
f 32/66/1 112/63/1 33/62/1
f 32/66/1 113/67/1 112/63/1
f 127/68/1 64/65/1 128/64/1
f 127/68/1 65/69/1 64/65/1
f 31/70/1 113/67/1 32/66/1
f 31/70/1 114/71/1 113/67/1
f 126/72/1 65/69/1 127/68/1
f 126/72/1 66/73/1 65/69/1
f 30/74/1 114/71/1 31/70/1
f 30/74/1 115/75/1 114/71/1
f 125/76/1 66/73/1 126/72/1
f 125/76/1 67/77/1 66/73/1
f 30/74/1 116/78/1 115/75/1
f 124/79/1 67/77/1 125/76/1
f 29/80/1 116/78/1 30/74/1
f 29/80/1 117/81/1 116/78/1
f 123/82/1 67/77/1 124/79/1
f 123/82/1 68/83/1 67/77/1
f 28/84/1 117/81/1 29/80/1
f 28/84/1 118/85/1 117/81/1
f 122/86/1 68/83/1 123/82/1
f 28/84/1 119/87/1 118/85/1
f 121/88/1 68/83/1 122/86/1
f 28/84/1 120/89/1 119/87/1
f 120/89/1 68/83/1 121/88/1
f 28/84/1 68/83/1 120/89/1
f 28/84/1 69/90/1 68/83/1
f 27/91/1 69/90/1 28/84/1
f 27/91/1 70/92/1 69/90/1
f 26/93/1 70/92/1 27/91/1
f 26/93/1 71/94/1 70/92/1
f 25/95/1 71/94/1 26/93/1
f 25/95/1 72/96/1 71/94/1
f 24/97/1 72/96/1 25/95/1
f 23/98/1 72/96/1 24/97/1
f 23/98/1 73/99/1 72/96/1
f 23/98/1 74/100/1 73/99/1
f 22/101/1 74/100/1 23/98/1
f 22/101/1 75/102/1 74/100/1
f 21/103/1 75/102/1 22/101/1
f 21/103/1 76/104/1 75/102/1
f 20/105/1 76/104/1 21/103/1
f 20/105/1 192/106/1 76/104/1
f 192/106/1 77/107/1 76/104/1
f 19/108/1 192/106/1 20/105/1
f 19/108/1 145/109/1 192/106/1
f 191/110/1 77/107/1 192/106/1
f 19/108/1 146/111/1 145/109/1
f 190/112/1 77/107/1 191/110/1
f 19/108/1 147/113/1 146/111/1
f 189/114/1 77/107/1 190/112/1
f 189/114/1 78/115/1 77/107/1
f 18/116/1 147/113/1 19/108/1
f 18/116/1 148/117/1 147/113/1
f 188/118/1 78/115/1 189/114/1
f 18/116/1 149/119/1 148/117/1
f 187/120/1 78/115/1 188/118/1
f 187/120/1 79/121/1 78/115/1
f 17/122/1 149/119/1 18/116/1
f 17/122/1 150/123/1 149/119/1
f 186/124/1 79/121/1 187/120/1
f 17/122/1 151/125/1 150/123/1
f 185/126/1 79/121/1 186/124/1
f 16/127/1 151/125/1 17/122/1
f 185/126/1 80/128/1 79/121/1
f 16/127/1 152/129/1 151/125/1
f 184/130/1 80/128/1 185/126/1
f 15/131/1 152/129/1 16/127/1
f 184/130/1 81/132/1 80/128/1
f 15/131/1 153/133/1 152/129/1
f 183/134/1 81/132/1 184/130/1
f 15/131/1 154/135/1 153/133/1
f 14/136/1 154/135/1 15/131/1
f 182/137/1 81/132/1 183/134/1
f 182/137/1 82/138/1 81/132/1
f 14/136/1 155/139/1 154/135/1
f 181/140/1 82/138/1 182/137/1
f 13/141/1 155/139/1 14/136/1
f 181/140/1 83/142/1 82/138/1
f 13/141/1 156/143/1 155/139/1
f 180/144/1 83/142/1 181/140/1
f 12/145/1 156/143/1 13/141/1
f 180/144/1 84/146/1 83/142/1
f 12/145/1 157/147/1 156/143/1
f 179/148/1 84/146/1 180/144/1
f 11/149/1 157/147/1 12/145/1
f 179/148/1 85/150/1 84/146/1
f 178/151/1 85/150/1 179/148/1
f 11/149/1 158/152/1 157/147/1
f 177/153/1 85/150/1 178/151/1
f 11/149/1 159/154/1 158/152/1
f 10/155/1 159/154/1 11/149/1
f 177/153/1 86/156/1 85/150/1
f 176/157/1 86/156/1 177/153/1
f 10/155/1 160/158/1 159/154/1
f 175/159/1 86/156/1 176/157/1
f 10/155/1 161/160/1 160/158/1
f 9/161/1 161/160/1 10/155/1
f 175/159/1 87/162/1 86/156/1
f 174/163/1 87/162/1 175/159/1
f 9/161/1 162/164/1 161/160/1
f 173/165/1 87/162/1 174/163/1
f 9/161/1 163/166/1 162/164/1
f 8/167/1 163/166/1 9/161/1
f 173/165/1 88/168/1 87/162/1
f 172/169/1 88/168/1 173/165/1
f 8/167/1 164/170/1 163/166/1
f 171/171/1 88/168/1 172/169/1
f 8/167/1 165/172/1 164/170/1
f 170/173/1 88/168/1 171/171/1
f 8/167/1 166/174/1 165/172/1
f 169/175/1 88/168/1 170/173/1
f 8/167/1 167/176/1 166/174/1
f 7/177/1 167/176/1 8/167/1
f 169/175/1 89/178/1 88/168/1
f 168/179/1 89/178/1 169/175/1
f 7/177/1 168/179/1 167/176/1
f 7/177/1 89/178/1 168/179/1
f 6/180/1 89/178/1 7/177/1
f 6/180/1 90/181/1 89/178/1
f 5/182/1 90/181/1 6/180/1
f 5/182/1 91/183/1 90/181/1
f 4/184/1 91/183/1 5/182/1
f 4/184/1 92/185/1 91/183/1
f 3/186/1 92/185/1 4/184/1
f 3/186/1 93/187/1 92/185/1
f 2/188/1 93/187/1 3/186/1
f 2/188/1 94/189/1 93/187/1
f 1/190/1 94/189/1 2/188/1
f 1/190/1 95/191/1 94/189/1
f 96/192/1 95/191/1 1/190/1
f 239/1/2 240/3/2 241/2/2
f 238/4/2 239/1/2 241/2/2
f 238/4/2 241/2/2 242/5/2
f 237/6/2 238/4/2 242/5/2
f 237/6/2 242/5/2 243/7/2
f 236/8/2 237/6/2 243/7/2
f 236/8/2 243/7/2 244/9/2
f 235/10/2 236/8/2 244/9/2
f 235/10/2 244/9/2 245/11/2
f 234/12/2 235/10/2 245/11/2
f 234/12/2 245/11/2 246/13/2
f 233/14/2 234/12/2 246/13/2
f 233/14/2 246/13/2 247/15/2
f 232/16/2 233/14/2 247/15/2
f 232/16/2 247/15/2 336/17/2
f 336/17/2 247/15/2 248/18/2
f 232/16/2 336/17/2 289/19/2
f 335/20/2 336/17/2 248/18/2
f 232/16/2 289/19/2 290/21/2
f 334/22/2 335/20/2 248/18/2
f 231/23/2 232/16/2 290/21/2
f 231/23/2 290/21/2 291/24/2
f 334/22/2 248/18/2 249/25/2
f 333/26/2 334/22/2 249/25/2
f 231/23/2 291/24/2 292/27/2
f 332/28/2 333/26/2 249/25/2
f 231/23/2 292/27/2 293/29/2
f 331/30/2 332/28/2 249/25/2
f 231/23/2 293/29/2 294/31/2
f 330/32/2 331/30/2 249/25/2
f 230/33/2 231/23/2 294/31/2
f 330/32/2 249/25/2 250/34/2
f 230/33/2 294/31/2 295/35/2
f 329/36/2 330/32/2 250/34/2
f 230/33/2 295/35/2 296/37/2
f 328/38/2 329/36/2 250/34/2
f 230/33/2 296/37/2 297/39/2
f 229/40/2 230/33/2 297/39/2
f 327/41/2 328/38/2 250/34/2
f 327/41/2 250/34/2 251/42/2
f 229/40/2 297/39/2 298/43/2
f 326/44/2 327/41/2 251/42/2
f 229/40/2 298/43/2 299/45/2
f 325/46/2 326/44/2 251/42/2
f 228/47/2 229/40/2 299/45/2
f 325/46/2 251/42/2 252/48/2
f 228/47/2 299/45/2 300/49/2
f 324/50/2 325/46/2 252/48/2
f 228/47/2 300/49/2 301/51/2
f 227/52/2 228/47/2 301/51/2
f 323/53/2 324/50/2 252/48/2
f 323/53/2 252/48/2 253/54/2
f 227/52/2 301/51/2 302/55/2
f 322/56/2 323/53/2 253/54/2
f 226/57/2 227/52/2 302/55/2
f 322/56/2 253/54/2 254/58/2
f 226/57/2 302/55/2 303/59/2
f 321/60/2 322/56/2 254/58/2
f 321/60/2 254/58/2 255/61/2
f 225/62/2 226/57/2 303/59/2
f 225/62/2 303/59/2 304/63/2
f 320/64/2 321/60/2 255/61/2
f 320/64/2 255/61/2 256/65/2
f 224/66/2 225/62/2 304/63/2
f 224/66/2 304/63/2 305/67/2
f 319/68/2 320/64/2 256/65/2
f 319/68/2 256/65/2 257/69/2
f 223/70/2 224/66/2 305/67/2
f 223/70/2 305/67/2 306/71/2
f 318/72/2 319/68/2 257/69/2
f 318/72/2 257/69/2 258/73/2
f 222/74/2 223/70/2 306/71/2
f 222/74/2 306/71/2 307/75/2
f 317/76/2 318/72/2 258/73/2
f 317/76/2 258/73/2 259/77/2
f 222/74/2 307/75/2 308/78/2
f 316/79/2 317/76/2 259/77/2
f 221/80/2 222/74/2 308/78/2
f 221/80/2 308/78/2 309/81/2
f 315/82/2 316/79/2 259/77/2
f 315/82/2 259/77/2 260/83/2
f 220/84/2 221/80/2 309/81/2
f 220/84/2 309/81/2 310/85/2
f 314/86/2 315/82/2 260/83/2
f 220/84/2 310/85/2 311/87/2
f 313/88/2 314/86/2 260/83/2
f 220/84/2 311/87/2 312/89/2
f 312/89/2 313/88/2 260/83/2
f 220/84/2 312/89/2 260/83/2
f 220/84/2 260/83/2 261/90/2
f 219/91/2 220/84/2 261/90/2
f 219/91/2 261/90/2 262/92/2
f 218/93/2 219/91/2 262/92/2
f 218/93/2 262/92/2 263/94/2
f 217/95/2 218/93/2 263/94/2
f 217/95/2 263/94/2 264/96/2
f 216/97/2 217/95/2 264/96/2
f 215/98/2 216/97/2 264/96/2
f 215/98/2 264/96/2 265/99/2
f 215/98/2 265/99/2 266/100/2
f 214/101/2 215/98/2 266/100/2
f 214/101/2 266/100/2 267/102/2
f 213/103/2 214/101/2 267/102/2
f 213/103/2 267/102/2 268/104/2
f 212/105/2 213/103/2 268/104/2
f 212/105/2 268/104/2 384/106/2
f 384/106/2 268/104/2 269/107/2
f 211/108/2 212/105/2 384/106/2
f 211/108/2 384/106/2 337/109/2
f 383/110/2 384/106/2 269/107/2
f 211/108/2 337/109/2 338/111/2
f 382/112/2 383/110/2 269/107/2
f 211/108/2 338/111/2 339/113/2
f 381/114/2 382/112/2 269/107/2
f 381/114/2 269/107/2 270/115/2
f 210/116/2 211/108/2 339/113/2
f 210/116/2 339/113/2 340/117/2
f 380/118/2 381/114/2 270/115/2
f 210/116/2 340/117/2 341/119/2
f 379/120/2 380/118/2 270/115/2
f 379/120/2 270/115/2 271/121/2
f 209/122/2 210/116/2 341/119/2
f 209/122/2 341/119/2 342/123/2
f 378/124/2 379/120/2 271/121/2
f 209/122/2 342/123/2 343/125/2
f 377/126/2 378/124/2 271/121/2
f 208/127/2 209/122/2 343/125/2
f 377/126/2 271/121/2 272/128/2
f 208/127/2 343/125/2 344/129/2
f 376/130/2 377/126/2 272/128/2
f 207/131/2 208/127/2 344/129/2
f 376/130/2 272/128/2 273/132/2
f 207/131/2 344/129/2 345/133/2
f 375/134/2 376/130/2 273/132/2
f 207/131/2 345/133/2 346/135/2
f 206/136/2 207/131/2 346/135/2
f 374/137/2 375/134/2 273/132/2
f 374/137/2 273/132/2 274/138/2
f 206/136/2 346/135/2 347/139/2
f 373/140/2 374/137/2 274/138/2
f 205/141/2 206/136/2 347/139/2
f 373/140/2 274/138/2 275/142/2
f 205/141/2 347/139/2 348/143/2
f 372/144/2 373/140/2 275/142/2
f 204/145/2 205/141/2 348/143/2
f 372/144/2 275/142/2 276/146/2
f 204/145/2 348/143/2 349/147/2
f 371/148/2 372/144/2 276/146/2
f 203/149/2 204/145/2 349/147/2
f 371/148/2 276/146/2 277/150/2
f 370/151/2 371/148/2 277/150/2
f 203/149/2 349/147/2 350/152/2
f 369/153/2 370/151/2 277/150/2
f 203/149/2 350/152/2 351/154/2
f 202/155/2 203/149/2 351/154/2
f 369/153/2 277/150/2 278/156/2
f 368/157/2 369/153/2 278/156/2
f 202/155/2 351/154/2 352/158/2
f 367/159/2 368/157/2 278/156/2
f 202/155/2 352/158/2 353/160/2
f 201/161/2 202/155/2 353/160/2
f 367/159/2 278/156/2 279/162/2
f 366/163/2 367/159/2 279/162/2
f 201/161/2 353/160/2 354/164/2
f 365/165/2 366/163/2 279/162/2
f 201/161/2 354/164/2 355/166/2
f 200/167/2 201/161/2 355/166/2
f 365/165/2 279/162/2 280/168/2
f 364/169/2 365/165/2 280/168/2
f 200/167/2 355/166/2 356/170/2
f 363/171/2 364/169/2 280/168/2
f 200/167/2 356/170/2 357/172/2
f 362/173/2 363/171/2 280/168/2
f 200/167/2 357/172/2 358/174/2
f 361/175/2 362/173/2 280/168/2
f 200/167/2 358/174/2 359/176/2
f 199/177/2 200/167/2 359/176/2
f 361/175/2 280/168/2 281/178/2
f 360/179/2 361/175/2 281/178/2
f 199/177/2 359/176/2 360/179/2
f 199/177/2 360/179/2 281/178/2
f 198/180/2 199/177/2 281/178/2
f 198/180/2 281/178/2 282/181/2
f 197/182/2 198/180/2 282/181/2
f 197/182/2 282/181/2 283/183/2
f 196/184/2 197/182/2 283/183/2
f 196/184/2 283/183/2 284/185/2
f 195/186/2 196/184/2 284/185/2
f 195/186/2 284/185/2 285/187/2
f 194/188/2 195/186/2 285/187/2
f 194/188/2 285/187/2 286/189/2
f 193/190/2 194/188/2 286/189/2
f 193/190/2 286/189/2 287/191/2
f 288/192/2 193/190/2 287/191/2
s 1
f 386/193/3 398/194/4 397/195/5 385/190/6
f 387/196/7 399/197/8 398/194/4 386/193/3
f 388/198/9 400/199/10 399/197/8 387/196/7
f 389/200/11 401/201/12 400/199/10 388/198/9
f 390/202/13 402/203/14 401/201/12 389/200/11
f 391/204/15 403/205/16 402/203/14 390/202/13
f 392/206/17 404/207/18 403/205/16 391/204/15
f 393/208/19 405/209/20 404/207/18 392/206/17
f 394/210/21 406/211/22 405/209/20 393/208/19
f 395/212/23 407/213/24 406/211/22 394/210/21
f 396/214/25 408/215/26 407/213/24 395/212/23
f 398/194/4 410/216/27 409/217/28 397/195/5
f 399/197/8 411/218/29 410/216/27 398/194/4
f 400/199/10 412/219/30 411/218/29 399/197/8
f 401/201/12 413/220/31 412/219/30 400/199/10
f 402/203/14 414/221/32 413/220/31 401/201/12
f 403/205/16 415/222/33 414/221/32 402/203/14
f 404/207/18 416/223/34 415/222/33 403/205/16
f 405/209/20 417/224/35 416/223/34 404/207/18
f 406/211/22 418/225/36 417/224/35 405/209/20
f 407/213/24 419/226/37 418/225/36 406/211/22
f 408/215/26 420/227/38 419/226/37 407/213/24
f 410/216/27 422/228/39 421/229/40 409/217/28
f 411/218/29 423/230/41 422/228/39 410/216/27
f 412/219/30 424/231/42 423/230/41 411/218/29
f 413/220/31 425/232/43 424/231/42 412/219/30
f 414/221/32 426/233/44 425/232/43 413/220/31
f 415/222/33 427/234/45 426/233/44 414/221/32
f 416/223/34 428/235/46 427/234/45 415/222/33
f 417/224/35 429/236/47 428/235/46 416/223/34
f 418/225/36 430/237/48 429/236/47 417/224/35
f 419/226/37 431/238/49 430/237/48 418/225/36
f 420/227/38 432/239/50 431/238/49 419/226/37
f 422/228/39 434/240/51 433/241/52 421/229/40
f 423/230/41 435/242/53 434/240/51 422/228/39
f 424/231/42 436/243/54 435/242/53 423/230/41
f 425/232/43 437/244/55 436/243/54 424/231/42
f 426/233/44 438/245/56 437/244/55 425/232/43
f 427/234/45 439/246/57 438/245/56 426/233/44
f 428/235/46 440/247/58 439/246/57 427/234/45
f 429/236/47 441/248/59 440/247/58 428/235/46
f 430/237/48 442/249/60 441/248/59 429/236/47
f 431/238/49 443/250/61 442/249/60 430/237/48
f 432/239/50 444/251/62 443/250/61 431/238/49
f 434/240/51 446/252/63 445/253/64 433/241/52
f 435/242/53 447/254/65 446/252/63 434/240/51
f 436/243/54 448/255/66 447/254/65 435/242/53
f 437/244/55 449/256/67 448/255/66 436/243/54
f 438/245/56 450/257/68 449/256/67 437/244/55
f 439/246/57 451/258/69 450/257/68 438/245/56
f 440/247/58 452/259/70 451/258/69 439/246/57
f 441/248/59 453/260/71 452/259/70 440/247/58
f 442/249/60 454/261/72 453/260/71 441/248/59
f 443/250/61 455/262/73 454/261/72 442/249/60
f 444/251/62 456/263/74 455/262/73 443/250/61
f 446/252/63 458/264/75 457/265/76 445/253/64
f 447/254/65 459/266/77 458/264/75 446/252/63
f 448/255/66 460/267/78 459/266/77 447/254/65
f 449/256/67 461/268/79 460/267/78 448/255/66
f 450/257/68 462/269/80 461/268/79 449/256/67
f 451/258/69 463/270/81 462/269/80 450/257/68
f 452/259/70 464/271/82 463/270/81 451/258/69
f 453/260/71 465/272/83 464/271/82 452/259/70
f 454/261/72 466/273/84 465/272/83 453/260/71
f 455/262/73 467/274/85 466/273/84 454/261/72
f 456/263/74 468/275/86 467/274/85 455/262/73
f 458/264/75 470/276/87 469/277/88 457/265/76
f 459/266/77 471/278/89 470/276/87 458/264/75
f 460/267/78 472/279/90 471/278/89 459/266/77
f 461/268/79 473/280/91 472/279/90 460/267/78
f 462/269/80 474/281/92 473/280/91 461/268/79
f 463/270/81 475/282/93 474/281/92 462/269/80
f 464/271/82 476/283/94 475/282/93 463/270/81
f 465/272/83 477/284/95 476/283/94 464/271/82
f 466/273/84 478/285/96 477/284/95 465/272/83
f 467/274/85 479/286/97 478/285/96 466/273/84
f 468/275/86 480/287/98 479/286/97 467/274/85
f 470/276/87 482/288/99 481/289/100 469/277/88
f 471/278/89 483/290/101 482/288/99 470/276/87
f 472/279/90 484/291/102 483/290/101 471/278/89
f 473/280/91 485/292/103 484/291/102 472/279/90
f 474/281/92 486/293/104 485/292/103 473/280/91
f 475/282/93 487/294/105 486/293/104 474/281/92
f 476/283/94 488/295/106 487/294/105 475/282/93
f 477/284/95 489/296/107 488/295/106 476/283/94
f 478/285/96 490/297/108 489/296/107 477/284/95
f 479/286/97 491/298/109 490/297/108 478/285/96
f 480/287/98 492/299/110 491/298/109 479/286/97
f 482/288/99 494/300/111 493/301/112 481/289/100
f 483/290/101 495/302/113 494/300/111 482/288/99
f 484/291/102 496/303/114 495/302/113 483/290/101
f 485/292/103 497/304/115 496/303/114 484/291/102
f 486/293/104 498/305/116 497/304/115 485/292/103
f 487/294/105 499/306/117 498/305/116 486/293/104
f 488/295/106 500/307/118 499/306/117 487/294/105
f 489/296/107 501/308/119 500/307/118 488/295/106
f 490/297/108 502/309/120 501/308/119 489/296/107
f 491/298/109 503/310/121 502/309/120 490/297/108
f 492/299/110 504/311/122 503/310/121 491/298/109
f 494/300/111 506/312/123 505/313/124 493/301/112
f 495/302/113 507/314/125 506/312/123 494/300/111
f 496/303/114 508/315/126 507/314/125 495/302/113
f 497/304/115 509/316/127 508/315/126 496/303/114
f 498/305/116 510/317/128 509/316/127 497/304/115
f 499/306/117 511/318/129 510/317/128 498/305/116
f 500/307/118 512/319/130 511/318/129 499/306/117
f 501/308/119 513/320/131 512/319/130 500/307/118
f 502/309/120 514/321/132 513/320/131 501/308/119
f 503/310/121 515/322/133 514/321/132 502/309/120
f 504/311/122 516/323/134 515/322/133 503/310/121
f 506/312/123 518/324/135 517/325/136 505/313/124
f 507/314/125 519/326/137 518/324/135 506/312/123
f 508/315/126 520/327/138 519/326/137 507/314/125
f 509/316/127 521/328/139 520/327/138 508/315/126
f 510/317/128 522/329/140 521/328/139 509/316/127
f 511/318/129 523/330/141 522/329/140 510/317/128
f 512/319/130 524/331/142 523/330/141 511/318/129
f 513/320/131 525/332/143 524/331/142 512/319/130
f 514/321/132 526/333/144 525/332/143 513/320/131
f 515/322/133 527/334/145 526/333/144 514/321/132
f 516/323/134 528/335/146 527/334/145 515/322/133
f 518/324/135 530/336/147 529/337/148 517/325/136
f 519/326/137 531/338/149 530/336/147 518/324/135
f 520/327/138 532/339/150 531/338/149 519/326/137
f 521/328/139 533/340/151 532/339/150 520/327/138
f 522/329/140 534/341/152 533/340/151 521/328/139
f 523/330/141 535/342/153 534/341/152 522/329/140
f 524/331/142 536/343/154 535/342/153 523/330/141
f 525/332/143 537/344/155 536/343/154 524/331/142
f 526/333/144 538/345/156 537/344/155 525/332/143
f 527/334/145 539/346/157 538/345/156 526/333/144
f 528/335/146 540/347/158 539/346/157 527/334/145
f 530/336/147 542/348/159 541/349/160 529/337/148
f 531/338/149 543/350/161 542/348/159 530/336/147
f 532/339/150 544/351/162 543/350/161 531/338/149
f 533/340/151 545/352/163 544/351/162 532/339/150
f 534/341/152 546/353/164 545/352/163 533/340/151
f 535/342/153 547/354/165 546/353/164 534/341/152
f 536/343/154 548/355/166 547/354/165 535/342/153
f 537/344/155 549/356/167 548/355/166 536/343/154
f 538/345/156 550/357/168 549/356/167 537/344/155
f 539/346/157 551/358/169 550/357/168 538/345/156
f 540/347/158 552/359/170 551/358/169 539/346/157
f 542/348/159 554/360/171 553/361/172 541/349/160
f 543/350/161 555/362/173 554/360/171 542/348/159
f 544/351/162 556/363/174 555/362/173 543/350/161
f 545/352/163 557/364/175 556/363/174 544/351/162
f 546/353/164 558/365/176 557/364/175 545/352/163
f 547/354/165 559/366/177 558/365/176 546/353/164
f 548/355/166 560/367/178 559/366/177 547/354/165
f 549/356/167 561/368/179 560/367/178 548/355/166
f 550/357/168 562/369/180 561/368/179 549/356/167
f 551/358/169 563/370/181 562/369/180 550/357/168
f 552/359/170 564/371/182 563/370/181 551/358/169
f 554/360/171 566/372/183 565/373/184 553/361/172
f 555/362/173 567/374/185 566/372/183 554/360/171
f 556/363/174 568/375/186 567/374/185 555/362/173
f 557/364/175 569/376/187 568/375/186 556/363/174
f 558/365/176 570/377/188 569/376/187 557/364/175
f 559/366/177 571/378/189 570/377/188 558/365/176
f 560/367/178 572/379/190 571/378/189 559/366/177
f 561/368/179 573/380/191 572/379/190 560/367/178
f 562/369/180 574/381/192 573/380/191 561/368/179
f 563/370/181 575/382/193 574/381/192 562/369/180
f 564/371/182 576/383/194 575/382/193 563/370/181
f 566/372/183 578/384/195 577/385/196 565/373/184
f 567/374/185 579/386/197 578/384/195 566/372/183
f 568/375/186 580/387/198 579/386/197 567/374/185
f 569/376/187 581/388/199 580/387/198 568/375/186
f 570/377/188 582/389/200 581/388/199 569/376/187
f 571/378/189 583/390/201 582/389/200 570/377/188
f 572/379/190 584/391/202 583/390/201 571/378/189
f 573/380/191 585/392/203 584/391/202 572/379/190
f 574/381/192 586/393/204 585/392/203 573/380/191
f 575/382/193 587/394/205 586/393/204 574/381/192
f 576/383/194 588/395/206 587/394/205 575/382/193
f 578/384/195 590/396/207 589/397/208 577/385/196
f 579/386/197 591/398/209 590/396/207 578/384/195
f 580/387/198 592/399/210 591/398/209 579/386/197
f 581/388/199 593/400/211 592/399/210 580/387/198
f 582/389/200 594/401/212 593/400/211 581/388/199
f 583/390/201 595/402/213 594/401/212 582/389/200
f 584/391/202 596/403/214 595/402/213 583/390/201
f 585/392/203 597/404/215 596/403/214 584/391/202
f 586/393/204 598/405/216 597/404/215 585/392/203
f 587/394/205 599/406/217 598/405/216 586/393/204
f 588/395/206 600/407/218 599/406/217 587/394/205
f 590/396/207 602/408/219 601/409/220 589/397/208
f 591/398/209 603/410/221 602/408/219 590/396/207
f 592/399/210 604/411/222 603/410/221 591/398/209
f 593/400/211 605/412/223 604/411/222 592/399/210
f 594/401/212 606/413/224 605/412/223 593/400/211
f 595/402/213 607/414/225 606/413/224 594/401/212
f 596/403/214 608/415/226 607/414/225 595/402/213
f 597/404/215 609/416/227 608/415/226 596/403/214
f 598/405/216 610/417/228 609/416/227 597/404/215
f 599/406/217 611/418/229 610/417/228 598/405/216
f 600/407/218 612/419/230 611/418/229 599/406/217
f 602/408/219 614/420/231 613/421/232 601/409/220
f 603/410/221 615/422/233 614/420/231 602/408/219
f 604/411/222 616/423/234 615/422/233 603/410/221
f 605/412/223 617/424/235 616/423/234 604/411/222
f 606/413/224 618/425/236 617/424/235 605/412/223
f 607/414/225 619/426/237 618/425/236 606/413/224
f 608/415/226 620/427/238 619/426/237 607/414/225
f 609/416/227 621/428/239 620/427/238 608/415/226
f 610/417/228 622/429/240 621/428/239 609/416/227
f 611/418/229 623/430/241 622/429/240 610/417/228
f 612/419/230 624/431/242 623/430/241 611/418/229
f 614/420/231 626/432/243 625/433/244 613/421/232
f 615/422/233 627/434/245 626/432/243 614/420/231
f 616/423/234 628/435/246 627/434/245 615/422/233
f 617/424/235 629/436/247 628/435/246 616/423/234
f 618/425/236 630/437/248 629/436/247 617/424/235
f 619/426/237 631/438/249 630/437/248 618/425/236
f 620/427/238 632/439/250 631/438/249 619/426/237
f 621/428/239 633/440/251 632/439/250 620/427/238
f 622/429/240 634/441/252 633/440/251 621/428/239
f 623/430/241 635/442/253 634/441/252 622/429/240
f 624/431/242 636/443/254 635/442/253 623/430/241
f 626/432/243 638/444/255 637/445/256 625/433/244
f 627/434/245 639/446/257 638/444/255 626/432/243
f 628/435/246 640/447/258 639/446/257 627/434/245
f 629/436/247 641/448/259 640/447/258 628/435/246
f 630/437/248 642/449/260 641/448/259 629/436/247
f 631/438/249 643/450/261 642/449/260 630/437/248
f 632/439/250 644/451/262 643/450/261 631/438/249
f 633/440/251 645/452/263 644/451/262 632/439/250
f 634/441/252 646/453/264 645/452/263 633/440/251
f 635/442/253 647/454/265 646/453/264 634/441/252
f 636/443/254 648/455/266 647/454/265 635/442/253
f 638/444/255 650/456/267 649/457/268 637/445/256
f 639/446/257 651/458/269 650/456/267 638/444/255
f 640/447/258 652/459/270 651/458/269 639/446/257
f 641/448/259 653/460/271 652/459/270 640/447/258
f 642/449/260 654/461/272 653/460/271 641/448/259
f 643/450/261 655/462/273 654/461/272 642/449/260
f 644/451/262 656/463/274 655/462/273 643/450/261
f 645/452/263 657/464/275 656/463/274 644/451/262
f 646/453/264 658/465/276 657/464/275 645/452/263
f 647/454/265 659/466/277 658/465/276 646/453/264
f 648/455/266 660/467/278 659/466/277 647/454/265
f 650/456/267 662/468/279 661/469/280 649/457/268
f 651/458/269 663/470/281 662/468/279 650/456/267
f 652/459/270 664/471/282 663/470/281 651/458/269
f 653/460/271 665/472/283 664/471/282 652/459/270
f 654/461/272 666/473/284 665/472/283 653/460/271
f 655/462/273 667/474/285 666/473/284 654/461/272
f 656/463/274 668/475/286 667/474/285 655/462/273
f 657/464/275 669/476/287 668/475/286 656/463/274
f 658/465/276 670/477/288 669/476/287 657/464/275
f 659/466/277 671/478/289 670/477/288 658/465/276
f 660/467/278 672/479/290 671/478/289 659/466/277
f 662/468/279 674/480/291 673/481/292 661/469/280
f 663/470/281 675/482/293 674/480/291 662/468/279
f 664/471/282 676/483/294 675/482/293 663/470/281
f 665/472/283 677/484/295 676/483/294 664/471/282
f 666/473/284 678/485/296 677/484/295 665/472/283
f 667/474/285 679/486/297 678/485/296 666/473/284
f 668/475/286 680/487/298 679/486/297 667/474/285
f 669/476/287 681/488/299 680/487/298 668/475/286
f 670/477/288 682/489/300 681/488/299 669/476/287
f 671/478/289 683/490/301 682/489/300 670/477/288
f 672/479/290 684/491/302 683/490/301 671/478/289
f 674/480/291 686/492/303 685/493/304 673/481/292
f 675/482/293 687/494/305 686/492/303 674/480/291
f 676/483/294 688/495/306 687/494/305 675/482/293
f 677/484/295 689/496/307 688/495/306 676/483/294
f 678/485/296 690/497/308 689/496/307 677/484/295
f 679/486/297 691/498/309 690/497/308 678/485/296
f 680/487/298 692/499/310 691/498/309 679/486/297
f 681/488/299 693/500/311 692/499/310 680/487/298
f 682/489/300 694/501/312 693/500/311 681/488/299
f 683/490/301 695/502/313 694/501/312 682/489/300
f 684/491/302 696/503/314 695/502/313 683/490/301
f 686/492/303 698/504/315 697/505/316 685/493/304
f 687/494/305 699/506/317 698/504/315 686/492/303
f 688/495/306 700/507/318 699/506/317 687/494/305
f 689/496/307 701/508/319 700/507/318 688/495/306
f 690/497/308 702/509/320 701/508/319 689/496/307
f 691/498/309 703/510/321 702/509/320 690/497/308
f 692/499/310 704/511/322 703/510/321 691/498/309
f 693/500/311 705/512/323 704/511/322 692/499/310
f 694/501/312 706/513/324 705/512/323 693/500/311
f 695/502/313 707/514/325 706/513/324 694/501/312
f 696/503/314 708/515/326 707/514/325 695/502/313
f 698/504/315 710/516/327 709/517/328 697/505/316
f 699/506/317 711/518/329 710/516/327 698/504/315
f 700/507/318 712/519/330 711/518/329 699/506/317
f 701/508/319 713/520/331 712/519/330 700/507/318
f 702/509/320 714/521/332 713/520/331 701/508/319
f 703/510/321 715/522/333 714/521/332 702/509/320
f 704/511/322 716/523/334 715/522/333 703/510/321
f 705/512/323 717/524/335 716/523/334 704/511/322
f 706/513/324 718/525/336 717/524/335 705/512/323
f 707/514/325 719/526/337 718/525/336 706/513/324
f 708/515/326 720/527/338 719/526/337 707/514/325
f 710/516/327 722/528/339 721/529/340 709/517/328
f 711/518/329 723/530/341 722/528/339 710/516/327
f 712/519/330 724/531/342 723/530/341 711/518/329
f 713/520/331 725/532/343 724/531/342 712/519/330
f 714/521/332 726/533/344 725/532/343 713/520/331
f 715/522/333 727/534/345 726/533/344 714/521/332
f 716/523/334 728/535/346 727/534/345 715/522/333
f 717/524/335 729/536/347 728/535/346 716/523/334
f 718/525/336 730/537/348 729/536/347 717/524/335
f 719/526/337 731/538/349 730/537/348 718/525/336
f 720/527/338 732/539/350 731/538/349 719/526/337
f 722/528/339 734/540/351 733/541/352 721/529/340
f 723/530/341 735/542/353 734/540/351 722/528/339
f 724/531/342 736/543/354 735/542/353 723/530/341
f 725/532/343 737/544/355 736/543/354 724/531/342
f 726/533/344 738/545/356 737/544/355 725/532/343
f 727/534/345 739/546/357 738/545/356 726/533/344
f 728/535/346 740/547/358 739/546/357 727/534/345
f 729/536/347 741/548/359 740/547/358 728/535/346
f 730/537/348 742/549/360 741/548/359 729/536/347
f 731/538/349 743/550/361 742/549/360 730/537/348
f 732/539/350 744/551/362 743/550/361 731/538/349
f 734/540/351 746/552/363 745/553/364 733/541/352
f 735/542/353 747/554/365 746/552/363 734/540/351
f 736/543/354 748/555/366 747/554/365 735/542/353
f 737/544/355 749/556/367 748/555/366 736/543/354
f 738/545/356 750/557/368 749/556/367 737/544/355
f 739/546/357 751/558/369 750/557/368 738/545/356
f 740/547/358 752/559/370 751/558/369 739/546/357
f 741/548/359 753/560/371 752/559/370 740/547/358
f 742/549/360 754/561/372 753/560/371 741/548/359
f 743/550/361 755/562/373 754/561/372 742/549/360
f 744/551/362 756/563/374 755/562/373 743/550/361
f 746/552/363 758/564/375 757/565/376 745/553/364
f 747/554/365 759/566/377 758/564/375 746/552/363
f 748/555/366 760/567/378 759/566/377 747/554/365
f 749/556/367 761/568/379 760/567/378 748/555/366
f 750/557/368 762/569/380 761/568/379 749/556/367
f 751/558/369 763/570/381 762/569/380 750/557/368
f 752/559/370 764/571/382 763/570/381 751/558/369
f 753/560/371 765/572/383 764/571/382 752/559/370
f 754/561/372 766/573/384 765/572/383 753/560/371
f 755/562/373 767/574/385 766/573/384 754/561/372
f 756/563/374 768/575/386 767/574/385 755/562/373
f 758/564/375 770/576/387 769/577/388 757/565/376
f 759/566/377 771/578/389 770/576/387 758/564/375
f 760/567/378 772/579/390 771/578/389 759/566/377
f 761/568/379 773/580/391 772/579/390 760/567/378
f 762/569/380 774/581/392 773/580/391 761/568/379
f 763/570/381 775/582/393 774/581/392 762/569/380
f 764/571/382 776/583/394 775/582/393 763/570/381
f 765/572/383 777/584/395 776/583/394 764/571/382
f 766/573/384 778/585/396 777/584/395 765/572/383
f 767/574/385 779/586/397 778/585/396 766/573/384
f 768/575/386 780/587/398 779/586/397 767/574/385
f 770/576/387 782/588/399 781/589/400 769/577/388
f 771/578/389 783/590/401 782/588/399 770/576/387
f 772/579/390 784/591/402 783/590/401 771/578/389
f 773/580/391 785/592/403 784/591/402 772/579/390
f 774/581/392 786/593/404 785/592/403 773/580/391
f 775/582/393 787/594/405 786/593/404 774/581/392
f 776/583/394 788/595/406 787/594/405 775/582/393
f 777/584/395 789/596/407 788/595/406 776/583/394
f 778/585/396 790/597/408 789/596/407 777/584/395
f 779/586/397 791/598/409 790/597/408 778/585/396
f 780/587/398 792/599/410 791/598/409 779/586/397
f 782/588/399 794/600/411 793/601/412 781/589/400
f 783/590/401 795/602/413 794/600/411 782/588/399
f 784/591/402 796/603/414 795/602/413 783/590/401
f 785/592/403 797/604/415 796/603/414 784/591/402
f 786/593/404 798/605/416 797/604/415 785/592/403
f 787/594/405 799/606/417 798/605/416 786/593/404
f 788/595/406 800/607/418 799/606/417 787/594/405
f 789/596/407 801/608/419 800/607/418 788/595/406
f 790/597/408 802/609/420 801/608/419 789/596/407
f 791/598/409 803/610/421 802/609/420 790/597/408
f 792/599/410 804/611/422 803/610/421 791/598/409
f 794/600/411 806/612/423 805/613/424 793/601/412
f 795/602/413 807/614/425 806/612/423 794/600/411
f 796/603/414 808/615/426 807/614/425 795/602/413
f 797/604/415 809/616/427 808/615/426 796/603/414
f 798/605/416 810/617/428 809/616/427 797/604/415
f 799/606/417 811/618/429 810/617/428 798/605/416
f 800/607/418 812/619/430 811/618/429 799/606/417
f 801/608/419 813/620/431 812/619/430 800/607/418
f 802/609/420 814/621/432 813/620/431 801/608/419
f 803/610/421 815/622/433 814/621/432 802/609/420
f 804/611/422 816/623/434 815/622/433 803/610/421
f 806/612/423 818/624/435 817/625/436 805/613/424
f 807/614/425 819/626/437 818/624/435 806/612/423
f 808/615/426 820/627/438 819/626/437 807/614/425
f 809/616/427 821/628/439 820/627/438 808/615/426
f 810/617/428 822/629/440 821/628/439 809/616/427
f 811/618/429 823/630/441 822/629/440 810/617/428
f 812/619/430 824/631/442 823/630/441 811/618/429
f 813/620/431 825/632/443 824/631/442 812/619/430
f 814/621/432 826/633/444 825/632/443 813/620/431
f 815/622/433 827/634/445 826/633/444 814/621/432
f 816/623/434 828/635/446 827/634/445 815/622/433
f 818/624/435 830/636/447 829/637/448 817/625/436
f 819/626/437 831/638/449 830/636/447 818/624/435
f 820/627/438 832/639/450 831/638/449 819/626/437
f 821/628/439 833/640/451 832/639/450 820/627/438
f 822/629/440 834/641/452 833/640/451 821/628/439
f 823/630/441 835/642/453 834/641/452 822/629/440
f 824/631/442 836/643/454 835/642/453 823/630/441
f 825/632/443 837/644/455 836/643/454 824/631/442
f 826/633/444 838/645/456 837/644/455 825/632/443
f 827/634/445 839/646/457 838/645/456 826/633/444
f 828/635/446 840/647/458 839/646/457 827/634/445
f 830/636/447 842/648/459 841/649/460 829/637/448
f 831/638/449 843/650/461 842/648/459 830/636/447
f 832/639/450 844/651/462 843/650/461 831/638/449
f 833/640/451 845/652/463 844/651/462 832/639/450
f 834/641/452 846/653/464 845/652/463 833/640/451
f 835/642/453 847/654/465 846/653/464 834/641/452
f 836/643/454 848/655/466 847/654/465 835/642/453
f 837/644/455 849/656/467 848/655/466 836/643/454
f 838/645/456 850/657/468 849/656/467 837/644/455
f 839/646/457 851/658/469 850/657/468 838/645/456
f 840/647/458 852/659/470 851/658/469 839/646/457
f 842/648/459 854/660/471 853/661/472 841/649/460
f 843/650/461 855/662/473 854/660/471 842/648/459
f 844/651/462 856/663/474 855/662/473 843/650/461
f 845/652/463 857/664/475 856/663/474 844/651/462
f 846/653/464 858/665/476 857/664/475 845/652/463
f 847/654/465 859/666/477 858/665/476 846/653/464
f 848/655/466 860/667/478 859/666/477 847/654/465
f 849/656/467 861/668/479 860/667/478 848/655/466
f 850/657/468 862/669/480 861/668/479 849/656/467
f 851/658/469 863/670/481 862/669/480 850/657/468
f 852/659/470 864/671/482 863/670/481 851/658/469
f 854/660/471 866/672/483 865/673/484 853/661/472
f 855/662/473 867/674/485 866/672/483 854/660/471
f 856/663/474 868/675/486 867/674/485 855/662/473
f 857/664/475 869/676/487 868/675/486 856/663/474
f 858/665/476 870/677/488 869/676/487 857/664/475
f 859/666/477 871/678/489 870/677/488 858/665/476
f 860/667/478 872/679/490 871/678/489 859/666/477
f 861/668/479 873/680/491 872/679/490 860/667/478
f 862/669/480 874/681/492 873/680/491 861/668/479
f 863/670/481 875/682/493 874/681/492 862/669/480
f 864/671/482 876/683/494 875/682/493 863/670/481
f 866/672/483 878/684/495 877/685/496 865/673/484
f 867/674/485 879/686/497 878/684/495 866/672/483
f 868/675/486 880/687/498 879/686/497 867/674/485
f 869/676/487 881/688/499 880/687/498 868/675/486
f 870/677/488 882/689/500 881/688/499 869/676/487
f 871/678/489 883/690/501 882/689/500 870/677/488
f 872/679/490 884/691/502 883/690/501 871/678/489
f 873/680/491 885/692/503 884/691/502 872/679/490
f 874/681/492 886/693/504 885/692/503 873/680/491
f 875/682/493 887/694/505 886/693/504 874/681/492
f 876/683/494 888/695/506 887/694/505 875/682/493
f 878/684/495 890/696/507 889/697/508 877/685/496
f 879/686/497 891/698/509 890/696/507 878/684/495
f 880/687/498 892/699/510 891/698/509 879/686/497
f 881/688/499 893/700/511 892/699/510 880/687/498
f 882/689/500 894/701/512 893/700/511 881/688/499
f 883/690/501 895/702/513 894/701/512 882/689/500
f 884/691/502 896/703/514 895/702/513 883/690/501
f 885/692/503 897/704/515 896/703/514 884/691/502
f 886/693/504 898/705/516 897/704/515 885/692/503
f 887/694/505 899/706/517 898/705/516 886/693/504
f 888/695/506 900/707/518 899/706/517 887/694/505
f 890/696/507 902/708/519 901/709/520 889/697/508
f 891/698/509 903/710/521 902/708/519 890/696/507
f 892/699/510 904/711/522 903/710/521 891/698/509
f 893/700/511 905/712/523 904/711/522 892/699/510
f 894/701/512 906/713/524 905/712/523 893/700/511
f 895/702/513 907/714/525 906/713/524 894/701/512
f 896/703/514 908/715/526 907/714/525 895/702/513
f 897/704/515 909/716/527 908/715/526 896/703/514
f 898/705/516 910/717/528 909/716/527 897/704/515
f 899/706/517 911/718/529 910/717/528 898/705/516
f 900/707/518 912/719/530 911/718/529 899/706/517
f 902/708/519 914/720/531 913/721/532 901/709/520
f 903/710/521 915/722/533 914/720/531 902/708/519
f 904/711/522 916/723/534 915/722/533 903/710/521
f 905/712/523 917/724/535 916/723/534 904/711/522
f 906/713/524 918/725/536 917/724/535 905/712/523
f 907/714/525 919/726/537 918/725/536 906/713/524
f 908/715/526 920/727/538 919/726/537 907/714/525
f 909/716/527 921/728/539 920/727/538 908/715/526
f 910/717/528 922/729/540 921/728/539 909/716/527
f 911/718/529 923/730/541 922/729/540 910/717/528
f 912/719/530 924/731/542 923/730/541 911/718/529
f 914/720/531 926/732/543 925/733/544 913/721/532
f 915/722/533 927/734/545 926/732/543 914/720/531
f 916/723/534 928/735/546 927/734/545 915/722/533
f 917/724/535 929/736/547 928/735/546 916/723/534
f 918/725/536 930/737/548 929/736/547 917/724/535
f 919/726/537 931/738/549 930/737/548 918/725/536
f 920/727/538 932/739/550 931/738/549 919/726/537
f 921/728/539 933/740/551 932/739/550 920/727/538
f 922/729/540 934/741/552 933/740/551 921/728/539
f 923/730/541 935/742/553 934/741/552 922/729/540
f 924/731/542 936/743/554 935/742/553 923/730/541
f 926/732/543 938/744/555 937/745/556 925/733/544
f 927/734/545 939/746/557 938/744/555 926/732/543
f 928/735/546 940/747/558 939/746/557 927/734/545
f 929/736/547 941/748/559 940/747/558 928/735/546
f 930/737/548 942/749/560 941/748/559 929/736/547
f 931/738/549 943/750/561 942/749/560 930/737/548
f 932/739/550 944/751/562 943/750/561 931/738/549
f 933/740/551 945/752/563 944/751/562 932/739/550
f 934/741/552 946/753/564 945/752/563 933/740/551
f 935/742/553 947/754/565 946/753/564 934/741/552
f 936/743/554 948/755/566 947/754/565 935/742/553
f 938/744/555 950/756/567 949/757/568 937/745/556
f 939/746/557 951/758/569 950/756/567 938/744/555
f 940/747/558 952/759/570 951/758/569 939/746/557
f 941/748/559 953/760/571 952/759/570 940/747/558
f 942/749/560 954/761/572 953/760/571 941/748/559
f 943/750/561 955/762/573 954/761/572 942/749/560
f 944/751/562 956/763/574 955/762/573 943/750/561
f 945/752/563 957/764/575 956/763/574 944/751/562
f 946/753/564 958/765/576 957/764/575 945/752/563
f 947/754/565 959/766/577 958/765/576 946/753/564
f 948/755/566 960/767/578 959/766/577 947/754/565
f 950/756/567 962/768/579 961/769/580 949/757/568
f 951/758/569 963/770/581 962/768/579 950/756/567
f 952/759/570 964/771/582 963/770/581 951/758/569
f 953/760/571 965/772/583 964/771/582 952/759/570
f 954/761/572 966/773/584 965/772/583 953/760/571
f 955/762/573 967/774/585 966/773/584 954/761/572
f 956/763/574 968/775/586 967/774/585 955/762/573
f 957/764/575 969/776/587 968/775/586 956/763/574
f 958/765/576 970/777/588 969/776/587 957/764/575
f 959/766/577 971/778/589 970/777/588 958/765/576
f 960/767/578 972/779/590 971/778/589 959/766/577
f 962/768/579 974/780/591 973/781/592 961/769/580
f 963/770/581 975/782/593 974/780/591 962/768/579
f 964/771/582 976/783/594 975/782/593 963/770/581
f 965/772/583 977/784/595 976/783/594 964/771/582
f 966/773/584 978/785/596 977/784/595 965/772/583
f 967/774/585 979/786/597 978/785/596 966/773/584
f 968/775/586 980/787/598 979/786/597 967/774/585
f 969/776/587 981/788/599 980/787/598 968/775/586
f 970/777/588 982/789/600 981/788/599 969/776/587
f 971/778/589 983/790/601 982/789/600 970/777/588
f 972/779/590 984/791/602 983/790/601 971/778/589
f 974/780/591 986/792/603 985/793/604 973/781/592
f 975/782/593 987/794/605 986/792/603 974/780/591
f 976/783/594 988/795/606 987/794/605 975/782/593
f 977/784/595 989/796/607 988/795/606 976/783/594
f 978/785/596 990/797/608 989/796/607 977/784/595
f 979/786/597 991/798/609 990/797/608 978/785/596
f 980/787/598 992/799/610 991/798/609 979/786/597
f 981/788/599 993/800/611 992/799/610 980/787/598
f 982/789/600 994/801/612 993/800/611 981/788/599
f 983/790/601 995/802/613 994/801/612 982/789/600
f 984/791/602 996/803/614 995/802/613 983/790/601
f 986/792/603 998/804/615 997/805/616 985/793/604
f 987/794/605 999/806/617 998/804/615 986/792/603
f 988/795/606 1000/807/618 999/806/617 987/794/605
f 989/796/607 1001/808/619 1000/807/618 988/795/606
f 990/797/608 1002/809/620 1001/808/619 989/796/607
f 991/798/609 1003/810/621 1002/809/620 990/797/608
f 992/799/610 1004/811/622 1003/810/621 991/798/609
f 993/800/611 1005/812/623 1004/811/622 992/799/610
f 994/801/612 1006/813/624 1005/812/623 993/800/611
f 995/802/613 1007/814/625 1006/813/624 994/801/612
f 996/803/614 1008/815/626 1007/814/625 995/802/613
f 998/804/615 1010/816/627 1009/817/628 997/805/616
f 999/806/617 1011/818/629 1010/816/627 998/804/615
f 1000/807/618 1012/819/630 1011/818/629 999/806/617
f 1001/808/619 1013/820/631 1012/819/630 1000/807/618
f 1002/809/620 1014/821/632 1013/820/631 1001/808/619
f 1003/810/621 1015/822/633 1014/821/632 1002/809/620
f 1004/811/622 1016/823/634 1015/822/633 1003/810/621
f 1005/812/623 1017/824/635 1016/823/634 1004/811/622
f 1006/813/624 1018/825/636 1017/824/635 1005/812/623
f 1007/814/625 1019/826/637 1018/825/636 1006/813/624
f 1008/815/626 1020/827/638 1019/826/637 1007/814/625
f 1010/816/627 1022/828/639 1021/829/640 1009/817/628
f 1011/818/629 1023/830/641 1022/828/639 1010/816/627
f 1012/819/630 1024/831/642 1023/830/641 1011/818/629
f 1013/820/631 1025/832/643 1024/831/642 1012/819/630
f 1014/821/632 1026/833/644 1025/832/643 1013/820/631
f 1015/822/633 1027/834/645 1026/833/644 1014/821/632
f 1016/823/634 1028/835/646 1027/834/645 1015/822/633
f 1017/824/635 1029/836/647 1028/835/646 1016/823/634
f 1018/825/636 1030/837/648 1029/836/647 1017/824/635
f 1019/826/637 1031/838/649 1030/837/648 1018/825/636
f 1020/827/638 1032/839/650 1031/838/649 1019/826/637
f 1022/828/639 1034/840/651 1033/841/652 1021/829/640
f 1023/830/641 1035/842/653 1034/840/651 1022/828/639
f 1024/831/642 1036/843/654 1035/842/653 1023/830/641
f 1025/832/643 1037/844/655 1036/843/654 1024/831/642
f 1026/833/644 1038/845/656 1037/844/655 1025/832/643
f 1027/834/645 1039/846/657 1038/845/656 1026/833/644
f 1028/835/646 1040/847/658 1039/846/657 1027/834/645
f 1029/836/647 1041/848/659 1040/847/658 1028/835/646
f 1030/837/648 1042/849/660 1041/848/659 1029/836/647
f 1031/838/649 1043/850/661 1042/849/660 1030/837/648
f 1032/839/650 1044/851/662 1043/850/661 1031/838/649
f 1034/840/651 1046/852/663 1045/853/664 1033/841/652
f 1035/842/653 1047/854/665 1046/852/663 1034/840/651
f 1036/843/654 1048/855/666 1047/854/665 1035/842/653
f 1037/844/655 1049/856/667 1048/855/666 1036/843/654
f 1038/845/656 1050/857/668 1049/856/667 1037/844/655
f 1039/846/657 1051/858/669 1050/857/668 1038/845/656
f 1040/847/658 1052/859/670 1051/858/669 1039/846/657
f 1041/848/659 1053/860/671 1052/859/670 1040/847/658
f 1042/849/660 1054/861/672 1053/860/671 1041/848/659
f 1043/850/661 1055/862/673 1054/861/672 1042/849/660
f 1044/851/662 1056/863/674 1055/862/673 1043/850/661
f 1046/852/663 1058/864/675 1057/865/676 1045/853/664
f 1047/854/665 1059/866/677 1058/864/675 1046/852/663
f 1048/855/666 1060/867/678 1059/866/677 1047/854/665
f 1049/856/667 1061/868/679 1060/867/678 1048/855/666
f 1050/857/668 1062/869/680 1061/868/679 1049/856/667
f 1051/858/669 1063/870/681 1062/869/680 1050/857/668
f 1052/859/670 1064/871/682 1063/870/681 1051/858/669
f 1053/860/671 1065/872/683 1064/871/682 1052/859/670
f 1054/861/672 1066/873/684 1065/872/683 1053/860/671
f 1055/862/673 1067/874/685 1066/873/684 1054/861/672
f 1056/863/674 1068/875/686 1067/874/685 1055/862/673
f 1058/864/675 1070/876/687 1069/877/688 1057/865/676
f 1059/866/677 1071/878/689 1070/876/687 1058/864/675
f 1060/867/678 1072/879/690 1071/878/689 1059/866/677
f 1061/868/679 1073/880/691 1072/879/690 1060/867/678
f 1062/869/680 1074/881/692 1073/880/691 1061/868/679
f 1063/870/681 1075/882/693 1074/881/692 1062/869/680
f 1064/871/682 1076/883/694 1075/882/693 1063/870/681
f 1065/872/683 1077/884/695 1076/883/694 1064/871/682
f 1066/873/684 1078/885/696 1077/884/695 1065/872/683
f 1067/874/685 1079/886/697 1078/885/696 1066/873/684
f 1068/875/686 1080/887/698 1079/886/697 1067/874/685
f 1070/876/687 1082/888/699 1081/889/700 1069/877/688
f 1071/878/689 1083/890/701 1082/888/699 1070/876/687
f 1072/879/690 1084/891/702 1083/890/701 1071/878/689
f 1073/880/691 1085/892/703 1084/891/702 1072/879/690
f 1074/881/692 1086/893/704 1085/892/703 1073/880/691
f 1075/882/693 1087/894/705 1086/893/704 1074/881/692
f 1076/883/694 1088/895/706 1087/894/705 1075/882/693
f 1077/884/695 1089/896/707 1088/895/706 1076/883/694
f 1078/885/696 1090/897/708 1089/896/707 1077/884/695
f 1079/886/697 1091/898/709 1090/897/708 1078/885/696
f 1080/887/698 1092/899/710 1091/898/709 1079/886/697
f 1082/888/699 1094/900/711 1093/901/712 1081/889/700
f 1083/890/701 1095/902/713 1094/900/711 1082/888/699
f 1084/891/702 1096/903/714 1095/902/713 1083/890/701
f 1085/892/703 1097/904/715 1096/903/714 1084/891/702
f 1086/893/704 1098/905/716 1097/904/715 1085/892/703
f 1087/894/705 1099/906/717 1098/905/716 1086/893/704
f 1088/895/706 1100/907/718 1099/906/717 1087/894/705
f 1089/896/707 1101/908/719 1100/907/718 1088/895/706
f 1090/897/708 1102/909/720 1101/908/719 1089/896/707
f 1091/898/709 1103/910/721 1102/909/720 1090/897/708
f 1092/899/710 1104/911/722 1103/910/721 1091/898/709
f 1094/900/711 1106/912/723 1105/913/724 1093/901/712
f 1095/902/713 1107/914/725 1106/912/723 1094/900/711
f 1096/903/714 1108/915/726 1107/914/725 1095/902/713
f 1097/904/715 1109/916/727 1108/915/726 1096/903/714
f 1098/905/716 1110/917/728 1109/916/727 1097/904/715
f 1099/906/717 1111/918/729 1110/917/728 1098/905/716
f 1100/907/718 1112/919/730 1111/918/729 1099/906/717
f 1101/908/719 1113/920/731 1112/919/730 1100/907/718
f 1102/909/720 1114/921/732 1113/920/731 1101/908/719
f 1103/910/721 1115/922/733 1114/921/732 1102/909/720
f 1104/911/722 1116/923/734 1115/922/733 1103/910/721
f 1106/912/723 1118/924/735 1117/925/736 1105/913/724
f 1107/914/725 1119/926/737 1118/924/735 1106/912/723
f 1108/915/726 1120/927/738 1119/926/737 1107/914/725
f 1109/916/727 1121/928/739 1120/927/738 1108/915/726
f 1110/917/728 1122/929/740 1121/928/739 1109/916/727
f 1111/918/729 1123/930/741 1122/929/740 1110/917/728
f 1112/919/730 1124/931/742 1123/930/741 1111/918/729
f 1113/920/731 1125/932/743 1124/931/742 1112/919/730
f 1114/921/732 1126/933/744 1125/932/743 1113/920/731
f 1115/922/733 1127/934/745 1126/933/744 1114/921/732
f 1116/923/734 1128/935/746 1127/934/745 1115/922/733
f 1118/924/735 1130/936/747 1129/937/748 1117/925/736
f 1119/926/737 1131/938/749 1130/936/747 1118/924/735
f 1120/927/738 1132/939/750 1131/938/749 1119/926/737
f 1121/928/739 1133/940/751 1132/939/750 1120/927/738
f 1122/929/740 1134/941/752 1133/940/751 1121/928/739
f 1123/930/741 1135/942/753 1134/941/752 1122/929/740
f 1124/931/742 1136/943/754 1135/942/753 1123/930/741
f 1125/932/743 1137/944/755 1136/943/754 1124/931/742
f 1126/933/744 1138/945/756 1137/944/755 1125/932/743
f 1127/934/745 1139/946/757 1138/945/756 1126/933/744
f 1128/935/746 1140/947/758 1139/946/757 1127/934/745
f 1130/936/747 1142/948/759 1141/949/760 1129/937/748
f 1131/938/749 1143/950/761 1142/948/759 1130/936/747
f 1132/939/750 1144/951/762 1143/950/761 1131/938/749
f 1133/940/751 1145/952/763 1144/951/762 1132/939/750
f 1134/941/752 1146/953/764 1145/952/763 1133/940/751
f 1135/942/753 1147/954/765 1146/953/764 1134/941/752
f 1136/943/754 1148/955/766 1147/954/765 1135/942/753
f 1137/944/755 1149/956/767 1148/955/766 1136/943/754
f 1138/945/756 1150/957/768 1149/956/767 1137/944/755
f 1139/946/757 1151/958/769 1150/957/768 1138/945/756
f 1140/947/758 1152/959/770 1151/958/769 1139/946/757
f 1142/948/759 1154/960/771 1153/961/772 1141/949/760
f 1143/950/761 1155/962/773 1154/960/771 1142/948/759
f 1144/951/762 1156/963/774 1155/962/773 1143/950/761
f 1145/952/763 1157/964/775 1156/963/774 1144/951/762
f 1146/953/764 1158/965/776 1157/964/775 1145/952/763
f 1147/954/765 1159/966/777 1158/965/776 1146/953/764
f 1148/955/766 1160/967/778 1159/966/777 1147/954/765
f 1149/956/767 1161/968/779 1160/967/778 1148/955/766
f 1150/957/768 1162/969/780 1161/968/779 1149/956/767
f 1151/958/769 1163/970/781 1162/969/780 1150/957/768
f 1152/959/770 1164/971/782 1163/970/781 1151/958/769
f 1154/960/771 1166/972/783 1165/973/784 1153/961/772
f 1155/962/773 1167/974/785 1166/972/783 1154/960/771
f 1156/963/774 1168/975/786 1167/974/785 1155/962/773
f 1157/964/775 1169/976/787 1168/975/786 1156/963/774
f 1158/965/776 1170/977/788 1169/976/787 1157/964/775
f 1159/966/777 1171/978/789 1170/977/788 1158/965/776
f 1160/967/778 1172/979/790 1171/978/789 1159/966/777
f 1161/968/779 1173/980/791 1172/979/790 1160/967/778
f 1162/969/780 1174/981/792 1173/980/791 1161/968/779
f 1163/970/781 1175/982/793 1174/981/792 1162/969/780
f 1164/971/782 1176/983/794 1175/982/793 1163/970/781
f 1166/972/783 1178/984/795 1177/985/796 1165/973/784
f 1167/974/785 1179/986/797 1178/984/795 1166/972/783
f 1168/975/786 1180/987/798 1179/986/797 1167/974/785
f 1169/976/787 1181/988/799 1180/987/798 1168/975/786
f 1170/977/788 1182/989/800 1181/988/799 1169/976/787
f 1171/978/789 1183/990/801 1182/989/800 1170/977/788
f 1172/979/790 1184/991/802 1183/990/801 1171/978/789
f 1173/980/791 1185/992/803 1184/991/802 1172/979/790
f 1174/981/792 1186/993/804 1185/992/803 1173/980/791
f 1175/982/793 1187/994/805 1186/993/804 1174/981/792
f 1176/983/794 1188/995/806 1187/994/805 1175/982/793
f 1178/984/795 1190/996/807 1189/997/808 1177/985/796
f 1179/986/797 1191/998/809 1190/996/807 1178/984/795
f 1180/987/798 1192/999/810 1191/998/809 1179/986/797
f 1181/988/799 1193/1000/811 1192/999/810 1180/987/798
f 1182/989/800 1194/1001/812 1193/1000/811 1181/988/799
f 1183/990/801 1195/1002/813 1194/1001/812 1182/989/800
f 1184/991/802 1196/1003/814 1195/1002/813 1183/990/801
f 1185/992/803 1197/1004/815 1196/1003/814 1184/991/802
f 1186/993/804 1198/1005/816 1197/1004/815 1185/992/803
f 1187/994/805 1199/1006/817 1198/1005/816 1186/993/804
f 1188/995/806 1200/1007/818 1199/1006/817 1187/994/805
f 1190/996/807 1202/1008/819 1201/1009/820 1189/997/808
f 1191/998/809 1203/1010/821 1202/1008/819 1190/996/807
f 1192/999/810 1204/1011/822 1203/1010/821 1191/998/809
f 1193/1000/811 1205/1012/823 1204/1011/822 1192/999/810
f 1194/1001/812 1206/1013/824 1205/1012/823 1193/1000/811
f 1195/1002/813 1207/1014/825 1206/1013/824 1194/1001/812
f 1196/1003/814 1208/1015/826 1207/1014/825 1195/1002/813
f 1197/1004/815 1209/1016/827 1208/1015/826 1196/1003/814
f 1198/1005/816 1210/1017/828 1209/1016/827 1197/1004/815
f 1199/1006/817 1211/1018/829 1210/1017/828 1198/1005/816
f 1200/1007/818 1212/1019/830 1211/1018/829 1199/1006/817
f 1202/1008/819 1214/1020/831 1213/1021/832 1201/1009/820
f 1203/1010/821 1215/1022/833 1214/1020/831 1202/1008/819
f 1204/1011/822 1216/1023/834 1215/1022/833 1203/1010/821
f 1205/1012/823 1217/1024/835 1216/1023/834 1204/1011/822
f 1206/1013/824 1218/1025/836 1217/1024/835 1205/1012/823
f 1207/1014/825 1219/1026/837 1218/1025/836 1206/1013/824
f 1208/1015/826 1220/1027/838 1219/1026/837 1207/1014/825
f 1209/1016/827 1221/1028/839 1220/1027/838 1208/1015/826
f 1210/1017/828 1222/1029/840 1221/1028/839 1209/1016/827
f 1211/1018/829 1223/1030/841 1222/1029/840 1210/1017/828
f 1212/1019/830 1224/1031/842 1223/1030/841 1211/1018/829
f 1214/1020/831 1226/1032/843 1225/1033/844 1213/1021/832
f 1215/1022/833 1227/1034/845 1226/1032/843 1214/1020/831
f 1216/1023/834 1228/1035/846 1227/1034/845 1215/1022/833
f 1217/1024/835 1229/1036/847 1228/1035/846 1216/1023/834
f 1218/1025/836 1230/1037/848 1229/1036/847 1217/1024/835
f 1219/1026/837 1231/1038/849 1230/1037/848 1218/1025/836
f 1220/1027/838 1232/1039/850 1231/1038/849 1219/1026/837
f 1221/1028/839 1233/1040/851 1232/1039/850 1220/1027/838
f 1222/1029/840 1234/1041/852 1233/1040/851 1221/1028/839
f 1223/1030/841 1235/1042/853 1234/1041/852 1222/1029/840
f 1224/1031/842 1236/1043/854 1235/1042/853 1223/1030/841
f 1226/1032/843 1238/1044/855 1237/1045/856 1225/1033/844
f 1227/1034/845 1239/1046/857 1238/1044/855 1226/1032/843
f 1228/1035/846 1240/1047/858 1239/1046/857 1227/1034/845
f 1229/1036/847 1241/1048/859 1240/1047/858 1228/1035/846
f 1230/1037/848 1242/1049/860 1241/1048/859 1229/1036/847
f 1231/1038/849 1243/1050/861 1242/1049/860 1230/1037/848
f 1232/1039/850 1244/1051/862 1243/1050/861 1231/1038/849
f 1233/1040/851 1245/1052/863 1244/1051/862 1232/1039/850
f 1234/1041/852 1246/1053/864 1245/1052/863 1233/1040/851
f 1235/1042/853 1247/1054/865 1246/1053/864 1234/1041/852
f 1236/1043/854 1248/1055/866 1247/1054/865 1235/1042/853
f 1238/1044/855 1250/1056/867 1249/1057/868 1237/1045/856
f 1239/1046/857 1251/1058/869 1250/1056/867 1238/1044/855
f 1240/1047/858 1252/1059/870 1251/1058/869 1239/1046/857
f 1241/1048/859 1253/1060/871 1252/1059/870 1240/1047/858
f 1242/1049/860 1254/1061/872 1253/1060/871 1241/1048/859
f 1243/1050/861 1255/1062/873 1254/1061/872 1242/1049/860
f 1244/1051/862 1256/1063/874 1255/1062/873 1243/1050/861
f 1245/1052/863 1257/1064/875 1256/1063/874 1244/1051/862
f 1246/1053/864 1258/1065/876 1257/1064/875 1245/1052/863
f 1247/1054/865 1259/1066/877 1258/1065/876 1246/1053/864
f 1248/1055/866 1260/1067/878 1259/1066/877 1247/1054/865
f 1250/1056/867 1262/1068/879 1261/1069/880 1249/1057/868
f 1251/1058/869 1263/1070/881 1262/1068/879 1250/1056/867
f 1252/1059/870 1264/1071/882 1263/1070/881 1251/1058/869
f 1253/1060/871 1265/1072/883 1264/1071/882 1252/1059/870
f 1254/1061/872 1266/1073/884 1265/1072/883 1253/1060/871
f 1255/1062/873 1267/1074/885 1266/1073/884 1254/1061/872
f 1256/1063/874 1268/1075/886 1267/1074/885 1255/1062/873
f 1257/1064/875 1269/1076/887 1268/1075/886 1256/1063/874
f 1258/1065/876 1270/1077/888 1269/1076/887 1257/1064/875
f 1259/1066/877 1271/1078/889 1270/1077/888 1258/1065/876
f 1260/1067/878 1272/1079/890 1271/1078/889 1259/1066/877
f 1262/1068/879 1274/1080/891 1273/1081/892 1261/1069/880
f 1263/1070/881 1275/1082/893 1274/1080/891 1262/1068/879
f 1264/1071/882 1276/1083/894 1275/1082/893 1263/1070/881
f 1265/1072/883 1277/1084/895 1276/1083/894 1264/1071/882
f 1266/1073/884 1278/1085/896 1277/1084/895 1265/1072/883
f 1267/1074/885 1279/1086/897 1278/1085/896 1266/1073/884
f 1268/1075/886 1280/1087/898 1279/1086/897 1267/1074/885
f 1269/1076/887 1281/1088/899 1280/1087/898 1268/1075/886
f 1270/1077/888 1282/1089/900 1281/1088/899 1269/1076/887
f 1271/1078/889 1283/1090/901 1282/1089/900 1270/1077/888
f 1272/1079/890 1284/1091/902 1283/1090/901 1271/1078/889
f 1274/1080/891 1286/1092/903 1285/1093/904 1273/1081/892
f 1275/1082/893 1287/1094/905 1286/1092/903 1274/1080/891
f 1276/1083/894 1288/1095/906 1287/1094/905 1275/1082/893
f 1277/1084/895 1289/1096/907 1288/1095/906 1276/1083/894
f 1278/1085/896 1290/1097/908 1289/1096/907 1277/1084/895
f 1279/1086/897 1291/1098/909 1290/1097/908 1278/1085/896
f 1280/1087/898 1292/1099/910 1291/1098/909 1279/1086/897
f 1281/1088/899 1293/1100/911 1292/1099/910 1280/1087/898
f 1282/1089/900 1294/1101/912 1293/1100/911 1281/1088/899
f 1283/1090/901 1295/1102/913 1294/1101/912 1282/1089/900
f 1284/1091/902 1296/1103/914 1295/1102/913 1283/1090/901
f 1286/1092/903 1298/1104/915 1297/1105/916 1285/1093/904
f 1287/1094/905 1299/1106/917 1298/1104/915 1286/1092/903
f 1288/1095/906 1300/1107/918 1299/1106/917 1287/1094/905
f 1289/1096/907 1301/1108/919 1300/1107/918 1288/1095/906
f 1290/1097/908 1302/1109/920 1301/1108/919 1289/1096/907
f 1291/1098/909 1303/1110/921 1302/1109/920 1290/1097/908
f 1292/1099/910 1304/1111/922 1303/1110/921 1291/1098/909
f 1293/1100/911 1305/1112/923 1304/1111/922 1292/1099/910
f 1294/1101/912 1306/1113/924 1305/1112/923 1293/1100/911
f 1295/1102/913 1307/1114/925 1306/1113/924 1294/1101/912
f 1296/1103/914 1308/1115/926 1307/1114/925 1295/1102/913
f 1298/1104/915 1310/1116/927 1309/1117/928 1297/1105/916
f 1299/1106/917 1311/1118/929 1310/1116/927 1298/1104/915
f 1300/1107/918 1312/1119/930 1311/1118/929 1299/1106/917
f 1301/1108/919 1313/1120/931 1312/1119/930 1300/1107/918
f 1302/1109/920 1314/1121/932 1313/1120/931 1301/1108/919
f 1303/1110/921 1315/1122/933 1314/1121/932 1302/1109/920
f 1304/1111/922 1316/1123/934 1315/1122/933 1303/1110/921
f 1305/1112/923 1317/1124/935 1316/1123/934 1304/1111/922
f 1306/1113/924 1318/1125/936 1317/1124/935 1305/1112/923
f 1307/1114/925 1319/1126/937 1318/1125/936 1306/1113/924
f 1308/1115/926 1320/1127/938 1319/1126/937 1307/1114/925
f 1310/1116/927 1322/1128/939 1321/1129/940 1309/1117/928
f 1311/1118/929 1323/1130/941 1322/1128/939 1310/1116/927
f 1312/1119/930 1324/1131/942 1323/1130/941 1311/1118/929
f 1313/1120/931 1325/1132/943 1324/1131/942 1312/1119/930
f 1314/1121/932 1326/1133/944 1325/1132/943 1313/1120/931
f 1315/1122/933 1327/1134/945 1326/1133/944 1314/1121/932
f 1316/1123/934 1328/1135/946 1327/1134/945 1315/1122/933
f 1317/1124/935 1329/1136/947 1328/1135/946 1316/1123/934
f 1318/1125/936 1330/1137/948 1329/1136/947 1317/1124/935
f 1319/1126/937 1331/1138/949 1330/1137/948 1318/1125/936
f 1320/1127/938 1332/1139/950 1331/1138/949 1319/1126/937
f 1322/1128/939 1334/1140/951 1333/1141/952 1321/1129/940
f 1323/1130/941 1335/1142/953 1334/1140/951 1322/1128/939
f 1324/1131/942 1336/1143/954 1335/1142/953 1323/1130/941
f 1325/1132/943 1337/1144/955 1336/1143/954 1324/1131/942
f 1326/1133/944 1338/1145/956 1337/1144/955 1325/1132/943
f 1327/1134/945 1339/1146/957 1338/1145/956 1326/1133/944
f 1328/1135/946 1340/1147/958 1339/1146/957 1327/1134/945
f 1329/1136/947 1341/1148/959 1340/1147/958 1328/1135/946
f 1330/1137/948 1342/1149/960 1341/1148/959 1329/1136/947
f 1331/1138/949 1343/1150/961 1342/1149/960 1330/1137/948
f 1332/1139/950 1344/1151/962 1343/1150/961 1331/1138/949
f 1334/1140/951 1346/1152/963 1345/1153/964 1333/1141/952
f 1335/1142/953 1347/1154/965 1346/1152/963 1334/1140/951
f 1336/1143/954 1348/1155/966 1347/1154/965 1335/1142/953
f 1337/1144/955 1349/1156/967 1348/1155/966 1336/1143/954
f 1338/1145/956 1350/1157/968 1349/1156/967 1337/1144/955
f 1339/1146/957 1351/1158/969 1350/1157/968 1338/1145/956
f 1340/1147/958 1352/1159/970 1351/1158/969 1339/1146/957
f 1341/1148/959 1353/1160/971 1352/1159/970 1340/1147/958
f 1342/1149/960 1354/1161/972 1353/1160/971 1341/1148/959
f 1343/1150/961 1355/1162/973 1354/1161/972 1342/1149/960
f 1344/1151/962 1356/1163/974 1355/1162/973 1343/1150/961
f 1346/1152/963 1358/1164/975 1357/1165/976 1345/1153/964
f 1347/1154/965 1359/1166/977 1358/1164/975 1346/1152/963
f 1348/1155/966 1360/1167/978 1359/1166/977 1347/1154/965
f 1349/1156/967 1361/1168/979 1360/1167/978 1348/1155/966
f 1350/1157/968 1362/1169/980 1361/1168/979 1349/1156/967
f 1351/1158/969 1363/1170/981 1362/1169/980 1350/1157/968
f 1352/1159/970 1364/1171/982 1363/1170/981 1351/1158/969
f 1353/1160/971 1365/1172/983 1364/1171/982 1352/1159/970
f 1354/1161/972 1366/1173/984 1365/1172/983 1353/1160/971
f 1355/1162/973 1367/1174/985 1366/1173/984 1354/1161/972
f 1356/1163/974 1368/1175/986 1367/1174/985 1355/1162/973
f 1358/1164/975 1370/1176/987 1369/1177/988 1357/1165/976
f 1359/1166/977 1371/1178/989 1370/1176/987 1358/1164/975
f 1360/1167/978 1372/1179/990 1371/1178/989 1359/1166/977
f 1361/1168/979 1373/1180/991 1372/1179/990 1360/1167/978
f 1362/1169/980 1374/1181/992 1373/1180/991 1361/1168/979
f 1363/1170/981 1375/1182/993 1374/1181/992 1362/1169/980
f 1364/1171/982 1376/1183/994 1375/1182/993 1363/1170/981
f 1365/1172/983 1377/1184/995 1376/1183/994 1364/1171/982
f 1366/1173/984 1378/1185/996 1377/1184/995 1365/1172/983
f 1367/1174/985 1379/1186/997 1378/1185/996 1366/1173/984
f 1368/1175/986 1380/1187/998 1379/1186/997 1367/1174/985
f 1370/1176/987 1382/1188/999 1381/1189/1000 1369/1177/988
f 1371/1178/989 1383/1190/1001 1382/1188/999 1370/1176/987
f 1372/1179/990 1384/1191/1002 1383/1190/1001 1371/1178/989
f 1373/1180/991 1385/1192/1003 1384/1191/1002 1372/1179/990
f 1374/1181/992 1386/1193/1004 1385/1192/1003 1373/1180/991
f 1375/1182/993 1387/1194/1005 1386/1193/1004 1374/1181/992
f 1376/1183/994 1388/1195/1006 1387/1194/1005 1375/1182/993
f 1377/1184/995 1389/1196/1007 1388/1195/1006 1376/1183/994
f 1378/1185/996 1390/1197/1008 1389/1196/1007 1377/1184/995
f 1379/1186/997 1391/1198/1009 1390/1197/1008 1378/1185/996
f 1380/1187/998 1392/1199/1010 1391/1198/1009 1379/1186/997
f 1382/1188/999 1394/1200/1011 1393/1201/1012 1381/1189/1000
f 1383/1190/1001 1395/1202/1013 1394/1200/1011 1382/1188/999
f 1384/1191/1002 1396/1203/1014 1395/1202/1013 1383/1190/1001
f 1385/1192/1003 1397/1204/1015 1396/1203/1014 1384/1191/1002
f 1386/1193/1004 1398/1205/1016 1397/1204/1015 1385/1192/1003
f 1387/1194/1005 1399/1206/1017 1398/1205/1016 1386/1193/1004
f 1388/1195/1006 1400/1207/1018 1399/1206/1017 1387/1194/1005
f 1389/1196/1007 1401/1208/1019 1400/1207/1018 1388/1195/1006
f 1390/1197/1008 1402/1209/1020 1401/1208/1019 1389/1196/1007
f 1391/1198/1009 1403/1210/1021 1402/1209/1020 1390/1197/1008
f 1392/1199/1010 1404/1211/1022 1403/1210/1021 1391/1198/1009
f 1394/1200/1011 1406/1212/1023 1405/1213/1024 1393/1201/1012
f 1395/1202/1013 1407/1214/1025 1406/1212/1023 1394/1200/1011
f 1396/1203/1014 1408/1215/1026 1407/1214/1025 1395/1202/1013
f 1397/1204/1015 1409/1216/1027 1408/1215/1026 1396/1203/1014
f 1398/1205/1016 1410/1217/1028 1409/1216/1027 1397/1204/1015
f 1399/1206/1017 1411/1218/1029 1410/1217/1028 1398/1205/1016
f 1400/1207/1018 1412/1219/1030 1411/1218/1029 1399/1206/1017
f 1401/1208/1019 1413/1220/1031 1412/1219/1030 1400/1207/1018
f 1402/1209/1020 1414/1221/1032 1413/1220/1031 1401/1208/1019
f 1403/1210/1021 1415/1222/1033 1414/1221/1032 1402/1209/1020
f 1404/1211/1022 1416/1223/1034 1415/1222/1033 1403/1210/1021
f 1406/1212/1023 1418/1224/1035 1417/1225/1036 1405/1213/1024
f 1407/1214/1025 1419/1226/1037 1418/1224/1035 1406/1212/1023
f 1408/1215/1026 1420/1227/1038 1419/1226/1037 1407/1214/1025
f 1409/1216/1027 1421/1228/1039 1420/1227/1038 1408/1215/1026
f 1410/1217/1028 1422/1229/1040 1421/1228/1039 1409/1216/1027
f 1411/1218/1029 1423/1230/1041 1422/1229/1040 1410/1217/1028
f 1412/1219/1030 1424/1231/1042 1423/1230/1041 1411/1218/1029
f 1413/1220/1031 1425/1232/1043 1424/1231/1042 1412/1219/1030
f 1414/1221/1032 1426/1233/1044 1425/1232/1043 1413/1220/1031
f 1415/1222/1033 1427/1234/1045 1426/1233/1044 1414/1221/1032
f 1416/1223/1034 1428/1235/1046 1427/1234/1045 1415/1222/1033
f 1418/1224/1035 1430/1236/1047 1429/1237/1048 1417/1225/1036
f 1419/1226/1037 1431/1238/1049 1430/1236/1047 1418/1224/1035
f 1420/1227/1038 1432/1239/1050 1431/1238/1049 1419/1226/1037
f 1421/1228/1039 1433/1240/1051 1432/1239/1050 1420/1227/1038
f 1422/1229/1040 1434/1241/1052 1433/1240/1051 1421/1228/1039
f 1423/1230/1041 1435/1242/1053 1434/1241/1052 1422/1229/1040
f 1424/1231/1042 1436/1243/1054 1435/1242/1053 1423/1230/1041
f 1425/1232/1043 1437/1244/1055 1436/1243/1054 1424/1231/1042
f 1426/1233/1044 1438/1245/1056 1437/1244/1055 1425/1232/1043
f 1427/1234/1045 1439/1246/1057 1438/1245/1056 1426/1233/1044
f 1428/1235/1046 1440/1247/1058 1439/1246/1057 1427/1234/1045
f 1430/1236/1047 1442/1248/1059 1441/1249/1060 1429/1237/1048
f 1431/1238/1049 1443/1250/1061 1442/1248/1059 1430/1236/1047
f 1432/1239/1050 1444/1251/1062 1443/1250/1061 1431/1238/1049
f 1433/1240/1051 1445/1252/1063 1444/1251/1062 1432/1239/1050
f 1434/1241/1052 1446/1253/1064 1445/1252/1063 1433/1240/1051
f 1435/1242/1053 1447/1254/1065 1446/1253/1064 1434/1241/1052
f 1436/1243/1054 1448/1255/1066 1447/1254/1065 1435/1242/1053
f 1437/1244/1055 1449/1256/1067 1448/1255/1066 1436/1243/1054
f 1438/1245/1056 1450/1257/1068 1449/1256/1067 1437/1244/1055
f 1439/1246/1057 1451/1258/1069 1450/1257/1068 1438/1245/1056
f 1440/1247/1058 1452/1259/1070 1451/1258/1069 1439/1246/1057
f 1442/1248/1059 1454/1260/1071 1453/1261/1072 1441/1249/1060
f 1443/1250/1061 1455/1262/1073 1454/1260/1071 1442/1248/1059
f 1444/1251/1062 1456/1263/1074 1455/1262/1073 1443/1250/1061
f 1445/1252/1063 1457/1264/1075 1456/1263/1074 1444/1251/1062
f 1446/1253/1064 1458/1265/1076 1457/1264/1075 1445/1252/1063
f 1447/1254/1065 1459/1266/1077 1458/1265/1076 1446/1253/1064
f 1448/1255/1066 1460/1267/1078 1459/1266/1077 1447/1254/1065
f 1449/1256/1067 1461/1268/1079 1460/1267/1078 1448/1255/1066
f 1450/1257/1068 1462/1269/1080 1461/1268/1079 1449/1256/1067
f 1451/1258/1069 1463/1270/1081 1462/1269/1080 1450/1257/1068
f 1452/1259/1070 1464/1271/1082 1463/1270/1081 1451/1258/1069
f 1454/1260/1071 1466/1272/1083 1465/1273/1084 1453/1261/1072
f 1455/1262/1073 1467/1274/1085 1466/1272/1083 1454/1260/1071
f 1456/1263/1074 1468/1275/1086 1467/1274/1085 1455/1262/1073
f 1457/1264/1075 1469/1276/1087 1468/1275/1086 1456/1263/1074
f 1458/1265/1076 1470/1277/1088 1469/1276/1087 1457/1264/1075
f 1459/1266/1077 1471/1278/1089 1470/1277/1088 1458/1265/1076
f 1460/1267/1078 1472/1279/1090 1471/1278/1089 1459/1266/1077
f 1461/1268/1079 1473/1280/1091 1472/1279/1090 1460/1267/1078
f 1462/1269/1080 1474/1281/1092 1473/1280/1091 1461/1268/1079
f 1463/1270/1081 1475/1282/1093 1474/1281/1092 1462/1269/1080
f 1464/1271/1082 1476/1283/1094 1475/1282/1093 1463/1270/1081
f 1466/1272/1083 1478/1284/1095 1477/1285/1096 1465/1273/1084
f 1467/1274/1085 1479/1286/1097 1478/1284/1095 1466/1272/1083
f 1468/1275/1086 1480/1287/1098 1479/1286/1097 1467/1274/1085
f 1469/1276/1087 1481/1288/1099 1480/1287/1098 1468/1275/1086
f 1470/1277/1088 1482/1289/1100 1481/1288/1099 1469/1276/1087
f 1471/1278/1089 1483/1290/1101 1482/1289/1100 1470/1277/1088
f 1472/1279/1090 1484/1291/1102 1483/1290/1101 1471/1278/1089
f 1473/1280/1091 1485/1292/1103 1484/1291/1102 1472/1279/1090
f 1474/1281/1092 1486/1293/1104 1485/1292/1103 1473/1280/1091
f 1475/1282/1093 1487/1294/1105 1486/1293/1104 1474/1281/1092
f 1476/1283/1094 1488/1295/1106 1487/1294/1105 1475/1282/1093
f 1478/1284/1095 1490/1296/1107 1489/1297/1108 1477/1285/1096
f 1479/1286/1097 1491/1298/1109 1490/1296/1107 1478/1284/1095
f 1480/1287/1098 1492/1299/1110 1491/1298/1109 1479/1286/1097
f 1481/1288/1099 1493/1300/1111 1492/1299/1110 1480/1287/1098
f 1482/1289/1100 1494/1301/1112 1493/1300/1111 1481/1288/1099
f 1483/1290/1101 1495/1302/1113 1494/1301/1112 1482/1289/1100
f 1484/1291/1102 1496/1303/1114 1495/1302/1113 1483/1290/1101
f 1485/1292/1103 1497/1304/1115 1496/1303/1114 1484/1291/1102
f 1486/1293/1104 1498/1305/1116 1497/1304/1115 1485/1292/1103
f 1487/1294/1105 1499/1306/1117 1498/1305/1116 1486/1293/1104
f 1488/1295/1106 1500/1307/1118 1499/1306/1117 1487/1294/1105
f 1490/1296/1107 1502/1308/1119 1501/1309/1120 1489/1297/1108
f 1491/1298/1109 1503/1310/1121 1502/1308/1119 1490/1296/1107
f 1492/1299/1110 1504/1311/1122 1503/1310/1121 1491/1298/1109
f 1493/1300/1111 1505/1312/1123 1504/1311/1122 1492/1299/1110
f 1494/1301/1112 1506/1313/1124 1505/1312/1123 1493/1300/1111
f 1495/1302/1113 1507/1314/1125 1506/1313/1124 1494/1301/1112
f 1496/1303/1114 1508/1315/1126 1507/1314/1125 1495/1302/1113
f 1497/1304/1115 1509/1316/1127 1508/1315/1126 1496/1303/1114
f 1498/1305/1116 1510/1317/1128 1509/1316/1127 1497/1304/1115
f 1499/1306/1117 1511/1318/1129 1510/1317/1128 1498/1305/1116
f 1500/1307/1118 1512/1319/1130 1511/1318/1129 1499/1306/1117
f 1502/1308/1119 1514/1320/1131 1513/1321/1132 1501/1309/1120
f 1503/1310/1121 1515/1322/1133 1514/1320/1131 1502/1308/1119
f 1504/1311/1122 1516/1323/1134 1515/1322/1133 1503/1310/1121
f 1505/1312/1123 1517/1324/1135 1516/1323/1134 1504/1311/1122
f 1506/1313/1124 1518/1325/1136 1517/1324/1135 1505/1312/1123
f 1507/1314/1125 1519/1326/1137 1518/1325/1136 1506/1313/1124
f 1508/1315/1126 1520/1327/1138 1519/1326/1137 1507/1314/1125
f 1509/1316/1127 1521/1328/1139 1520/1327/1138 1508/1315/1126
f 1510/1317/1128 1522/1329/1140 1521/1328/1139 1509/1316/1127
f 1511/1318/1129 1523/1330/1141 1522/1329/1140 1510/1317/1128
f 1512/1319/1130 1524/1331/1142 1523/1330/1141 1511/1318/1129
f 1514/1320/1131 1526/1332/1143 1525/1333/1144 1513/1321/1132
f 1515/1322/1133 1527/1334/1145 1526/1332/1143 1514/1320/1131
f 1516/1323/1134 1528/1335/1146 1527/1334/1145 1515/1322/1133
f 1517/1324/1135 1529/1336/1147 1528/1335/1146 1516/1323/1134
f 1518/1325/1136 1530/1337/1148 1529/1336/1147 1517/1324/1135
f 1519/1326/1137 1531/1338/1149 1530/1337/1148 1518/1325/1136
f 1520/1327/1138 1532/1339/1150 1531/1338/1149 1519/1326/1137
f 1521/1328/1139 1533/1340/1151 1532/1339/1150 1520/1327/1138
f 1522/1329/1140 1534/1341/1152 1533/1340/1151 1521/1328/1139
f 1523/1330/1141 1535/1342/1153 1534/1341/1152 1522/1329/1140
f 1524/1331/1142 1536/1343/1154 1535/1342/1153 1523/1330/1141
f 1526/1332/1143 386/1344/3 385/106/6 1525/1333/1144
f 1527/1334/1145 387/1345/7 386/1344/3 1526/1332/1143
f 1528/1335/1146 388/1346/9 387/1345/7 1527/1334/1145
f 1529/1336/1147 389/1347/11 388/1346/9 1528/1335/1146
f 1530/1337/1148 390/1348/13 389/1347/11 1529/1336/1147
f 1531/1338/1149 391/1349/15 390/1348/13 1530/1337/1148
f 1532/1339/1150 392/1350/17 391/1349/15 1531/1338/1149
f 1533/1340/1151 393/1351/19 392/1350/17 1532/1339/1150
f 1534/1341/1152 394/1352/21 393/1351/19 1533/1340/1151
f 1535/1342/1153 395/1353/23 394/1352/21 1534/1341/1152
f 1536/1343/1154 396/1354/25 395/1353/23 1535/1342/1153
f 1538/193/1155 1550/216/1156 1549/217/1157 1537/190/1158
f 1539/196/1159 1551/218/1160 1550/216/1156 1538/193/1155
f 1540/198/1161 1552/219/1162 1551/218/1160 1539/196/1159
f 1541/200/1163 1553/220/1164 1552/219/1162 1540/198/1161
f 1542/202/1165 1554/221/1166 1553/220/1164 1541/200/1163
f 1543/204/1167 1555/222/1168 1554/221/1166 1542/202/1165
f 1544/206/1169 1556/223/1170 1555/222/1168 1543/204/1167
f 1545/208/1171 1557/224/1172 1556/223/1170 1544/206/1169
f 1546/210/1173 1558/225/1174 1557/224/1172 1545/208/1171
f 1547/212/1175 1559/226/1176 1558/225/1174 1546/210/1173
f 1548/214/1177 1560/227/1178 1559/226/1176 1547/212/1175
f 1550/216/1156 1562/240/1179 1561/241/1180 1549/217/1157
f 1551/218/1160 1563/242/1181 1562/240/1179 1550/216/1156
f 1552/219/1162 1564/243/1182 1563/242/1181 1551/218/1160
f 1553/220/1164 1565/244/1183 1564/243/1182 1552/219/1162
f 1554/221/1166 1566/245/1184 1565/244/1183 1553/220/1164
f 1555/222/1168 1567/246/1185 1566/245/1184 1554/221/1166
f 1556/223/1170 1568/247/1186 1567/246/1185 1555/222/1168
f 1557/224/1172 1569/248/1187 1568/247/1186 1556/223/1170
f 1558/225/1174 1570/249/1188 1569/248/1187 1557/224/1172
f 1559/226/1176 1571/250/1189 1570/249/1188 1558/225/1174
f 1560/227/1178 1572/251/1190 1571/250/1189 1559/226/1176
f 1562/240/1179 1574/264/1191 1573/265/1192 1561/241/1180
f 1563/242/1181 1575/266/1193 1574/264/1191 1562/240/1179
f 1564/243/1182 1576/267/1194 1575/266/1193 1563/242/1181
f 1565/244/1183 1577/268/1195 1576/267/1194 1564/243/1182
f 1566/245/1184 1578/269/1196 1577/268/1195 1565/244/1183
f 1567/246/1185 1579/270/1197 1578/269/1196 1566/245/1184
f 1568/247/1186 1580/271/1198 1579/270/1197 1567/246/1185
f 1569/248/1187 1581/272/1199 1580/271/1198 1568/247/1186
f 1570/249/1188 1582/273/1200 1581/272/1199 1569/248/1187
f 1571/250/1189 1583/274/1201 1582/273/1200 1570/249/1188
f 1572/251/1190 1584/275/1202 1583/274/1201 1571/250/1189
f 1574/264/1191 1586/288/1203 1585/289/1204 1573/265/1192
f 1575/266/1193 1587/290/1205 1586/288/1203 1574/264/1191
f 1576/267/1194 1588/291/1206 1587/290/1205 1575/266/1193
f 1577/268/1195 1589/292/1207 1588/291/1206 1576/267/1194
f 1578/269/1196 1590/293/1208 1589/292/1207 1577/268/1195
f 1579/270/1197 1591/294/1209 1590/293/1208 1578/269/1196
f 1580/271/1198 1592/295/1210 1591/294/1209 1579/270/1197
f 1581/272/1199 1593/296/1211 1592/295/1210 1580/271/1198
f 1582/273/1200 1594/297/1212 1593/296/1211 1581/272/1199
f 1583/274/1201 1595/298/1213 1594/297/1212 1582/273/1200
f 1584/275/1202 1596/299/1214 1595/298/1213 1583/274/1201
f 1586/288/1203 1598/312/1215 1597/313/1216 1585/289/1204
f 1587/290/1205 1599/314/1217 1598/312/1215 1586/288/1203
f 1588/291/1206 1600/315/1218 1599/314/1217 1587/290/1205
f 1589/292/1207 1601/316/1219 1600/315/1218 1588/291/1206
f 1590/293/1208 1602/317/1220 1601/316/1219 1589/292/1207
f 1591/294/1209 1603/318/1221 1602/317/1220 1590/293/1208
f 1592/295/1210 1604/319/1222 1603/318/1221 1591/294/1209
f 1593/296/1211 1605/320/1223 1604/319/1222 1592/295/1210
f 1594/297/1212 1606/321/1224 1605/320/1223 1593/296/1211
f 1595/298/1213 1607/322/1225 1606/321/1224 1594/297/1212
f 1596/299/1214 1608/323/1226 1607/322/1225 1595/298/1213
f 1598/312/1215 1610/336/1227 1609/337/1228 1597/313/1216
f 1599/314/1217 1611/338/1229 1610/336/1227 1598/312/1215
f 1600/315/1218 1612/339/1230 1611/338/1229 1599/314/1217
f 1601/316/1219 1613/340/1231 1612/339/1230 1600/315/1218
f 1602/317/1220 1614/341/1232 1613/340/1231 1601/316/1219
f 1603/318/1221 1615/342/1233 1614/341/1232 1602/317/1220
f 1604/319/1222 1616/343/1234 1615/342/1233 1603/318/1221
f 1605/320/1223 1617/344/1235 1616/343/1234 1604/319/1222
f 1606/321/1224 1618/345/1236 1617/344/1235 1605/320/1223
f 1607/322/1225 1619/346/1237 1618/345/1236 1606/321/1224
f 1608/323/1226 1620/347/1238 1619/346/1237 1607/322/1225
f 1610/336/1227 1622/360/1239 1621/361/1240 1609/337/1228
f 1611/338/1229 1623/362/1241 1622/360/1239 1610/336/1227
f 1612/339/1230 1624/363/1242 1623/362/1241 1611/338/1229
f 1613/340/1231 1625/364/1243 1624/363/1242 1612/339/1230
f 1614/341/1232 1626/365/1244 1625/364/1243 1613/340/1231
f 1615/342/1233 1627/366/1245 1626/365/1244 1614/341/1232
f 1616/343/1234 1628/367/1246 1627/366/1245 1615/342/1233
f 1617/344/1235 1629/368/1247 1628/367/1246 1616/343/1234
f 1618/345/1236 1630/369/1248 1629/368/1247 1617/344/1235
f 1619/346/1237 1631/370/1249 1630/369/1248 1618/345/1236
f 1620/347/1238 1632/371/1250 1631/370/1249 1619/346/1237
f 1622/360/1239 1634/384/1251 1633/385/1252 1621/361/1240
f 1623/362/1241 1635/386/1253 1634/384/1251 1622/360/1239
f 1624/363/1242 1636/387/1254 1635/386/1253 1623/362/1241
f 1625/364/1243 1637/388/1255 1636/387/1254 1624/363/1242
f 1626/365/1244 1638/389/1256 1637/388/1255 1625/364/1243
f 1627/366/1245 1639/390/1257 1638/389/1256 1626/365/1244
f 1628/367/1246 1640/391/1258 1639/390/1257 1627/366/1245
f 1629/368/1247 1641/392/1259 1640/391/1258 1628/367/1246
f 1630/369/1248 1642/393/1260 1641/392/1259 1629/368/1247
f 1631/370/1249 1643/394/1261 1642/393/1260 1630/369/1248
f 1632/371/1250 1644/395/1262 1643/394/1261 1631/370/1249
f 1634/384/1251 1646/408/1263 1645/409/1264 1633/385/1252
f 1635/386/1253 1647/410/1265 1646/408/1263 1634/384/1251
f 1636/387/1254 1648/411/1266 1647/410/1265 1635/386/1253
f 1637/388/1255 1649/412/1267 1648/411/1266 1636/387/1254
f 1638/389/1256 1650/413/1268 1649/412/1267 1637/388/1255
f 1639/390/1257 1651/414/1269 1650/413/1268 1638/389/1256
f 1640/391/1258 1652/415/1270 1651/414/1269 1639/390/1257
f 1641/392/1259 1653/416/1271 1652/415/1270 1640/391/1258
f 1642/393/1260 1654/417/1272 1653/416/1271 1641/392/1259
f 1643/394/1261 1655/418/1273 1654/417/1272 1642/393/1260
f 1644/395/1262 1656/419/1274 1655/418/1273 1643/394/1261
f 1646/408/1263 1658/432/1275 1657/433/1276 1645/409/1264
f 1647/410/1265 1659/434/1277 1658/432/1275 1646/408/1263
f 1648/411/1266 1660/435/1278 1659/434/1277 1647/410/1265
f 1649/412/1267 1661/436/1279 1660/435/1278 1648/411/1266
f 1650/413/1268 1662/437/1280 1661/436/1279 1649/412/1267
f 1651/414/1269 1663/438/1281 1662/437/1280 1650/413/1268
f 1652/415/1270 1664/439/1282 1663/438/1281 1651/414/1269
f 1653/416/1271 1665/440/1283 1664/439/1282 1652/415/1270
f 1654/417/1272 1666/441/1284 1665/440/1283 1653/416/1271
f 1655/418/1273 1667/442/1285 1666/441/1284 1654/417/1272
f 1656/419/1274 1668/443/1286 1667/442/1285 1655/418/1273
f 1658/432/1275 1670/456/1287 1669/457/1288 1657/433/1276
f 1659/434/1277 1671/458/1289 1670/456/1287 1658/432/1275
f 1660/435/1278 1672/459/1290 1671/458/1289 1659/434/1277
f 1661/436/1279 1673/460/1291 1672/459/1290 1660/435/1278
f 1662/437/1280 1674/461/1292 1673/460/1291 1661/436/1279
f 1663/438/1281 1675/462/1293 1674/461/1292 1662/437/1280
f 1664/439/1282 1676/463/1294 1675/462/1293 1663/438/1281
f 1665/440/1283 1677/464/1295 1676/463/1294 1664/439/1282
f 1666/441/1284 1678/465/1296 1677/464/1295 1665/440/1283
f 1667/442/1285 1679/466/1297 1678/465/1296 1666/441/1284
f 1668/443/1286 1680/467/1298 1679/466/1297 1667/442/1285
f 1670/456/1287 1682/480/1299 1681/481/1300 1669/457/1288
f 1671/458/1289 1683/482/1301 1682/480/1299 1670/456/1287
f 1672/459/1290 1684/483/1302 1683/482/1301 1671/458/1289
f 1673/460/1291 1685/484/1303 1684/483/1302 1672/459/1290
f 1674/461/1292 1686/485/1304 1685/484/1303 1673/460/1291
f 1675/462/1293 1687/486/1305 1686/485/1304 1674/461/1292
f 1676/463/1294 1688/487/1306 1687/486/1305 1675/462/1293
f 1677/464/1295 1689/488/1307 1688/487/1306 1676/463/1294
f 1678/465/1296 1690/489/1308 1689/488/1307 1677/464/1295
f 1679/466/1297 1691/490/1309 1690/489/1308 1678/465/1296
f 1680/467/1298 1692/491/1310 1691/490/1309 1679/466/1297
f 1682/480/1299 1694/504/1311 1693/505/1312 1681/481/1300
f 1683/482/1301 1695/506/1313 1694/504/1311 1682/480/1299
f 1684/483/1302 1696/507/1314 1695/506/1313 1683/482/1301
f 1685/484/1303 1697/508/1315 1696/507/1314 1684/483/1302
f 1686/485/1304 1698/509/1316 1697/508/1315 1685/484/1303
f 1687/486/1305 1699/510/1317 1698/509/1316 1686/485/1304
f 1688/487/1306 1700/511/1318 1699/510/1317 1687/486/1305
f 1689/488/1307 1701/512/1319 1700/511/1318 1688/487/1306
f 1690/489/1308 1702/513/1320 1701/512/1319 1689/488/1307
f 1691/490/1309 1703/514/1321 1702/513/1320 1690/489/1308
f 1692/491/1310 1704/515/1322 1703/514/1321 1691/490/1309
f 1694/504/1311 1706/528/1323 1705/529/1324 1693/505/1312
f 1695/506/1313 1707/530/1325 1706/528/1323 1694/504/1311
f 1696/507/1314 1708/531/1326 1707/530/1325 1695/506/1313
f 1697/508/1315 1709/532/1327 1708/531/1326 1696/507/1314
f 1698/509/1316 1710/533/1328 1709/532/1327 1697/508/1315
f 1699/510/1317 1711/534/1329 1710/533/1328 1698/509/1316
f 1700/511/1318 1712/535/1330 1711/534/1329 1699/510/1317
f 1701/512/1319 1713/536/1331 1712/535/1330 1700/511/1318
f 1702/513/1320 1714/537/1332 1713/536/1331 1701/512/1319
f 1703/514/1321 1715/538/1333 1714/537/1332 1702/513/1320
f 1704/515/1322 1716/539/1334 1715/538/1333 1703/514/1321
f 1706/528/1323 1718/552/1335 1717/553/1336 1705/529/1324
f 1707/530/1325 1719/554/1337 1718/552/1335 1706/528/1323
f 1708/531/1326 1720/555/1338 1719/554/1337 1707/530/1325
f 1709/532/1327 1721/556/1339 1720/555/1338 1708/531/1326
f 1710/533/1328 1722/557/1340 1721/556/1339 1709/532/1327
f 1711/534/1329 1723/558/1341 1722/557/1340 1710/533/1328
f 1712/535/1330 1724/559/1342 1723/558/1341 1711/534/1329
f 1713/536/1331 1725/560/1343 1724/559/1342 1712/535/1330
f 1714/537/1332 1726/561/1344 1725/560/1343 1713/536/1331
f 1715/538/1333 1727/562/1345 1726/561/1344 1714/537/1332
f 1716/539/1334 1728/563/1346 1727/562/1345 1715/538/1333
f 1718/552/1335 1730/576/1347 1729/577/1348 1717/553/1336
f 1719/554/1337 1731/578/1349 1730/576/1347 1718/552/1335
f 1720/555/1338 1732/579/1350 1731/578/1349 1719/554/1337
f 1721/556/1339 1733/580/1351 1732/579/1350 1720/555/1338
f 1722/557/1340 1734/581/1352 1733/580/1351 1721/556/1339
f 1723/558/1341 1735/582/1353 1734/581/1352 1722/557/1340
f 1724/559/1342 1736/583/1354 1735/582/1353 1723/558/1341
f 1725/560/1343 1737/584/1355 1736/583/1354 1724/559/1342
f 1726/561/1344 1738/585/1356 1737/584/1355 1725/560/1343
f 1727/562/1345 1739/586/1357 1738/585/1356 1726/561/1344
f 1728/563/1346 1740/587/1358 1739/586/1357 1727/562/1345
f 1730/576/1347 1742/600/1359 1741/601/1360 1729/577/1348
f 1731/578/1349 1743/602/1361 1742/600/1359 1730/576/1347
f 1732/579/1350 1744/603/1362 1743/602/1361 1731/578/1349
f 1733/580/1351 1745/604/1363 1744/603/1362 1732/579/1350
f 1734/581/1352 1746/605/1364 1745/604/1363 1733/580/1351
f 1735/582/1353 1747/606/1365 1746/605/1364 1734/581/1352
f 1736/583/1354 1748/607/1366 1747/606/1365 1735/582/1353
f 1737/584/1355 1749/608/1367 1748/607/1366 1736/583/1354
f 1738/585/1356 1750/609/1368 1749/608/1367 1737/584/1355
f 1739/586/1357 1751/610/1369 1750/609/1368 1738/585/1356
f 1740/587/1358 1752/611/1370 1751/610/1369 1739/586/1357
f 1742/600/1359 1754/624/1371 1753/625/1372 1741/601/1360
f 1743/602/1361 1755/626/1373 1754/624/1371 1742/600/1359
f 1744/603/1362 1756/627/1374 1755/626/1373 1743/602/1361
f 1745/604/1363 1757/628/1375 1756/627/1374 1744/603/1362
f 1746/605/1364 1758/629/1376 1757/628/1375 1745/604/1363
f 1747/606/1365 1759/630/1377 1758/629/1376 1746/605/1364
f 1748/607/1366 1760/631/1378 1759/630/1377 1747/606/1365
f 1749/608/1367 1761/632/1379 1760/631/1378 1748/607/1366
f 1750/609/1368 1762/633/1380 1761/632/1379 1749/608/1367
f 1751/610/1369 1763/634/1381 1762/633/1380 1750/609/1368
f 1752/611/1370 1764/635/1382 1763/634/1381 1751/610/1369
f 1754/624/1371 1766/648/1383 1765/649/1384 1753/625/1372
f 1755/626/1373 1767/650/1385 1766/648/1383 1754/624/1371
f 1756/627/1374 1768/651/1386 1767/650/1385 1755/626/1373
f 1757/628/1375 1769/652/1387 1768/651/1386 1756/627/1374
f 1758/629/1376 1770/653/1388 1769/652/1387 1757/628/1375
f 1759/630/1377 1771/654/1389 1770/653/1388 1758/629/1376
f 1760/631/1378 1772/655/1390 1771/654/1389 1759/630/1377
f 1761/632/1379 1773/656/1391 1772/655/1390 1760/631/1378
f 1762/633/1380 1774/657/1392 1773/656/1391 1761/632/1379
f 1763/634/1381 1775/658/1393 1774/657/1392 1762/633/1380
f 1764/635/1382 1776/659/1394 1775/658/1393 1763/634/1381
f 1766/648/1383 1778/672/1395 1777/673/1396 1765/649/1384
f 1767/650/1385 1779/674/1397 1778/672/1395 1766/648/1383
f 1768/651/1386 1780/675/1398 1779/674/1397 1767/650/1385
f 1769/652/1387 1781/676/1399 1780/675/1398 1768/651/1386
f 1770/653/1388 1782/677/1400 1781/676/1399 1769/652/1387
f 1771/654/1389 1783/678/1401 1782/677/1400 1770/653/1388
f 1772/655/1390 1784/679/1402 1783/678/1401 1771/654/1389
f 1773/656/1391 1785/680/1403 1784/679/1402 1772/655/1390
f 1774/657/1392 1786/681/1404 1785/680/1403 1773/656/1391
f 1775/658/1393 1787/682/1405 1786/681/1404 1774/657/1392
f 1776/659/1394 1788/683/1406 1787/682/1405 1775/658/1393
f 1778/672/1395 1790/696/1407 1789/697/1408 1777/673/1396
f 1779/674/1397 1791/698/1409 1790/696/1407 1778/672/1395
f 1780/675/1398 1792/699/1410 1791/698/1409 1779/674/1397
f 1781/676/1399 1793/700/1411 1792/699/1410 1780/675/1398
f 1782/677/1400 1794/701/1412 1793/700/1411 1781/676/1399
f 1783/678/1401 1795/702/1413 1794/701/1412 1782/677/1400
f 1784/679/1402 1796/703/1414 1795/702/1413 1783/678/1401
f 1785/680/1403 1797/704/1415 1796/703/1414 1784/679/1402
f 1786/681/1404 1798/705/1416 1797/704/1415 1785/680/1403
f 1787/682/1405 1799/706/1417 1798/705/1416 1786/681/1404
f 1788/683/1406 1800/707/1418 1799/706/1417 1787/682/1405
f 1790/696/1407 1802/720/1419 1801/721/1420 1789/697/1408
f 1791/698/1409 1803/722/1421 1802/720/1419 1790/696/1407
f 1792/699/1410 1804/723/1422 1803/722/1421 1791/698/1409
f 1793/700/1411 1805/724/1423 1804/723/1422 1792/699/1410
f 1794/701/1412 1806/725/1424 1805/724/1423 1793/700/1411
f 1795/702/1413 1807/726/1425 1806/725/1424 1794/701/1412
f 1796/703/1414 1808/727/1426 1807/726/1425 1795/702/1413
f 1797/704/1415 1809/728/1427 1808/727/1426 1796/703/1414
f 1798/705/1416 1810/729/1428 1809/728/1427 1797/704/1415
f 1799/706/1417 1811/730/1429 1810/729/1428 1798/705/1416
f 1800/707/1418 1812/731/1430 1811/730/1429 1799/706/1417
f 1802/720/1419 1814/744/1431 1813/745/568 1801/721/1420
f 1803/722/1421 1815/746/1432 1814/744/1431 1802/720/1419
f 1804/723/1422 1816/747/1433 1815/746/1432 1803/722/1421
f 1805/724/1423 1817/748/1434 1816/747/1433 1804/723/1422
f 1806/725/1424 1818/749/1435 1817/748/1434 1805/724/1423
f 1807/726/1425 1819/750/1436 1818/749/1435 1806/725/1424
f 1808/727/1426 1820/751/1437 1819/750/1436 1807/726/1425
f 1809/728/1427 1821/752/1438 1820/751/1437 1808/727/1426
f 1810/729/1428 1822/753/1439 1821/752/1438 1809/728/1427
f 1811/730/1429 1823/754/1440 1822/753/1439 1810/729/1428
f 1812/731/1430 1824/755/578 1823/754/1440 1811/730/1429
f 1814/744/1431 1826/768/1441 1825/769/1442 1813/745/568
f 1815/746/1432 1827/770/1443 1826/768/1441 1814/744/1431
f 1816/747/1433 1828/771/1444 1827/770/1443 1815/746/1432
f 1817/748/1434 1829/772/1445 1828/771/1444 1816/747/1433
f 1818/749/1435 1830/773/1446 1829/772/1445 1817/748/1434
f 1819/750/1436 1831/774/1447 1830/773/1446 1818/749/1435
f 1820/751/1437 1832/775/1448 1831/774/1447 1819/750/1436
f 1821/752/1438 1833/776/1449 1832/775/1448 1820/751/1437
f 1822/753/1439 1834/777/1450 1833/776/1449 1821/752/1438
f 1823/754/1440 1835/778/1451 1834/777/1450 1822/753/1439
f 1824/755/578 1836/779/1452 1835/778/1451 1823/754/1440
f 1826/768/1441 1838/792/1453 1837/793/1454 1825/769/1442
f 1827/770/1443 1839/794/1455 1838/792/1453 1826/768/1441
f 1828/771/1444 1840/795/1456 1839/794/1455 1827/770/1443
f 1829/772/1445 1841/796/1457 1840/795/1456 1828/771/1444
f 1830/773/1446 1842/797/1458 1841/796/1457 1829/772/1445
f 1831/774/1447 1843/798/1459 1842/797/1458 1830/773/1446
f 1832/775/1448 1844/799/1460 1843/798/1459 1831/774/1447
f 1833/776/1449 1845/800/1461 1844/799/1460 1832/775/1448
f 1834/777/1450 1846/801/1462 1845/800/1461 1833/776/1449
f 1835/778/1451 1847/802/1463 1846/801/1462 1834/777/1450
f 1836/779/1452 1848/803/1464 1847/802/1463 1835/778/1451
f 1838/792/1453 1850/816/1465 1849/817/1466 1837/793/1454
f 1839/794/1455 1851/818/1467 1850/816/1465 1838/792/1453
f 1840/795/1456 1852/819/1468 1851/818/1467 1839/794/1455
f 1841/796/1457 1853/820/1469 1852/819/1468 1840/795/1456
f 1842/797/1458 1854/821/1470 1853/820/1469 1841/796/1457
f 1843/798/1459 1855/822/1471 1854/821/1470 1842/797/1458
f 1844/799/1460 1856/823/1472 1855/822/1471 1843/798/1459
f 1845/800/1461 1857/824/1473 1856/823/1472 1844/799/1460
f 1846/801/1462 1858/825/1474 1857/824/1473 1845/800/1461
f 1847/802/1463 1859/826/1475 1858/825/1474 1846/801/1462
f 1848/803/1464 1860/827/1476 1859/826/1475 1847/802/1463
f 1850/816/1465 1862/840/1477 1861/841/1478 1849/817/1466
f 1851/818/1467 1863/842/1479 1862/840/1477 1850/816/1465
f 1852/819/1468 1864/843/1480 1863/842/1479 1851/818/1467
f 1853/820/1469 1865/844/1481 1864/843/1480 1852/819/1468
f 1854/821/1470 1866/845/1482 1865/844/1481 1853/820/1469
f 1855/822/1471 1867/846/1483 1866/845/1482 1854/821/1470
f 1856/823/1472 1868/847/1484 1867/846/1483 1855/822/1471
f 1857/824/1473 1869/848/1485 1868/847/1484 1856/823/1472
f 1858/825/1474 1870/849/1486 1869/848/1485 1857/824/1473
f 1859/826/1475 1871/850/1487 1870/849/1486 1858/825/1474
f 1860/827/1476 1872/851/1488 1871/850/1487 1859/826/1475
f 1862/840/1477 1874/864/1489 1873/865/1490 1861/841/1478
f 1863/842/1479 1875/866/1491 1874/864/1489 1862/840/1477
f 1864/843/1480 1876/867/1492 1875/866/1491 1863/842/1479
f 1865/844/1481 1877/868/1493 1876/867/1492 1864/843/1480
f 1866/845/1482 1878/869/1494 1877/868/1493 1865/844/1481
f 1867/846/1483 1879/870/1495 1878/869/1494 1866/845/1482
f 1868/847/1484 1880/871/1496 1879/870/1495 1867/846/1483
f 1869/848/1485 1881/872/1497 1880/871/1496 1868/847/1484
f 1870/849/1486 1882/873/1498 1881/872/1497 1869/848/1485
f 1871/850/1487 1883/874/1499 1882/873/1498 1870/849/1486
f 1872/851/1488 1884/875/1500 1883/874/1499 1871/850/1487
f 1874/864/1489 1886/888/1501 1885/889/1502 1873/865/1490
f 1875/866/1491 1887/890/1503 1886/888/1501 1874/864/1489
f 1876/867/1492 1888/891/1504 1887/890/1503 1875/866/1491
f 1877/868/1493 1889/892/1505 1888/891/1504 1876/867/1492
f 1878/869/1494 1890/893/1506 1889/892/1505 1877/868/1493
f 1879/870/1495 1891/894/1507 1890/893/1506 1878/869/1494
f 1880/871/1496 1892/895/1508 1891/894/1507 1879/870/1495
f 1881/872/1497 1893/896/1509 1892/895/1508 1880/871/1496
f 1882/873/1498 1894/897/1510 1893/896/1509 1881/872/1497
f 1883/874/1499 1895/898/1511 1894/897/1510 1882/873/1498
f 1884/875/1500 1896/899/1512 1895/898/1511 1883/874/1499
f 1886/888/1501 1898/912/1513 1897/913/1514 1885/889/1502
f 1887/890/1503 1899/914/1515 1898/912/1513 1886/888/1501
f 1888/891/1504 1900/915/1516 1899/914/1515 1887/890/1503
f 1889/892/1505 1901/916/1517 1900/915/1516 1888/891/1504
f 1890/893/1506 1902/917/1518 1901/916/1517 1889/892/1505
f 1891/894/1507 1903/918/1519 1902/917/1518 1890/893/1506
f 1892/895/1508 1904/919/1520 1903/918/1519 1891/894/1507
f 1893/896/1509 1905/920/1521 1904/919/1520 1892/895/1508
f 1894/897/1510 1906/921/1522 1905/920/1521 1893/896/1509
f 1895/898/1511 1907/922/1523 1906/921/1522 1894/897/1510
f 1896/899/1512 1908/923/1524 1907/922/1523 1895/898/1511
f 1898/912/1513 1910/936/1525 1909/937/1526 1897/913/1514
f 1899/914/1515 1911/938/1527 1910/936/1525 1898/912/1513
f 1900/915/1516 1912/939/1528 1911/938/1527 1899/914/1515
f 1901/916/1517 1913/940/1529 1912/939/1528 1900/915/1516
f 1902/917/1518 1914/941/1530 1913/940/1529 1901/916/1517
f 1903/918/1519 1915/942/1531 1914/941/1530 1902/917/1518
f 1904/919/1520 1916/943/1532 1915/942/1531 1903/918/1519
f 1905/920/1521 1917/944/1533 1916/943/1532 1904/919/1520
f 1906/921/1522 1918/945/1534 1917/944/1533 1905/920/1521
f 1907/922/1523 1919/946/1535 1918/945/1534 1906/921/1522
f 1908/923/1524 1920/947/1536 1919/946/1535 1907/922/1523
f 1910/936/1525 1922/960/1537 1921/961/1538 1909/937/1526
f 1911/938/1527 1923/962/1539 1922/960/1537 1910/936/1525
f 1912/939/1528 1924/963/1540 1923/962/1539 1911/938/1527
f 1913/940/1529 1925/964/1541 1924/963/1540 1912/939/1528
f 1914/941/1530 1926/965/1542 1925/964/1541 1913/940/1529
f 1915/942/1531 1927/966/1543 1926/965/1542 1914/941/1530
f 1916/943/1532 1928/967/1544 1927/966/1543 1915/942/1531
f 1917/944/1533 1929/968/1545 1928/967/1544 1916/943/1532
f 1918/945/1534 1930/969/1546 1929/968/1545 1917/944/1533
f 1919/946/1535 1931/970/1547 1930/969/1546 1918/945/1534
f 1920/947/1536 1932/971/1548 1931/970/1547 1919/946/1535
f 1922/960/1537 1934/984/1549 1933/985/1550 1921/961/1538
f 1923/962/1539 1935/986/1551 1934/984/1549 1922/960/1537
f 1924/963/1540 1936/987/1552 1935/986/1551 1923/962/1539
f 1925/964/1541 1937/988/1553 1936/987/1552 1924/963/1540
f 1926/965/1542 1938/989/1554 1937/988/1553 1925/964/1541
f 1927/966/1543 1939/990/1555 1938/989/1554 1926/965/1542
f 1928/967/1544 1940/991/1556 1939/990/1555 1927/966/1543
f 1929/968/1545 1941/992/1557 1940/991/1556 1928/967/1544
f 1930/969/1546 1942/993/1558 1941/992/1557 1929/968/1545
f 1931/970/1547 1943/994/1559 1942/993/1558 1930/969/1546
f 1932/971/1548 1944/995/1560 1943/994/1559 1931/970/1547
f 1934/984/1549 1946/1008/1561 1945/1009/1562 1933/985/1550
f 1935/986/1551 1947/1010/1563 1946/1008/1561 1934/984/1549
f 1936/987/1552 1948/1011/1564 1947/1010/1563 1935/986/1551
f 1937/988/1553 1949/1012/1565 1948/1011/1564 1936/987/1552
f 1938/989/1554 1950/1013/1566 1949/1012/1565 1937/988/1553
f 1939/990/1555 1951/1014/1567 1950/1013/1566 1938/989/1554
f 1940/991/1556 1952/1015/1568 1951/1014/1567 1939/990/1555
f 1941/992/1557 1953/1016/1569 1952/1015/1568 1940/991/1556
f 1942/993/1558 1954/1017/1570 1953/1016/1569 1941/992/1557
f 1943/994/1559 1955/1018/1571 1954/1017/1570 1942/993/1558
f 1944/995/1560 1956/1019/1572 1955/1018/1571 1943/994/1559
f 1946/1008/1561 1958/1032/1573 1957/1033/1574 1945/1009/1562
f 1947/1010/1563 1959/1034/1575 1958/1032/1573 1946/1008/1561
f 1948/1011/1564 1960/1035/1576 1959/1034/1575 1947/1010/1563
f 1949/1012/1565 1961/1036/1577 1960/1035/1576 1948/1011/1564
f 1950/1013/1566 1962/1037/1578 1961/1036/1577 1949/1012/1565
f 1951/1014/1567 1963/1038/1579 1962/1037/1578 1950/1013/1566
f 1952/1015/1568 1964/1039/1580 1963/1038/1579 1951/1014/1567
f 1953/1016/1569 1965/1040/1581 1964/1039/1580 1952/1015/1568
f 1954/1017/1570 1966/1041/1582 1965/1040/1581 1953/1016/1569
f 1955/1018/1571 1967/1042/1583 1966/1041/1582 1954/1017/1570
f 1956/1019/1572 1968/1043/1584 1967/1042/1583 1955/1018/1571
f 1958/1032/1573 1970/1056/1585 1969/1057/1586 1957/1033/1574
f 1959/1034/1575 1971/1058/1587 1970/1056/1585 1958/1032/1573
f 1960/1035/1576 1972/1059/1588 1971/1058/1587 1959/1034/1575
f 1961/1036/1577 1973/1060/1589 1972/1059/1588 1960/1035/1576
f 1962/1037/1578 1974/1061/1590 1973/1060/1589 1961/1036/1577
f 1963/1038/1579 1975/1062/1591 1974/1061/1590 1962/1037/1578
f 1964/1039/1580 1976/1063/1592 1975/1062/1591 1963/1038/1579
f 1965/1040/1581 1977/1064/1593 1976/1063/1592 1964/1039/1580
f 1966/1041/1582 1978/1065/1594 1977/1064/1593 1965/1040/1581
f 1967/1042/1583 1979/1066/1595 1978/1065/1594 1966/1041/1582
f 1968/1043/1584 1980/1067/1596 1979/1066/1595 1967/1042/1583
f 1970/1056/1585 1982/1080/1597 1981/1081/1598 1969/1057/1586
f 1971/1058/1587 1983/1082/1599 1982/1080/1597 1970/1056/1585
f 1972/1059/1588 1984/1083/1600 1983/1082/1599 1971/1058/1587
f 1973/1060/1589 1985/1084/1601 1984/1083/1600 1972/1059/1588
f 1974/1061/1590 1986/1085/1602 1985/1084/1601 1973/1060/1589
f 1975/1062/1591 1987/1086/1603 1986/1085/1602 1974/1061/1590
f 1976/1063/1592 1988/1087/1604 1987/1086/1603 1975/1062/1591
f 1977/1064/1593 1989/1088/1605 1988/1087/1604 1976/1063/1592
f 1978/1065/1594 1990/1089/1606 1989/1088/1605 1977/1064/1593
f 1979/1066/1595 1991/1090/1607 1990/1089/1606 1978/1065/1594
f 1980/1067/1596 1992/1091/1608 1991/1090/1607 1979/1066/1595
f 1982/1080/1597 1994/1104/1609 1993/1105/1610 1981/1081/1598
f 1983/1082/1599 1995/1106/1611 1994/1104/1609 1982/1080/1597
f 1984/1083/1600 1996/1107/1612 1995/1106/1611 1983/1082/1599
f 1985/1084/1601 1997/1108/1613 1996/1107/1612 1984/1083/1600
f 1986/1085/1602 1998/1109/1614 1997/1108/1613 1985/1084/1601
f 1987/1086/1603 1999/1110/1615 1998/1109/1614 1986/1085/1602
f 1988/1087/1604 2000/1111/1616 1999/1110/1615 1987/1086/1603
f 1989/1088/1605 2001/1112/1617 2000/1111/1616 1988/1087/1604
f 1990/1089/1606 2002/1113/1618 2001/1112/1617 1989/1088/1605
f 1991/1090/1607 2003/1114/1619 2002/1113/1618 1990/1089/1606
f 1992/1091/1608 2004/1115/1620 2003/1114/1619 1991/1090/1607
f 1994/1104/1609 2006/1128/1621 2005/1129/1622 1993/1105/1610
f 1995/1106/1611 2007/1130/1623 2006/1128/1621 1994/1104/1609
f 1996/1107/1612 2008/1131/1624 2007/1130/1623 1995/1106/1611
f 1997/1108/1613 2009/1132/1625 2008/1131/1624 1996/1107/1612
f 1998/1109/1614 2010/1133/1626 2009/1132/1625 1997/1108/1613
f 1999/1110/1615 2011/1134/1627 2010/1133/1626 1998/1109/1614
f 2000/1111/1616 2012/1135/1628 2011/1134/1627 1999/1110/1615
f 2001/1112/1617 2013/1136/1629 2012/1135/1628 2000/1111/1616
f 2002/1113/1618 2014/1137/1630 2013/1136/1629 2001/1112/1617
f 2003/1114/1619 2015/1138/1631 2014/1137/1630 2002/1113/1618
f 2004/1115/1620 2016/1139/1632 2015/1138/1631 2003/1114/1619
f 2006/1128/1621 2018/1152/1633 2017/1153/1634 2005/1129/1622
f 2007/1130/1623 2019/1154/1635 2018/1152/1633 2006/1128/1621
f 2008/1131/1624 2020/1155/1636 2019/1154/1635 2007/1130/1623
f 2009/1132/1625 2021/1156/1637 2020/1155/1636 2008/1131/1624
f 2010/1133/1626 2022/1157/1638 2021/1156/1637 2009/1132/1625
f 2011/1134/1627 2023/1158/1639 2022/1157/1638 2010/1133/1626
f 2012/1135/1628 2024/1159/1640 2023/1158/1639 2011/1134/1627
f 2013/1136/1629 2025/1160/1641 2024/1159/1640 2012/1135/1628
f 2014/1137/1630 2026/1161/1642 2025/1160/1641 2013/1136/1629
f 2015/1138/1631 2027/1162/1643 2026/1161/1642 2014/1137/1630
f 2016/1139/1632 2028/1163/1644 2027/1162/1643 2015/1138/1631
f 2018/1152/1633 2030/1176/1645 2029/1177/1646 2017/1153/1634
f 2019/1154/1635 2031/1178/1647 2030/1176/1645 2018/1152/1633
f 2020/1155/1636 2032/1179/1648 2031/1178/1647 2019/1154/1635
f 2021/1156/1637 2033/1180/1649 2032/1179/1648 2020/1155/1636
f 2022/1157/1638 2034/1181/1650 2033/1180/1649 2021/1156/1637
f 2023/1158/1639 2035/1182/1651 2034/1181/1650 2022/1157/1638
f 2024/1159/1640 2036/1183/1652 2035/1182/1651 2023/1158/1639
f 2025/1160/1641 2037/1184/1653 2036/1183/1652 2024/1159/1640
f 2026/1161/1642 2038/1185/1654 2037/1184/1653 2025/1160/1641
f 2027/1162/1643 2039/1186/1655 2038/1185/1654 2026/1161/1642
f 2028/1163/1644 2040/1187/1656 2039/1186/1655 2027/1162/1643
f 2030/1176/1645 2042/1200/1657 2041/1201/1658 2029/1177/1646
f 2031/1178/1647 2043/1202/1659 2042/1200/1657 2030/1176/1645
f 2032/1179/1648 2044/1203/1660 2043/1202/1659 2031/1178/1647
f 2033/1180/1649 2045/1204/1661 2044/1203/1660 2032/1179/1648
f 2034/1181/1650 2046/1205/1662 2045/1204/1661 2033/1180/1649
f 2035/1182/1651 2047/1206/1663 2046/1205/1662 2034/1181/1650
f 2036/1183/1652 2048/1207/1664 2047/1206/1663 2035/1182/1651
f 2037/1184/1653 2049/1208/1665 2048/1207/1664 2036/1183/1652
f 2038/1185/1654 2050/1209/1666 2049/1208/1665 2037/1184/1653
f 2039/1186/1655 2051/1210/1667 2050/1209/1666 2038/1185/1654
f 2040/1187/1656 2052/1211/1668 2051/1210/1667 2039/1186/1655
f 2042/1200/1657 2054/1224/1669 2053/1225/1670 2041/1201/1658
f 2043/1202/1659 2055/1226/1671 2054/1224/1669 2042/1200/1657
f 2044/1203/1660 2056/1227/1672 2055/1226/1671 2043/1202/1659
f 2045/1204/1661 2057/1228/1673 2056/1227/1672 2044/1203/1660
f 2046/1205/1662 2058/1229/1674 2057/1228/1673 2045/1204/1661
f 2047/1206/1663 2059/1230/1675 2058/1229/1674 2046/1205/1662
f 2048/1207/1664 2060/1231/1676 2059/1230/1675 2047/1206/1663
f 2049/1208/1665 2061/1232/1677 2060/1231/1676 2048/1207/1664
f 2050/1209/1666 2062/1233/1678 2061/1232/1677 2049/1208/1665
f 2051/1210/1667 2063/1234/1679 2062/1233/1678 2050/1209/1666
f 2052/1211/1668 2064/1235/1680 2063/1234/1679 2051/1210/1667
f 2054/1224/1669 2066/1248/1681 2065/1249/1682 2053/1225/1670
f 2055/1226/1671 2067/1250/1683 2066/1248/1681 2054/1224/1669
f 2056/1227/1672 2068/1251/1684 2067/1250/1683 2055/1226/1671
f 2057/1228/1673 2069/1252/1685 2068/1251/1684 2056/1227/1672
f 2058/1229/1674 2070/1253/1686 2069/1252/1685 2057/1228/1673
f 2059/1230/1675 2071/1254/1687 2070/1253/1686 2058/1229/1674
f 2060/1231/1676 2072/1255/1688 2071/1254/1687 2059/1230/1675
f 2061/1232/1677 2073/1256/1689 2072/1255/1688 2060/1231/1676
f 2062/1233/1678 2074/1257/1690 2073/1256/1689 2061/1232/1677
f 2063/1234/1679 2075/1258/1691 2074/1257/1690 2062/1233/1678
f 2064/1235/1680 2076/1259/1692 2075/1258/1691 2063/1234/1679
f 2066/1248/1681 2078/1272/1693 2077/1273/1694 2065/1249/1682
f 2067/1250/1683 2079/1274/1695 2078/1272/1693 2066/1248/1681
f 2068/1251/1684 2080/1275/1696 2079/1274/1695 2067/1250/1683
f 2069/1252/1685 2081/1276/1697 2080/1275/1696 2068/1251/1684
f 2070/1253/1686 2082/1277/1698 2081/1276/1697 2069/1252/1685
f 2071/1254/1687 2083/1278/1699 2082/1277/1698 2070/1253/1686
f 2072/1255/1688 2084/1279/1700 2083/1278/1699 2071/1254/1687
f 2073/1256/1689 2085/1280/1701 2084/1279/1700 2072/1255/1688
f 2074/1257/1690 2086/1281/1702 2085/1280/1701 2073/1256/1689
f 2075/1258/1691 2087/1282/1703 2086/1281/1702 2074/1257/1690
f 2076/1259/1692 2088/1283/1704 2087/1282/1703 2075/1258/1691
f 2078/1272/1693 2090/1296/1705 2089/1297/1706 2077/1273/1694
f 2079/1274/1695 2091/1298/1707 2090/1296/1705 2078/1272/1693
f 2080/1275/1696 2092/1299/1708 2091/1298/1707 2079/1274/1695
f 2081/1276/1697 2093/1300/1709 2092/1299/1708 2080/1275/1696
f 2082/1277/1698 2094/1301/1710 2093/1300/1709 2081/1276/1697
f 2083/1278/1699 2095/1302/1711 2094/1301/1710 2082/1277/1698
f 2084/1279/1700 2096/1303/1712 2095/1302/1711 2083/1278/1699
f 2085/1280/1701 2097/1304/1713 2096/1303/1712 2084/1279/1700
f 2086/1281/1702 2098/1305/1714 2097/1304/1713 2085/1280/1701
f 2087/1282/1703 2099/1306/1715 2098/1305/1714 2086/1281/1702
f 2088/1283/1704 2100/1307/1716 2099/1306/1715 2087/1282/1703
f 2090/1296/1705 2102/1320/1717 2101/1321/1718 2089/1297/1706
f 2091/1298/1707 2103/1322/1719 2102/1320/1717 2090/1296/1705
f 2092/1299/1708 2104/1323/1720 2103/1322/1719 2091/1298/1707
f 2093/1300/1709 2105/1324/1721 2104/1323/1720 2092/1299/1708
f 2094/1301/1710 2106/1325/1722 2105/1324/1721 2093/1300/1709
f 2095/1302/1711 2107/1326/1723 2106/1325/1722 2094/1301/1710
f 2096/1303/1712 2108/1327/1724 2107/1326/1723 2095/1302/1711
f 2097/1304/1713 2109/1328/1725 2108/1327/1724 2096/1303/1712
f 2098/1305/1714 2110/1329/1726 2109/1328/1725 2097/1304/1713
f 2099/1306/1715 2111/1330/1727 2110/1329/1726 2098/1305/1714
f 2100/1307/1716 2112/1331/1728 2111/1330/1727 2099/1306/1715
f 2102/1320/1717 1538/1344/1155 1537/106/1158 2101/1321/1718
f 2103/1322/1719 1539/1345/1159 1538/1344/1155 2102/1320/1717
f 2104/1323/1720 1540/1346/1161 1539/1345/1159 2103/1322/1719
f 2105/1324/1721 1541/1347/1163 1540/1346/1161 2104/1323/1720
f 2106/1325/1722 1542/1348/1165 1541/1347/1163 2105/1324/1721
f 2107/1326/1723 1543/1349/1167 1542/1348/1165 2106/1325/1722
f 2108/1327/1724 1544/1350/1169 1543/1349/1167 2107/1326/1723
f 2109/1328/1725 1545/1351/1171 1544/1350/1169 2108/1327/1724
f 2110/1329/1726 1546/1352/1173 1545/1351/1171 2109/1328/1725
f 2111/1330/1727 1547/1353/1175 1546/1352/1173 2110/1329/1726
f 2112/1331/1728 1548/1354/1177 1547/1353/1175 2111/1330/1727
f 2114/193/1729 2126/216/1730 2125/217/1731 2113/190/1732
f 2115/196/1733 2127/218/1734 2126/216/1730 2114/193/1729
f 2116/198/1735 2128/219/1736 2127/218/1734 2115/196/1733
f 2117/200/1737 2129/220/1738 2128/219/1736 2116/198/1735
f 2118/202/1739 2130/221/1740 2129/220/1738 2117/200/1737
f 2119/204/1741 2131/222/1742 2130/221/1740 2118/202/1739
f 2120/206/1743 2132/223/1744 2131/222/1742 2119/204/1741
f 2121/208/1745 2133/224/1746 2132/223/1744 2120/206/1743
f 2122/210/1747 2134/225/1748 2133/224/1746 2121/208/1745
f 2123/212/1749 2135/226/1750 2134/225/1748 2122/210/1747
f 2124/214/1751 2136/227/1752 2135/226/1750 2123/212/1749
f 2126/216/1730 2138/240/1753 2137/241/1754 2125/217/1731
f 2127/218/1734 2139/242/1755 2138/240/1753 2126/216/1730
f 2128/219/1736 2140/243/1756 2139/242/1755 2127/218/1734
f 2129/220/1738 2141/244/1757 2140/243/1756 2128/219/1736
f 2130/221/1740 2142/245/1758 2141/244/1757 2129/220/1738
f 2131/222/1742 2143/246/1759 2142/245/1758 2130/221/1740
f 2132/223/1744 2144/247/1760 2143/246/1759 2131/222/1742
f 2133/224/1746 2145/248/1761 2144/247/1760 2132/223/1744
f 2134/225/1748 2146/249/1762 2145/248/1761 2133/224/1746
f 2135/226/1750 2147/250/1763 2146/249/1762 2134/225/1748
f 2136/227/1752 2148/251/1764 2147/250/1763 2135/226/1750
f 2138/240/1753 2150/264/1765 2149/265/1766 2137/241/1754
f 2139/242/1755 2151/266/1767 2150/264/1765 2138/240/1753
f 2140/243/1756 2152/267/1768 2151/266/1767 2139/242/1755
f 2141/244/1757 2153/268/1769 2152/267/1768 2140/243/1756
f 2142/245/1758 2154/269/1770 2153/268/1769 2141/244/1757
f 2143/246/1759 2155/270/1771 2154/269/1770 2142/245/1758
f 2144/247/1760 2156/271/1772 2155/270/1771 2143/246/1759
f 2145/248/1761 2157/272/1773 2156/271/1772 2144/247/1760
f 2146/249/1762 2158/273/1774 2157/272/1773 2145/248/1761
f 2147/250/1763 2159/274/1775 2158/273/1774 2146/249/1762
f 2148/251/1764 2160/275/1776 2159/274/1775 2147/250/1763
f 2150/264/1765 2162/288/1777 2161/289/1778 2149/265/1766
f 2151/266/1767 2163/290/1779 2162/288/1777 2150/264/1765
f 2152/267/1768 2164/291/1780 2163/290/1779 2151/266/1767
f 2153/268/1769 2165/292/1781 2164/291/1780 2152/267/1768
f 2154/269/1770 2166/293/1782 2165/292/1781 2153/268/1769
f 2155/270/1771 2167/294/1783 2166/293/1782 2154/269/1770
f 2156/271/1772 2168/295/1784 2167/294/1783 2155/270/1771
f 2157/272/1773 2169/296/1785 2168/295/1784 2156/271/1772
f 2158/273/1774 2170/297/1786 2169/296/1785 2157/272/1773
f 2159/274/1775 2171/298/1787 2170/297/1786 2158/273/1774
f 2160/275/1776 2172/299/1788 2171/298/1787 2159/274/1775
f 2162/288/1777 2174/312/1789 2173/313/1790 2161/289/1778
f 2163/290/1779 2175/314/1791 2174/312/1789 2162/288/1777
f 2164/291/1780 2176/315/1792 2175/314/1791 2163/290/1779
f 2165/292/1781 2177/316/1793 2176/315/1792 2164/291/1780
f 2166/293/1782 2178/317/1794 2177/316/1793 2165/292/1781
f 2167/294/1783 2179/318/1795 2178/317/1794 2166/293/1782
f 2168/295/1784 2180/319/1796 2179/318/1795 2167/294/1783
f 2169/296/1785 2181/320/1797 2180/319/1796 2168/295/1784
f 2170/297/1786 2182/321/1798 2181/320/1797 2169/296/1785
f 2171/298/1787 2183/322/1799 2182/321/1798 2170/297/1786
f 2172/299/1788 2184/323/1800 2183/322/1799 2171/298/1787
f 2174/312/1789 2186/336/1801 2185/337/1802 2173/313/1790
f 2175/314/1791 2187/338/1803 2186/336/1801 2174/312/1789
f 2176/315/1792 2188/339/1804 2187/338/1803 2175/314/1791
f 2177/316/1793 2189/340/1805 2188/339/1804 2176/315/1792
f 2178/317/1794 2190/341/1806 2189/340/1805 2177/316/1793
f 2179/318/1795 2191/342/1807 2190/341/1806 2178/317/1794
f 2180/319/1796 2192/343/1808 2191/342/1807 2179/318/1795
f 2181/320/1797 2193/344/1809 2192/343/1808 2180/319/1796
f 2182/321/1798 2194/345/1810 2193/344/1809 2181/320/1797
f 2183/322/1799 2195/346/1811 2194/345/1810 2182/321/1798
f 2184/323/1800 2196/347/1812 2195/346/1811 2183/322/1799
f 2186/336/1801 2198/360/1813 2197/361/1814 2185/337/1802
f 2187/338/1803 2199/362/1815 2198/360/1813 2186/336/1801
f 2188/339/1804 2200/363/1816 2199/362/1815 2187/338/1803
f 2189/340/1805 2201/364/1817 2200/363/1816 2188/339/1804
f 2190/341/1806 2202/365/1818 2201/364/1817 2189/340/1805
f 2191/342/1807 2203/366/1819 2202/365/1818 2190/341/1806
f 2192/343/1808 2204/367/1820 2203/366/1819 2191/342/1807
f 2193/344/1809 2205/368/1821 2204/367/1820 2192/343/1808
f 2194/345/1810 2206/369/1822 2205/368/1821 2193/344/1809
f 2195/346/1811 2207/370/1823 2206/369/1822 2194/345/1810
f 2196/347/1812 2208/371/1824 2207/370/1823 2195/346/1811
f 2198/360/1813 2210/384/1825 2209/385/1826 2197/361/1814
f 2199/362/1815 2211/386/1827 2210/384/1825 2198/360/1813
f 2200/363/1816 2212/387/1828 2211/386/1827 2199/362/1815
f 2201/364/1817 2213/388/1829 2212/387/1828 2200/363/1816
f 2202/365/1818 2214/389/1830 2213/388/1829 2201/364/1817
f 2203/366/1819 2215/390/1831 2214/389/1830 2202/365/1818
f 2204/367/1820 2216/391/1832 2215/390/1831 2203/366/1819
f 2205/368/1821 2217/392/1833 2216/391/1832 2204/367/1820
f 2206/369/1822 2218/393/1834 2217/392/1833 2205/368/1821
f 2207/370/1823 2219/394/1835 2218/393/1834 2206/369/1822
f 2208/371/1824 2220/395/1836 2219/394/1835 2207/370/1823
f 2210/384/1825 2222/408/1837 2221/409/1838 2209/385/1826
f 2211/386/1827 2223/410/1839 2222/408/1837 2210/384/1825
f 2212/387/1828 2224/411/1840 2223/410/1839 2211/386/1827
f 2213/388/1829 2225/412/1841 2224/411/1840 2212/387/1828
f 2214/389/1830 2226/413/1842 2225/412/1841 2213/388/1829
f 2215/390/1831 2227/414/1843 2226/413/1842 2214/389/1830
f 2216/391/1832 2228/415/1844 2227/414/1843 2215/390/1831
f 2217/392/1833 2229/416/1845 2228/415/1844 2216/391/1832
f 2218/393/1834 2230/417/1846 2229/416/1845 2217/392/1833
f 2219/394/1835 2231/418/1847 2230/417/1846 2218/393/1834
f 2220/395/1836 2232/419/1848 2231/418/1847 2219/394/1835
f 2222/408/1837 2234/432/1849 2233/433/1850 2221/409/1838
f 2223/410/1839 2235/434/1851 2234/432/1849 2222/408/1837
f 2224/411/1840 2236/435/1852 2235/434/1851 2223/410/1839
f 2225/412/1841 2237/436/1853 2236/435/1852 2224/411/1840
f 2226/413/1842 2238/437/1854 2237/436/1853 2225/412/1841
f 2227/414/1843 2239/438/1855 2238/437/1854 2226/413/1842
f 2228/415/1844 2240/439/1856 2239/438/1855 2227/414/1843
f 2229/416/1845 2241/440/1857 2240/439/1856 2228/415/1844
f 2230/417/1846 2242/441/1858 2241/440/1857 2229/416/1845
f 2231/418/1847 2243/442/1859 2242/441/1858 2230/417/1846
f 2232/419/1848 2244/443/1860 2243/442/1859 2231/418/1847
f 2234/432/1849 2246/456/1861 2245/457/1862 2233/433/1850
f 2235/434/1851 2247/458/1863 2246/456/1861 2234/432/1849
f 2236/435/1852 2248/459/1864 2247/458/1863 2235/434/1851
f 2237/436/1853 2249/460/1865 2248/459/1864 2236/435/1852
f 2238/437/1854 2250/461/1866 2249/460/1865 2237/436/1853
f 2239/438/1855 2251/462/1867 2250/461/1866 2238/437/1854
f 2240/439/1856 2252/463/1868 2251/462/1867 2239/438/1855
f 2241/440/1857 2253/464/1869 2252/463/1868 2240/439/1856
f 2242/441/1858 2254/465/1870 2253/464/1869 2241/440/1857
f 2243/442/1859 2255/466/1871 2254/465/1870 2242/441/1858
f 2244/443/1860 2256/467/1872 2255/466/1871 2243/442/1859
f 2246/456/1861 2258/480/1873 2257/481/1874 2245/457/1862
f 2247/458/1863 2259/482/1875 2258/480/1873 2246/456/1861
f 2248/459/1864 2260/483/1876 2259/482/1875 2247/458/1863
f 2249/460/1865 2261/484/1877 2260/483/1876 2248/459/1864
f 2250/461/1866 2262/485/1878 2261/484/1877 2249/460/1865
f 2251/462/1867 2263/486/1879 2262/485/1878 2250/461/1866
f 2252/463/1868 2264/487/1880 2263/486/1879 2251/462/1867
f 2253/464/1869 2265/488/1881 2264/487/1880 2252/463/1868
f 2254/465/1870 2266/489/1882 2265/488/1881 2253/464/1869
f 2255/466/1871 2267/490/1883 2266/489/1882 2254/465/1870
f 2256/467/1872 2268/491/1884 2267/490/1883 2255/466/1871
f 2258/480/1873 2270/504/1885 2269/505/1886 2257/481/1874
f 2259/482/1875 2271/506/1887 2270/504/1885 2258/480/1873
f 2260/483/1876 2272/507/1888 2271/506/1887 2259/482/1875
f 2261/484/1877 2273/508/1889 2272/507/1888 2260/483/1876
f 2262/485/1878 2274/509/1890 2273/508/1889 2261/484/1877
f 2263/486/1879 2275/510/1891 2274/509/1890 2262/485/1878
f 2264/487/1880 2276/511/1892 2275/510/1891 2263/486/1879
f 2265/488/1881 2277/512/1893 2276/511/1892 2264/487/1880
f 2266/489/1882 2278/513/1894 2277/512/1893 2265/488/1881
f 2267/490/1883 2279/514/1895 2278/513/1894 2266/489/1882
f 2268/491/1884 2280/515/1896 2279/514/1895 2267/490/1883
f 2270/504/1885 2282/528/1897 2281/529/1898 2269/505/1886
f 2271/506/1887 2283/530/1899 2282/528/1897 2270/504/1885
f 2272/507/1888 2284/531/1900 2283/530/1899 2271/506/1887
f 2273/508/1889 2285/532/1901 2284/531/1900 2272/507/1888
f 2274/509/1890 2286/533/1902 2285/532/1901 2273/508/1889
f 2275/510/1891 2287/534/1903 2286/533/1902 2274/509/1890
f 2276/511/1892 2288/535/1904 2287/534/1903 2275/510/1891
f 2277/512/1893 2289/536/1905 2288/535/1904 2276/511/1892
f 2278/513/1894 2290/537/1906 2289/536/1905 2277/512/1893
f 2279/514/1895 2291/538/1907 2290/537/1906 2278/513/1894
f 2280/515/1896 2292/539/1908 2291/538/1907 2279/514/1895
f 2282/528/1897 2294/552/1909 2293/553/1910 2281/529/1898
f 2283/530/1899 2295/554/1911 2294/552/1909 2282/528/1897
f 2284/531/1900 2296/555/1912 2295/554/1911 2283/530/1899
f 2285/532/1901 2297/556/1913 2296/555/1912 2284/531/1900
f 2286/533/1902 2298/557/1914 2297/556/1913 2285/532/1901
f 2287/534/1903 2299/558/1915 2298/557/1914 2286/533/1902
f 2288/535/1904 2300/559/1916 2299/558/1915 2287/534/1903
f 2289/536/1905 2301/560/1917 2300/559/1916 2288/535/1904
f 2290/537/1906 2302/561/1918 2301/560/1917 2289/536/1905
f 2291/538/1907 2303/562/1919 2302/561/1918 2290/537/1906
f 2292/539/1908 2304/563/1920 2303/562/1919 2291/538/1907
f 2294/552/1909 2306/576/1921 2305/577/1922 2293/553/1910
f 2295/554/1911 2307/578/1923 2306/576/1921 2294/552/1909
f 2296/555/1912 2308/579/1924 2307/578/1923 2295/554/1911
f 2297/556/1913 2309/580/1925 2308/579/1924 2296/555/1912
f 2298/557/1914 2310/581/1926 2309/580/1925 2297/556/1913
f 2299/558/1915 2311/582/1927 2310/581/1926 2298/557/1914
f 2300/559/1916 2312/583/1928 2311/582/1927 2299/558/1915
f 2301/560/1917 2313/584/1929 2312/583/1928 2300/559/1916
f 2302/561/1918 2314/585/1930 2313/584/1929 2301/560/1917
f 2303/562/1919 2315/586/1931 2314/585/1930 2302/561/1918
f 2304/563/1920 2316/587/1932 2315/586/1931 2303/562/1919
f 2306/576/1921 2318/600/1933 2317/601/1934 2305/577/1922
f 2307/578/1923 2319/602/1935 2318/600/1933 2306/576/1921
f 2308/579/1924 2320/603/1936 2319/602/1935 2307/578/1923
f 2309/580/1925 2321/604/1937 2320/603/1936 2308/579/1924
f 2310/581/1926 2322/605/1938 2321/604/1937 2309/580/1925
f 2311/582/1927 2323/606/1939 2322/605/1938 2310/581/1926
f 2312/583/1928 2324/607/1940 2323/606/1939 2311/582/1927
f 2313/584/1929 2325/608/1941 2324/607/1940 2312/583/1928
f 2314/585/1930 2326/609/1942 2325/608/1941 2313/584/1929
f 2315/586/1931 2327/610/1943 2326/609/1942 2314/585/1930
f 2316/587/1932 2328/611/1944 2327/610/1943 2315/586/1931
f 2318/600/1933 2330/624/1945 2329/625/1946 2317/601/1934
f 2319/602/1935 2331/626/1947 2330/624/1945 2318/600/1933
f 2320/603/1936 2332/627/1948 2331/626/1947 2319/602/1935
f 2321/604/1937 2333/628/1949 2332/627/1948 2320/603/1936
f 2322/605/1938 2334/629/1950 2333/628/1949 2321/604/1937
f 2323/606/1939 2335/630/1951 2334/629/1950 2322/605/1938
f 2324/607/1940 2336/631/1952 2335/630/1951 2323/606/1939
f 2325/608/1941 2337/632/1953 2336/631/1952 2324/607/1940
f 2326/609/1942 2338/633/1954 2337/632/1953 2325/608/1941
f 2327/610/1943 2339/634/1955 2338/633/1954 2326/609/1942
f 2328/611/1944 2340/635/1956 2339/634/1955 2327/610/1943
f 2330/624/1945 2342/648/1957 2341/649/1958 2329/625/1946
f 2331/626/1947 2343/650/1959 2342/648/1957 2330/624/1945
f 2332/627/1948 2344/651/1960 2343/650/1959 2331/626/1947
f 2333/628/1949 2345/652/1961 2344/651/1960 2332/627/1948
f 2334/629/1950 2346/653/1962 2345/652/1961 2333/628/1949
f 2335/630/1951 2347/654/1963 2346/653/1962 2334/629/1950
f 2336/631/1952 2348/655/1964 2347/654/1963 2335/630/1951
f 2337/632/1953 2349/656/1965 2348/655/1964 2336/631/1952
f 2338/633/1954 2350/657/1966 2349/656/1965 2337/632/1953
f 2339/634/1955 2351/658/1967 2350/657/1966 2338/633/1954
f 2340/635/1956 2352/659/1968 2351/658/1967 2339/634/1955
f 2342/648/1957 2354/672/1969 2353/673/1970 2341/649/1958
f 2343/650/1959 2355/674/1971 2354/672/1969 2342/648/1957
f 2344/651/1960 2356/675/1972 2355/674/1971 2343/650/1959
f 2345/652/1961 2357/676/1973 2356/675/1972 2344/651/1960
f 2346/653/1962 2358/677/1974 2357/676/1973 2345/652/1961
f 2347/654/1963 2359/678/1975 2358/677/1974 2346/653/1962
f 2348/655/1964 2360/679/1976 2359/678/1975 2347/654/1963
f 2349/656/1965 2361/680/1977 2360/679/1976 2348/655/1964
f 2350/657/1966 2362/681/1978 2361/680/1977 2349/656/1965
f 2351/658/1967 2363/682/1979 2362/681/1978 2350/657/1966
f 2352/659/1968 2364/683/1980 2363/682/1979 2351/658/1967
f 2354/672/1969 2366/696/1981 2365/697/1982 2353/673/1970
f 2355/674/1971 2367/698/1983 2366/696/1981 2354/672/1969
f 2356/675/1972 2368/699/1984 2367/698/1983 2355/674/1971
f 2357/676/1973 2369/700/1985 2368/699/1984 2356/675/1972
f 2358/677/1974 2370/701/1986 2369/700/1985 2357/676/1973
f 2359/678/1975 2371/702/1987 2370/701/1986 2358/677/1974
f 2360/679/1976 2372/703/1988 2371/702/1987 2359/678/1975
f 2361/680/1977 2373/704/1989 2372/703/1988 2360/679/1976
f 2362/681/1978 2374/705/1990 2373/704/1989 2361/680/1977
f 2363/682/1979 2375/706/1991 2374/705/1990 2362/681/1978
f 2364/683/1980 2376/707/1992 2375/706/1991 2363/682/1979
f 2366/696/1981 2378/720/1993 2377/721/1994 2365/697/1982
f 2367/698/1983 2379/722/1995 2378/720/1993 2366/696/1981
f 2368/699/1984 2380/723/1996 2379/722/1995 2367/698/1983
f 2369/700/1985 2381/724/1997 2380/723/1996 2368/699/1984
f 2370/701/1986 2382/725/1998 2381/724/1997 2369/700/1985
f 2371/702/1987 2383/726/1999 2382/725/1998 2370/701/1986
f 2372/703/1988 2384/727/2000 2383/726/1999 2371/702/1987
f 2373/704/1989 2385/728/2001 2384/727/2000 2372/703/1988
f 2374/705/1990 2386/729/2002 2385/728/2001 2373/704/1989
f 2375/706/1991 2387/730/2003 2386/729/2002 2374/705/1990
f 2376/707/1992 2388/731/2004 2387/730/2003 2375/706/1991
f 2378/720/1993 2390/744/2005 2389/745/2006 2377/721/1994
f 2379/722/1995 2391/746/2007 2390/744/2005 2378/720/1993
f 2380/723/1996 2392/747/2008 2391/746/2007 2379/722/1995
f 2381/724/1997 2393/748/2009 2392/747/2008 2380/723/1996
f 2382/725/1998 2394/749/2010 2393/748/2009 2381/724/1997
f 2383/726/1999 2395/750/2011 2394/749/2010 2382/725/1998
f 2384/727/2000 2396/751/2012 2395/750/2011 2383/726/1999
f 2385/728/2001 2397/752/2013 2396/751/2012 2384/727/2000
f 2386/729/2002 2398/753/2014 2397/752/2013 2385/728/2001
f 2387/730/2003 2399/754/2015 2398/753/2014 2386/729/2002
f 2388/731/2004 2400/755/2016 2399/754/2015 2387/730/2003
f 2390/744/2005 2402/768/2017 2401/769/2018 2389/745/2006
f 2391/746/2007 2403/770/2019 2402/768/2017 2390/744/2005
f 2392/747/2008 2404/771/2020 2403/770/2019 2391/746/2007
f 2393/748/2009 2405/772/2021 2404/771/2020 2392/747/2008
f 2394/749/2010 2406/773/2022 2405/772/2021 2393/748/2009
f 2395/750/2011 2407/774/2023 2406/773/2022 2394/749/2010
f 2396/751/2012 2408/775/2024 2407/774/2023 2395/750/2011
f 2397/752/2013 2409/776/2025 2408/775/2024 2396/751/2012
f 2398/753/2014 2410/777/2026 2409/776/2025 2397/752/2013
f 2399/754/2015 2411/778/2027 2410/777/2026 2398/753/2014
f 2400/755/2016 2412/779/2028 2411/778/2027 2399/754/2015
f 2402/768/2017 2414/792/2029 2413/793/2030 2401/769/2018
f 2403/770/2019 2415/794/2031 2414/792/2029 2402/768/2017
f 2404/771/2020 2416/795/2032 2415/794/2031 2403/770/2019
f 2405/772/2021 2417/796/2033 2416/795/2032 2404/771/2020
f 2406/773/2022 2418/797/2034 2417/796/2033 2405/772/2021
f 2407/774/2023 2419/798/2035 2418/797/2034 2406/773/2022
f 2408/775/2024 2420/799/2036 2419/798/2035 2407/774/2023
f 2409/776/2025 2421/800/2037 2420/799/2036 2408/775/2024
f 2410/777/2026 2422/801/2038 2421/800/2037 2409/776/2025
f 2411/778/2027 2423/802/2039 2422/801/2038 2410/777/2026
f 2412/779/2028 2424/803/2040 2423/802/2039 2411/778/2027
f 2414/792/2029 2426/816/2041 2425/817/2042 2413/793/2030
f 2415/794/2031 2427/818/2043 2426/816/2041 2414/792/2029
f 2416/795/2032 2428/819/2044 2427/818/2043 2415/794/2031
f 2417/796/2033 2429/820/2045 2428/819/2044 2416/795/2032
f 2418/797/2034 2430/821/2046 2429/820/2045 2417/796/2033
f 2419/798/2035 2431/822/2047 2430/821/2046 2418/797/2034
f 2420/799/2036 2432/823/2048 2431/822/2047 2419/798/2035
f 2421/800/2037 2433/824/2049 2432/823/2048 2420/799/2036
f 2422/801/2038 2434/825/2050 2433/824/2049 2421/800/2037
f 2423/802/2039 2435/826/2051 2434/825/2050 2422/801/2038
f 2424/803/2040 2436/827/2052 2435/826/2051 2423/802/2039
f 2426/816/2041 2438/840/2053 2437/841/2054 2425/817/2042
f 2427/818/2043 2439/842/2055 2438/840/2053 2426/816/2041
f 2428/819/2044 2440/843/2056 2439/842/2055 2427/818/2043
f 2429/820/2045 2441/844/2057 2440/843/2056 2428/819/2044
f 2430/821/2046 2442/845/2058 2441/844/2057 2429/820/2045
f 2431/822/2047 2443/846/2059 2442/845/2058 2430/821/2046
f 2432/823/2048 2444/847/2060 2443/846/2059 2431/822/2047
f 2433/824/2049 2445/848/2061 2444/847/2060 2432/823/2048
f 2434/825/2050 2446/849/2062 2445/848/2061 2433/824/2049
f 2435/826/2051 2447/850/2063 2446/849/2062 2434/825/2050
f 2436/827/2052 2448/851/2064 2447/850/2063 2435/826/2051
f 2438/840/2053 2450/864/2065 2449/865/2066 2437/841/2054
f 2439/842/2055 2451/866/2067 2450/864/2065 2438/840/2053
f 2440/843/2056 2452/867/2068 2451/866/2067 2439/842/2055
f 2441/844/2057 2453/868/2069 2452/867/2068 2440/843/2056
f 2442/845/2058 2454/869/2070 2453/868/2069 2441/844/2057
f 2443/846/2059 2455/870/2071 2454/869/2070 2442/845/2058
f 2444/847/2060 2456/871/2072 2455/870/2071 2443/846/2059
f 2445/848/2061 2457/872/2073 2456/871/2072 2444/847/2060
f 2446/849/2062 2458/873/2074 2457/872/2073 2445/848/2061
f 2447/850/2063 2459/874/2075 2458/873/2074 2446/849/2062
f 2448/851/2064 2460/875/2076 2459/874/2075 2447/850/2063
f 2450/864/2065 2462/888/2077 2461/889/2078 2449/865/2066
f 2451/866/2067 2463/890/2079 2462/888/2077 2450/864/2065
f 2452/867/2068 2464/891/2080 2463/890/2079 2451/866/2067
f 2453/868/2069 2465/892/2081 2464/891/2080 2452/867/2068
f 2454/869/2070 2466/893/2082 2465/892/2081 2453/868/2069
f 2455/870/2071 2467/894/2083 2466/893/2082 2454/869/2070
f 2456/871/2072 2468/895/2084 2467/894/2083 2455/870/2071
f 2457/872/2073 2469/896/2085 2468/895/2084 2456/871/2072
f 2458/873/2074 2470/897/2086 2469/896/2085 2457/872/2073
f 2459/874/2075 2471/898/2087 2470/897/2086 2458/873/2074
f 2460/875/2076 2472/899/2088 2471/898/2087 2459/874/2075
f 2462/888/2077 2474/912/2089 2473/913/2090 2461/889/2078
f 2463/890/2079 2475/914/2091 2474/912/2089 2462/888/2077
f 2464/891/2080 2476/915/2092 2475/914/2091 2463/890/2079
f 2465/892/2081 2477/916/2093 2476/915/2092 2464/891/2080
f 2466/893/2082 2478/917/2094 2477/916/2093 2465/892/2081
f 2467/894/2083 2479/918/2095 2478/917/2094 2466/893/2082
f 2468/895/2084 2480/919/2096 2479/918/2095 2467/894/2083
f 2469/896/2085 2481/920/2097 2480/919/2096 2468/895/2084
f 2470/897/2086 2482/921/2098 2481/920/2097 2469/896/2085
f 2471/898/2087 2483/922/2099 2482/921/2098 2470/897/2086
f 2472/899/2088 2484/923/2100 2483/922/2099 2471/898/2087
f 2474/912/2089 2486/936/2101 2485/937/2102 2473/913/2090
f 2475/914/2091 2487/938/2103 2486/936/2101 2474/912/2089
f 2476/915/2092 2488/939/2104 2487/938/2103 2475/914/2091
f 2477/916/2093 2489/940/2105 2488/939/2104 2476/915/2092
f 2478/917/2094 2490/941/2106 2489/940/2105 2477/916/2093
f 2479/918/2095 2491/942/2107 2490/941/2106 2478/917/2094
f 2480/919/2096 2492/943/2108 2491/942/2107 2479/918/2095
f 2481/920/2097 2493/944/2109 2492/943/2108 2480/919/2096
f 2482/921/2098 2494/945/2110 2493/944/2109 2481/920/2097
f 2483/922/2099 2495/946/2111 2494/945/2110 2482/921/2098
f 2484/923/2100 2496/947/2112 2495/946/2111 2483/922/2099
f 2486/936/2101 2498/960/2113 2497/961/2114 2485/937/2102
f 2487/938/2103 2499/962/2115 2498/960/2113 2486/936/2101
f 2488/939/2104 2500/963/2116 2499/962/2115 2487/938/2103
f 2489/940/2105 2501/964/2117 2500/963/2116 2488/939/2104
f 2490/941/2106 2502/965/2118 2501/964/2117 2489/940/2105
f 2491/942/2107 2503/966/2119 2502/965/2118 2490/941/2106
f 2492/943/2108 2504/967/2120 2503/966/2119 2491/942/2107
f 2493/944/2109 2505/968/2121 2504/967/2120 2492/943/2108
f 2494/945/2110 2506/969/2122 2505/968/2121 2493/944/2109
f 2495/946/2111 2507/970/2123 2506/969/2122 2494/945/2110
f 2496/947/2112 2508/971/2124 2507/970/2123 2495/946/2111
f 2498/960/2113 2510/984/2125 2509/985/2126 2497/961/2114
f 2499/962/2115 2511/986/2127 2510/984/2125 2498/960/2113
f 2500/963/2116 2512/987/2128 2511/986/2127 2499/962/2115
f 2501/964/2117 2513/988/2129 2512/987/2128 2500/963/2116
f 2502/965/2118 2514/989/2130 2513/988/2129 2501/964/2117
f 2503/966/2119 2515/990/2131 2514/989/2130 2502/965/2118
f 2504/967/2120 2516/991/2132 2515/990/2131 2503/966/2119
f 2505/968/2121 2517/992/2133 2516/991/2132 2504/967/2120
f 2506/969/2122 2518/993/2134 2517/992/2133 2505/968/2121
f 2507/970/2123 2519/994/2135 2518/993/2134 2506/969/2122
f 2508/971/2124 2520/995/2136 2519/994/2135 2507/970/2123
f 2510/984/2125 2522/1008/2137 2521/1009/2138 2509/985/2126
f 2511/986/2127 2523/1010/2139 2522/1008/2137 2510/984/2125
f 2512/987/2128 2524/1011/2140 2523/1010/2139 2511/986/2127
f 2513/988/2129 2525/1012/2141 2524/1011/2140 2512/987/2128
f 2514/989/2130 2526/1013/2142 2525/1012/2141 2513/988/2129
f 2515/990/2131 2527/1014/2143 2526/1013/2142 2514/989/2130
f 2516/991/2132 2528/1015/2144 2527/1014/2143 2515/990/2131
f 2517/992/2133 2529/1016/2145 2528/1015/2144 2516/991/2132
f 2518/993/2134 2530/1017/2146 2529/1016/2145 2517/992/2133
f 2519/994/2135 2531/1018/2147 2530/1017/2146 2518/993/2134
f 2520/995/2136 2532/1019/2148 2531/1018/2147 2519/994/2135
f 2522/1008/2137 2534/1032/2149 2533/1033/2150 2521/1009/2138
f 2523/1010/2139 2535/1034/2151 2534/1032/2149 2522/1008/2137
f 2524/1011/2140 2536/1035/2152 2535/1034/2151 2523/1010/2139
f 2525/1012/2141 2537/1036/2153 2536/1035/2152 2524/1011/2140
f 2526/1013/2142 2538/1037/2154 2537/1036/2153 2525/1012/2141
f 2527/1014/2143 2539/1038/2155 2538/1037/2154 2526/1013/2142
f 2528/1015/2144 2540/1039/2156 2539/1038/2155 2527/1014/2143
f 2529/1016/2145 2541/1040/2157 2540/1039/2156 2528/1015/2144
f 2530/1017/2146 2542/1041/2158 2541/1040/2157 2529/1016/2145
f 2531/1018/2147 2543/1042/2159 2542/1041/2158 2530/1017/2146
f 2532/1019/2148 2544/1043/2160 2543/1042/2159 2531/1018/2147
f 2534/1032/2149 2546/1056/2161 2545/1057/2162 2533/1033/2150
f 2535/1034/2151 2547/1058/2163 2546/1056/2161 2534/1032/2149
f 2536/1035/2152 2548/1059/2164 2547/1058/2163 2535/1034/2151
f 2537/1036/2153 2549/1060/2165 2548/1059/2164 2536/1035/2152
f 2538/1037/2154 2550/1061/2166 2549/1060/2165 2537/1036/2153
f 2539/1038/2155 2551/1062/2167 2550/1061/2166 2538/1037/2154
f 2540/1039/2156 2552/1063/2168 2551/1062/2167 2539/1038/2155
f 2541/1040/2157 2553/1064/2169 2552/1063/2168 2540/1039/2156
f 2542/1041/2158 2554/1065/2170 2553/1064/2169 2541/1040/2157
f 2543/1042/2159 2555/1066/2171 2554/1065/2170 2542/1041/2158
f 2544/1043/2160 2556/1067/2172 2555/1066/2171 2543/1042/2159
f 2546/1056/2161 2558/1080/2173 2557/1081/2174 2545/1057/2162
f 2547/1058/2163 2559/1082/2175 2558/1080/2173 2546/1056/2161
f 2548/1059/2164 2560/1083/2176 2559/1082/2175 2547/1058/2163
f 2549/1060/2165 2561/1084/2177 2560/1083/2176 2548/1059/2164
f 2550/1061/2166 2562/1085/2178 2561/1084/2177 2549/1060/2165
f 2551/1062/2167 2563/1086/2179 2562/1085/2178 2550/1061/2166
f 2552/1063/2168 2564/1087/2180 2563/1086/2179 2551/1062/2167
f 2553/1064/2169 2565/1088/2181 2564/1087/2180 2552/1063/2168
f 2554/1065/2170 2566/1089/2182 2565/1088/2181 2553/1064/2169
f 2555/1066/2171 2567/1090/2183 2566/1089/2182 2554/1065/2170
f 2556/1067/2172 2568/1091/2184 2567/1090/2183 2555/1066/2171
f 2558/1080/2173 2570/1104/2185 2569/1105/2186 2557/1081/2174
f 2559/1082/2175 2571/1106/2187 2570/1104/2185 2558/1080/2173
f 2560/1083/2176 2572/1107/2188 2571/1106/2187 2559/1082/2175
f 2561/1084/2177 2573/1108/2189 2572/1107/2188 2560/1083/2176
f 2562/1085/2178 2574/1109/2190 2573/1108/2189 2561/1084/2177
f 2563/1086/2179 2575/1110/2191 2574/1109/2190 2562/1085/2178
f 2564/1087/2180 2576/1111/2192 2575/1110/2191 2563/1086/2179
f 2565/1088/2181 2577/1112/2193 2576/1111/2192 2564/1087/2180
f 2566/1089/2182 2578/1113/2194 2577/1112/2193 2565/1088/2181
f 2567/1090/2183 2579/1114/2195 2578/1113/2194 2566/1089/2182
f 2568/1091/2184 2580/1115/2196 2579/1114/2195 2567/1090/2183
f 2570/1104/2185 2582/1128/2197 2581/1129/2198 2569/1105/2186
f 2571/1106/2187 2583/1130/2199 2582/1128/2197 2570/1104/2185
f 2572/1107/2188 2584/1131/2200 2583/1130/2199 2571/1106/2187
f 2573/1108/2189 2585/1132/2201 2584/1131/2200 2572/1107/2188
f 2574/1109/2190 2586/1133/2202 2585/1132/2201 2573/1108/2189
f 2575/1110/2191 2587/1134/2203 2586/1133/2202 2574/1109/2190
f 2576/1111/2192 2588/1135/2204 2587/1134/2203 2575/1110/2191
f 2577/1112/2193 2589/1136/2205 2588/1135/2204 2576/1111/2192
f 2578/1113/2194 2590/1137/2206 2589/1136/2205 2577/1112/2193
f 2579/1114/2195 2591/1138/2207 2590/1137/2206 2578/1113/2194
f 2580/1115/2196 2592/1139/2208 2591/1138/2207 2579/1114/2195
f 2582/1128/2197 2594/1152/2209 2593/1153/2210 2581/1129/2198
f 2583/1130/2199 2595/1154/2211 2594/1152/2209 2582/1128/2197
f 2584/1131/2200 2596/1155/2212 2595/1154/2211 2583/1130/2199
f 2585/1132/2201 2597/1156/2213 2596/1155/2212 2584/1131/2200
f 2586/1133/2202 2598/1157/2214 2597/1156/2213 2585/1132/2201
f 2587/1134/2203 2599/1158/2215 2598/1157/2214 2586/1133/2202
f 2588/1135/2204 2600/1159/2216 2599/1158/2215 2587/1134/2203
f 2589/1136/2205 2601/1160/2217 2600/1159/2216 2588/1135/2204
f 2590/1137/2206 2602/1161/2218 2601/1160/2217 2589/1136/2205
f 2591/1138/2207 2603/1162/2219 2602/1161/2218 2590/1137/2206
f 2592/1139/2208 2604/1163/2220 2603/1162/2219 2591/1138/2207
f 2594/1152/2209 2606/1176/2221 2605/1177/2222 2593/1153/2210
f 2595/1154/2211 2607/1178/2223 2606/1176/2221 2594/1152/2209
f 2596/1155/2212 2608/1179/2224 2607/1178/2223 2595/1154/2211
f 2597/1156/2213 2609/1180/2225 2608/1179/2224 2596/1155/2212
f 2598/1157/2214 2610/1181/2226 2609/1180/2225 2597/1156/2213
f 2599/1158/2215 2611/1182/2227 2610/1181/2226 2598/1157/2214
f 2600/1159/2216 2612/1183/2228 2611/1182/2227 2599/1158/2215
f 2601/1160/2217 2613/1184/2229 2612/1183/2228 2600/1159/2216
f 2602/1161/2218 2614/1185/2230 2613/1184/2229 2601/1160/2217
f 2603/1162/2219 2615/1186/2231 2614/1185/2230 2602/1161/2218
f 2604/1163/2220 2616/1187/2232 2615/1186/2231 2603/1162/2219
f 2606/1176/2221 2618/1200/2233 2617/1201/2234 2605/1177/2222
f 2607/1178/2223 2619/1202/2235 2618/1200/2233 2606/1176/2221
f 2608/1179/2224 2620/1203/2236 2619/1202/2235 2607/1178/2223
f 2609/1180/2225 2621/1204/2237 2620/1203/2236 2608/1179/2224
f 2610/1181/2226 2622/1205/2238 2621/1204/2237 2609/1180/2225
f 2611/1182/2227 2623/1206/2239 2622/1205/2238 2610/1181/2226
f 2612/1183/2228 2624/1207/2240 2623/1206/2239 2611/1182/2227
f 2613/1184/2229 2625/1208/2241 2624/1207/2240 2612/1183/2228
f 2614/1185/2230 2626/1209/2242 2625/1208/2241 2613/1184/2229
f 2615/1186/2231 2627/1210/2243 2626/1209/2242 2614/1185/2230
f 2616/1187/2232 2628/1211/2244 2627/1210/2243 2615/1186/2231
f 2618/1200/2233 2630/1224/2245 2629/1225/2246 2617/1201/2234
f 2619/1202/2235 2631/1226/2247 2630/1224/2245 2618/1200/2233
f 2620/1203/2236 2632/1227/2248 2631/1226/2247 2619/1202/2235
f 2621/1204/2237 2633/1228/2249 2632/1227/2248 2620/1203/2236
f 2622/1205/2238 2634/1229/2250 2633/1228/2249 2621/1204/2237
f 2623/1206/2239 2635/1230/2251 2634/1229/2250 2622/1205/2238
f 2624/1207/2240 2636/1231/2252 2635/1230/2251 2623/1206/2239
f 2625/1208/2241 2637/1232/2253 2636/1231/2252 2624/1207/2240
f 2626/1209/2242 2638/1233/2254 2637/1232/2253 2625/1208/2241
f 2627/1210/2243 2639/1234/2255 2638/1233/2254 2626/1209/2242
f 2628/1211/2244 2640/1235/2256 2639/1234/2255 2627/1210/2243
f 2630/1224/2245 2642/1248/2257 2641/1249/2258 2629/1225/2246
f 2631/1226/2247 2643/1250/2259 2642/1248/2257 2630/1224/2245
f 2632/1227/2248 2644/1251/2260 2643/1250/2259 2631/1226/2247
f 2633/1228/2249 2645/1252/2261 2644/1251/2260 2632/1227/2248
f 2634/1229/2250 2646/1253/2262 2645/1252/2261 2633/1228/2249
f 2635/1230/2251 2647/1254/2263 2646/1253/2262 2634/1229/2250
f 2636/1231/2252 2648/1255/2264 2647/1254/2263 2635/1230/2251
f 2637/1232/2253 2649/1256/2265 2648/1255/2264 2636/1231/2252
f 2638/1233/2254 2650/1257/2266 2649/1256/2265 2637/1232/2253
f 2639/1234/2255 2651/1258/2267 2650/1257/2266 2638/1233/2254
f 2640/1235/2256 2652/1259/2268 2651/1258/2267 2639/1234/2255
f 2642/1248/2257 2654/1272/2269 2653/1273/2270 2641/1249/2258
f 2643/1250/2259 2655/1274/2271 2654/1272/2269 2642/1248/2257
f 2644/1251/2260 2656/1275/2272 2655/1274/2271 2643/1250/2259
f 2645/1252/2261 2657/1276/2273 2656/1275/2272 2644/1251/2260
f 2646/1253/2262 2658/1277/2274 2657/1276/2273 2645/1252/2261
f 2647/1254/2263 2659/1278/2275 2658/1277/2274 2646/1253/2262
f 2648/1255/2264 2660/1279/2276 2659/1278/2275 2647/1254/2263
f 2649/1256/2265 2661/1280/2277 2660/1279/2276 2648/1255/2264
f 2650/1257/2266 2662/1281/2278 2661/1280/2277 2649/1256/2265
f 2651/1258/2267 2663/1282/2279 2662/1281/2278 2650/1257/2266
f 2652/1259/2268 2664/1283/2280 2663/1282/2279 2651/1258/2267
f 2654/1272/2269 2666/1296/2281 2665/1297/2282 2653/1273/2270
f 2655/1274/2271 2667/1298/2283 2666/1296/2281 2654/1272/2269
f 2656/1275/2272 2668/1299/2284 2667/1298/2283 2655/1274/2271
f 2657/1276/2273 2669/1300/2285 2668/1299/2284 2656/1275/2272
f 2658/1277/2274 2670/1301/2286 2669/1300/2285 2657/1276/2273
f 2659/1278/2275 2671/1302/2287 2670/1301/2286 2658/1277/2274
f 2660/1279/2276 2672/1303/2288 2671/1302/2287 2659/1278/2275
f 2661/1280/2277 2673/1304/2289 2672/1303/2288 2660/1279/2276
f 2662/1281/2278 2674/1305/2290 2673/1304/2289 2661/1280/2277
f 2663/1282/2279 2675/1306/2291 2674/1305/2290 2662/1281/2278
f 2664/1283/2280 2676/1307/2292 2675/1306/2291 2663/1282/2279
f 2666/1296/2281 2678/1320/2293 2677/1321/2294 2665/1297/2282
f 2667/1298/2283 2679/1322/2295 2678/1320/2293 2666/1296/2281
f 2668/1299/2284 2680/1323/2296 2679/1322/2295 2667/1298/2283
f 2669/1300/2285 2681/1324/2297 2680/1323/2296 2668/1299/2284
f 2670/1301/2286 2682/1325/2298 2681/1324/2297 2669/1300/2285
f 2671/1302/2287 2683/1326/2299 2682/1325/2298 2670/1301/2286
f 2672/1303/2288 2684/1327/2300 2683/1326/2299 2671/1302/2287
f 2673/1304/2289 2685/1328/2301 2684/1327/2300 2672/1303/2288
f 2674/1305/2290 2686/1329/2302 2685/1328/2301 2673/1304/2289
f 2675/1306/2291 2687/1330/2303 2686/1329/2302 2674/1305/2290
f 2676/1307/2292 2688/1331/2304 2687/1330/2303 2675/1306/2291
f 2678/1320/2293 2114/1344/1729 2113/106/1732 2677/1321/2294
f 2679/1322/2295 2115/1345/1733 2114/1344/1729 2678/1320/2293
f 2680/1323/2296 2116/1346/1735 2115/1345/1733 2679/1322/2295
f 2681/1324/2297 2117/1347/1737 2116/1346/1735 2680/1323/2296
f 2682/1325/2298 2118/1348/1739 2117/1347/1737 2681/1324/2297
f 2683/1326/2299 2119/1349/1741 2118/1348/1739 2682/1325/2298
f 2684/1327/2300 2120/1350/1743 2119/1349/1741 2683/1326/2299
f 2685/1328/2301 2121/1351/1745 2120/1350/1743 2684/1327/2300
f 2686/1329/2302 2122/1352/1747 2121/1351/1745 2685/1328/2301
f 2687/1330/2303 2123/1353/1749 2122/1352/1747 2686/1329/2302
f 2688/1331/2304 2124/1354/1751 2123/1353/1749 2687/1330/2303
