# Blender 4.1.1
# www.blender.org
mtllib Number_5.mtl
g Number_5_Number_5
v -0.057844 0.258062 0.050000
v -0.057844 0.087062 0.050000
v -0.020613 0.087148 0.050000
v 0.013999 0.083085 0.050000
v 0.045875 0.075140 0.050000
v 0.074897 0.063581 0.050000
v 0.100947 0.048674 0.050000
v 0.123907 0.030687 0.050000
v 0.143658 0.009888 0.050000
v 0.160082 -0.013457 0.050000
v 0.173063 -0.039079 0.050000
v 0.182480 -0.066711 0.050000
v 0.188218 -0.096087 0.050000
v 0.190156 -0.126938 0.050000
v 0.188232 -0.157696 0.050000
v 0.182596 -0.186836 0.050000
v 0.173453 -0.214157 0.050000
v 0.161008 -0.239457 0.050000
v 0.145466 -0.262534 0.050000
v 0.127031 -0.283188 0.050000
v 0.105909 -0.301217 0.050000
v 0.082304 -0.316419 0.050000
v 0.056422 -0.328594 0.050000
v 0.028466 -0.337540 0.050000
v -0.001357 -0.343055 0.050000
v -0.032844 -0.344938 0.050000
v -0.047358 -0.344685 0.050000
v -0.061455 -0.343910 0.050000
v -0.075219 -0.342594 0.050000
v -0.088733 -0.340716 0.050000
v -0.102080 -0.338254 0.050000
v -0.115344 -0.335188 0.050000
v -0.128608 -0.331497 0.050000
v -0.141955 -0.327160 0.050000
v -0.155469 -0.322157 0.050000
v -0.169233 -0.316466 0.050000
v -0.183330 -0.310066 0.050000
v -0.197844 -0.302938 0.050000
v -0.197844 -0.201938 0.050000
v -0.185574 -0.209854 0.050000
v -0.173265 -0.217100 0.050000
v -0.160922 -0.223672 0.050000
v -0.148548 -0.229568 0.050000
v -0.136146 -0.234782 0.050000
v -0.123719 -0.239313 0.050000
v -0.111272 -0.243156 0.050000
v -0.098807 -0.246308 0.050000
v -0.086328 -0.248766 0.050000
v -0.073839 -0.250526 0.050000
v -0.061343 -0.251584 0.050000
v -0.048844 -0.251938 0.050000
v -0.029894 -0.250797 0.050000
v -0.011663 -0.247480 0.050000
v 0.005672 -0.242141 0.050000
v 0.021934 -0.234938 0.050000
v 0.036946 -0.226027 0.050000
v 0.050531 -0.215563 0.050000
v 0.062512 -0.203704 0.050000
v 0.072711 -0.190605 0.050000
v 0.080953 -0.176422 0.050000
v 0.087059 -0.161313 0.050000
v 0.090852 -0.145433 0.050000
v 0.092156 -0.128938 0.050000
v 0.090318 -0.107613 0.050000
v 0.084869 -0.087341 0.050000
v 0.075906 -0.068422 0.050000
v 0.063527 -0.051160 0.050000
v 0.047828 -0.035856 0.050000
v 0.028906 -0.022813 0.050000
v 0.006860 -0.012332 0.050000
v -0.018214 -0.004716 0.050000
v -0.046219 -0.000266 0.050000
v -0.077057 0.000715 0.050000
v -0.110631 -0.002075 0.050000
v -0.146844 -0.008938 0.050000
v -0.146844 0.346062 0.050000
v 0.156156 0.346062 0.050000
v 0.156156 0.258062 0.050000
v -0.057844 0.258062 -0.050000
v -0.057844 0.087062 -0.050000
v -0.020613 0.087148 -0.050000
v 0.013999 0.083085 -0.050000
v 0.045875 0.075140 -0.050000
v 0.074897 0.063581 -0.050000
v 0.100947 0.048674 -0.050000
v 0.123907 0.030687 -0.050000
v 0.143658 0.009888 -0.050000
v 0.160082 -0.013457 -0.050000
v 0.173063 -0.039079 -0.050000
v 0.182480 -0.066711 -0.050000
v 0.188218 -0.096087 -0.050000
v 0.190156 -0.126938 -0.050000
v 0.188232 -0.157696 -0.050000
v 0.182596 -0.186836 -0.050000
v 0.173453 -0.214157 -0.050000
v 0.161008 -0.239457 -0.050000
v 0.145466 -0.262534 -0.050000
v 0.127031 -0.283188 -0.050000
v 0.105909 -0.301217 -0.050000
v 0.082304 -0.316419 -0.050000
v 0.056422 -0.328594 -0.050000
v 0.028466 -0.337540 -0.050000
v -0.001357 -0.343055 -0.050000
v -0.032844 -0.344938 -0.050000
v -0.047358 -0.344685 -0.050000
v -0.061455 -0.343910 -0.050000
v -0.075219 -0.342594 -0.050000
v -0.088733 -0.340716 -0.050000
v -0.102080 -0.338254 -0.050000
v -0.115344 -0.335188 -0.050000
v -0.128608 -0.331497 -0.050000
v -0.141955 -0.327160 -0.050000
v -0.155469 -0.322157 -0.050000
v -0.169233 -0.316466 -0.050000
v -0.183330 -0.310066 -0.050000
v -0.197844 -0.302938 -0.050000
v -0.197844 -0.201938 -0.050000
v -0.185574 -0.209854 -0.050000
v -0.173265 -0.217100 -0.050000
v -0.160922 -0.223672 -0.050000
v -0.148548 -0.229568 -0.050000
v -0.136146 -0.234782 -0.050000
v -0.123719 -0.239313 -0.050000
v -0.111272 -0.243156 -0.050000
v -0.098807 -0.246308 -0.050000
v -0.086328 -0.248766 -0.050000
v -0.073839 -0.250526 -0.050000
v -0.061343 -0.251584 -0.050000
v -0.048844 -0.251938 -0.050000
v -0.029894 -0.250797 -0.050000
v -0.011663 -0.247480 -0.050000
v 0.005672 -0.242141 -0.050000
v 0.021934 -0.234938 -0.050000
v 0.036946 -0.226027 -0.050000
v 0.050531 -0.215563 -0.050000
v 0.062512 -0.203704 -0.050000
v 0.072711 -0.190605 -0.050000
v 0.080953 -0.176422 -0.050000
v 0.087059 -0.161313 -0.050000
v 0.090852 -0.145433 -0.050000
v 0.092156 -0.128938 -0.050000
v 0.090318 -0.107613 -0.050000
v 0.084869 -0.087341 -0.050000
v 0.075906 -0.068422 -0.050000
v 0.063527 -0.051160 -0.050000
v 0.047828 -0.035856 -0.050000
v 0.028906 -0.022813 -0.050000
v 0.006860 -0.012332 -0.050000
v -0.018214 -0.004716 -0.050000
v -0.046219 -0.000266 -0.050000
v -0.077057 0.000715 -0.050000
v -0.110631 -0.002075 -0.050000
v -0.146844 -0.008938 -0.050000
v -0.146844 0.346062 -0.050000
v 0.156156 0.346062 -0.050000
v 0.156156 0.258062 -0.050000
v -0.057844 0.258062 -0.050000
v -0.054754 0.254972 -0.049511
v -0.051966 0.252184 -0.048090
v -0.049753 0.249972 -0.045878
v -0.048333 0.248551 -0.043090
v -0.047844 0.248062 -0.040000
v -0.047844 0.248062 0.040000
v -0.048333 0.248551 0.043090
v -0.049753 0.249972 0.045878
v -0.051966 0.252184 0.048090
v -0.054754 0.254972 0.049511
v -0.057844 0.258062 0.050000
v -0.057844 0.087062 -0.050000
v -0.054754 0.090159 -0.049511
v -0.051966 0.092953 -0.048090
v -0.049753 0.095171 -0.045878
v -0.048333 0.096595 -0.043090
v -0.047844 0.097085 -0.040000
v -0.047844 0.097085 0.040000
v -0.048333 0.096595 0.043090
v -0.049753 0.095171 0.045878
v -0.051966 0.092953 0.048090
v -0.054754 0.090159 0.049511
v -0.057844 0.087062 0.050000
v -0.020613 0.087148 -0.050000
v -0.020436 0.090239 -0.049511
v -0.020276 0.093027 -0.048090
v -0.020149 0.095239 -0.045878
v -0.020068 0.096660 -0.043090
v -0.020040 0.097150 -0.040000
v -0.020040 0.097150 0.040000
v -0.020068 0.096660 0.043090
v -0.020149 0.095239 0.045878
v -0.020276 0.093027 0.048090
v -0.020436 0.090239 0.049511
v -0.020613 0.087148 0.050000
v 0.013999 0.083085 -0.050000
v 0.014555 0.086131 -0.049511
v 0.015057 0.088879 -0.048090
v 0.015455 0.091060 -0.045878
v 0.015711 0.092460 -0.043090
v 0.015799 0.092943 -0.040000
v 0.015799 0.092943 0.040000
v 0.015711 0.092460 0.043090
v 0.015455 0.091060 0.045878
v 0.015057 0.088879 0.048090
v 0.014555 0.086131 0.049511
v 0.013999 0.083085 0.050000
v 0.045875 0.075140 -0.050000
v 0.046825 0.078088 -0.049511
v 0.047682 0.080748 -0.048090
v 0.048362 0.082858 -0.045878
v 0.048798 0.084213 -0.043090
v 0.048949 0.084680 -0.040000
v 0.048949 0.084680 0.040000
v 0.048798 0.084213 0.043090
v 0.048362 0.082858 0.045878
v 0.047682 0.080748 0.048090
v 0.046825 0.078088 0.049511
v 0.045875 0.075140 0.050000
v 0.074897 0.063581 -0.050000
v 0.076243 0.066371 -0.049511
v 0.077457 0.068888 -0.048090
v 0.078421 0.070885 -0.045878
v 0.079039 0.072168 -0.043090
v 0.079252 0.072610 -0.040000
v 0.079252 0.072610 0.040000
v 0.079039 0.072168 0.043090
v 0.078421 0.070885 0.045878
v 0.077457 0.068888 0.048090
v 0.076243 0.066371 0.049511
v 0.074897 0.063581 0.050000
v 0.100947 0.048674 -0.050000
v 0.102676 0.051244 -0.049511
v 0.104236 0.053564 -0.048090
v 0.105474 0.055404 -0.045878
v 0.106269 0.056586 -0.043090
v 0.106543 0.056993 -0.040000
v 0.106543 0.056993 0.040000
v 0.106269 0.056586 0.043090
v 0.105474 0.055404 0.045878
v 0.104236 0.053564 0.048090
v 0.102676 0.051244 0.049511
v 0.100947 0.048674 0.050000
v 0.123907 0.030687 -0.050000
v 0.125991 0.032980 -0.049511
v 0.127871 0.035048 -0.048090
v 0.129364 0.036689 -0.045878
v 0.130322 0.037743 -0.043090
v 0.130652 0.038106 -0.040000
v 0.130652 0.038106 0.040000
v 0.130322 0.037743 0.043090
v 0.129364 0.036689 0.045878
v 0.127871 0.035048 0.048090
v 0.125991 0.032980 0.049511
v 0.123907 0.030687 0.050000
v 0.143658 0.009888 -0.050000
v 0.146054 0.011851 -0.049511
v 0.148217 0.013623 -0.048090
v 0.149933 0.015028 -0.045878
v 0.151035 0.015931 -0.043090
v 0.151414 0.016242 -0.040000
v 0.151414 0.016242 0.040000
v 0.151035 0.015931 0.043090
v 0.149933 0.015028 0.045878
v 0.148217 0.013623 0.048090
v 0.146054 0.011851 0.049511
v 0.143658 0.009888 0.050000
v 0.160082 -0.013457 -0.050000
v 0.162738 -0.011861 -0.049511
v 0.165134 -0.010421 -0.048090
v 0.167035 -0.009279 -0.045878
v 0.168256 -0.008546 -0.043090
v 0.168677 -0.008293 -0.040000
v 0.168677 -0.008293 0.040000
v 0.168256 -0.008546 0.043090
v 0.167035 -0.009279 0.045878
v 0.165134 -0.010421 0.048090
v 0.162738 -0.011861 0.049511
v 0.160082 -0.013457 0.050000
v 0.173063 -0.039079 -0.050000
v 0.175917 -0.037876 -0.049511
v 0.178493 -0.036791 -0.048090
v 0.180536 -0.035930 -0.045878
v 0.181849 -0.035377 -0.043090
v 0.182301 -0.035187 -0.040000
v 0.182301 -0.035187 0.040000
v 0.181849 -0.035377 0.043090
v 0.180536 -0.035930 0.045878
v 0.178493 -0.036791 0.048090
v 0.175917 -0.037876 0.049511
v 0.173063 -0.039079 0.050000
v 0.182480 -0.066711 -0.050000
v 0.185473 -0.065913 -0.049511
v 0.188173 -0.065193 -0.048090
v 0.190315 -0.064621 -0.045878
v 0.191691 -0.064254 -0.043090
v 0.192165 -0.064128 -0.040000
v 0.192165 -0.064128 0.040000
v 0.191691 -0.064254 0.043090
v 0.190315 -0.064621 0.045878
v 0.188173 -0.065193 0.048090
v 0.185473 -0.065913 0.049511
v 0.182480 -0.066711 0.050000
v 0.188218 -0.096087 -0.050000
v 0.191289 -0.095692 -0.049511
v 0.194060 -0.095336 -0.048090
v 0.196259 -0.095053 -0.045878
v 0.197671 -0.094872 -0.043090
v 0.198157 -0.094809 -0.040000
v 0.198157 -0.094809 0.040000
v 0.197671 -0.094872 0.043090
v 0.196259 -0.095053 0.045878
v 0.194060 -0.095336 0.048090
v 0.191289 -0.095692 0.049511
v 0.188218 -0.096087 0.050000
v 0.190156 -0.126938 -0.050000
v 0.193253 -0.126938 -0.049511
v 0.196046 -0.126937 -0.048090
v 0.198262 -0.126937 -0.045878
v 0.199686 -0.126937 -0.043090
v 0.200176 -0.126937 -0.040000
v 0.200176 -0.126937 0.040000
v 0.199686 -0.126937 0.043090
v 0.198262 -0.126937 0.045878
v 0.196046 -0.126937 0.048090
v 0.193253 -0.126938 0.049511
v 0.190156 -0.126938 0.050000
v 0.188232 -0.157696 -0.050000
v 0.191304 -0.158088 -0.049511
v 0.194075 -0.158441 -0.048090
v 0.196274 -0.158721 -0.045878
v 0.197686 -0.158901 -0.043090
v 0.198172 -0.158963 -0.040000
v 0.198172 -0.158963 0.040000
v 0.197686 -0.158901 0.043090
v 0.196274 -0.158721 0.045878
v 0.194075 -0.158441 0.048090
v 0.191304 -0.158088 0.049511
v 0.188232 -0.157696 0.050000
v 0.182596 -0.186836 -0.050000
v 0.185591 -0.187623 -0.049511
v 0.188293 -0.188333 -0.048090
v 0.190438 -0.188897 -0.045878
v 0.191814 -0.189259 -0.043090
v 0.192289 -0.189383 -0.040000
v 0.192289 -0.189383 0.040000
v 0.191814 -0.189259 0.043090
v 0.190438 -0.188897 0.045878
v 0.188293 -0.188333 0.048090
v 0.185591 -0.187623 0.049511
v 0.182596 -0.186836 0.050000
v 0.173453 -0.214157 -0.050000
v 0.176318 -0.215334 -0.049511
v 0.178902 -0.216397 -0.048090
v 0.180953 -0.217240 -0.045878
v 0.182269 -0.217781 -0.043090
v 0.182723 -0.217968 -0.040000
v 0.182723 -0.217968 0.040000
v 0.182269 -0.217781 0.043090
v 0.180953 -0.217240 0.045878
v 0.178902 -0.216397 0.048090
v 0.176318 -0.215334 0.049511
v 0.173453 -0.214157 0.050000
v 0.161008 -0.239457 -0.050000
v 0.163688 -0.241009 -0.049511
v 0.166106 -0.242409 -0.048090
v 0.168025 -0.243520 -0.045878
v 0.169257 -0.244234 -0.043090
v 0.169682 -0.244480 -0.040000
v 0.169682 -0.244480 0.040000
v 0.169257 -0.244234 0.043090
v 0.168025 -0.243520 0.045878
v 0.166106 -0.242409 0.048090
v 0.163688 -0.241009 0.049511
v 0.161008 -0.239457 0.050000
v 0.145466 -0.262534 -0.050000
v 0.147911 -0.264435 -0.049511
v 0.150118 -0.266149 -0.048090
v 0.151868 -0.267510 -0.045878
v 0.152992 -0.268384 -0.043090
v 0.153380 -0.268685 -0.040000
v 0.153380 -0.268685 0.040000
v 0.152992 -0.268384 0.043090
v 0.151868 -0.267510 0.045878
v 0.150118 -0.266149 0.048090
v 0.147911 -0.264435 0.049511
v 0.145466 -0.262534 0.050000
v 0.127031 -0.283188 -0.050000
v 0.129197 -0.285402 -0.049511
v 0.131151 -0.287400 -0.048090
v 0.132701 -0.288985 -0.045878
v 0.133697 -0.290003 -0.043090
v 0.134040 -0.290353 -0.040000
v 0.134040 -0.290353 0.040000
v 0.133697 -0.290003 0.043090
v 0.132701 -0.288985 0.045878
v 0.131151 -0.287400 0.048090
v 0.129197 -0.285402 0.049511
v 0.127031 -0.283188 0.050000
v 0.105909 -0.301217 -0.050000
v 0.107757 -0.303702 -0.049511
v 0.109424 -0.305944 -0.048090
v 0.110747 -0.307724 -0.045878
v 0.111597 -0.308866 -0.043090
v 0.111889 -0.309260 -0.040000
v 0.111889 -0.309260 0.040000
v 0.111597 -0.308866 0.043090
v 0.110747 -0.307724 0.045878
v 0.109424 -0.305944 0.048090
v 0.107757 -0.303702 0.049511
v 0.105909 -0.301217 0.050000
v 0.082304 -0.316419 -0.050000
v 0.083805 -0.319128 -0.049511
v 0.085159 -0.321572 -0.048090
v 0.086234 -0.323512 -0.045878
v 0.086924 -0.324757 -0.043090
v 0.087161 -0.325186 -0.040000
v 0.087161 -0.325186 0.040000
v 0.086924 -0.324757 0.043090
v 0.086234 -0.323512 0.045878
v 0.085159 -0.321572 0.048090
v 0.083805 -0.319128 0.049511
v 0.082304 -0.316419 0.050000
v 0.056422 -0.328594 -0.050000
v 0.057555 -0.331476 -0.049511
v 0.058578 -0.334076 -0.048090
v 0.059389 -0.336139 -0.045878
v 0.059910 -0.337464 -0.043090
v 0.060090 -0.337920 -0.040000
v 0.060090 -0.337920 0.040000
v 0.059910 -0.337464 0.043090
v 0.059389 -0.336139 0.045878
v 0.058578 -0.334076 0.048090
v 0.057555 -0.331476 0.049511
v 0.056422 -0.328594 0.050000
v 0.028466 -0.337540 -0.050000
v 0.029221 -0.340543 -0.049511
v 0.029902 -0.343252 -0.048090
v 0.030443 -0.345402 -0.045878
v 0.030790 -0.346782 -0.043090
v 0.030909 -0.347258 -0.040000
v 0.030909 -0.347258 0.040000
v 0.030790 -0.346782 0.043090
v 0.030443 -0.345402 0.045878
v 0.029902 -0.343252 0.048090
v 0.029221 -0.340543 0.049511
v 0.028466 -0.337540 0.050000
v -0.001357 -0.343055 -0.050000
v -0.000983 -0.346128 -0.049511
v -0.000644 -0.348901 -0.048090
v -0.000376 -0.351101 -0.045878
v -0.000204 -0.352514 -0.043090
v -0.000145 -0.353000 -0.040000
v -0.000145 -0.353000 0.040000
v -0.000204 -0.352514 0.043090
v -0.000376 -0.351101 0.045878
v -0.000644 -0.348901 0.048090
v -0.000983 -0.346128 0.049511
v -0.001357 -0.343055 0.050000
v -0.032844 -0.344938 -0.050000
v -0.032779 -0.348030 -0.049511
v -0.032720 -0.350819 -0.048090
v -0.032673 -0.353032 -0.045878
v -0.032643 -0.354454 -0.043090
v -0.032632 -0.354943 -0.040000
v -0.032632 -0.354943 0.040000
v -0.032643 -0.354454 0.043090
v -0.032673 -0.353032 0.045878
v -0.032720 -0.350819 0.048090
v -0.032779 -0.348030 0.049511
v -0.032844 -0.344938 0.050000
v -0.047358 -0.344685 -0.050000
v -0.047470 -0.347773 -0.049511
v -0.047570 -0.350560 -0.048090
v -0.047650 -0.352771 -0.045878
v -0.047702 -0.354191 -0.043090
v -0.047720 -0.354680 -0.040000
v -0.047720 -0.354680 0.040000
v -0.047702 -0.354191 0.043090
v -0.047650 -0.352771 0.045878
v -0.047570 -0.350560 0.048090
v -0.047470 -0.347773 0.049511
v -0.047358 -0.344685 0.050000
v -0.061455 -0.343910 -0.050000
v -0.061687 -0.346992 -0.049511
v -0.061896 -0.349773 -0.048090
v -0.062062 -0.351979 -0.045878
v -0.062169 -0.353396 -0.043090
v -0.062205 -0.353884 -0.040000
v -0.062205 -0.353884 0.040000
v -0.062169 -0.353396 0.043090
v -0.062062 -0.351979 0.045878
v -0.061896 -0.349773 0.048090
v -0.061687 -0.346992 0.049511
v -0.061455 -0.343910 0.050000
v -0.075219 -0.342594 -0.050000
v -0.075579 -0.345664 -0.049511
v -0.075904 -0.348433 -0.048090
v -0.076161 -0.350631 -0.045878
v -0.076327 -0.352042 -0.043090
v -0.076384 -0.352528 -0.040000
v -0.076384 -0.352528 0.040000
v -0.076327 -0.352042 0.043090
v -0.076161 -0.350631 0.045878
v -0.075904 -0.348433 0.048090
v -0.075579 -0.345664 0.049511
v -0.075219 -0.342594 0.050000
v -0.088733 -0.340716 -0.050000
v -0.089226 -0.343767 -0.049511
v -0.089671 -0.346520 -0.048090
v -0.090024 -0.348704 -0.045878
v -0.090251 -0.350107 -0.043090
v -0.090329 -0.350590 -0.040000
v -0.090329 -0.350590 0.040000
v -0.090251 -0.350107 0.043090
v -0.090024 -0.348704 0.045878
v -0.089671 -0.346520 0.048090
v -0.089226 -0.343767 0.049511
v -0.088733 -0.340716 0.050000
v -0.102080 -0.338254 -0.050000
v -0.102708 -0.341280 -0.049511
v -0.103276 -0.344010 -0.048090
v -0.103725 -0.346177 -0.045878
v -0.104014 -0.347568 -0.043090
v -0.104114 -0.348047 -0.040000
v -0.104114 -0.348047 0.040000
v -0.104014 -0.347568 0.043090
v -0.103725 -0.346177 0.045878
v -0.103276 -0.344010 0.048090
v -0.102708 -0.341280 0.049511
v -0.102080 -0.338254 0.050000
v -0.115344 -0.335188 -0.050000
v -0.116106 -0.338183 -0.049511
v -0.116794 -0.340886 -0.048090
v -0.117340 -0.343030 -0.045878
v -0.117691 -0.344407 -0.043090
v -0.117811 -0.344881 -0.040000
v -0.117811 -0.344881 0.040000
v -0.117691 -0.344407 0.043090
v -0.117340 -0.343030 0.045878
v -0.116794 -0.340886 0.048090
v -0.116106 -0.338183 0.049511
v -0.115344 -0.335188 0.050000
v -0.128608 -0.331497 -0.050000
v -0.129500 -0.334456 -0.049511
v -0.130305 -0.337126 -0.048090
v -0.130943 -0.339245 -0.045878
v -0.131353 -0.340605 -0.043090
v -0.131495 -0.341074 -0.040000
v -0.131495 -0.341074 0.040000
v -0.131353 -0.340605 0.043090
v -0.130943 -0.339245 0.045878
v -0.130305 -0.337126 0.048090
v -0.129500 -0.334456 0.049511
v -0.128608 -0.331497 0.050000
v -0.141955 -0.327160 -0.050000
v -0.142969 -0.330080 -0.049511
v -0.143884 -0.332714 -0.048090
v -0.144610 -0.334804 -0.045878
v -0.145077 -0.336146 -0.043090
v -0.145237 -0.336608 -0.040000
v -0.145237 -0.336608 0.040000
v -0.145077 -0.336146 0.043090
v -0.144610 -0.334804 0.045878
v -0.143884 -0.332714 0.048090
v -0.142969 -0.330080 0.049511
v -0.141955 -0.327160 0.050000
v -0.155469 -0.322157 -0.050000
v -0.156596 -0.325035 -0.049511
v -0.157613 -0.327631 -0.048090
v -0.158420 -0.329691 -0.045878
v -0.158938 -0.331014 -0.043090
v -0.159117 -0.331470 -0.040000
v -0.159117 -0.331470 0.040000
v -0.158938 -0.331014 0.043090
v -0.158420 -0.329691 0.045878
v -0.157613 -0.327631 0.048090
v -0.156596 -0.325035 0.049511
v -0.155469 -0.322157 0.050000
v -0.169233 -0.316466 -0.050000
v -0.170462 -0.319301 -0.049511
v -0.171571 -0.321859 -0.048090
v -0.172451 -0.323889 -0.045878
v -0.173016 -0.325193 -0.043090
v -0.173211 -0.325642 -0.040000
v -0.173211 -0.325642 0.040000
v -0.173016 -0.325193 0.043090
v -0.172451 -0.323889 0.045878
v -0.171571 -0.321859 0.048090
v -0.170462 -0.319301 0.049511
v -0.169233 -0.316466 0.050000
v -0.183330 -0.310066 -0.050000
v -0.184650 -0.312861 -0.049511
v -0.185841 -0.315382 -0.048090
v -0.186786 -0.317382 -0.045878
v -0.187393 -0.318667 -0.043090
v -0.187602 -0.319109 -0.040000
v -0.187602 -0.319109 0.040000
v -0.187393 -0.318667 0.043090
v -0.186786 -0.317382 0.045878
v -0.185841 -0.315382 0.048090
v -0.184650 -0.312861 0.049511
v -0.183330 -0.310066 0.050000
v -0.197844 -0.302938 -0.050000
v -0.200934 -0.304863 -0.049511
v -0.203722 -0.306600 -0.048090
v -0.205934 -0.307978 -0.045878
v -0.207354 -0.308863 -0.043090
v -0.207844 -0.309168 -0.040000
v -0.207844 -0.309168 0.040000
v -0.207354 -0.308863 0.043090
v -0.205934 -0.307978 0.045878
v -0.203722 -0.306600 0.048090
v -0.200934 -0.304863 0.049511
v -0.197844 -0.302938 0.050000
v -0.197844 -0.201938 -0.050000
v -0.200934 -0.196267 -0.049511
v -0.203722 -0.191151 -0.048090
v -0.205934 -0.187091 -0.045878
v -0.207354 -0.184484 -0.043090
v -0.207844 -0.183586 -0.040000
v -0.207844 -0.183586 0.040000
v -0.207354 -0.184484 0.043090
v -0.205934 -0.187091 0.045878
v -0.203722 -0.191151 0.048090
v -0.200934 -0.196267 0.049511
v -0.197844 -0.201938 0.050000
v -0.185574 -0.209854 -0.050000
v -0.183952 -0.207223 -0.049511
v -0.182488 -0.204850 -0.048090
v -0.181327 -0.202966 -0.045878
v -0.180581 -0.201757 -0.043090
v -0.180324 -0.201340 -0.040000
v -0.180324 -0.201340 0.040000
v -0.180581 -0.201757 0.043090
v -0.181327 -0.202966 0.045878
v -0.182488 -0.204850 0.048090
v -0.183952 -0.207223 0.049511
v -0.185574 -0.209854 0.050000
v -0.173265 -0.217100 -0.050000
v -0.171755 -0.214404 -0.049511
v -0.170392 -0.211971 -0.048090
v -0.169310 -0.210040 -0.045878
v -0.168616 -0.208801 -0.043090
v -0.168377 -0.208374 -0.040000
v -0.168377 -0.208374 0.040000
v -0.168616 -0.208801 0.043090
v -0.169310 -0.210040 0.045878
v -0.170392 -0.211971 0.048090
v -0.171755 -0.214404 0.049511
v -0.173265 -0.217100 0.050000
v -0.160922 -0.223672 -0.050000
v -0.159531 -0.220912 -0.049511
v -0.158276 -0.218422 -0.048090
v -0.157280 -0.216446 -0.045878
v -0.156640 -0.215178 -0.043090
v -0.156420 -0.214741 -0.040000
v -0.156420 -0.214741 0.040000
v -0.156640 -0.215178 0.043090
v -0.157280 -0.216446 0.045878
v -0.158276 -0.218422 0.048090
v -0.159531 -0.220912 0.049511
v -0.160922 -0.223672 0.050000
v -0.148548 -0.229568 -0.050000
v -0.147284 -0.226747 -0.049511
v -0.146143 -0.224202 -0.048090
v -0.145238 -0.222183 -0.045878
v -0.144657 -0.220886 -0.043090
v -0.144457 -0.220440 -0.040000
v -0.144457 -0.220440 0.040000
v -0.144657 -0.220886 0.043090
v -0.145238 -0.222183 0.045878
v -0.146143 -0.224202 0.048090
v -0.147284 -0.226747 0.049511
v -0.148548 -0.229568 0.050000
v -0.136146 -0.234782 -0.050000
v -0.135017 -0.231905 -0.049511
v -0.133999 -0.229309 -0.048090
v -0.133190 -0.227249 -0.045878
v -0.132672 -0.225926 -0.043090
v -0.132493 -0.225470 -0.040000
v -0.132493 -0.225470 0.040000
v -0.132672 -0.225926 0.043090
v -0.133190 -0.227249 0.045878
v -0.133999 -0.229309 0.048090
v -0.135017 -0.231905 0.049511
v -0.136146 -0.234782 0.050000
v -0.123719 -0.239313 -0.050000
v -0.122733 -0.236383 -0.049511
v -0.121844 -0.233740 -0.048090
v -0.121138 -0.231643 -0.045878
v -0.120685 -0.230296 -0.043090
v -0.120529 -0.229832 -0.040000
v -0.120529 -0.229832 0.040000
v -0.120685 -0.230296 0.043090
v -0.121138 -0.231643 0.045878
v -0.121844 -0.233740 0.048090
v -0.122733 -0.236383 0.049511
v -0.123719 -0.239313 0.050000
v -0.111272 -0.243156 -0.050000
v -0.110436 -0.240180 -0.049511
v -0.109683 -0.237495 -0.048090
v -0.109085 -0.235364 -0.045878
v -0.108701 -0.233996 -0.043090
v -0.108569 -0.233525 -0.040000
v -0.108569 -0.233525 0.040000
v -0.108701 -0.233996 0.043090
v -0.109085 -0.235364 0.045878
v -0.109683 -0.237495 0.048090
v -0.110436 -0.240180 0.049511
v -0.111272 -0.243156 0.050000
v -0.098807 -0.246308 -0.050000
v -0.098129 -0.243292 -0.049511
v -0.097518 -0.240572 -0.048090
v -0.097032 -0.238412 -0.045878
v -0.096721 -0.237026 -0.043090
v -0.096613 -0.236548 -0.040000
v -0.096613 -0.236548 0.040000
v -0.096721 -0.237026 0.043090
v -0.097032 -0.238412 0.045878
v -0.097518 -0.240572 0.048090
v -0.098129 -0.243292 0.049511
v -0.098807 -0.246308 0.050000
v -0.086328 -0.248766 -0.050000
v -0.085814 -0.245718 -0.049511
v -0.085350 -0.242968 -0.048090
v -0.084981 -0.240786 -0.045878
v -0.084745 -0.239385 -0.043090
v -0.084663 -0.238902 -0.040000
v -0.084663 -0.238902 0.040000
v -0.084745 -0.239385 0.043090
v -0.084981 -0.240786 0.045878
v -0.085350 -0.242968 0.048090
v -0.085814 -0.245718 0.049511
v -0.086328 -0.248766 0.050000
v -0.073839 -0.250526 -0.050000
v -0.073493 -0.247454 -0.049511
v -0.073181 -0.244683 -0.048090
v -0.072933 -0.242484 -0.045878
v -0.072773 -0.241072 -0.043090
v -0.072719 -0.240585 -0.040000
v -0.072719 -0.240585 0.040000
v -0.072773 -0.241072 0.043090
v -0.072933 -0.242484 0.045878
v -0.073181 -0.244683 0.048090
v -0.073493 -0.247454 0.049511
v -0.073839 -0.250526 0.050000
v -0.061343 -0.251584 -0.050000
v -0.061169 -0.248498 -0.049511
v -0.061012 -0.245714 -0.048090
v -0.060887 -0.243504 -0.045878
v -0.060807 -0.242085 -0.043090
v -0.060779 -0.241596 -0.040000
v -0.060779 -0.241596 0.040000
v -0.060807 -0.242085 0.043090
v -0.060887 -0.243504 0.045878
v -0.061012 -0.245714 0.048090
v -0.061169 -0.248498 0.049511
v -0.061343 -0.251584 0.050000
v -0.048844 -0.251938 -0.050000
v -0.048893 -0.248845 -0.049511
v -0.048937 -0.246055 -0.048090
v -0.048973 -0.243841 -0.045878
v -0.048995 -0.242419 -0.043090
v -0.049003 -0.241929 -0.040000
v -0.049003 -0.241929 0.040000
v -0.048995 -0.242419 0.043090
v -0.048973 -0.243841 0.045878
v -0.048937 -0.246055 0.048090
v -0.048893 -0.248845 0.049511
v -0.048844 -0.251938 0.050000
v -0.029894 -0.250797 -0.050000
v -0.030265 -0.247724 -0.049511
v -0.030599 -0.244951 -0.048090
v -0.030865 -0.242751 -0.045878
v -0.031035 -0.241338 -0.043090
v -0.031094 -0.240851 -0.040000
v -0.031094 -0.240851 0.040000
v -0.031035 -0.241338 0.043090
v -0.030865 -0.242751 0.045878
v -0.030599 -0.244951 0.048090
v -0.030265 -0.247724 0.049511
v -0.029894 -0.250797 0.050000
v -0.011663 -0.247480 -0.050000
v -0.012397 -0.244472 -0.049511
v -0.013059 -0.241759 -0.048090
v -0.013585 -0.239606 -0.045878
v -0.013922 -0.238224 -0.043090
v -0.014038 -0.237748 -0.040000
v -0.014038 -0.237748 0.040000
v -0.013922 -0.238224 0.043090
v -0.013585 -0.239606 0.045878
v -0.013059 -0.241759 0.048090
v -0.012397 -0.244472 0.049511
v -0.011663 -0.247480 0.050000
v 0.005672 -0.242141 -0.050000
v 0.004588 -0.239242 -0.049511
v 0.003610 -0.236626 -0.048090
v 0.002833 -0.234550 -0.045878
v 0.002335 -0.233217 -0.043090
v 0.002163 -0.232758 -0.040000
v 0.002163 -0.232758 0.040000
v 0.002335 -0.233217 0.043090
v 0.002833 -0.234550 0.045878
v 0.003610 -0.236626 0.048090
v 0.004588 -0.239242 0.049511
v 0.005672 -0.242141 0.050000
v 0.021934 -0.234938 -0.050000
v 0.020514 -0.232187 -0.049511
v 0.019234 -0.229705 -0.048090
v 0.018218 -0.227736 -0.045878
v 0.017565 -0.226471 -0.043090
v 0.017341 -0.226036 -0.040000
v 0.017341 -0.226036 0.040000
v 0.017565 -0.226471 0.043090
v 0.018218 -0.227736 0.045878
v 0.019234 -0.229705 0.048090
v 0.020514 -0.232187 0.049511
v 0.021934 -0.234938 0.050000
v 0.036946 -0.226027 -0.050000
v 0.035208 -0.223465 -0.049511
v 0.033641 -0.221153 -0.048090
v 0.032396 -0.219319 -0.045878
v 0.031598 -0.218141 -0.043090
v 0.031322 -0.217736 -0.040000
v 0.031322 -0.217736 0.040000
v 0.031598 -0.218141 0.043090
v 0.032396 -0.219319 0.045878
v 0.033641 -0.221153 0.048090
v 0.035208 -0.223465 0.049511
v 0.036946 -0.226027 0.050000
v 0.050531 -0.215563 -0.050000
v 0.048494 -0.213232 -0.049511
v 0.046655 -0.211129 -0.048090
v 0.045197 -0.209460 -0.045878
v 0.044260 -0.208389 -0.043090
v 0.043937 -0.208019 -0.040000
v 0.043937 -0.208019 0.040000
v 0.044260 -0.208389 0.043090
v 0.045197 -0.209460 0.045878
v 0.046655 -0.211129 0.048090
v 0.048494 -0.213232 0.049511
v 0.050531 -0.215563 0.050000
v 0.062512 -0.203704 -0.050000
v 0.060196 -0.201648 -0.049511
v 0.058107 -0.199793 -0.048090
v 0.056449 -0.198321 -0.045878
v 0.055385 -0.197376 -0.043090
v 0.055018 -0.197051 -0.040000
v 0.055018 -0.197051 0.040000
v 0.055385 -0.197376 0.043090
v 0.056449 -0.198321 0.045878
v 0.058107 -0.199793 0.048090
v 0.060196 -0.201648 0.049511
v 0.062512 -0.203704 0.050000
v 0.072711 -0.190605 -0.050000
v 0.070145 -0.188871 -0.049511
v 0.067829 -0.187307 -0.048090
v 0.065992 -0.186066 -0.045878
v 0.064812 -0.185270 -0.043090
v 0.064405 -0.184995 -0.040000
v 0.064405 -0.184995 0.040000
v 0.064812 -0.185270 0.043090
v 0.065992 -0.186066 0.045878
v 0.067829 -0.187307 0.048090
v 0.070145 -0.188871 0.049511
v 0.072711 -0.190605 0.050000
v 0.080953 -0.176422 -0.050000
v 0.078170 -0.175060 -0.049511
v 0.075660 -0.173832 -0.048090
v 0.073668 -0.172856 -0.045878
v 0.072389 -0.172230 -0.043090
v 0.071948 -0.172015 -0.040000
v 0.071948 -0.172015 0.040000
v 0.072389 -0.172230 0.043090
v 0.073668 -0.172856 0.045878
v 0.075660 -0.173832 0.048090
v 0.078170 -0.175060 0.049511
v 0.080953 -0.176422 0.050000
v 0.087059 -0.161313 -0.050000
v 0.084107 -0.160370 -0.049511
v 0.081444 -0.159519 -0.048090
v 0.079331 -0.158844 -0.045878
v 0.077974 -0.158410 -0.043090
v 0.077507 -0.158261 -0.040000
v 0.077507 -0.158261 0.040000
v 0.077974 -0.158410 0.043090
v 0.079331 -0.158844 0.045878
v 0.081444 -0.159519 0.048090
v 0.084107 -0.160370 0.049511
v 0.087059 -0.161313 0.050000
v 0.090852 -0.145433 -0.050000
v 0.087791 -0.144949 -0.049511
v 0.085029 -0.144513 -0.048090
v 0.082837 -0.144167 -0.045878
v 0.081430 -0.143944 -0.043090
v 0.080945 -0.143868 -0.040000
v 0.080945 -0.143868 0.040000
v 0.081430 -0.143944 0.043090
v 0.082837 -0.144167 0.045878
v 0.085029 -0.144513 0.048090
v 0.087791 -0.144949 0.049511
v 0.090852 -0.145433 0.050000
v 0.092156 -0.128938 -0.050000
v 0.089056 -0.128949 -0.049511
v 0.086258 -0.128959 -0.048090
v 0.084038 -0.128967 -0.045878
v 0.082613 -0.128972 -0.043090
v 0.082122 -0.128974 -0.040000
v 0.082122 -0.128974 0.040000
v 0.082613 -0.128972 0.043090
v 0.084038 -0.128967 0.045878
v 0.086258 -0.128959 0.048090
v 0.089056 -0.128949 0.049511
v 0.092156 -0.128938 0.050000
v 0.090318 -0.107613 -0.050000
v 0.087263 -0.108151 -0.049511
v 0.084507 -0.108637 -0.048090
v 0.082320 -0.109022 -0.045878
v 0.080915 -0.109269 -0.043090
v 0.080431 -0.109354 -0.040000
v 0.080431 -0.109354 0.040000
v 0.080915 -0.109269 0.043090
v 0.082320 -0.109022 0.045878
v 0.084507 -0.108637 0.048090
v 0.087263 -0.108151 0.049511
v 0.090318 -0.107613 0.050000
v 0.084869 -0.087341 -0.050000
v 0.081958 -0.088412 -0.049511
v 0.079331 -0.089378 -0.048090
v 0.077246 -0.090145 -0.045878
v 0.075907 -0.090638 -0.043090
v 0.075446 -0.090807 -0.040000
v 0.075446 -0.090807 0.040000
v 0.075907 -0.090638 0.043090
v 0.077246 -0.090145 0.045878
v 0.079331 -0.089378 0.048090
v 0.081958 -0.088412 0.049511
v 0.084869 -0.087341 0.050000
v 0.075906 -0.068422 -0.050000
v 0.073233 -0.069997 -0.049511
v 0.070821 -0.071418 -0.048090
v 0.068907 -0.072545 -0.045878
v 0.067679 -0.073269 -0.043090
v 0.067255 -0.073518 -0.040000
v 0.067255 -0.073518 0.040000
v 0.067679 -0.073269 0.043090
v 0.068907 -0.072545 0.045878
v 0.070821 -0.071418 0.048090
v 0.073233 -0.069997 0.049511
v 0.075906 -0.068422 0.050000
v 0.063527 -0.051160 -0.050000
v 0.061175 -0.053183 -0.049511
v 0.059052 -0.055007 -0.048090
v 0.057368 -0.056455 -0.045878
v 0.056287 -0.057385 -0.043090
v 0.055915 -0.057705 -0.040000
v 0.055915 -0.057705 0.040000
v 0.056287 -0.057385 0.043090
v 0.057368 -0.056455 0.045878
v 0.059052 -0.055007 0.048090
v 0.061175 -0.053183 0.049511
v 0.063527 -0.051160 0.050000
v 0.047828 -0.035856 -0.050000
v 0.045858 -0.038252 -0.049511
v 0.044081 -0.040413 -0.048090
v 0.042671 -0.042128 -0.045878
v 0.041766 -0.043229 -0.043090
v 0.041454 -0.043609 -0.040000
v 0.041454 -0.043609 0.040000
v 0.041766 -0.043229 0.043090
v 0.042671 -0.042128 0.045878
v 0.044081 -0.040413 0.048090
v 0.045858 -0.038252 0.049511
v 0.047828 -0.035856 0.050000
v 0.028906 -0.022813 -0.050000
v 0.027356 -0.025498 -0.049511
v 0.025958 -0.027919 -0.048090
v 0.024848 -0.029841 -0.045878
v 0.024135 -0.031075 -0.043090
v 0.023890 -0.031501 -0.040000
v 0.023890 -0.031501 0.040000
v 0.024135 -0.031075 0.043090
v 0.024848 -0.029841 0.045878
v 0.025958 -0.027919 0.048090
v 0.027356 -0.025498 0.049511
v 0.028906 -0.022813 0.050000
v 0.006860 -0.012332 -0.050000
v 0.005741 -0.015222 -0.049511
v 0.004732 -0.017829 -0.048090
v 0.003931 -0.019898 -0.045878
v 0.003417 -0.021226 -0.043090
v 0.003240 -0.021684 -0.040000
v 0.003240 -0.021684 0.040000
v 0.003417 -0.021226 0.043090
v 0.003931 -0.019898 0.045878
v 0.004732 -0.017829 0.048090
v 0.005741 -0.015222 0.049511
v 0.006860 -0.012332 0.050000
v -0.018214 -0.004716 -0.050000
v -0.018909 -0.007734 -0.049511
v -0.019536 -0.010457 -0.048090
v -0.020033 -0.012618 -0.045878
v -0.020352 -0.014006 -0.043090
v -0.020462 -0.014484 -0.040000
v -0.020462 -0.014484 0.040000
v -0.020352 -0.014006 0.043090
v -0.020033 -0.012618 0.045878
v -0.019536 -0.010457 0.048090
v -0.018909 -0.007734 0.049511
v -0.018214 -0.004716 0.050000
v -0.046219 -0.000266 -0.050000
v -0.046511 -0.003349 -0.049511
v -0.046775 -0.006129 -0.048090
v -0.046985 -0.008336 -0.045878
v -0.047120 -0.009753 -0.043090
v -0.047166 -0.010241 -0.040000
v -0.047166 -0.010241 0.040000
v -0.047120 -0.009753 0.043090
v -0.046985 -0.008336 0.045878
v -0.046775 -0.006129 0.048090
v -0.046511 -0.003349 0.049511
v -0.046219 -0.000266 0.050000
v -0.077057 0.000715 -0.050000
v -0.076978 -0.002379 -0.049511
v -0.076906 -0.005171 -0.048090
v -0.076850 -0.007386 -0.045878
v -0.076813 -0.008808 -0.043090
v -0.076801 -0.009298 -0.040000
v -0.076801 -0.009298 0.040000
v -0.076813 -0.008808 0.043090
v -0.076850 -0.007386 0.045878
v -0.076906 -0.005171 0.048090
v -0.076978 -0.002379 0.049511
v -0.077057 0.000715 0.050000
v -0.110631 -0.002075 -0.050000
v -0.110214 -0.005141 -0.049511
v -0.109838 -0.007907 -0.048090
v -0.109540 -0.010103 -0.045878
v -0.109348 -0.011512 -0.043090
v -0.109282 -0.011998 -0.040000
v -0.109282 -0.011998 0.040000
v -0.109348 -0.011512 0.043090
v -0.109540 -0.010103 0.045878
v -0.109838 -0.007907 0.048090
v -0.110214 -0.005141 0.049511
v -0.110631 -0.002075 0.050000
v -0.146844 -0.008938 -0.050000
v -0.149934 -0.012669 -0.049511
v -0.152722 -0.016034 -0.048090
v -0.154934 -0.018705 -0.045878
v -0.156354 -0.020420 -0.043090
v -0.156844 -0.021011 -0.040000
v -0.156844 -0.021011 0.040000
v -0.156354 -0.020420 0.043090
v -0.154934 -0.018705 0.045878
v -0.152722 -0.016034 0.048090
v -0.149934 -0.012669 0.049511
v -0.146844 -0.008938 0.050000
v -0.146844 0.346062 -0.050000
v -0.149934 0.349152 -0.049511
v -0.152722 0.351940 -0.048090
v -0.154934 0.354152 -0.045878
v -0.156354 0.355573 -0.043090
v -0.156844 0.356062 -0.040000
v -0.156844 0.356062 0.040000
v -0.156354 0.355573 0.043090
v -0.154934 0.354152 0.045878
v -0.152722 0.351940 0.048090
v -0.149934 0.349152 0.049511
v -0.146844 0.346062 0.050000
v 0.156156 0.346062 -0.050000
v 0.159246 0.349152 -0.049511
v 0.162034 0.351940 -0.048090
v 0.164247 0.354152 -0.045878
v 0.165667 0.355573 -0.043090
v 0.166156 0.356062 -0.040000
v 0.166156 0.356062 0.040000
v 0.165667 0.355573 0.043090
v 0.164247 0.354152 0.045878
v 0.162034 0.351940 0.048090
v 0.159246 0.349152 0.049511
v 0.156156 0.346062 0.050000
v 0.156156 0.258062 -0.050000
v 0.159246 0.254972 -0.049511
v 0.162034 0.252184 -0.048090
v 0.164247 0.249972 -0.045878
v 0.165667 0.248551 -0.043090
v 0.166156 0.248062 -0.040000
v 0.166156 0.248062 0.040000
v 0.165667 0.248551 0.043090
v 0.164247 0.249972 0.045878
v 0.162034 0.252184 0.048090
v 0.159246 0.254972 0.049511
v 0.156156 0.258062 0.050000
vn -0.0000 -0.0000 1.0000
vn -0.0000 -0.0000 -1.0000
vn 0.1203 -0.1203 -0.9854
vn 0.1200 0.1203 -0.9855
vn 0.0785 0.0786 -0.9938
vn 0.0786 -0.0786 -0.9938
vn 0.2882 -0.2882 -0.9132
vn 0.2875 0.2882 -0.9134
vn 0.4665 -0.4667 -0.7514
vn 0.4657 0.4668 -0.7518
vn 0.6320 -0.6319 -0.4486
vn 0.6311 0.6325 -0.4491
vn 0.7024 -0.7024 -0.1157
vn 0.7015 0.7032 -0.1159
vn 0.7024 -0.7024 0.1157
vn 0.7015 0.7032 0.1159
vn 0.6320 -0.6319 0.4486
vn 0.6311 0.6325 0.4491
vn 0.4665 -0.4667 0.7514
vn 0.4657 0.4668 0.7518
vn 0.2882 -0.2882 0.9132
vn 0.2875 0.2882 0.9134
vn 0.1203 -0.1203 0.9854
vn 0.1200 0.1203 0.9855
vn 0.0786 -0.0786 0.9938
vn 0.0785 0.0786 0.9938
vn 0.0180 0.3134 -0.9495
vn 0.0089 0.1558 -0.9878
vn 0.0338 0.5901 -0.8066
vn 0.0464 0.8092 -0.5857
vn 0.0545 0.9499 -0.3078
vn 0.0571 0.9953 -0.0784
vn 0.0571 0.9953 0.0784
vn 0.0545 0.9499 0.3078
vn 0.0464 0.8092 0.5857
vn 0.0338 0.5901 0.8066
vn 0.0180 0.3134 0.9495
vn 0.0089 0.1558 0.9878
vn 0.0564 0.3091 -0.9494
vn 0.0280 0.1535 -0.9878
vn 0.1062 0.5816 -0.8065
vn 0.1456 0.7975 -0.5855
vn 0.1709 0.9360 -0.3078
vn 0.1790 0.9807 -0.0784
vn 0.1790 0.9807 0.0784
vn 0.1709 0.9360 0.3078
vn 0.1456 0.7975 0.5855
vn 0.1062 0.5816 0.8065
vn 0.0564 0.3091 0.9494
vn 0.0280 0.1535 0.9878
vn 0.0964 0.2993 -0.9493
vn 0.0478 0.1484 -0.9878
vn 0.1813 0.5629 -0.8064
vn 0.2486 0.7717 -0.5854
vn 0.2918 0.9057 -0.3077
vn 0.3057 0.9489 -0.0784
vn 0.3057 0.9489 0.0784
vn 0.2918 0.9057 0.3077
vn 0.2486 0.7717 0.5854
vn 0.1813 0.5629 0.8064
vn 0.0964 0.2993 0.9493
vn 0.0478 0.1484 0.9878
vn 0.1367 0.2834 -0.9492
vn 0.0677 0.1404 -0.9878
vn 0.2570 0.5328 -0.8063
vn 0.3522 0.7303 -0.5854
vn 0.4134 0.8570 -0.3076
vn 0.4331 0.8979 -0.0784
vn 0.4331 0.8979 0.0784
vn 0.4134 0.8570 0.3076
vn 0.3522 0.7303 0.5854
vn 0.2570 0.5328 0.8063
vn 0.1367 0.2834 0.9492
vn 0.0677 0.1405 0.9878
vn 0.1757 0.2612 -0.9492
vn 0.0870 0.1294 -0.9878
vn 0.3302 0.4908 -0.8063
vn 0.4525 0.6727 -0.5854
vn 0.5311 0.7895 -0.3076
vn 0.5564 0.8272 -0.0784
vn 0.5564 0.8272 0.0784
vn 0.5311 0.7895 0.3076
vn 0.4525 0.6727 0.5854
vn 0.3302 0.4908 0.8063
vn 0.1757 0.2612 0.9492
vn 0.0870 0.1294 0.9878
vn 0.2118 0.2330 -0.9491
vn 0.1049 0.1154 -0.9878
vn 0.3980 0.4377 -0.8063
vn 0.5454 0.5999 -0.5854
vn 0.6401 0.7040 -0.3076
vn 0.6707 0.7376 -0.0784
vn 0.6707 0.7376 0.0784
vn 0.6401 0.7040 0.3076
vn 0.5454 0.5999 0.5854
vn 0.3980 0.4377 0.8063
vn 0.2118 0.2330 0.9491
vn 0.1049 0.1154 0.9878
vn 0.2436 0.1995 -0.9491
vn 0.1206 0.0988 -0.9878
vn 0.4576 0.3749 -0.8063
vn 0.6272 0.5138 -0.5853
vn 0.7361 0.6030 -0.3076
vn 0.7712 0.6318 -0.0784
vn 0.7712 0.6318 0.0784
vn 0.7361 0.6030 0.3076
vn 0.6272 0.5138 0.5853
vn 0.4576 0.3749 0.8063
vn 0.2436 0.1995 0.9491
vn 0.1206 0.0988 0.9878
vn 0.2698 0.1621 -0.9492
vn 0.1336 0.0803 -0.9878
vn 0.5071 0.3047 -0.8063
vn 0.6950 0.4176 -0.5854
vn 0.8156 0.4900 -0.3076
vn 0.8545 0.5134 -0.0784
vn 0.8545 0.5134 0.0784
vn 0.8156 0.4900 0.3076
vn 0.6950 0.4176 0.5854
vn 0.5071 0.3047 0.8063
vn 0.2698 0.1621 0.9492
vn 0.1336 0.0803 0.9878
vn 0.2900 0.1221 -0.9492
vn 0.1440 0.0607 -0.9877
vn 0.5448 0.2296 -0.8065
vn 0.7472 0.3147 -0.5854
vn 0.8769 0.3694 -0.3077
vn 0.9187 0.3870 -0.0784
vn 0.9187 0.3870 0.0784
vn 0.8769 0.3694 0.3077
vn 0.7472 0.3147 0.5854
vn 0.5451 0.2296 0.8063
vn 0.2900 0.1221 0.9492
vn 0.1440 0.0607 0.9877
vn 0.3039 0.0811 -0.9493
vn 0.1507 0.0402 -0.9878
vn 0.5714 0.1524 -0.8064
vn 0.7833 0.2090 -0.5855
vn 0.9193 0.2452 -0.3077
vn 0.9632 0.2569 -0.0783
vn 0.9632 0.2569 0.0783
vn 0.9193 0.2452 0.3077
vn 0.7833 0.2090 0.5855
vn 0.5714 0.1524 0.8064
vn 0.3039 0.0811 0.9493
vn 0.1507 0.0402 0.9878
vn 0.3117 0.0401 -0.9493
vn 0.1547 0.0199 -0.9878
vn 0.5864 0.0754 -0.8065
vn 0.8040 0.1033 -0.5855
vn 0.9437 0.1213 -0.3077
vn 0.9888 0.1271 -0.0783
vn 0.9888 0.1271 0.0783
vn 0.9437 0.1213 0.3077
vn 0.8040 0.1033 0.5855
vn 0.5864 0.0754 0.8065
vn 0.3117 0.0401 0.9493
vn 0.1547 0.0199 0.9878
vn 0.3141 -0.0000 -0.9494
vn 0.1560 -0.0000 -0.9878
vn 0.5912 0.0001 -0.8065
vn 0.8106 0.0001 -0.5856
vn 0.9515 0.0001 -0.3077
vn 0.9969 0.0001 -0.0783
vn 0.9969 0.0001 0.0783
vn 0.9515 0.0001 0.3077
vn 0.8106 0.0001 0.5856
vn 0.5912 0.0001 0.8065
vn 0.3141 -0.0000 0.9494
vn 0.1560 -0.0000 0.9878
vn 0.3117 -0.0397 -0.9493
vn 0.1547 -0.0197 -0.9878
vn 0.5865 -0.0747 -0.8065
vn 0.8041 -0.1025 -0.5855
vn 0.9439 -0.1203 -0.3077
vn 0.9889 -0.1260 -0.0783
vn 0.9889 -0.1260 0.0783
vn 0.9439 -0.1203 0.3077
vn 0.8041 -0.1025 0.5855
vn 0.5865 -0.0747 0.8065
vn 0.3117 -0.0397 0.9493
vn 0.1547 -0.0197 0.9878
vn 0.3040 -0.0799 -0.9493
vn 0.1508 -0.0396 -0.9878
vn 0.5718 -0.1503 -0.8065
vn 0.7841 -0.2061 -0.5855
vn 0.9203 -0.2419 -0.3076
vn 0.9642 -0.2534 -0.0784
vn 0.9642 -0.2534 0.0784
vn 0.9203 -0.2419 0.3076
vn 0.7841 -0.2061 0.5855
vn 0.5718 -0.1503 0.8065
vn 0.3040 -0.0799 0.9493
vn 0.1508 -0.0396 0.9878
vn 0.2908 -0.1196 -0.9493
vn 0.1442 -0.0593 -0.9878
vn 0.5469 -0.2248 -0.8064
vn 0.7498 -0.3083 -0.5854
vn 0.8800 -0.3618 -0.3077
vn 0.9220 -0.3791 -0.0784
vn 0.9220 -0.3791 0.0784
vn 0.8800 -0.3618 0.3077
vn 0.7498 -0.3083 0.5854
vn 0.5469 -0.2248 0.8064
vn 0.2908 -0.1196 0.9493
vn 0.1442 -0.0593 0.9878
vn 0.2721 -0.1576 -0.9493
vn 0.1350 -0.0782 -0.9878
vn 0.5117 -0.2964 -0.8064
vn 0.7016 -0.4063 -0.5854
vn 0.8234 -0.4768 -0.3077
vn 0.8627 -0.4996 -0.0785
vn 0.8627 -0.4996 0.0785
vn 0.8234 -0.4768 0.3077
vn 0.7016 -0.4063 0.5854
vn 0.5117 -0.2964 0.8064
vn 0.2721 -0.1576 0.9493
vn 0.1350 -0.0782 0.9878
vn 0.2483 -0.1930 -0.9493
vn 0.1231 -0.0957 -0.9878
vn 0.4670 -0.3629 -0.8064
vn 0.6401 -0.4975 -0.5854
vn 0.7513 -0.5839 -0.3077
vn 0.7871 -0.6118 -0.0784
vn 0.7871 -0.6118 0.0784
vn 0.7513 -0.5839 0.3077
vn 0.6401 -0.4975 0.5854
vn 0.4670 -0.3629 0.8064
vn 0.2483 -0.1930 0.9493
vn 0.1231 -0.0957 0.9878
vn 0.2199 -0.2248 -0.9493
vn 0.1090 -0.1115 -0.9878
vn 0.4135 -0.4228 -0.8064
vn 0.5669 -0.5796 -0.5855
vn 0.6653 -0.6802 -0.3077
vn 0.6971 -0.7127 -0.0783
vn 0.6971 -0.7127 0.0783
vn 0.6653 -0.6802 0.3077
vn 0.5669 -0.5796 0.5855
vn 0.4135 -0.4228 0.8064
vn 0.2199 -0.2248 0.9493
vn 0.1090 -0.1115 0.9878
vn 0.1876 -0.2523 -0.9493
vn 0.0931 -0.1252 -0.9878
vn 0.3528 -0.4745 -0.8064
vn 0.4837 -0.6505 -0.5855
vn 0.5678 -0.7636 -0.3076
vn 0.5948 -0.8000 -0.0783
vn 0.5948 -0.8000 0.0783
vn 0.5678 -0.7636 0.3076
vn 0.4837 -0.6505 0.5855
vn 0.3528 -0.4745 0.8064
vn 0.1876 -0.2523 0.9493
vn 0.0931 -0.1252 0.9878
vn 0.1524 -0.2750 -0.9493
vn 0.0756 -0.1364 -0.9878
vn 0.2865 -0.5172 -0.8065
vn 0.3929 -0.7091 -0.5855
vn 0.4611 -0.8323 -0.3076
vn 0.4831 -0.8720 -0.0783
vn 0.4831 -0.8720 0.0783
vn 0.4611 -0.8323 0.3076
vn 0.3929 -0.7091 0.5855
vn 0.2865 -0.5172 0.8065
vn 0.1524 -0.2750 0.9493
vn 0.0756 -0.1364 0.9878
vn 0.1150 -0.2925 -0.9493
vn 0.0571 -0.1452 -0.9878
vn 0.2164 -0.5502 -0.8065
vn 0.2967 -0.7544 -0.5855
vn 0.3482 -0.8855 -0.3077
vn 0.3649 -0.9278 -0.0784
vn 0.3649 -0.9278 0.0784
vn 0.3482 -0.8855 0.3077
vn 0.2967 -0.7544 0.5855
vn 0.2164 -0.5502 0.8065
vn 0.1150 -0.2925 0.9493
vn 0.0571 -0.1452 0.9878
vn 0.0766 -0.3047 -0.9494
vn 0.0380 -0.1513 -0.9878
vn 0.1441 -0.5733 -0.8065
vn 0.1976 -0.7862 -0.5855
vn 0.2320 -0.9228 -0.3077
vn 0.2430 -0.9668 -0.0783
vn 0.2430 -0.9668 0.0783
vn 0.2320 -0.9228 0.3077
vn 0.1976 -0.7862 0.5855
vn 0.1441 -0.5733 0.8065
vn 0.0766 -0.3047 0.9494
vn 0.0380 -0.1513 0.9878
vn 0.0380 -0.3117 -0.9494
vn 0.0189 -0.1549 -0.9878
vn 0.0715 -0.5868 -0.8066
vn 0.0981 -0.8046 -0.5856
vn 0.1151 -0.9445 -0.3077
vn 0.1206 -0.9896 -0.0786
vn 0.1206 -0.9896 0.0783
vn 0.1151 -0.9445 0.3077
vn 0.0981 -0.8046 0.5856
vn 0.0715 -0.5868 0.8066
vn 0.0380 -0.3117 0.9494
vn 0.0189 -0.1549 0.9878
vn 0.0066 -0.3122 -0.9500
vn 0.0033 -0.1562 -0.9877
vn 0.0125 -0.5899 -0.8074
vn 0.0171 -0.8099 -0.5863
vn 0.0201 -0.9512 -0.3081
vn 0.0211 -0.9967 -0.0783
vn 0.0211 -0.9967 0.0783
vn 0.0201 -0.9512 0.3081
vn 0.0171 -0.8099 0.5863
vn 0.0125 -0.5899 0.8074
vn 0.0066 -0.3122 0.9500
vn 0.0033 -0.1562 0.9877
vn -0.0112 -0.3104 -0.9505
vn -0.0057 -0.1562 -0.9877
vn -0.0213 -0.5886 -0.8081
vn -0.0293 -0.8091 -0.5870
vn -0.0344 -0.9506 -0.3085
vn -0.0360 -0.9963 -0.0784
vn -0.0360 -0.9963 0.0784
vn -0.0344 -0.9506 0.3085
vn -0.0293 -0.8091 0.5870
vn -0.0213 -0.5886 0.8081
vn -0.0112 -0.3104 0.9505
vn -0.0057 -0.1562 0.9877
vn -0.0233 -0.3099 -0.9505
vn -0.0117 -0.1558 -0.9877
vn -0.0442 -0.5874 -0.8081
vn -0.0608 -0.8074 -0.5869
vn -0.0714 -0.9486 -0.3085
vn -0.0748 -0.9941 -0.0784
vn -0.0748 -0.9941 0.0784
vn -0.0714 -0.9486 0.3085
vn -0.0608 -0.8074 0.5869
vn -0.0442 -0.5874 0.8081
vn -0.0233 -0.3099 0.9505
vn -0.0117 -0.1558 0.9877
vn -0.0362 -0.3088 -0.9504
vn -0.0182 -0.1552 -0.9877
vn -0.0686 -0.5851 -0.8080
vn -0.0943 -0.8042 -0.5869
vn -0.1108 -0.9448 -0.3084
vn -0.1161 -0.9901 -0.0784
vn -0.1161 -0.9901 0.0784
vn -0.1108 -0.9448 0.3084
vn -0.0943 -0.8042 0.5869
vn -0.0686 -0.5851 0.8080
vn -0.0362 -0.3088 0.9504
vn -0.0182 -0.1552 0.9877
vn -0.0496 -0.3070 -0.9504
vn -0.0249 -0.1543 -0.9877
vn -0.0940 -0.5816 -0.8080
vn -0.1292 -0.7993 -0.5869
vn -0.1518 -0.9391 -0.3084
vn -0.1591 -0.9842 -0.0784
vn -0.1591 -0.9842 0.0784
vn -0.1518 -0.9391 0.3084
vn -0.1292 -0.7993 0.5869
vn -0.0940 -0.5816 0.8080
vn -0.0496 -0.3070 0.9504
vn -0.0249 -0.1543 0.9877
vn -0.0632 -0.3045 -0.9504
vn -0.0318 -0.1530 -0.9877
vn -0.1198 -0.5769 -0.8080
vn -0.1646 -0.7928 -0.5868
vn -0.1934 -0.9314 -0.3084
vn -0.2027 -0.9761 -0.0783
vn -0.2027 -0.9761 0.0783
vn -0.1934 -0.9314 0.3084
vn -0.1646 -0.7928 0.5868
vn -0.1198 -0.5769 0.8080
vn -0.0632 -0.3045 0.9504
vn -0.0318 -0.1530 0.9877
vn -0.0767 -0.3013 -0.9504
vn -0.0386 -0.1515 -0.9877
vn -0.1453 -0.5709 -0.8080
vn -0.1998 -0.7847 -0.5868
vn -0.2347 -0.9219 -0.3084
vn -0.2459 -0.9661 -0.0784
vn -0.2459 -0.9661 0.0784
vn -0.2347 -0.9219 0.3084
vn -0.1998 -0.7847 0.5868
vn -0.1453 -0.5709 0.8080
vn -0.0767 -0.3013 0.9504
vn -0.0386 -0.1515 0.9877
vn -0.0897 -0.2976 -0.9505
vn -0.0451 -0.1496 -0.9877
vn -0.1700 -0.5640 -0.8081
vn -0.2337 -0.7752 -0.5869
vn -0.2745 -0.9108 -0.3084
vn -0.2877 -0.9545 -0.0784
vn -0.2877 -0.9545 0.0784
vn -0.2745 -0.9108 0.3084
vn -0.2337 -0.7752 0.5869
vn -0.1700 -0.5640 0.8081
vn -0.0897 -0.2976 0.9505
vn -0.0451 -0.1496 0.9877
vn -0.1020 -0.2936 -0.9505
vn -0.0513 -0.1476 -0.9877
vn -0.1933 -0.5564 -0.8081
vn -0.2657 -0.7648 -0.5869
vn -0.3122 -0.8986 -0.3085
vn -0.3272 -0.9417 -0.0784
vn -0.3272 -0.9417 0.0784
vn -0.3122 -0.8986 0.3085
vn -0.2657 -0.7648 0.5869
vn -0.1933 -0.5564 0.8081
vn -0.1020 -0.2936 0.9505
vn -0.0513 -0.1476 0.9877
vn -0.1133 -0.2893 -0.9505
vn -0.0570 -0.1455 -0.9877
vn -0.2148 -0.5484 -0.8081
vn -0.2953 -0.7538 -0.5870
vn -0.3469 -0.8857 -0.3085
vn -0.3636 -0.9283 -0.0784
vn -0.3636 -0.9283 0.0784
vn -0.3469 -0.8857 0.3085
vn -0.2953 -0.7538 0.5870
vn -0.2148 -0.5484 0.8081
vn -0.1133 -0.2893 0.9505
vn -0.0570 -0.1455 0.9877
vn -0.1235 -0.2849 -0.9506
vn -0.0624 -0.1438 -0.9876
vn -0.2343 -0.5403 -0.8082
vn -0.3220 -0.7427 -0.5871
vn -0.3784 -0.8727 -0.3086
vn -0.3966 -0.9146 -0.0784
vn -0.3966 -0.9146 0.0784
vn -0.3784 -0.8727 0.3086
vn -0.3220 -0.7427 0.5871
vn -0.2343 -0.5403 0.8082
vn -0.1235 -0.2849 0.9506
vn -0.0622 -0.1434 0.9877
vn -0.1326 -0.2806 -0.9506
vn -0.0668 -0.1413 -0.9877
vn -0.2515 -0.5324 -0.8083
vn -0.3458 -0.7319 -0.5871
vn -0.4063 -0.8601 -0.3086
vn -0.4258 -0.9014 -0.0784
vn -0.4258 -0.9014 0.0784
vn -0.4063 -0.8601 0.3086
vn -0.3458 -0.7319 0.5871
vn -0.2515 -0.5324 0.8083
vn -0.1326 -0.2806 0.9506
vn -0.0668 -0.1413 0.9877
vn -0.2642 -0.1646 -0.9503
vn -0.1130 -0.0704 -0.9911
vn -0.4778 -0.2976 -0.8265
vn -0.6654 -0.4145 -0.6209
vn -0.7993 -0.4980 -0.3363
vn -0.8454 -0.5266 -0.0894
vn -0.8454 -0.5266 0.0894
vn -0.7993 -0.4980 0.3363
vn -0.6654 -0.4145 0.6209
vn -0.4778 -0.2976 0.8265
vn -0.2642 -0.1646 0.9503
vn -0.1130 -0.0704 0.9911
vn -0.1001 0.1838 -0.9778
vn -0.0361 0.0663 -0.9971
vn -0.1881 0.3451 -0.9195
vn -0.2980 0.5468 -0.7824
vn -0.4190 0.7692 -0.4824
vn -0.4733 0.8686 -0.1468
vn -0.4733 0.8686 0.1468
vn -0.4190 0.7692 0.4824
vn -0.2980 0.5468 0.7824
vn -0.1881 0.3451 0.9195
vn -0.1001 0.1838 0.9778
vn -0.0361 0.0663 0.9971
vn 0.1612 0.2614 -0.9517
vn 0.0820 0.1330 -0.9877
vn 0.3077 0.4991 -0.8100
vn 0.4242 0.6880 -0.5889
vn 0.4990 0.8094 -0.3096
vn 0.5232 0.8486 -0.0786
vn 0.5232 0.8486 0.0786
vn 0.4990 0.8094 0.3096
vn 0.4242 0.6880 0.5889
vn 0.3077 0.4991 0.8100
vn 0.1612 0.2614 0.9517
vn 0.0820 0.1330 0.9877
vn 0.1501 0.2679 -0.9517
vn 0.0764 0.1363 -0.9877
vn 0.2866 0.5115 -0.8101
vn 0.3950 0.7051 -0.5889
vn 0.4648 0.8295 -0.3096
vn 0.4873 0.8697 -0.0785
vn 0.4873 0.8697 0.0785
vn 0.4648 0.8295 0.3096
vn 0.3950 0.7051 0.5889
vn 0.2866 0.5115 0.8101
vn 0.1501 0.2679 0.9517
vn 0.0764 0.1363 0.9877
vn 0.1382 0.2741 -0.9517
vn 0.0703 0.1395 -0.9877
vn 0.2639 0.5235 -0.8101
vn 0.3638 0.7217 -0.5889
vn 0.4280 0.8491 -0.3096
vn 0.4488 0.8902 -0.0785
vn 0.4488 0.8902 0.0785
vn 0.4280 0.8491 0.3096
vn 0.3638 0.7217 0.5889
vn 0.2639 0.5235 0.8101
vn 0.1382 0.2741 0.9517
vn 0.0703 0.1395 0.9877
vn 0.1255 0.2800 -0.9518
vn 0.0639 0.1426 -0.9877
vn 0.2397 0.5349 -0.8102
vn 0.3305 0.7375 -0.5890
vn 0.3888 0.8677 -0.3097
vn 0.4077 0.9097 -0.0785
vn 0.4077 0.9097 0.0785
vn 0.3888 0.8677 0.3097
vn 0.3305 0.7375 0.5890
vn 0.2397 0.5349 0.8102
vn 0.1255 0.2800 0.9518
vn 0.0639 0.1426 0.9877
vn 0.1120 0.2856 -0.9518
vn 0.0571 0.1455 -0.9877
vn 0.2140 0.5457 -0.8102
vn 0.2951 0.7523 -0.5891
vn 0.3472 0.8851 -0.3098
vn 0.3640 0.9281 -0.0786
vn 0.3640 0.9281 0.0786
vn 0.3472 0.8851 0.3098
vn 0.2951 0.7523 0.5891
vn 0.2140 0.5457 0.8102
vn 0.1120 0.2856 0.9518
vn 0.0571 0.1455 0.9877
vn 0.0978 0.2907 -0.9518
vn 0.0498 0.1481 -0.9877
vn 0.1869 0.5555 -0.8102
vn 0.2577 0.7659 -0.5891
vn 0.3032 0.9012 -0.3098
vn 0.3179 0.9449 -0.0786
vn 0.3179 0.9449 0.0786
vn 0.3032 0.9012 0.3098
vn 0.2577 0.7659 0.5891
vn 0.1869 0.5555 0.8102
vn 0.0978 0.2907 0.9518
vn 0.0498 0.1481 0.9877
vn 0.0828 0.2952 -0.9518
vn 0.0422 0.1504 -0.9877
vn 0.1583 0.5642 -0.8103
vn 0.2183 0.7780 -0.5892
vn 0.2569 0.9154 -0.3098
vn 0.2693 0.9598 -0.0786
vn 0.2693 0.9598 0.0786
vn 0.2569 0.9154 0.3098
vn 0.2183 0.7780 0.5892
vn 0.1583 0.5642 0.8103
vn 0.0828 0.2952 0.9518
vn 0.0422 0.1504 0.9877
vn 0.0672 0.2991 -0.9518
vn 0.0343 0.1524 -0.9877
vn 0.1285 0.5717 -0.8104
vn 0.1772 0.7883 -0.5892
vn 0.2085 0.9276 -0.3099
vn 0.2186 0.9726 -0.0786
vn 0.2186 0.9726 0.0786
vn 0.2085 0.9276 0.3099
vn 0.1772 0.7883 0.5892
vn 0.1285 0.5717 0.8104
vn 0.0672 0.2991 0.9518
vn 0.0343 0.1524 0.9877
vn 0.0510 0.3022 -0.9519
vn 0.0260 0.1541 -0.9877
vn 0.0975 0.5777 -0.8104
vn 0.1345 0.7967 -0.5892
vn 0.1583 0.9375 -0.3099
vn 0.1659 0.9830 -0.0787
vn 0.1659 0.9830 0.0786
vn 0.1583 0.9375 0.3099
vn 0.1345 0.7967 0.5892
vn 0.0975 0.5777 0.8104
vn 0.0510 0.3022 0.9519
vn 0.0260 0.1541 0.9877
vn 0.0343 0.3045 -0.9519
vn 0.0175 0.1553 -0.9877
vn 0.0656 0.5822 -0.8104
vn 0.0905 0.8029 -0.5893
vn 0.1065 0.9448 -0.3100
vn 0.1116 0.9906 -0.0786
vn 0.1116 0.9906 0.0786
vn 0.1065 0.9448 0.3100
vn 0.0905 0.8029 0.5893
vn 0.0656 0.5822 0.8104
vn 0.0343 0.3045 0.9519
vn 0.0175 0.1553 0.9877
vn 0.0173 0.3059 -0.9519
vn 0.0088 0.1560 -0.9877
vn 0.0330 0.5849 -0.8104
vn 0.0455 0.8066 -0.5893
vn 0.0536 0.9492 -0.3100
vn 0.0562 0.9953 -0.0786
vn 0.0562 0.9953 0.0786
vn 0.0536 0.9492 0.3100
vn 0.0455 0.8066 0.5893
vn 0.0330 0.5849 0.8104
vn 0.0173 0.3059 0.9519
vn 0.0088 0.1560 0.9877
vn -0.0049 0.3048 -0.9524
vn -0.0025 0.1561 -0.9877
vn -0.0093 0.5845 -0.8113
vn -0.0129 0.8071 -0.5903
vn -0.0151 0.9504 -0.3106
vn -0.0159 0.9968 -0.0787
vn -0.0159 0.9968 0.0787
vn -0.0151 0.9504 0.3106
vn -0.0129 0.8071 0.5903
vn -0.0093 0.5845 0.8113
vn -0.0049 0.3048 0.9524
vn -0.0025 0.1561 0.9877
vn -0.0363 0.3009 -0.9529
vn -0.0187 0.1549 -0.9878
vn -0.0699 0.5790 -0.8123
vn -0.0966 0.8006 -0.5913
vn -0.1138 0.9435 -0.3113
vn -0.1194 0.9897 -0.0789
vn -0.1194 0.9897 0.0789
vn -0.1138 0.9435 0.3113
vn -0.0966 0.8006 0.5913
vn -0.0699 0.5790 0.8123
vn -0.0363 0.3009 0.9529
vn -0.0187 0.1549 0.9878
vn -0.0719 0.2945 -0.9529
vn -0.0370 0.1516 -0.9878
vn -0.1383 0.5666 -0.8123
vn -0.1912 0.7835 -0.5913
vn -0.2253 0.9232 -0.3112
vn -0.2364 0.9685 -0.0788
vn -0.2364 0.9685 0.0788
vn -0.2253 0.9233 0.3112
vn -0.1912 0.7835 0.5913
vn -0.1383 0.5666 0.8123
vn -0.0719 0.2945 0.9529
vn -0.0370 0.1516 0.9878
vn -0.1062 0.2840 -0.9529
vn -0.0547 0.1462 -0.9878
vn -0.2043 0.5463 -0.8123
vn -0.2825 0.7554 -0.5913
vn -0.3329 0.8901 -0.3112
vn -0.3492 0.9337 -0.0788
vn -0.3492 0.9337 0.0788
vn -0.3329 0.8901 0.3112
vn -0.2825 0.7554 0.5913
vn -0.2043 0.5463 0.8123
vn -0.1062 0.2840 0.9529
vn -0.0547 0.1462 0.9878
vn -0.1390 0.2694 -0.9529
vn -0.0715 0.1387 -0.9878
vn -0.2675 0.5184 -0.8123
vn -0.3698 0.7167 -0.5913
vn -0.4358 0.8446 -0.3112
vn -0.4571 0.8859 -0.0787
vn -0.4571 0.8859 0.0787
vn -0.4358 0.8446 0.3112
vn -0.3698 0.7167 0.5913
vn -0.2675 0.5184 0.8123
vn -0.1390 0.2694 0.9529
vn -0.0715 0.1387 0.9878
vn -0.1701 0.2508 -0.9530
vn -0.0876 0.1291 -0.9878
vn -0.3274 0.4826 -0.8123
vn -0.4527 0.6674 -0.5913
vn -0.5335 0.7865 -0.3112
vn -0.5596 0.8250 -0.0788
vn -0.5596 0.8250 0.0788
vn -0.5335 0.7865 0.3112
vn -0.4527 0.6674 0.5913
vn -0.3274 0.4826 0.8123
vn -0.1701 0.2508 0.9530
vn -0.0876 0.1291 0.9878
vn -0.1993 0.2281 -0.9530
vn -0.1027 0.1175 -0.9878
vn -0.3837 0.4390 -0.8124
vn -0.5307 0.6071 -0.5914
vn -0.6254 0.7155 -0.3114
vn -0.6561 0.7506 -0.0789
vn -0.6561 0.7506 0.0789
vn -0.6254 0.7155 0.3114
vn -0.5307 0.6071 0.5914
vn -0.3837 0.4390 0.8124
vn -0.1993 0.2281 0.9530
vn -0.1027 0.1175 0.9878
vn -0.2263 0.2009 -0.9531
vn -0.1166 0.1036 -0.9878
vn -0.4358 0.3869 -0.8126
vn -0.6029 0.5353 -0.5916
vn -0.7106 0.6309 -0.3115
vn -0.7455 0.6618 -0.0789
vn -0.7455 0.6618 0.0789
vn -0.7106 0.6309 0.3115
vn -0.6029 0.5353 0.5916
vn -0.4358 0.3869 0.8126
vn -0.2263 0.2009 0.9531
vn -0.1166 0.1036 0.9878
vn -0.2505 0.1692 -0.9532
vn -0.1292 0.0873 -0.9878
vn -0.4828 0.3260 -0.8128
vn -0.6680 0.4511 -0.5918
vn -0.7874 0.5318 -0.3116
vn -0.8261 0.5579 -0.0789
vn -0.8261 0.5579 0.0789
vn -0.7874 0.5318 0.3116
vn -0.6680 0.4511 0.5918
vn -0.4828 0.3260 0.8128
vn -0.2505 0.1692 0.9532
vn -0.1292 0.0873 0.9878
vn -0.2712 0.1328 -0.9533
vn -0.1400 0.0685 -0.9878
vn -0.5229 0.2560 -0.8130
vn -0.7238 0.3543 -0.5921
vn -0.8534 0.4178 -0.3118
vn -0.8953 0.4383 -0.0789
vn -0.8953 0.4383 0.0789
vn -0.8534 0.4178 0.3118
vn -0.7238 0.3543 0.5921
vn -0.5229 0.2560 0.8130
vn -0.2712 0.1328 0.9533
vn -0.1400 0.0685 0.9878
vn -0.2872 0.0918 -0.9535
vn -0.1485 0.0474 -0.9878
vn -0.5543 0.1771 -0.8133
vn -0.7674 0.2452 -0.5924
vn -0.9050 0.2892 -0.3119
vn -0.9496 0.3034 -0.0789
vn -0.9496 0.3034 0.0789
vn -0.9050 0.2892 0.3119
vn -0.7674 0.2452 0.5924
vn -0.5543 0.1771 0.8133
vn -0.2872 0.0918 0.9535
vn -0.1485 0.0474 0.9878
vn -0.2975 0.0470 -0.9536
vn -0.1539 0.0243 -0.9878
vn -0.5745 0.0908 -0.8135
vn -0.7956 0.1257 -0.5926
vn -0.9384 0.1482 -0.3121
vn -0.9847 0.1555 -0.0790
vn -0.9847 0.1555 0.0790
vn -0.9384 0.1482 0.3121
vn -0.7956 0.1257 0.5926
vn -0.5745 0.0908 0.8135
vn -0.2975 0.0470 0.9536
vn -0.1539 0.0243 0.9878
vn -0.3007 -0.0011 -0.9537
vn -0.1558 -0.0006 -0.9878
vn -0.5811 -0.0021 -0.8138
vn -0.8052 -0.0029 -0.5930
vn -0.9500 -0.0034 -0.3123
vn -0.9969 -0.0035 -0.0790
vn -0.9969 -0.0035 0.0790
vn -0.9500 -0.0034 0.3123
vn -0.8052 -0.0029 0.5930
vn -0.5811 -0.0021 0.8138
vn -0.3007 -0.0011 0.9537
vn -0.1558 -0.0006 0.9878
vn -0.2955 -0.0520 -0.9539
vn -0.1534 -0.0270 -0.9878
vn -0.5718 -0.1007 -0.8142
vn -0.7927 -0.1395 -0.5935
vn -0.9355 -0.1647 -0.3127
vn -0.9818 -0.1729 -0.0791
vn -0.9818 -0.1729 0.0791
vn -0.9355 -0.1647 0.3127
vn -0.7927 -0.1395 0.5935
vn -0.5718 -0.1007 0.8142
vn -0.2955 -0.0520 0.9539
vn -0.1534 -0.0270 0.9878
vn -0.2814 -0.1035 -0.9540
vn -0.1461 -0.0538 -0.9878
vn -0.5447 -0.2004 -0.8143
vn -0.7553 -0.2779 -0.5936
vn -0.8914 -0.3279 -0.3128
vn -0.9356 -0.3442 -0.0791
vn -0.9356 -0.3442 0.0791
vn -0.8914 -0.3279 0.3128
vn -0.7553 -0.2779 0.5936
vn -0.5447 -0.2004 0.8143
vn -0.2814 -0.1035 0.9540
vn -0.1461 -0.0538 0.9878
vn -0.2583 -0.1522 -0.9540
vn -0.1342 -0.0790 -0.9878
vn -0.5001 -0.2946 -0.8143
vn -0.6934 -0.4085 -0.5936
vn -0.8184 -0.4820 -0.3127
vn -0.8589 -0.5059 -0.0791
vn -0.8589 -0.5059 0.0791
vn -0.8184 -0.4820 0.3127
vn -0.6934 -0.4085 0.5936
vn -0.5001 -0.2946 0.8143
vn -0.2583 -0.1522 0.9540
vn -0.1342 -0.0790 0.9878
vn -0.2275 -0.1956 -0.9539
vn -0.1181 -0.1015 -0.9878
vn -0.4402 -0.3785 -0.8142
vn -0.6103 -0.5248 -0.5934
vn -0.7203 -0.6193 -0.3126
vn -0.7559 -0.6499 -0.0791
vn -0.7559 -0.6499 0.0791
vn -0.7203 -0.6193 0.3126
vn -0.6103 -0.5248 0.5934
vn -0.4402 -0.3785 0.8142
vn -0.2275 -0.1956 0.9539
vn -0.1181 -0.1015 0.9878
vn -0.1908 -0.2321 -0.9538
vn -0.0989 -0.1203 -0.9878
vn -0.3690 -0.4488 -0.8139
vn -0.5113 -0.6219 -0.5931
vn -0.6033 -0.7338 -0.3125
vn -0.6331 -0.7700 -0.0791
vn -0.6331 -0.7700 0.0791
vn -0.6033 -0.7338 0.3125
vn -0.5113 -0.6219 0.5931
vn -0.3690 -0.4488 0.8139
vn -0.1908 -0.2321 0.9538
vn -0.0989 -0.1203 0.9878
vn -0.1505 -0.2607 -0.9536
vn -0.0779 -0.1349 -0.9878
vn -0.2907 -0.5035 -0.8136
vn -0.4027 -0.6974 -0.5928
vn -0.4750 -0.8227 -0.3123
vn -0.4985 -0.8633 -0.0791
vn -0.4985 -0.8633 0.0791
vn -0.4750 -0.8227 0.3123
vn -0.4027 -0.6974 0.5928
vn -0.2907 -0.5035 0.8136
vn -0.1505 -0.2607 0.9536
vn -0.0779 -0.1349 0.9878
vn -0.1089 -0.2812 -0.9534
vn -0.0563 -0.1454 -0.9878
vn -0.2101 -0.5427 -0.8132
vn -0.2908 -0.7513 -0.5924
vn -0.3430 -0.8860 -0.3120
vn -0.3599 -0.9297 -0.0790
vn -0.3599 -0.9297 0.0790
vn -0.3430 -0.8860 0.3120
vn -0.2908 -0.7513 0.5924
vn -0.2101 -0.5427 0.8132
vn -0.1089 -0.2812 0.9534
vn -0.0563 -0.1454 0.9878
vn -0.0678 -0.2945 -0.9532
vn -0.0350 -0.1520 -0.9878
vn -0.1307 -0.5676 -0.8129
vn -0.1808 -0.7854 -0.5920
vn -0.2131 -0.9260 -0.3117
vn -0.2236 -0.9715 -0.0789
vn -0.2236 -0.9715 0.0789
vn -0.2131 -0.9260 0.3117
vn -0.1808 -0.7854 0.5920
vn -0.1307 -0.5676 0.8129
vn -0.0678 -0.2945 0.9532
vn -0.0350 -0.1520 0.9878
vn -0.0286 -0.3015 -0.9530
vn -0.0147 -0.1553 -0.9878
vn -0.0551 -0.5804 -0.8125
vn -0.0762 -0.8027 -0.5915
vn -0.0898 -0.9460 -0.3114
vn -0.0943 -0.9924 -0.0788
vn -0.0943 -0.9924 0.0788
vn -0.0898 -0.9460 0.3114
vn -0.0762 -0.8027 0.5915
vn -0.0551 -0.5804 0.8125
vn -0.0286 -0.3015 0.9530
vn -0.0147 -0.1553 0.9878
vn 0.0078 -0.3033 -0.9529
vn 0.0040 -0.1560 -0.9877
vn 0.0149 -0.5833 -0.8122
vn 0.0206 -0.8063 -0.5911
vn 0.0243 -0.9501 -0.3111
vn 0.0255 -0.9966 -0.0788
vn 0.0255 -0.9966 0.0788
vn 0.0243 -0.9501 0.3111
vn 0.0206 -0.8063 0.5911
vn 0.0149 -0.5833 0.8122
vn 0.0078 -0.3033 0.9529
vn 0.0040 -0.1560 0.9877
vn 0.0409 -0.3012 -0.9527
vn 0.0210 -0.1547 -0.9877
vn 0.0786 -0.5786 -0.8118
vn 0.1087 -0.7995 -0.5908
vn 0.1280 -0.9418 -0.3109
vn 0.1343 -0.9878 -0.0788
vn 0.1343 -0.9878 0.0788
vn 0.1280 -0.9418 0.3109
vn 0.1087 -0.7995 0.5908
vn 0.0786 -0.5786 0.8118
vn 0.0409 -0.3012 0.9527
vn 0.0210 -0.1547 0.9877
vn -0.1665 -0.2010 -0.9653
vn -0.0641 -0.0773 -0.9949
vn -0.3058 -0.3691 -0.8776
vn -0.4534 -0.5473 -0.7035
vn -0.5831 -0.7040 -0.4054
vn -0.6337 -0.7650 -0.1149
vn -0.6337 -0.7650 0.1149
vn -0.5831 -0.7040 0.4054
vn -0.4534 -0.5473 0.7035
vn -0.3058 -0.3691 0.8776
vn -0.1665 -0.2010 0.9653
vn -0.0641 -0.0773 0.9949
vn -0.1980 0.1980 -0.9600
vn -0.0786 0.0786 -0.9938
vn -0.3610 0.3610 -0.8599
vn -0.5227 0.5226 -0.6736
vn -0.6542 0.6543 -0.3793
vn -0.7032 0.7032 -0.1049
vn -0.7032 0.7032 0.1049
vn -0.6542 0.6543 0.3793
vn -0.5227 0.5226 0.6736
vn -0.3610 0.3610 0.8599
vn -0.1980 0.1980 0.9600
vn -0.0786 0.0786 0.9938
vn 0.1980 0.1980 -0.9600
vn 0.0786 0.0786 -0.9938
vn 0.3609 0.3610 -0.8599
vn 0.5227 0.5225 -0.6736
vn 0.6543 0.6543 -0.3792
vn 0.7032 0.7032 -0.1048
vn 0.7032 0.7032 0.1048
vn 0.6543 0.6543 0.3792
vn 0.5227 0.5225 0.6736
vn 0.3609 0.3610 0.8599
vn 0.1980 0.1980 0.9600
vn 0.0786 0.0786 0.9938
vn 0.1980 -0.1980 -0.9600
vn 0.3609 -0.3610 -0.8599
vn 0.5227 -0.5225 -0.6736
vn 0.6543 -0.6543 -0.3792
vn 0.7032 -0.7032 -0.1048
vn 0.7032 -0.7032 0.1048
vn 0.6543 -0.6543 0.3792
vn 0.5227 -0.5225 0.6736
vn 0.3609 -0.3610 0.8599
vn 0.1980 -0.1980 0.9600
vt 0.961039 0.000000
vt 0.000000 0.000000
vt 0.974026 0.000000
vt 0.987013 0.000000
vt 1.000000 0.000000
vt 0.012987 0.000000
vt 0.038961 0.000000
vt 0.025974 0.000000
vt 0.051948 0.000000
vt 0.064935 0.000000
vt 0.077922 0.000000
vt 0.948052 0.000000
vt 0.090909 0.000000
vt 0.935065 0.000000
vt 0.103896 0.000000
vt 0.922078 0.000000
vt 0.116883 0.000000
vt 0.909091 0.000000
vt 0.896104 0.000000
vt 0.883117 0.000000
vt 0.129870 0.000000
vt 0.870130 0.000000
vt 0.857143 0.000000
vt 0.142857 0.000000
vt 0.844156 0.000000
vt 0.155844 0.000000
vt 0.831169 0.000000
vt 0.818182 0.000000
vt 0.168831 0.000000
vt 0.805195 0.000000
vt 0.181818 0.000000
vt 0.792208 0.000000
vt 0.779221 0.000000
vt 0.194805 0.000000
vt 0.766234 0.000000
vt 0.753247 0.000000
vt 0.207792 0.000000
vt 0.740260 0.000000
vt 0.480519 0.000000
vt 0.506494 0.000000
vt 0.493506 0.000000
vt 0.727273 0.000000
vt 0.519481 0.000000
vt 0.220779 0.000000
vt 0.714286 0.000000
vt 0.532468 0.000000
vt 0.545455 0.000000
vt 0.701299 0.000000
vt 0.558442 0.000000
vt 0.571429 0.000000
vt 0.688312 0.000000
vt 0.584416 0.000000
vt 0.233766 0.000000
vt 0.675325 0.000000
vt 0.597403 0.000000
vt 0.610390 0.000000
vt 0.662338 0.000000
vt 0.623377 0.000000
vt 0.636364 0.000000
vt 0.649351 0.000000
vt 0.246753 0.000000
vt 0.259740 0.000000
vt 0.272727 0.000000
vt 0.467532 0.000000
vt 0.454545 0.000000
vt 0.285714 0.000000
vt 0.441558 0.000000
vt 0.428571 0.000000
vt 0.415584 0.000000
vt 0.298701 0.000000
vt 0.402597 0.000000
vt 0.389610 0.000000
vt 0.311688 0.000000
vt 0.376623 0.000000
vt 0.363636 0.000000
vt 0.350649 0.000000
vt 0.324675 0.000000
vt 0.337662 0.000000
vt 0.000000 0.090909
vt 0.012821 0.090909
vt 0.012821 0.000000
vt 0.000000 0.181818
vt 0.012821 0.181818
vt 0.000000 0.272727
vt 0.012821 0.272727
vt 0.000000 0.363636
vt 0.012821 0.363636
vt 0.000000 0.454545
vt 0.012821 0.454545
vt 0.000000 0.545455
vt 0.012821 0.545455
vt 0.000000 0.636364
vt 0.012821 0.636364
vt 0.000000 0.727273
vt 0.012821 0.727273
vt 0.000000 0.818182
vt 0.012821 0.818182
vt 0.000000 0.909091
vt 0.012821 0.909091
vt 0.000000 1.000000
vt 0.012821 1.000000
vt 0.025641 0.090909
vt 0.025641 0.000000
vt 0.025641 0.181818
vt 0.025641 0.272727
vt 0.025641 0.363636
vt 0.025641 0.454545
vt 0.025641 0.545455
vt 0.025641 0.636364
vt 0.025641 0.727273
vt 0.025641 0.818182
vt 0.025641 0.909091
vt 0.025641 1.000000
vt 0.038462 0.090909
vt 0.038462 0.000000
vt 0.038462 0.181818
vt 0.038462 0.272727
vt 0.038462 0.363636
vt 0.038462 0.454545
vt 0.038462 0.545455
vt 0.038462 0.636364
vt 0.038462 0.727273
vt 0.038462 0.818182
vt 0.038462 0.909091
vt 0.038462 1.000000
vt 0.051282 0.090909
vt 0.051282 0.000000
vt 0.051282 0.181818
vt 0.051282 0.272727
vt 0.051282 0.363636
vt 0.051282 0.454545
vt 0.051282 0.545455
vt 0.051282 0.636364
vt 0.051282 0.727273
vt 0.051282 0.818182
vt 0.051282 0.909091
vt 0.051282 1.000000
vt 0.064103 0.090909
vt 0.064103 0.000000
vt 0.064103 0.181818
vt 0.064103 0.272727
vt 0.064103 0.363636
vt 0.064103 0.454545
vt 0.064103 0.545455
vt 0.064103 0.636364
vt 0.064103 0.727273
vt 0.064103 0.818182
vt 0.064103 0.909091
vt 0.064103 1.000000
vt 0.076923 0.090909
vt 0.076923 0.000000
vt 0.076923 0.181818
vt 0.076923 0.272727
vt 0.076923 0.363636
vt 0.076923 0.454545
vt 0.076923 0.545455
vt 0.076923 0.636364
vt 0.076923 0.727273
vt 0.076923 0.818182
vt 0.076923 0.909091
vt 0.076923 1.000000
vt 0.089744 0.090909
vt 0.089744 0.000000
vt 0.089744 0.181818
vt 0.089744 0.272727
vt 0.089744 0.363636
vt 0.089744 0.454545
vt 0.089744 0.545455
vt 0.089744 0.636364
vt 0.089744 0.727273
vt 0.089744 0.818182
vt 0.089744 0.909091
vt 0.089744 1.000000
vt 0.102564 0.090909
vt 0.102564 0.000000
vt 0.102564 0.181818
vt 0.102564 0.272727
vt 0.102564 0.363636
vt 0.102564 0.454545
vt 0.102564 0.545455
vt 0.102564 0.636364
vt 0.102564 0.727273
vt 0.102564 0.818182
vt 0.102564 0.909091
vt 0.102564 1.000000
vt 0.115385 0.090909
vt 0.115385 0.000000
vt 0.115385 0.181818
vt 0.115385 0.272727
vt 0.115385 0.363636
vt 0.115385 0.454545
vt 0.115385 0.545455
vt 0.115385 0.636364
vt 0.115385 0.727273
vt 0.115385 0.818182
vt 0.115385 0.909091
vt 0.115385 1.000000
vt 0.128205 0.090909
vt 0.128205 0.000000
vt 0.128205 0.181818
vt 0.128205 0.272727
vt 0.128205 0.363636
vt 0.128205 0.454545
vt 0.128205 0.545455
vt 0.128205 0.636364
vt 0.128205 0.727273
vt 0.128205 0.818182
vt 0.128205 0.909091
vt 0.128205 1.000000
vt 0.141026 0.090909
vt 0.141026 0.000000
vt 0.141026 0.181818
vt 0.141026 0.272727
vt 0.141026 0.363636
vt 0.141026 0.454545
vt 0.141026 0.545455
vt 0.141026 0.636364
vt 0.141026 0.727273
vt 0.141026 0.818182
vt 0.141026 0.909091
vt 0.141026 1.000000
vt 0.153846 0.090909
vt 0.153846 0.000000
vt 0.153846 0.181818
vt 0.153846 0.272727
vt 0.153846 0.363636
vt 0.153846 0.454545
vt 0.153846 0.545455
vt 0.153846 0.636364
vt 0.153846 0.727273
vt 0.153846 0.818182
vt 0.153846 0.909091
vt 0.153846 1.000000
vt 0.166667 0.090909
vt 0.166667 0.000000
vt 0.166667 0.181818
vt 0.166667 0.272727
vt 0.166667 0.363636
vt 0.166667 0.454545
vt 0.166667 0.545455
vt 0.166667 0.636364
vt 0.166667 0.727273
vt 0.166667 0.818182
vt 0.166667 0.909091
vt 0.166667 1.000000
vt 0.179487 0.090909
vt 0.179487 0.000000
vt 0.179487 0.181818
vt 0.179487 0.272727
vt 0.179487 0.363636
vt 0.179487 0.454545
vt 0.179487 0.545455
vt 0.179487 0.636364
vt 0.179487 0.727273
vt 0.179487 0.818182
vt 0.179487 0.909091
vt 0.179487 1.000000
vt 0.192308 0.090909
vt 0.192308 0.000000
vt 0.192308 0.181818
vt 0.192308 0.272727
vt 0.192308 0.363636
vt 0.192308 0.454545
vt 0.192308 0.545455
vt 0.192308 0.636364
vt 0.192308 0.727273
vt 0.192308 0.818182
vt 0.192308 0.909091
vt 0.192308 1.000000
vt 0.205128 0.090909
vt 0.205128 0.000000
vt 0.205128 0.181818
vt 0.205128 0.272727
vt 0.205128 0.363636
vt 0.205128 0.454545
vt 0.205128 0.545455
vt 0.205128 0.636364
vt 0.205128 0.727273
vt 0.205128 0.818182
vt 0.205128 0.909091
vt 0.205128 1.000000
vt 0.217949 0.090909
vt 0.217949 0.000000
vt 0.217949 0.181818
vt 0.217949 0.272727
vt 0.217949 0.363636
vt 0.217949 0.454545
vt 0.217949 0.545455
vt 0.217949 0.636364
vt 0.217949 0.727273
vt 0.217949 0.818182
vt 0.217949 0.909091
vt 0.217949 1.000000
vt 0.230769 0.090909
vt 0.230769 0.000000
vt 0.230769 0.181818
vt 0.230769 0.272727
vt 0.230769 0.363636
vt 0.230769 0.454545
vt 0.230769 0.545455
vt 0.230769 0.636364
vt 0.230769 0.727273
vt 0.230769 0.818182
vt 0.230769 0.909091
vt 0.230769 1.000000
vt 0.243590 0.090909
vt 0.243590 0.000000
vt 0.243590 0.181818
vt 0.243590 0.272727
vt 0.243590 0.363636
vt 0.243590 0.454545
vt 0.243590 0.545455
vt 0.243590 0.636364
vt 0.243590 0.727273
vt 0.243590 0.818182
vt 0.243590 0.909091
vt 0.243590 1.000000
vt 0.256410 0.090909
vt 0.256410 0.000000
vt 0.256410 0.181818
vt 0.256410 0.272727
vt 0.256410 0.363636
vt 0.256410 0.454545
vt 0.256410 0.545455
vt 0.256410 0.636364
vt 0.256410 0.727273
vt 0.256410 0.818182
vt 0.256410 0.909091
vt 0.256410 1.000000
vt 0.269231 0.090909
vt 0.269231 0.000000
vt 0.269231 0.181818
vt 0.269231 0.272727
vt 0.269231 0.363636
vt 0.269231 0.454545
vt 0.269231 0.545455
vt 0.269231 0.636364
vt 0.269231 0.727273
vt 0.269231 0.818182
vt 0.269231 0.909091
vt 0.269231 1.000000
vt 0.282051 0.090909
vt 0.282051 0.000000
vt 0.282051 0.181818
vt 0.282051 0.272727
vt 0.282051 0.363636
vt 0.282051 0.454545
vt 0.282051 0.545455
vt 0.282051 0.636364
vt 0.282051 0.727273
vt 0.282051 0.818182
vt 0.282051 0.909091
vt 0.282051 1.000000
vt 0.294872 0.090909
vt 0.294872 0.000000
vt 0.294872 0.181818
vt 0.294872 0.272727
vt 0.294872 0.363636
vt 0.294872 0.454545
vt 0.294872 0.545455
vt 0.294872 0.636364
vt 0.294872 0.727273
vt 0.294872 0.818182
vt 0.294872 0.909091
vt 0.294872 1.000000
vt 0.307692 0.090909
vt 0.307692 0.000000
vt 0.307692 0.181818
vt 0.307692 0.272727
vt 0.307692 0.363636
vt 0.307692 0.454545
vt 0.307692 0.545455
vt 0.307692 0.636364
vt 0.307692 0.727273
vt 0.307692 0.818182
vt 0.307692 0.909091
vt 0.307692 1.000000
vt 0.320513 0.090909
vt 0.320513 0.000000
vt 0.320513 0.181818
vt 0.320513 0.272727
vt 0.320513 0.363636
vt 0.320513 0.454545
vt 0.320513 0.545455
vt 0.320513 0.636364
vt 0.320513 0.727273
vt 0.320513 0.818182
vt 0.320513 0.909091
vt 0.320513 1.000000
vt 0.333333 0.090909
vt 0.333333 0.000000
vt 0.333333 0.181818
vt 0.333333 0.272727
vt 0.333333 0.363636
vt 0.333333 0.454545
vt 0.333333 0.545455
vt 0.333333 0.636364
vt 0.333333 0.727273
vt 0.333333 0.818182
vt 0.333333 0.909091
vt 0.333333 1.000000
vt 0.346154 0.090909
vt 0.346154 0.000000
vt 0.346154 0.181818
vt 0.346154 0.272727
vt 0.346154 0.363636
vt 0.346154 0.454545
vt 0.346154 0.545455
vt 0.346154 0.636364
vt 0.346154 0.727273
vt 0.346154 0.818182
vt 0.346154 0.909091
vt 0.346154 1.000000
vt 0.358974 0.090909
vt 0.358974 0.000000
vt 0.358974 0.181818
vt 0.358974 0.272727
vt 0.358974 0.363636
vt 0.358974 0.454545
vt 0.358974 0.545455
vt 0.358974 0.636364
vt 0.358974 0.727273
vt 0.358974 0.818182
vt 0.358974 0.909091
vt 0.358974 1.000000
vt 0.371795 0.090909
vt 0.371795 0.000000
vt 0.371795 0.181818
vt 0.371795 0.272727
vt 0.371795 0.363636
vt 0.371795 0.454545
vt 0.371795 0.545455
vt 0.371795 0.636364
vt 0.371795 0.727273
vt 0.371795 0.818182
vt 0.371795 0.909091
vt 0.371795 1.000000
vt 0.384615 0.090909
vt 0.384615 0.000000
vt 0.384615 0.181818
vt 0.384615 0.272727
vt 0.384615 0.363636
vt 0.384615 0.454545
vt 0.384615 0.545455
vt 0.384615 0.636364
vt 0.384615 0.727273
vt 0.384615 0.818182
vt 0.384615 0.909091
vt 0.384615 1.000000
vt 0.397436 0.090909
vt 0.397436 0.000000
vt 0.397436 0.181818
vt 0.397436 0.272727
vt 0.397436 0.363636
vt 0.397436 0.454545
vt 0.397436 0.545455
vt 0.397436 0.636364
vt 0.397436 0.727273
vt 0.397436 0.818182
vt 0.397436 0.909091
vt 0.397436 1.000000
vt 0.410256 0.090909
vt 0.410256 0.000000
vt 0.410256 0.181818
vt 0.410256 0.272727
vt 0.410256 0.363636
vt 0.410256 0.454545
vt 0.410256 0.545455
vt 0.410256 0.636364
vt 0.410256 0.727273
vt 0.410256 0.818182
vt 0.410256 0.909091
vt 0.410256 1.000000
vt 0.423077 0.090909
vt 0.423077 0.000000
vt 0.423077 0.181818
vt 0.423077 0.272727
vt 0.423077 0.363636
vt 0.423077 0.454545
vt 0.423077 0.545455
vt 0.423077 0.636364
vt 0.423077 0.727273
vt 0.423077 0.818182
vt 0.423077 0.909091
vt 0.423077 1.000000
vt 0.435897 0.090909
vt 0.435897 0.000000
vt 0.435897 0.181818
vt 0.435897 0.272727
vt 0.435897 0.363636
vt 0.435897 0.454545
vt 0.435897 0.545455
vt 0.435897 0.636364
vt 0.435897 0.727273
vt 0.435897 0.818182
vt 0.435897 0.909091
vt 0.435897 1.000000
vt 0.448718 0.090909
vt 0.448718 0.000000
vt 0.448718 0.181818
vt 0.448718 0.272727
vt 0.448718 0.363636
vt 0.448718 0.454545
vt 0.448718 0.545455
vt 0.448718 0.636364
vt 0.448718 0.727273
vt 0.448718 0.818182
vt 0.448718 0.909091
vt 0.448718 1.000000
vt 0.461538 0.090909
vt 0.461538 0.000000
vt 0.461538 0.181818
vt 0.461538 0.272727
vt 0.461538 0.363636
vt 0.461538 0.454545
vt 0.461538 0.545455
vt 0.461538 0.636364
vt 0.461538 0.727273
vt 0.461538 0.818182
vt 0.461538 0.909091
vt 0.461538 1.000000
vt 0.474359 0.090909
vt 0.474359 0.000000
vt 0.474359 0.181818
vt 0.474359 0.272727
vt 0.474359 0.363636
vt 0.474359 0.454545
vt 0.474359 0.545455
vt 0.474359 0.636364
vt 0.474359 0.727273
vt 0.474359 0.818182
vt 0.474359 0.909091
vt 0.474359 1.000000
vt 0.487179 0.090909
vt 0.487179 0.000000
vt 0.487179 0.181818
vt 0.487179 0.272727
vt 0.487179 0.363636
vt 0.487179 0.454545
vt 0.487179 0.545455
vt 0.487179 0.636364
vt 0.487179 0.727273
vt 0.487179 0.818182
vt 0.487179 0.909091
vt 0.487179 1.000000
vt 0.500000 0.090909
vt 0.500000 0.000000
vt 0.500000 0.181818
vt 0.500000 0.272727
vt 0.500000 0.363636
vt 0.500000 0.454545
vt 0.500000 0.545455
vt 0.500000 0.636364
vt 0.500000 0.727273
vt 0.500000 0.818182
vt 0.500000 0.909091
vt 0.500000 1.000000
vt 0.512821 0.090909
vt 0.512821 0.000000
vt 0.512821 0.181818
vt 0.512821 0.272727
vt 0.512821 0.363636
vt 0.512821 0.454545
vt 0.512821 0.545455
vt 0.512821 0.636364
vt 0.512821 0.727273
vt 0.512821 0.818182
vt 0.512821 0.909091
vt 0.512821 1.000000
vt 0.525641 0.090909
vt 0.525641 0.000000
vt 0.525641 0.181818
vt 0.525641 0.272727
vt 0.525641 0.363636
vt 0.525641 0.454545
vt 0.525641 0.545455
vt 0.525641 0.636364
vt 0.525641 0.727273
vt 0.525641 0.818182
vt 0.525641 0.909091
vt 0.525641 1.000000
vt 0.538462 0.090909
vt 0.538462 0.000000
vt 0.538462 0.181818
vt 0.538462 0.272727
vt 0.538462 0.363636
vt 0.538462 0.454545
vt 0.538462 0.545455
vt 0.538462 0.636364
vt 0.538462 0.727273
vt 0.538462 0.818182
vt 0.538462 0.909091
vt 0.538462 1.000000
vt 0.551282 0.090909
vt 0.551282 0.000000
vt 0.551282 0.181818
vt 0.551282 0.272727
vt 0.551282 0.363636
vt 0.551282 0.454545
vt 0.551282 0.545455
vt 0.551282 0.636364
vt 0.551282 0.727273
vt 0.551282 0.818182
vt 0.551282 0.909091
vt 0.551282 1.000000
vt 0.564103 0.090909
vt 0.564103 0.000000
vt 0.564103 0.181818
vt 0.564103 0.272727
vt 0.564103 0.363636
vt 0.564103 0.454545
vt 0.564103 0.545455
vt 0.564103 0.636364
vt 0.564103 0.727273
vt 0.564103 0.818182
vt 0.564103 0.909091
vt 0.564103 1.000000
vt 0.576923 0.090909
vt 0.576923 0.000000
vt 0.576923 0.181818
vt 0.576923 0.272727
vt 0.576923 0.363636
vt 0.576923 0.454545
vt 0.576923 0.545455
vt 0.576923 0.636364
vt 0.576923 0.727273
vt 0.576923 0.818182
vt 0.576923 0.909091
vt 0.576923 1.000000
vt 0.589744 0.090909
vt 0.589744 0.000000
vt 0.589744 0.181818
vt 0.589744 0.272727
vt 0.589744 0.363636
vt 0.589744 0.454545
vt 0.589744 0.545455
vt 0.589744 0.636364
vt 0.589744 0.727273
vt 0.589744 0.818182
vt 0.589744 0.909091
vt 0.589744 1.000000
vt 0.602564 0.090909
vt 0.602564 0.000000
vt 0.602564 0.181818
vt 0.602564 0.272727
vt 0.602564 0.363636
vt 0.602564 0.454545
vt 0.602564 0.545455
vt 0.602564 0.636364
vt 0.602564 0.727273
vt 0.602564 0.818182
vt 0.602564 0.909091
vt 0.602564 1.000000
vt 0.615385 0.090909
vt 0.615385 0.000000
vt 0.615385 0.181818
vt 0.615385 0.272727
vt 0.615385 0.363636
vt 0.615385 0.454545
vt 0.615385 0.545455
vt 0.615385 0.636364
vt 0.615385 0.727273
vt 0.615385 0.818182
vt 0.615385 0.909091
vt 0.615385 1.000000
vt 0.628205 0.090909
vt 0.628205 0.000000
vt 0.628205 0.181818
vt 0.628205 0.272727
vt 0.628205 0.363636
vt 0.628205 0.454545
vt 0.628205 0.545455
vt 0.628205 0.636364
vt 0.628205 0.727273
vt 0.628205 0.818182
vt 0.628205 0.909091
vt 0.628205 1.000000
vt 0.641026 0.090909
vt 0.641026 0.000000
vt 0.641026 0.181818
vt 0.641026 0.272727
vt 0.641026 0.363636
vt 0.641026 0.454545
vt 0.641026 0.545455
vt 0.641026 0.636364
vt 0.641026 0.727273
vt 0.641026 0.818182
vt 0.641026 0.909091
vt 0.641026 1.000000
vt 0.653846 0.090909
vt 0.653846 0.000000
vt 0.653846 0.181818
vt 0.653846 0.272727
vt 0.653846 0.363636
vt 0.653846 0.454545
vt 0.653846 0.545455
vt 0.653846 0.636364
vt 0.653846 0.727273
vt 0.653846 0.818182
vt 0.653846 0.909091
vt 0.653846 1.000000
vt 0.666667 0.090909
vt 0.666667 0.000000
vt 0.666667 0.181818
vt 0.666667 0.272727
vt 0.666667 0.363636
vt 0.666667 0.454545
vt 0.666667 0.545455
vt 0.666667 0.636364
vt 0.666667 0.727273
vt 0.666667 0.818182
vt 0.666667 0.909091
vt 0.666667 1.000000
vt 0.679487 0.090909
vt 0.679487 0.000000
vt 0.679487 0.181818
vt 0.679487 0.272727
vt 0.679487 0.363636
vt 0.679487 0.454545
vt 0.679487 0.545455
vt 0.679487 0.636364
vt 0.679487 0.727273
vt 0.679487 0.818182
vt 0.679487 0.909091
vt 0.679487 1.000000
vt 0.692308 0.090909
vt 0.692308 0.000000
vt 0.692308 0.181818
vt 0.692308 0.272727
vt 0.692308 0.363636
vt 0.692308 0.454545
vt 0.692308 0.545455
vt 0.692308 0.636364
vt 0.692308 0.727273
vt 0.692308 0.818182
vt 0.692308 0.909091
vt 0.692308 1.000000
vt 0.705128 0.090909
vt 0.705128 0.000000
vt 0.705128 0.181818
vt 0.705128 0.272727
vt 0.705128 0.363636
vt 0.705128 0.454545
vt 0.705128 0.545455
vt 0.705128 0.636364
vt 0.705128 0.727273
vt 0.705128 0.818182
vt 0.705128 0.909091
vt 0.705128 1.000000
vt 0.717949 0.090909
vt 0.717949 0.000000
vt 0.717949 0.181818
vt 0.717949 0.272727
vt 0.717949 0.363636
vt 0.717949 0.454545
vt 0.717949 0.545455
vt 0.717949 0.636364
vt 0.717949 0.727273
vt 0.717949 0.818182
vt 0.717949 0.909091
vt 0.717949 1.000000
vt 0.730769 0.090909
vt 0.730769 0.000000
vt 0.730769 0.181818
vt 0.730769 0.272727
vt 0.730769 0.363636
vt 0.730769 0.454545
vt 0.730769 0.545455
vt 0.730769 0.636364
vt 0.730769 0.727273
vt 0.730769 0.818182
vt 0.730769 0.909091
vt 0.730769 1.000000
vt 0.743590 0.090909
vt 0.743590 0.000000
vt 0.743590 0.181818
vt 0.743590 0.272727
vt 0.743590 0.363636
vt 0.743590 0.454545
vt 0.743590 0.545455
vt 0.743590 0.636364
vt 0.743590 0.727273
vt 0.743590 0.818182
vt 0.743590 0.909091
vt 0.743590 1.000000
vt 0.756410 0.090909
vt 0.756410 0.000000
vt 0.756410 0.181818
vt 0.756410 0.272727
vt 0.756410 0.363636
vt 0.756410 0.454545
vt 0.756410 0.545455
vt 0.756410 0.636364
vt 0.756410 0.727273
vt 0.756410 0.818182
vt 0.756410 0.909091
vt 0.756410 1.000000
vt 0.769231 0.090909
vt 0.769231 0.000000
vt 0.769231 0.181818
vt 0.769231 0.272727
vt 0.769231 0.363636
vt 0.769231 0.454545
vt 0.769231 0.545455
vt 0.769231 0.636364
vt 0.769231 0.727273
vt 0.769231 0.818182
vt 0.769231 0.909091
vt 0.769231 1.000000
vt 0.782051 0.090909
vt 0.782051 0.000000
vt 0.782051 0.181818
vt 0.782051 0.272727
vt 0.782051 0.363636
vt 0.782051 0.454545
vt 0.782051 0.545455
vt 0.782051 0.636364
vt 0.782051 0.727273
vt 0.782051 0.818182
vt 0.782051 0.909091
vt 0.782051 1.000000
vt 0.794872 0.090909
vt 0.794872 0.000000
vt 0.794872 0.181818
vt 0.794872 0.272727
vt 0.794872 0.363636
vt 0.794872 0.454545
vt 0.794872 0.545455
vt 0.794872 0.636364
vt 0.794872 0.727273
vt 0.794872 0.818182
vt 0.794872 0.909091
vt 0.794872 1.000000
vt 0.807692 0.090909
vt 0.807692 0.000000
vt 0.807692 0.181818
vt 0.807692 0.272727
vt 0.807692 0.363636
vt 0.807692 0.454545
vt 0.807692 0.545455
vt 0.807692 0.636364
vt 0.807692 0.727273
vt 0.807692 0.818182
vt 0.807692 0.909091
vt 0.807692 1.000000
vt 0.820513 0.090909
vt 0.820513 0.000000
vt 0.820513 0.181818
vt 0.820513 0.272727
vt 0.820513 0.363636
vt 0.820513 0.454545
vt 0.820513 0.545455
vt 0.820513 0.636364
vt 0.820513 0.727273
vt 0.820513 0.818182
vt 0.820513 0.909091
vt 0.820513 1.000000
vt 0.833333 0.090909
vt 0.833333 0.000000
vt 0.833333 0.181818
vt 0.833333 0.272727
vt 0.833333 0.363636
vt 0.833333 0.454545
vt 0.833333 0.545455
vt 0.833333 0.636364
vt 0.833333 0.727273
vt 0.833333 0.818182
vt 0.833333 0.909091
vt 0.833333 1.000000
vt 0.846154 0.090909
vt 0.846154 0.000000
vt 0.846154 0.181818
vt 0.846154 0.272727
vt 0.846154 0.363636
vt 0.846154 0.454545
vt 0.846154 0.545455
vt 0.846154 0.636364
vt 0.846154 0.727273
vt 0.846154 0.818182
vt 0.846154 0.909091
vt 0.846154 1.000000
vt 0.858974 0.090909
vt 0.858974 0.000000
vt 0.858974 0.181818
vt 0.858974 0.272727
vt 0.858974 0.363636
vt 0.858974 0.454545
vt 0.858974 0.545455
vt 0.858974 0.636364
vt 0.858974 0.727273
vt 0.858974 0.818182
vt 0.858974 0.909091
vt 0.858974 1.000000
vt 0.871795 0.090909
vt 0.871795 0.000000
vt 0.871795 0.181818
vt 0.871795 0.272727
vt 0.871795 0.363636
vt 0.871795 0.454545
vt 0.871795 0.545455
vt 0.871795 0.636364
vt 0.871795 0.727273
vt 0.871795 0.818182
vt 0.871795 0.909091
vt 0.871795 1.000000
vt 0.884615 0.090909
vt 0.884615 0.000000
vt 0.884615 0.181818
vt 0.884615 0.272727
vt 0.884615 0.363636
vt 0.884615 0.454545
vt 0.884615 0.545455
vt 0.884615 0.636364
vt 0.884615 0.727273
vt 0.884615 0.818182
vt 0.884615 0.909091
vt 0.884615 1.000000
vt 0.897436 0.090909
vt 0.897436 0.000000
vt 0.897436 0.181818
vt 0.897436 0.272727
vt 0.897436 0.363636
vt 0.897436 0.454545
vt 0.897436 0.545455
vt 0.897436 0.636364
vt 0.897436 0.727273
vt 0.897436 0.818182
vt 0.897436 0.909091
vt 0.897436 1.000000
vt 0.910256 0.090909
vt 0.910256 0.000000
vt 0.910256 0.181818
vt 0.910256 0.272727
vt 0.910256 0.363636
vt 0.910256 0.454545
vt 0.910256 0.545455
vt 0.910256 0.636364
vt 0.910256 0.727273
vt 0.910256 0.818182
vt 0.910256 0.909091
vt 0.910256 1.000000
vt 0.923077 0.090909
vt 0.923077 0.000000
vt 0.923077 0.181818
vt 0.923077 0.272727
vt 0.923077 0.363636
vt 0.923077 0.454545
vt 0.923077 0.545455
vt 0.923077 0.636364
vt 0.923077 0.727273
vt 0.923077 0.818182
vt 0.923077 0.909091
vt 0.923077 1.000000
vt 0.935897 0.090909
vt 0.935897 0.000000
vt 0.935897 0.181818
vt 0.935897 0.272727
vt 0.935897 0.363636
vt 0.935897 0.454545
vt 0.935897 0.545455
vt 0.935897 0.636364
vt 0.935897 0.727273
vt 0.935897 0.818182
vt 0.935897 0.909091
vt 0.935897 1.000000
vt 0.948718 0.090909
vt 0.948718 0.000000
vt 0.948718 0.181818
vt 0.948718 0.272727
vt 0.948718 0.363636
vt 0.948718 0.454545
vt 0.948718 0.545455
vt 0.948718 0.636364
vt 0.948718 0.727273
vt 0.948718 0.818182
vt 0.948718 0.909091
vt 0.948718 1.000000
vt 0.961538 0.090909
vt 0.961538 0.000000
vt 0.961538 0.181818
vt 0.961538 0.272727
vt 0.961538 0.363636
vt 0.961538 0.454545
vt 0.961538 0.545455
vt 0.961538 0.636364
vt 0.961538 0.727273
vt 0.961538 0.818182
vt 0.961538 0.909091
vt 0.961538 1.000000
vt 0.974359 0.090909
vt 0.974359 0.000000
vt 0.974359 0.181818
vt 0.974359 0.272727
vt 0.974359 0.363636
vt 0.974359 0.454545
vt 0.974359 0.545455
vt 0.974359 0.636364
vt 0.974359 0.727273
vt 0.974359 0.818182
vt 0.974359 0.909091
vt 0.974359 1.000000
vt 0.987179 0.090909
vt 0.987179 0.000000
vt 0.987179 0.181818
vt 0.987179 0.272727
vt 0.987179 0.363636
vt 0.987179 0.454545
vt 0.987179 0.545455
vt 0.987179 0.636364
vt 0.987179 0.727273
vt 0.987179 0.818182
vt 0.987179 0.909091
vt 0.987179 1.000000
vt 1.000000 0.090909
vt 1.000000 0.181818
vt 1.000000 0.272727
vt 1.000000 0.363636
vt 1.000000 0.454545
vt 1.000000 0.545455
vt 1.000000 0.636364
vt 1.000000 0.727273
vt 1.000000 0.818182
vt 1.000000 0.909091
vt 1.000000 1.000000
s 0
usemtl Gold.005
f 75/1/1 1/2/1 76/3/1
f 1/2/1 77/4/1 76/3/1
f 1/2/1 78/5/1 77/4/1
f 75/1/1 2/6/1 1/2/1
f 2/6/1 4/7/1 3/8/1
f 75/1/1 4/7/1 2/6/1
f 75/1/1 5/9/1 4/7/1
f 75/1/1 6/10/1 5/9/1
f 75/1/1 7/11/1 6/10/1
f 75/1/1 74/12/1 7/11/1
f 74/12/1 8/13/1 7/11/1
f 74/12/1 73/14/1 8/13/1
f 73/14/1 9/15/1 8/13/1
f 73/14/1 72/16/1 9/15/1
f 72/16/1 10/17/1 9/15/1
f 71/18/1 10/17/1 72/16/1
f 70/19/1 10/17/1 71/18/1
f 69/20/1 10/17/1 70/19/1
f 69/20/1 11/21/1 10/17/1
f 68/22/1 11/21/1 69/20/1
f 67/23/1 11/21/1 68/22/1
f 67/23/1 12/24/1 11/21/1
f 66/25/1 12/24/1 67/23/1
f 66/25/1 13/26/1 12/24/1
f 65/27/1 13/26/1 66/25/1
f 64/28/1 13/26/1 65/27/1
f 64/28/1 14/29/1 13/26/1
f 63/30/1 14/29/1 64/28/1
f 63/30/1 15/31/1 14/29/1
f 62/32/1 15/31/1 63/30/1
f 61/33/1 15/31/1 62/32/1
f 61/33/1 16/34/1 15/31/1
f 60/35/1 16/34/1 61/33/1
f 59/36/1 16/34/1 60/35/1
f 59/36/1 17/37/1 16/34/1
f 58/38/1 17/37/1 59/36/1
f 38/39/1 40/40/1 39/41/1
f 57/42/1 17/37/1 58/38/1
f 38/39/1 41/43/1 40/40/1
f 57/42/1 18/44/1 17/37/1
f 56/45/1 18/44/1 57/42/1
f 38/39/1 42/46/1 41/43/1
f 38/39/1 43/47/1 42/46/1
f 55/48/1 18/44/1 56/45/1
f 38/39/1 44/49/1 43/47/1
f 38/39/1 45/50/1 44/49/1
f 54/51/1 18/44/1 55/48/1
f 38/39/1 46/52/1 45/50/1
f 54/51/1 19/53/1 18/44/1
f 53/54/1 19/53/1 54/51/1
f 38/39/1 47/55/1 46/52/1
f 38/39/1 48/56/1 47/55/1
f 52/57/1 19/53/1 53/54/1
f 38/39/1 49/58/1 48/56/1
f 38/39/1 50/59/1 49/58/1
f 51/60/1 19/53/1 52/57/1
f 38/39/1 51/60/1 50/59/1
f 38/39/1 19/53/1 51/60/1
f 38/39/1 20/61/1 19/53/1
f 38/39/1 21/62/1 20/61/1
f 38/39/1 22/63/1 21/62/1
f 37/64/1 22/63/1 38/39/1
f 36/65/1 22/63/1 37/64/1
f 36/65/1 23/66/1 22/63/1
f 35/67/1 23/66/1 36/65/1
f 34/68/1 23/66/1 35/67/1
f 33/69/1 23/66/1 34/68/1
f 33/69/1 24/70/1 23/66/1
f 32/71/1 24/70/1 33/69/1
f 31/72/1 24/70/1 32/71/1
f 31/72/1 25/73/1 24/70/1
f 30/74/1 25/73/1 31/72/1
f 29/75/1 25/73/1 30/74/1
f 28/76/1 25/73/1 29/75/1
f 28/76/1 26/77/1 25/73/1
f 27/78/1 26/77/1 28/76/1
f 153/1/2 154/3/2 79/2/2
f 79/2/2 154/3/2 155/4/2
f 79/2/2 155/4/2 156/5/2
f 153/1/2 79/2/2 80/6/2
f 80/6/2 81/8/2 82/7/2
f 153/1/2 80/6/2 82/7/2
f 153/1/2 82/7/2 83/9/2
f 153/1/2 83/9/2 84/10/2
f 153/1/2 84/10/2 85/11/2
f 153/1/2 85/11/2 152/12/2
f 152/12/2 85/11/2 86/13/2
f 152/12/2 86/13/2 151/14/2
f 151/14/2 86/13/2 87/15/2
f 151/14/2 87/15/2 150/16/2
f 150/16/2 87/15/2 88/17/2
f 149/18/2 150/16/2 88/17/2
f 148/19/2 149/18/2 88/17/2
f 147/20/2 148/19/2 88/17/2
f 147/20/2 88/17/2 89/21/2
f 146/22/2 147/20/2 89/21/2
f 145/23/2 146/22/2 89/21/2
f 145/23/2 89/21/2 90/24/2
f 144/25/2 145/23/2 90/24/2
f 144/25/2 90/24/2 91/26/2
f 143/27/2 144/25/2 91/26/2
f 142/28/2 143/27/2 91/26/2
f 142/28/2 91/26/2 92/29/2
f 141/30/2 142/28/2 92/29/2
f 141/30/2 92/29/2 93/31/2
f 140/32/2 141/30/2 93/31/2
f 139/33/2 140/32/2 93/31/2
f 139/33/2 93/31/2 94/34/2
f 138/35/2 139/33/2 94/34/2
f 137/36/2 138/35/2 94/34/2
f 137/36/2 94/34/2 95/37/2
f 136/38/2 137/36/2 95/37/2
f 116/39/2 117/41/2 118/40/2
f 135/42/2 136/38/2 95/37/2
f 116/39/2 118/40/2 119/43/2
f 135/42/2 95/37/2 96/44/2
f 134/45/2 135/42/2 96/44/2
f 116/39/2 119/43/2 120/46/2
f 116/39/2 120/46/2 121/47/2
f 133/48/2 134/45/2 96/44/2
f 116/39/2 121/47/2 122/49/2
f 116/39/2 122/49/2 123/50/2
f 132/51/2 133/48/2 96/44/2
f 116/39/2 123/50/2 124/52/2
f 132/51/2 96/44/2 97/53/2
f 131/54/2 132/51/2 97/53/2
f 116/39/2 124/52/2 125/55/2
f 116/39/2 125/55/2 126/56/2
f 130/57/2 131/54/2 97/53/2
f 116/39/2 126/56/2 127/58/2
f 116/39/2 127/58/2 128/59/2
f 129/60/2 130/57/2 97/53/2
f 116/39/2 128/59/2 129/60/2
f 116/39/2 129/60/2 97/53/2
f 116/39/2 97/53/2 98/61/2
f 116/39/2 98/61/2 99/62/2
f 116/39/2 99/62/2 100/63/2
f 115/64/2 116/39/2 100/63/2
f 114/65/2 115/64/2 100/63/2
f 114/65/2 100/63/2 101/66/2
f 113/67/2 114/65/2 101/66/2
f 112/68/2 113/67/2 101/66/2
f 111/69/2 112/68/2 101/66/2
f 111/69/2 101/66/2 102/70/2
f 110/71/2 111/69/2 102/70/2
f 109/72/2 110/71/2 102/70/2
f 109/72/2 102/70/2 103/73/2
f 108/74/2 109/72/2 103/73/2
f 107/75/2 108/74/2 103/73/2
f 106/76/2 107/75/2 103/73/2
f 106/76/2 103/73/2 104/77/2
f 105/78/2 106/76/2 104/77/2
s 1
f 158/79/3 170/80/4 169/81/5 157/2/6
f 159/82/7 171/83/8 170/80/4 158/79/3
f 160/84/9 172/85/10 171/83/8 159/82/7
f 161/86/11 173/87/12 172/85/10 160/84/9
f 162/88/13 174/89/14 173/87/12 161/86/11
f 163/90/15 175/91/16 174/89/14 162/88/13
f 164/92/17 176/93/18 175/91/16 163/90/15
f 165/94/19 177/95/20 176/93/18 164/92/17
f 166/96/21 178/97/22 177/95/20 165/94/19
f 167/98/23 179/99/24 178/97/22 166/96/21
f 168/100/25 180/101/26 179/99/24 167/98/23
f 170/80/4 182/102/27 181/103/28 169/81/5
f 171/83/8 183/104/29 182/102/27 170/80/4
f 172/85/10 184/105/30 183/104/29 171/83/8
f 173/87/12 185/106/31 184/105/30 172/85/10
f 174/89/14 186/107/32 185/106/31 173/87/12
f 175/91/16 187/108/33 186/107/32 174/89/14
f 176/93/18 188/109/34 187/108/33 175/91/16
f 177/95/20 189/110/35 188/109/34 176/93/18
f 178/97/22 190/111/36 189/110/35 177/95/20
f 179/99/24 191/112/37 190/111/36 178/97/22
f 180/101/26 192/113/38 191/112/37 179/99/24
f 182/102/27 194/114/39 193/115/40 181/103/28
f 183/104/29 195/116/41 194/114/39 182/102/27
f 184/105/30 196/117/42 195/116/41 183/104/29
f 185/106/31 197/118/43 196/117/42 184/105/30
f 186/107/32 198/119/44 197/118/43 185/106/31
f 187/108/33 199/120/45 198/119/44 186/107/32
f 188/109/34 200/121/46 199/120/45 187/108/33
f 189/110/35 201/122/47 200/121/46 188/109/34
f 190/111/36 202/123/48 201/122/47 189/110/35
f 191/112/37 203/124/49 202/123/48 190/111/36
f 192/113/38 204/125/50 203/124/49 191/112/37
f 194/114/39 206/126/51 205/127/52 193/115/40
f 195/116/41 207/128/53 206/126/51 194/114/39
f 196/117/42 208/129/54 207/128/53 195/116/41
f 197/118/43 209/130/55 208/129/54 196/117/42
f 198/119/44 210/131/56 209/130/55 197/118/43
f 199/120/45 211/132/57 210/131/56 198/119/44
f 200/121/46 212/133/58 211/132/57 199/120/45
f 201/122/47 213/134/59 212/133/58 200/121/46
f 202/123/48 214/135/60 213/134/59 201/122/47
f 203/124/49 215/136/61 214/135/60 202/123/48
f 204/125/50 216/137/62 215/136/61 203/124/49
f 206/126/51 218/138/63 217/139/64 205/127/52
f 207/128/53 219/140/65 218/138/63 206/126/51
f 208/129/54 220/141/66 219/140/65 207/128/53
f 209/130/55 221/142/67 220/141/66 208/129/54
f 210/131/56 222/143/68 221/142/67 209/130/55
f 211/132/57 223/144/69 222/143/68 210/131/56
f 212/133/58 224/145/70 223/144/69 211/132/57
f 213/134/59 225/146/71 224/145/70 212/133/58
f 214/135/60 226/147/72 225/146/71 213/134/59
f 215/136/61 227/148/73 226/147/72 214/135/60
f 216/137/62 228/149/74 227/148/73 215/136/61
f 218/138/63 230/150/75 229/151/76 217/139/64
f 219/140/65 231/152/77 230/150/75 218/138/63
f 220/141/66 232/153/78 231/152/77 219/140/65
f 221/142/67 233/154/79 232/153/78 220/141/66
f 222/143/68 234/155/80 233/154/79 221/142/67
f 223/144/69 235/156/81 234/155/80 222/143/68
f 224/145/70 236/157/82 235/156/81 223/144/69
f 225/146/71 237/158/83 236/157/82 224/145/70
f 226/147/72 238/159/84 237/158/83 225/146/71
f 227/148/73 239/160/85 238/159/84 226/147/72
f 228/149/74 240/161/86 239/160/85 227/148/73
f 230/150/75 242/162/87 241/163/88 229/151/76
f 231/152/77 243/164/89 242/162/87 230/150/75
f 232/153/78 244/165/90 243/164/89 231/152/77
f 233/154/79 245/166/91 244/165/90 232/153/78
f 234/155/80 246/167/92 245/166/91 233/154/79
f 235/156/81 247/168/93 246/167/92 234/155/80
f 236/157/82 248/169/94 247/168/93 235/156/81
f 237/158/83 249/170/95 248/169/94 236/157/82
f 238/159/84 250/171/96 249/170/95 237/158/83
f 239/160/85 251/172/97 250/171/96 238/159/84
f 240/161/86 252/173/98 251/172/97 239/160/85
f 242/162/87 254/174/99 253/175/100 241/163/88
f 243/164/89 255/176/101 254/174/99 242/162/87
f 244/165/90 256/177/102 255/176/101 243/164/89
f 245/166/91 257/178/103 256/177/102 244/165/90
f 246/167/92 258/179/104 257/178/103 245/166/91
f 247/168/93 259/180/105 258/179/104 246/167/92
f 248/169/94 260/181/106 259/180/105 247/168/93
f 249/170/95 261/182/107 260/181/106 248/169/94
f 250/171/96 262/183/108 261/182/107 249/170/95
f 251/172/97 263/184/109 262/183/108 250/171/96
f 252/173/98 264/185/110 263/184/109 251/172/97
f 254/174/99 266/186/111 265/187/112 253/175/100
f 255/176/101 267/188/113 266/186/111 254/174/99
f 256/177/102 268/189/114 267/188/113 255/176/101
f 257/178/103 269/190/115 268/189/114 256/177/102
f 258/179/104 270/191/116 269/190/115 257/178/103
f 259/180/105 271/192/117 270/191/116 258/179/104
f 260/181/106 272/193/118 271/192/117 259/180/105
f 261/182/107 273/194/119 272/193/118 260/181/106
f 262/183/108 274/195/120 273/194/119 261/182/107
f 263/184/109 275/196/121 274/195/120 262/183/108
f 264/185/110 276/197/122 275/196/121 263/184/109
f 266/186/111 278/198/123 277/199/124 265/187/112
f 267/188/113 279/200/125 278/198/123 266/186/111
f 268/189/114 280/201/126 279/200/125 267/188/113
f 269/190/115 281/202/127 280/201/126 268/189/114
f 270/191/116 282/203/128 281/202/127 269/190/115
f 271/192/117 283/204/129 282/203/128 270/191/116
f 272/193/118 284/205/130 283/204/129 271/192/117
f 273/194/119 285/206/131 284/205/130 272/193/118
f 274/195/120 286/207/132 285/206/131 273/194/119
f 275/196/121 287/208/133 286/207/132 274/195/120
f 276/197/122 288/209/134 287/208/133 275/196/121
f 278/198/123 290/210/135 289/211/136 277/199/124
f 279/200/125 291/212/137 290/210/135 278/198/123
f 280/201/126 292/213/138 291/212/137 279/200/125
f 281/202/127 293/214/139 292/213/138 280/201/126
f 282/203/128 294/215/140 293/214/139 281/202/127
f 283/204/129 295/216/141 294/215/140 282/203/128
f 284/205/130 296/217/142 295/216/141 283/204/129
f 285/206/131 297/218/143 296/217/142 284/205/130
f 286/207/132 298/219/144 297/218/143 285/206/131
f 287/208/133 299/220/145 298/219/144 286/207/132
f 288/209/134 300/221/146 299/220/145 287/208/133
f 290/210/135 302/222/147 301/223/148 289/211/136
f 291/212/137 303/224/149 302/222/147 290/210/135
f 292/213/138 304/225/150 303/224/149 291/212/137
f 293/214/139 305/226/151 304/225/150 292/213/138
f 294/215/140 306/227/152 305/226/151 293/214/139
f 295/216/141 307/228/153 306/227/152 294/215/140
f 296/217/142 308/229/154 307/228/153 295/216/141
f 297/218/143 309/230/155 308/229/154 296/217/142
f 298/219/144 310/231/156 309/230/155 297/218/143
f 299/220/145 311/232/157 310/231/156 298/219/144
f 300/221/146 312/233/158 311/232/157 299/220/145
f 302/222/147 314/234/159 313/235/160 301/223/148
f 303/224/149 315/236/161 314/234/159 302/222/147
f 304/225/150 316/237/162 315/236/161 303/224/149
f 305/226/151 317/238/163 316/237/162 304/225/150
f 306/227/152 318/239/164 317/238/163 305/226/151
f 307/228/153 319/240/165 318/239/164 306/227/152
f 308/229/154 320/241/166 319/240/165 307/228/153
f 309/230/155 321/242/167 320/241/166 308/229/154
f 310/231/156 322/243/168 321/242/167 309/230/155
f 311/232/157 323/244/169 322/243/168 310/231/156
f 312/233/158 324/245/170 323/244/169 311/232/157
f 314/234/159 326/246/171 325/247/172 313/235/160
f 315/236/161 327/248/173 326/246/171 314/234/159
f 316/237/162 328/249/174 327/248/173 315/236/161
f 317/238/163 329/250/175 328/249/174 316/237/162
f 318/239/164 330/251/176 329/250/175 317/238/163
f 319/240/165 331/252/177 330/251/176 318/239/164
f 320/241/166 332/253/178 331/252/177 319/240/165
f 321/242/167 333/254/179 332/253/178 320/241/166
f 322/243/168 334/255/180 333/254/179 321/242/167
f 323/244/169 335/256/181 334/255/180 322/243/168
f 324/245/170 336/257/182 335/256/181 323/244/169
f 326/246/171 338/258/183 337/259/184 325/247/172
f 327/248/173 339/260/185 338/258/183 326/246/171
f 328/249/174 340/261/186 339/260/185 327/248/173
f 329/250/175 341/262/187 340/261/186 328/249/174
f 330/251/176 342/263/188 341/262/187 329/250/175
f 331/252/177 343/264/189 342/263/188 330/251/176
f 332/253/178 344/265/190 343/264/189 331/252/177
f 333/254/179 345/266/191 344/265/190 332/253/178
f 334/255/180 346/267/192 345/266/191 333/254/179
f 335/256/181 347/268/193 346/267/192 334/255/180
f 336/257/182 348/269/194 347/268/193 335/256/181
f 338/258/183 350/270/195 349/271/196 337/259/184
f 339/260/185 351/272/197 350/270/195 338/258/183
f 340/261/186 352/273/198 351/272/197 339/260/185
f 341/262/187 353/274/199 352/273/198 340/261/186
f 342/263/188 354/275/200 353/274/199 341/262/187
f 343/264/189 355/276/201 354/275/200 342/263/188
f 344/265/190 356/277/202 355/276/201 343/264/189
f 345/266/191 357/278/203 356/277/202 344/265/190
f 346/267/192 358/279/204 357/278/203 345/266/191
f 347/268/193 359/280/205 358/279/204 346/267/192
f 348/269/194 360/281/206 359/280/205 347/268/193
f 350/270/195 362/282/207 361/283/208 349/271/196
f 351/272/197 363/284/209 362/282/207 350/270/195
f 352/273/198 364/285/210 363/284/209 351/272/197
f 353/274/199 365/286/211 364/285/210 352/273/198
f 354/275/200 366/287/212 365/286/211 353/274/199
f 355/276/201 367/288/213 366/287/212 354/275/200
f 356/277/202 368/289/214 367/288/213 355/276/201
f 357/278/203 369/290/215 368/289/214 356/277/202
f 358/279/204 370/291/216 369/290/215 357/278/203
f 359/280/205 371/292/217 370/291/216 358/279/204
f 360/281/206 372/293/218 371/292/217 359/280/205
f 362/282/207 374/294/219 373/295/220 361/283/208
f 363/284/209 375/296/221 374/294/219 362/282/207
f 364/285/210 376/297/222 375/296/221 363/284/209
f 365/286/211 377/298/223 376/297/222 364/285/210
f 366/287/212 378/299/224 377/298/223 365/286/211
f 367/288/213 379/300/225 378/299/224 366/287/212
f 368/289/214 380/301/226 379/300/225 367/288/213
f 369/290/215 381/302/227 380/301/226 368/289/214
f 370/291/216 382/303/228 381/302/227 369/290/215
f 371/292/217 383/304/229 382/303/228 370/291/216
f 372/293/218 384/305/230 383/304/229 371/292/217
f 374/294/219 386/306/231 385/307/232 373/295/220
f 375/296/221 387/308/233 386/306/231 374/294/219
f 376/297/222 388/309/234 387/308/233 375/296/221
f 377/298/223 389/310/235 388/309/234 376/297/222
f 378/299/224 390/311/236 389/310/235 377/298/223
f 379/300/225 391/312/237 390/311/236 378/299/224
f 380/301/226 392/313/238 391/312/237 379/300/225
f 381/302/227 393/314/239 392/313/238 380/301/226
f 382/303/228 394/315/240 393/314/239 381/302/227
f 383/304/229 395/316/241 394/315/240 382/303/228
f 384/305/230 396/317/242 395/316/241 383/304/229
f 386/306/231 398/318/243 397/319/244 385/307/232
f 387/308/233 399/320/245 398/318/243 386/306/231
f 388/309/234 400/321/246 399/320/245 387/308/233
f 389/310/235 401/322/247 400/321/246 388/309/234
f 390/311/236 402/323/248 401/322/247 389/310/235
f 391/312/237 403/324/249 402/323/248 390/311/236
f 392/313/238 404/325/250 403/324/249 391/312/237
f 393/314/239 405/326/251 404/325/250 392/313/238
f 394/315/240 406/327/252 405/326/251 393/314/239
f 395/316/241 407/328/253 406/327/252 394/315/240
f 396/317/242 408/329/254 407/328/253 395/316/241
f 398/318/243 410/330/255 409/331/256 397/319/244
f 399/320/245 411/332/257 410/330/255 398/318/243
f 400/321/246 412/333/258 411/332/257 399/320/245
f 401/322/247 413/334/259 412/333/258 400/321/246
f 402/323/248 414/335/260 413/334/259 401/322/247
f 403/324/249 415/336/261 414/335/260 402/323/248
f 404/325/250 416/337/262 415/336/261 403/324/249
f 405/326/251 417/338/263 416/337/262 404/325/250
f 406/327/252 418/339/264 417/338/263 405/326/251
f 407/328/253 419/340/265 418/339/264 406/327/252
f 408/329/254 420/341/266 419/340/265 407/328/253
f 410/330/255 422/342/267 421/343/268 409/331/256
f 411/332/257 423/344/269 422/342/267 410/330/255
f 412/333/258 424/345/270 423/344/269 411/332/257
f 413/334/259 425/346/271 424/345/270 412/333/258
f 414/335/260 426/347/272 425/346/271 413/334/259
f 415/336/261 427/348/273 426/347/272 414/335/260
f 416/337/262 428/349/274 427/348/273 415/336/261
f 417/338/263 429/350/275 428/349/274 416/337/262
f 418/339/264 430/351/276 429/350/275 417/338/263
f 419/340/265 431/352/277 430/351/276 418/339/264
f 420/341/266 432/353/278 431/352/277 419/340/265
f 422/342/267 434/354/279 433/355/280 421/343/268
f 423/344/269 435/356/281 434/354/279 422/342/267
f 424/345/270 436/357/282 435/356/281 423/344/269
f 425/346/271 437/358/283 436/357/282 424/345/270
f 426/347/272 438/359/284 437/358/283 425/346/271
f 427/348/273 439/360/285 438/359/284 426/347/272
f 428/349/274 440/361/286 439/360/285 427/348/273
f 429/350/275 441/362/287 440/361/286 428/349/274
f 430/351/276 442/363/288 441/362/287 429/350/275
f 431/352/277 443/364/289 442/363/288 430/351/276
f 432/353/278 444/365/290 443/364/289 431/352/277
f 434/354/279 446/366/291 445/367/292 433/355/280
f 435/356/281 447/368/293 446/366/291 434/354/279
f 436/357/282 448/369/294 447/368/293 435/356/281
f 437/358/283 449/370/295 448/369/294 436/357/282
f 438/359/284 450/371/296 449/370/295 437/358/283
f 439/360/285 451/372/297 450/371/296 438/359/284
f 440/361/286 452/373/298 451/372/297 439/360/285
f 441/362/287 453/374/299 452/373/298 440/361/286
f 442/363/288 454/375/300 453/374/299 441/362/287
f 443/364/289 455/376/301 454/375/300 442/363/288
f 444/365/290 456/377/302 455/376/301 443/364/289
f 446/366/291 458/378/303 457/379/304 445/367/292
f 447/368/293 459/380/305 458/378/303 446/366/291
f 448/369/294 460/381/306 459/380/305 447/368/293
f 449/370/295 461/382/307 460/381/306 448/369/294
f 450/371/296 462/383/308 461/382/307 449/370/295
f 451/372/297 463/384/309 462/383/308 450/371/296
f 452/373/298 464/385/310 463/384/309 451/372/297
f 453/374/299 465/386/311 464/385/310 452/373/298
f 454/375/300 466/387/312 465/386/311 453/374/299
f 455/376/301 467/388/313 466/387/312 454/375/300
f 456/377/302 468/389/314 467/388/313 455/376/301
f 458/378/303 470/390/315 469/391/316 457/379/304
f 459/380/305 471/392/317 470/390/315 458/378/303
f 460/381/306 472/393/318 471/392/317 459/380/305
f 461/382/307 473/394/319 472/393/318 460/381/306
f 462/383/308 474/395/320 473/394/319 461/382/307
f 463/384/309 475/396/321 474/395/320 462/383/308
f 464/385/310 476/397/322 475/396/321 463/384/309
f 465/386/311 477/398/323 476/397/322 464/385/310
f 466/387/312 478/399/324 477/398/323 465/386/311
f 467/388/313 479/400/325 478/399/324 466/387/312
f 468/389/314 480/401/326 479/400/325 467/388/313
f 470/390/315 482/402/327 481/403/328 469/391/316
f 471/392/317 483/404/329 482/402/327 470/390/315
f 472/393/318 484/405/330 483/404/329 471/392/317
f 473/394/319 485/406/331 484/405/330 472/393/318
f 474/395/320 486/407/332 485/406/331 473/394/319
f 475/396/321 487/408/333 486/407/332 474/395/320
f 476/397/322 488/409/334 487/408/333 475/396/321
f 477/398/323 489/410/335 488/409/334 476/397/322
f 478/399/324 490/411/336 489/410/335 477/398/323
f 479/400/325 491/412/337 490/411/336 478/399/324
f 480/401/326 492/413/338 491/412/337 479/400/325
f 482/402/327 494/414/339 493/415/340 481/403/328
f 483/404/329 495/416/341 494/414/339 482/402/327
f 484/405/330 496/417/342 495/416/341 483/404/329
f 485/406/331 497/418/343 496/417/342 484/405/330
f 486/407/332 498/419/344 497/418/343 485/406/331
f 487/408/333 499/420/345 498/419/344 486/407/332
f 488/409/334 500/421/346 499/420/345 487/408/333
f 489/410/335 501/422/347 500/421/346 488/409/334
f 490/411/336 502/423/348 501/422/347 489/410/335
f 491/412/337 503/424/349 502/423/348 490/411/336
f 492/413/338 504/425/350 503/424/349 491/412/337
f 494/414/339 506/426/351 505/427/352 493/415/340
f 495/416/341 507/428/353 506/426/351 494/414/339
f 496/417/342 508/429/354 507/428/353 495/416/341
f 497/418/343 509/430/355 508/429/354 496/417/342
f 498/419/344 510/431/356 509/430/355 497/418/343
f 499/420/345 511/432/357 510/431/356 498/419/344
f 500/421/346 512/433/358 511/432/357 499/420/345
f 501/422/347 513/434/359 512/433/358 500/421/346
f 502/423/348 514/435/360 513/434/359 501/422/347
f 503/424/349 515/436/361 514/435/360 502/423/348
f 504/425/350 516/437/362 515/436/361 503/424/349
f 506/426/351 518/438/363 517/439/364 505/427/352
f 507/428/353 519/440/365 518/438/363 506/426/351
f 508/429/354 520/441/366 519/440/365 507/428/353
f 509/430/355 521/442/367 520/441/366 508/429/354
f 510/431/356 522/443/368 521/442/367 509/430/355
f 511/432/357 523/444/369 522/443/368 510/431/356
f 512/433/358 524/445/370 523/444/369 511/432/357
f 513/434/359 525/446/371 524/445/370 512/433/358
f 514/435/360 526/447/372 525/446/371 513/434/359
f 515/436/361 527/448/373 526/447/372 514/435/360
f 516/437/362 528/449/374 527/448/373 515/436/361
f 518/438/363 530/450/375 529/451/376 517/439/364
f 519/440/365 531/452/377 530/450/375 518/438/363
f 520/441/366 532/453/378 531/452/377 519/440/365
f 521/442/367 533/454/379 532/453/378 520/441/366
f 522/443/368 534/455/380 533/454/379 521/442/367
f 523/444/369 535/456/381 534/455/380 522/443/368
f 524/445/370 536/457/382 535/456/381 523/444/369
f 525/446/371 537/458/383 536/457/382 524/445/370
f 526/447/372 538/459/384 537/458/383 525/446/371
f 527/448/373 539/460/385 538/459/384 526/447/372
f 528/449/374 540/461/386 539/460/385 527/448/373
f 530/450/375 542/462/387 541/463/388 529/451/376
f 531/452/377 543/464/389 542/462/387 530/450/375
f 532/453/378 544/465/390 543/464/389 531/452/377
f 533/454/379 545/466/391 544/465/390 532/453/378
f 534/455/380 546/467/392 545/466/391 533/454/379
f 535/456/381 547/468/393 546/467/392 534/455/380
f 536/457/382 548/469/394 547/468/393 535/456/381
f 537/458/383 549/470/395 548/469/394 536/457/382
f 538/459/384 550/471/396 549/470/395 537/458/383
f 539/460/385 551/472/397 550/471/396 538/459/384
f 540/461/386 552/473/398 551/472/397 539/460/385
f 542/462/387 554/474/399 553/475/400 541/463/388
f 543/464/389 555/476/401 554/474/399 542/462/387
f 544/465/390 556/477/402 555/476/401 543/464/389
f 545/466/391 557/478/403 556/477/402 544/465/390
f 546/467/392 558/479/404 557/478/403 545/466/391
f 547/468/393 559/480/405 558/479/404 546/467/392
f 548/469/394 560/481/406 559/480/405 547/468/393
f 549/470/395 561/482/407 560/481/406 548/469/394
f 550/471/396 562/483/408 561/482/407 549/470/395
f 551/472/397 563/484/409 562/483/408 550/471/396
f 552/473/398 564/485/410 563/484/409 551/472/397
f 554/474/399 566/486/411 565/487/412 553/475/400
f 555/476/401 567/488/413 566/486/411 554/474/399
f 556/477/402 568/489/414 567/488/413 555/476/401
f 557/478/403 569/490/415 568/489/414 556/477/402
f 558/479/404 570/491/416 569/490/415 557/478/403
f 559/480/405 571/492/417 570/491/416 558/479/404
f 560/481/406 572/493/418 571/492/417 559/480/405
f 561/482/407 573/494/419 572/493/418 560/481/406
f 562/483/408 574/495/420 573/494/419 561/482/407
f 563/484/409 575/496/421 574/495/420 562/483/408
f 564/485/410 576/497/422 575/496/421 563/484/409
f 566/486/411 578/498/423 577/499/424 565/487/412
f 567/488/413 579/500/425 578/498/423 566/486/411
f 568/489/414 580/501/426 579/500/425 567/488/413
f 569/490/415 581/502/427 580/501/426 568/489/414
f 570/491/416 582/503/428 581/502/427 569/490/415
f 571/492/417 583/504/429 582/503/428 570/491/416
f 572/493/418 584/505/430 583/504/429 571/492/417
f 573/494/419 585/506/431 584/505/430 572/493/418
f 574/495/420 586/507/432 585/506/431 573/494/419
f 575/496/421 587/508/433 586/507/432 574/495/420
f 576/497/422 588/509/434 587/508/433 575/496/421
f 578/498/423 590/510/435 589/511/436 577/499/424
f 579/500/425 591/512/437 590/510/435 578/498/423
f 580/501/426 592/513/438 591/512/437 579/500/425
f 581/502/427 593/514/439 592/513/438 580/501/426
f 582/503/428 594/515/440 593/514/439 581/502/427
f 583/504/429 595/516/441 594/515/440 582/503/428
f 584/505/430 596/517/442 595/516/441 583/504/429
f 585/506/431 597/518/443 596/517/442 584/505/430
f 586/507/432 598/519/444 597/518/443 585/506/431
f 587/508/433 599/520/445 598/519/444 586/507/432
f 588/509/434 600/521/446 599/520/445 587/508/433
f 590/510/435 602/522/447 601/523/448 589/511/436
f 591/512/437 603/524/449 602/522/447 590/510/435
f 592/513/438 604/525/450 603/524/449 591/512/437
f 593/514/439 605/526/451 604/525/450 592/513/438
f 594/515/440 606/527/452 605/526/451 593/514/439
f 595/516/441 607/528/453 606/527/452 594/515/440
f 596/517/442 608/529/454 607/528/453 595/516/441
f 597/518/443 609/530/455 608/529/454 596/517/442
f 598/519/444 610/531/456 609/530/455 597/518/443
f 599/520/445 611/532/457 610/531/456 598/519/444
f 600/521/446 612/533/458 611/532/457 599/520/445
f 602/522/447 614/534/459 613/535/460 601/523/448
f 603/524/449 615/536/461 614/534/459 602/522/447
f 604/525/450 616/537/462 615/536/461 603/524/449
f 605/526/451 617/538/463 616/537/462 604/525/450
f 606/527/452 618/539/464 617/538/463 605/526/451
f 607/528/453 619/540/465 618/539/464 606/527/452
f 608/529/454 620/541/466 619/540/465 607/528/453
f 609/530/455 621/542/467 620/541/466 608/529/454
f 610/531/456 622/543/468 621/542/467 609/530/455
f 611/532/457 623/544/469 622/543/468 610/531/456
f 612/533/458 624/545/470 623/544/469 611/532/457
f 614/534/459 626/546/471 625/547/472 613/535/460
f 615/536/461 627/548/473 626/546/471 614/534/459
f 616/537/462 628/549/474 627/548/473 615/536/461
f 617/538/463 629/550/475 628/549/474 616/537/462
f 618/539/464 630/551/476 629/550/475 617/538/463
f 619/540/465 631/552/477 630/551/476 618/539/464
f 620/541/466 632/553/478 631/552/477 619/540/465
f 621/542/467 633/554/479 632/553/478 620/541/466
f 622/543/468 634/555/480 633/554/479 621/542/467
f 623/544/469 635/556/481 634/555/480 622/543/468
f 624/545/470 636/557/482 635/556/481 623/544/469
f 626/546/471 638/558/483 637/559/484 625/547/472
f 627/548/473 639/560/485 638/558/483 626/546/471
f 628/549/474 640/561/486 639/560/485 627/548/473
f 629/550/475 641/562/487 640/561/486 628/549/474
f 630/551/476 642/563/488 641/562/487 629/550/475
f 631/552/477 643/564/489 642/563/488 630/551/476
f 632/553/478 644/565/490 643/564/489 631/552/477
f 633/554/479 645/566/491 644/565/490 632/553/478
f 634/555/480 646/567/492 645/566/491 633/554/479
f 635/556/481 647/568/493 646/567/492 634/555/480
f 636/557/482 648/569/494 647/568/493 635/556/481
f 638/558/483 650/570/495 649/571/496 637/559/484
f 639/560/485 651/572/497 650/570/495 638/558/483
f 640/561/486 652/573/498 651/572/497 639/560/485
f 641/562/487 653/574/499 652/573/498 640/561/486
f 642/563/488 654/575/500 653/574/499 641/562/487
f 643/564/489 655/576/501 654/575/500 642/563/488
f 644/565/490 656/577/502 655/576/501 643/564/489
f 645/566/491 657/578/503 656/577/502 644/565/490
f 646/567/492 658/579/504 657/578/503 645/566/491
f 647/568/493 659/580/505 658/579/504 646/567/492
f 648/569/494 660/581/506 659/580/505 647/568/493
f 650/570/495 662/582/507 661/583/508 649/571/496
f 651/572/497 663/584/509 662/582/507 650/570/495
f 652/573/498 664/585/510 663/584/509 651/572/497
f 653/574/499 665/586/511 664/585/510 652/573/498
f 654/575/500 666/587/512 665/586/511 653/574/499
f 655/576/501 667/588/513 666/587/512 654/575/500
f 656/577/502 668/589/514 667/588/513 655/576/501
f 657/578/503 669/590/515 668/589/514 656/577/502
f 658/579/504 670/591/516 669/590/515 657/578/503
f 659/580/505 671/592/517 670/591/516 658/579/504
f 660/581/506 672/593/518 671/592/517 659/580/505
f 662/582/507 674/594/519 673/595/520 661/583/508
f 663/584/509 675/596/521 674/594/519 662/582/507
f 664/585/510 676/597/522 675/596/521 663/584/509
f 665/586/511 677/598/523 676/597/522 664/585/510
f 666/587/512 678/599/524 677/598/523 665/586/511
f 667/588/513 679/600/525 678/599/524 666/587/512
f 668/589/514 680/601/526 679/600/525 667/588/513
f 669/590/515 681/602/527 680/601/526 668/589/514
f 670/591/516 682/603/528 681/602/527 669/590/515
f 671/592/517 683/604/529 682/603/528 670/591/516
f 672/593/518 684/605/530 683/604/529 671/592/517
f 674/594/519 686/606/531 685/607/532 673/595/520
f 675/596/521 687/608/533 686/606/531 674/594/519
f 676/597/522 688/609/534 687/608/533 675/596/521
f 677/598/523 689/610/535 688/609/534 676/597/522
f 678/599/524 690/611/536 689/610/535 677/598/523
f 679/600/525 691/612/537 690/611/536 678/599/524
f 680/601/526 692/613/538 691/612/537 679/600/525
f 681/602/527 693/614/539 692/613/538 680/601/526
f 682/603/528 694/615/540 693/614/539 681/602/527
f 683/604/529 695/616/541 694/615/540 682/603/528
f 684/605/530 696/617/542 695/616/541 683/604/529
f 686/606/531 698/618/543 697/619/544 685/607/532
f 687/608/533 699/620/545 698/618/543 686/606/531
f 688/609/534 700/621/546 699/620/545 687/608/533
f 689/610/535 701/622/547 700/621/546 688/609/534
f 690/611/536 702/623/548 701/622/547 689/610/535
f 691/612/537 703/624/549 702/623/548 690/611/536
f 692/613/538 704/625/550 703/624/549 691/612/537
f 693/614/539 705/626/551 704/625/550 692/613/538
f 694/615/540 706/627/552 705/626/551 693/614/539
f 695/616/541 707/628/553 706/627/552 694/615/540
f 696/617/542 708/629/554 707/628/553 695/616/541
f 698/618/543 710/630/555 709/631/556 697/619/544
f 699/620/545 711/632/557 710/630/555 698/618/543
f 700/621/546 712/633/558 711/632/557 699/620/545
f 701/622/547 713/634/559 712/633/558 700/621/546
f 702/623/548 714/635/560 713/634/559 701/622/547
f 703/624/549 715/636/561 714/635/560 702/623/548
f 704/625/550 716/637/562 715/636/561 703/624/549
f 705/626/551 717/638/563 716/637/562 704/625/550
f 706/627/552 718/639/564 717/638/563 705/626/551
f 707/628/553 719/640/565 718/639/564 706/627/552
f 708/629/554 720/641/566 719/640/565 707/628/553
f 710/630/555 722/642/567 721/643/568 709/631/556
f 711/632/557 723/644/569 722/642/567 710/630/555
f 712/633/558 724/645/570 723/644/569 711/632/557
f 713/634/559 725/646/571 724/645/570 712/633/558
f 714/635/560 726/647/572 725/646/571 713/634/559
f 715/636/561 727/648/573 726/647/572 714/635/560
f 716/637/562 728/649/574 727/648/573 715/636/561
f 717/638/563 729/650/575 728/649/574 716/637/562
f 718/639/564 730/651/576 729/650/575 717/638/563
f 719/640/565 731/652/577 730/651/576 718/639/564
f 720/641/566 732/653/578 731/652/577 719/640/565
f 722/642/567 734/654/579 733/655/580 721/643/568
f 723/644/569 735/656/581 734/654/579 722/642/567
f 724/645/570 736/657/582 735/656/581 723/644/569
f 725/646/571 737/658/583 736/657/582 724/645/570
f 726/647/572 738/659/584 737/658/583 725/646/571
f 727/648/573 739/660/585 738/659/584 726/647/572
f 728/649/574 740/661/586 739/660/585 727/648/573
f 729/650/575 741/662/587 740/661/586 728/649/574
f 730/651/576 742/663/588 741/662/587 729/650/575
f 731/652/577 743/664/589 742/663/588 730/651/576
f 732/653/578 744/665/590 743/664/589 731/652/577
f 734/654/579 746/666/591 745/667/592 733/655/580
f 735/656/581 747/668/593 746/666/591 734/654/579
f 736/657/582 748/669/594 747/668/593 735/656/581
f 737/658/583 749/670/595 748/669/594 736/657/582
f 738/659/584 750/671/596 749/670/595 737/658/583
f 739/660/585 751/672/597 750/671/596 738/659/584
f 740/661/586 752/673/598 751/672/597 739/660/585
f 741/662/587 753/674/599 752/673/598 740/661/586
f 742/663/588 754/675/600 753/674/599 741/662/587
f 743/664/589 755/676/601 754/675/600 742/663/588
f 744/665/590 756/677/602 755/676/601 743/664/589
f 746/666/591 758/678/603 757/679/604 745/667/592
f 747/668/593 759/680/605 758/678/603 746/666/591
f 748/669/594 760/681/606 759/680/605 747/668/593
f 749/670/595 761/682/607 760/681/606 748/669/594
f 750/671/596 762/683/608 761/682/607 749/670/595
f 751/672/597 763/684/609 762/683/608 750/671/596
f 752/673/598 764/685/610 763/684/609 751/672/597
f 753/674/599 765/686/611 764/685/610 752/673/598
f 754/675/600 766/687/612 765/686/611 753/674/599
f 755/676/601 767/688/613 766/687/612 754/675/600
f 756/677/602 768/689/614 767/688/613 755/676/601
f 758/678/603 770/690/615 769/691/616 757/679/604
f 759/680/605 771/692/617 770/690/615 758/678/603
f 760/681/606 772/693/618 771/692/617 759/680/605
f 761/682/607 773/694/619 772/693/618 760/681/606
f 762/683/608 774/695/620 773/694/619 761/682/607
f 763/684/609 775/696/621 774/695/620 762/683/608
f 764/685/610 776/697/622 775/696/621 763/684/609
f 765/686/611 777/698/623 776/697/622 764/685/610
f 766/687/612 778/699/624 777/698/623 765/686/611
f 767/688/613 779/700/625 778/699/624 766/687/612
f 768/689/614 780/701/626 779/700/625 767/688/613
f 770/690/615 782/702/627 781/703/628 769/691/616
f 771/692/617 783/704/629 782/702/627 770/690/615
f 772/693/618 784/705/630 783/704/629 771/692/617
f 773/694/619 785/706/631 784/705/630 772/693/618
f 774/695/620 786/707/632 785/706/631 773/694/619
f 775/696/621 787/708/633 786/707/632 774/695/620
f 776/697/622 788/709/634 787/708/633 775/696/621
f 777/698/623 789/710/635 788/709/634 776/697/622
f 778/699/624 790/711/636 789/710/635 777/698/623
f 779/700/625 791/712/637 790/711/636 778/699/624
f 780/701/626 792/713/638 791/712/637 779/700/625
f 782/702/627 794/714/639 793/715/640 781/703/628
f 783/704/629 795/716/641 794/714/639 782/702/627
f 784/705/630 796/717/642 795/716/641 783/704/629
f 785/706/631 797/718/643 796/717/642 784/705/630
f 786/707/632 798/719/644 797/718/643 785/706/631
f 787/708/633 799/720/645 798/719/644 786/707/632
f 788/709/634 800/721/646 799/720/645 787/708/633
f 789/710/635 801/722/647 800/721/646 788/709/634
f 790/711/636 802/723/648 801/722/647 789/710/635
f 791/712/637 803/724/649 802/723/648 790/711/636
f 792/713/638 804/725/650 803/724/649 791/712/637
f 794/714/639 806/726/651 805/727/652 793/715/640
f 795/716/641 807/728/653 806/726/651 794/714/639
f 796/717/642 808/729/654 807/728/653 795/716/641
f 797/718/643 809/730/655 808/729/654 796/717/642
f 798/719/644 810/731/656 809/730/655 797/718/643
f 799/720/645 811/732/657 810/731/656 798/719/644
f 800/721/646 812/733/658 811/732/657 799/720/645
f 801/722/647 813/734/659 812/733/658 800/721/646
f 802/723/648 814/735/660 813/734/659 801/722/647
f 803/724/649 815/736/661 814/735/660 802/723/648
f 804/725/650 816/737/662 815/736/661 803/724/649
f 806/726/651 818/738/663 817/739/664 805/727/652
f 807/728/653 819/740/665 818/738/663 806/726/651
f 808/729/654 820/741/666 819/740/665 807/728/653
f 809/730/655 821/742/667 820/741/666 808/729/654
f 810/731/656 822/743/668 821/742/667 809/730/655
f 811/732/657 823/744/669 822/743/668 810/731/656
f 812/733/658 824/745/670 823/744/669 811/732/657
f 813/734/659 825/746/671 824/745/670 812/733/658
f 814/735/660 826/747/672 825/746/671 813/734/659
f 815/736/661 827/748/673 826/747/672 814/735/660
f 816/737/662 828/749/674 827/748/673 815/736/661
f 818/738/663 830/750/675 829/751/676 817/739/664
f 819/740/665 831/752/677 830/750/675 818/738/663
f 820/741/666 832/753/678 831/752/677 819/740/665
f 821/742/667 833/754/679 832/753/678 820/741/666
f 822/743/668 834/755/680 833/754/679 821/742/667
f 823/744/669 835/756/681 834/755/680 822/743/668
f 824/745/670 836/757/682 835/756/681 823/744/669
f 825/746/671 837/758/683 836/757/682 824/745/670
f 826/747/672 838/759/684 837/758/683 825/746/671
f 827/748/673 839/760/685 838/759/684 826/747/672
f 828/749/674 840/761/686 839/760/685 827/748/673
f 830/750/675 842/762/687 841/763/688 829/751/676
f 831/752/677 843/764/689 842/762/687 830/750/675
f 832/753/678 844/765/690 843/764/689 831/752/677
f 833/754/679 845/766/691 844/765/690 832/753/678
f 834/755/680 846/767/692 845/766/691 833/754/679
f 835/756/681 847/768/693 846/767/692 834/755/680
f 836/757/682 848/769/694 847/768/693 835/756/681
f 837/758/683 849/770/695 848/769/694 836/757/682
f 838/759/684 850/771/696 849/770/695 837/758/683
f 839/760/685 851/772/697 850/771/696 838/759/684
f 840/761/686 852/773/698 851/772/697 839/760/685
f 842/762/687 854/774/699 853/775/700 841/763/688
f 843/764/689 855/776/701 854/774/699 842/762/687
f 844/765/690 856/777/702 855/776/701 843/764/689
f 845/766/691 857/778/703 856/777/702 844/765/690
f 846/767/692 858/779/704 857/778/703 845/766/691
f 847/768/693 859/780/705 858/779/704 846/767/692
f 848/769/694 860/781/706 859/780/705 847/768/693
f 849/770/695 861/782/707 860/781/706 848/769/694
f 850/771/696 862/783/708 861/782/707 849/770/695
f 851/772/697 863/784/709 862/783/708 850/771/696
f 852/773/698 864/785/710 863/784/709 851/772/697
f 854/774/699 866/786/711 865/787/712 853/775/700
f 855/776/701 867/788/713 866/786/711 854/774/699
f 856/777/702 868/789/714 867/788/713 855/776/701
f 857/778/703 869/790/715 868/789/714 856/777/702
f 858/779/704 870/791/716 869/790/715 857/778/703
f 859/780/705 871/792/717 870/791/716 858/779/704
f 860/781/706 872/793/718 871/792/717 859/780/705
f 861/782/707 873/794/719 872/793/718 860/781/706
f 862/783/708 874/795/720 873/794/719 861/782/707
f 863/784/709 875/796/721 874/795/720 862/783/708
f 864/785/710 876/797/722 875/796/721 863/784/709
f 866/786/711 878/798/723 877/799/724 865/787/712
f 867/788/713 879/800/725 878/798/723 866/786/711
f 868/789/714 880/801/726 879/800/725 867/788/713
f 869/790/715 881/802/727 880/801/726 868/789/714
f 870/791/716 882/803/728 881/802/727 869/790/715
f 871/792/717 883/804/729 882/803/728 870/791/716
f 872/793/718 884/805/730 883/804/729 871/792/717
f 873/794/719 885/806/731 884/805/730 872/793/718
f 874/795/720 886/807/732 885/806/731 873/794/719
f 875/796/721 887/808/733 886/807/732 874/795/720
f 876/797/722 888/809/734 887/808/733 875/796/721
f 878/798/723 890/810/735 889/811/736 877/799/724
f 879/800/725 891/812/737 890/810/735 878/798/723
f 880/801/726 892/813/738 891/812/737 879/800/725
f 881/802/727 893/814/739 892/813/738 880/801/726
f 882/803/728 894/815/740 893/814/739 881/802/727
f 883/804/729 895/816/741 894/815/740 882/803/728
f 884/805/730 896/817/742 895/816/741 883/804/729
f 885/806/731 897/818/743 896/817/742 884/805/730
f 886/807/732 898/819/744 897/818/743 885/806/731
f 887/808/733 899/820/745 898/819/744 886/807/732
f 888/809/734 900/821/746 899/820/745 887/808/733
f 890/810/735 902/822/747 901/823/748 889/811/736
f 891/812/737 903/824/749 902/822/747 890/810/735
f 892/813/738 904/825/750 903/824/749 891/812/737
f 893/814/739 905/826/751 904/825/750 892/813/738
f 894/815/740 906/827/752 905/826/751 893/814/739
f 895/816/741 907/828/753 906/827/752 894/815/740
f 896/817/742 908/829/754 907/828/753 895/816/741
f 897/818/743 909/830/755 908/829/754 896/817/742
f 898/819/744 910/831/756 909/830/755 897/818/743
f 899/820/745 911/832/757 910/831/756 898/819/744
f 900/821/746 912/833/758 911/832/757 899/820/745
f 902/822/747 914/834/759 913/835/760 901/823/748
f 903/824/749 915/836/761 914/834/759 902/822/747
f 904/825/750 916/837/762 915/836/761 903/824/749
f 905/826/751 917/838/763 916/837/762 904/825/750
f 906/827/752 918/839/764 917/838/763 905/826/751
f 907/828/753 919/840/765 918/839/764 906/827/752
f 908/829/754 920/841/766 919/840/765 907/828/753
f 909/830/755 921/842/767 920/841/766 908/829/754
f 910/831/756 922/843/768 921/842/767 909/830/755
f 911/832/757 923/844/769 922/843/768 910/831/756
f 912/833/758 924/845/770 923/844/769 911/832/757
f 914/834/759 926/846/771 925/847/772 913/835/760
f 915/836/761 927/848/773 926/846/771 914/834/759
f 916/837/762 928/849/774 927/848/773 915/836/761
f 917/838/763 929/850/775 928/849/774 916/837/762
f 918/839/764 930/851/776 929/850/775 917/838/763
f 919/840/765 931/852/777 930/851/776 918/839/764
f 920/841/766 932/853/778 931/852/777 919/840/765
f 921/842/767 933/854/779 932/853/778 920/841/766
f 922/843/768 934/855/780 933/854/779 921/842/767
f 923/844/769 935/856/781 934/855/780 922/843/768
f 924/845/770 936/857/782 935/856/781 923/844/769
f 926/846/771 938/858/783 937/859/784 925/847/772
f 927/848/773 939/860/785 938/858/783 926/846/771
f 928/849/774 940/861/786 939/860/785 927/848/773
f 929/850/775 941/862/787 940/861/786 928/849/774
f 930/851/776 942/863/788 941/862/787 929/850/775
f 931/852/777 943/864/789 942/863/788 930/851/776
f 932/853/778 944/865/790 943/864/789 931/852/777
f 933/854/779 945/866/791 944/865/790 932/853/778
f 934/855/780 946/867/792 945/866/791 933/854/779
f 935/856/781 947/868/793 946/867/792 934/855/780
f 936/857/782 948/869/794 947/868/793 935/856/781
f 938/858/783 950/870/795 949/871/796 937/859/784
f 939/860/785 951/872/797 950/870/795 938/858/783
f 940/861/786 952/873/798 951/872/797 939/860/785
f 941/862/787 953/874/799 952/873/798 940/861/786
f 942/863/788 954/875/800 953/874/799 941/862/787
f 943/864/789 955/876/801 954/875/800 942/863/788
f 944/865/790 956/877/802 955/876/801 943/864/789
f 945/866/791 957/878/803 956/877/802 944/865/790
f 946/867/792 958/879/804 957/878/803 945/866/791
f 947/868/793 959/880/805 958/879/804 946/867/792
f 948/869/794 960/881/806 959/880/805 947/868/793
f 950/870/795 962/882/807 961/883/808 949/871/796
f 951/872/797 963/884/809 962/882/807 950/870/795
f 952/873/798 964/885/810 963/884/809 951/872/797
f 953/874/799 965/886/811 964/885/810 952/873/798
f 954/875/800 966/887/812 965/886/811 953/874/799
f 955/876/801 967/888/813 966/887/812 954/875/800
f 956/877/802 968/889/814 967/888/813 955/876/801
f 957/878/803 969/890/815 968/889/814 956/877/802
f 958/879/804 970/891/816 969/890/815 957/878/803
f 959/880/805 971/892/817 970/891/816 958/879/804
f 960/881/806 972/893/818 971/892/817 959/880/805
f 962/882/807 974/894/819 973/895/820 961/883/808
f 963/884/809 975/896/821 974/894/819 962/882/807
f 964/885/810 976/897/822 975/896/821 963/884/809
f 965/886/811 977/898/823 976/897/822 964/885/810
f 966/887/812 978/899/824 977/898/823 965/886/811
f 967/888/813 979/900/825 978/899/824 966/887/812
f 968/889/814 980/901/826 979/900/825 967/888/813
f 969/890/815 981/902/827 980/901/826 968/889/814
f 970/891/816 982/903/828 981/902/827 969/890/815
f 971/892/817 983/904/829 982/903/828 970/891/816
f 972/893/818 984/905/830 983/904/829 971/892/817
f 974/894/819 986/906/831 985/907/832 973/895/820
f 975/896/821 987/908/833 986/906/831 974/894/819
f 976/897/822 988/909/834 987/908/833 975/896/821
f 977/898/823 989/910/835 988/909/834 976/897/822
f 978/899/824 990/911/836 989/910/835 977/898/823
f 979/900/825 991/912/837 990/911/836 978/899/824
f 980/901/826 992/913/838 991/912/837 979/900/825
f 981/902/827 993/914/839 992/913/838 980/901/826
f 982/903/828 994/915/840 993/914/839 981/902/827
f 983/904/829 995/916/841 994/915/840 982/903/828
f 984/905/830 996/917/842 995/916/841 983/904/829
f 986/906/831 998/918/843 997/919/844 985/907/832
f 987/908/833 999/920/845 998/918/843 986/906/831
f 988/909/834 1000/921/846 999/920/845 987/908/833
f 989/910/835 1001/922/847 1000/921/846 988/909/834
f 990/911/836 1002/923/848 1001/922/847 989/910/835
f 991/912/837 1003/924/849 1002/923/848 990/911/836
f 992/913/838 1004/925/850 1003/924/849 991/912/837
f 993/914/839 1005/926/851 1004/925/850 992/913/838
f 994/915/840 1006/927/852 1005/926/851 993/914/839
f 995/916/841 1007/928/853 1006/927/852 994/915/840
f 996/917/842 1008/929/854 1007/928/853 995/916/841
f 998/918/843 1010/930/855 1009/931/856 997/919/844
f 999/920/845 1011/932/857 1010/930/855 998/918/843
f 1000/921/846 1012/933/858 1011/932/857 999/920/845
f 1001/922/847 1013/934/859 1012/933/858 1000/921/846
f 1002/923/848 1014/935/860 1013/934/859 1001/922/847
f 1003/924/849 1015/936/861 1014/935/860 1002/923/848
f 1004/925/850 1016/937/862 1015/936/861 1003/924/849
f 1005/926/851 1017/938/863 1016/937/862 1004/925/850
f 1006/927/852 1018/939/864 1017/938/863 1005/926/851
f 1007/928/853 1019/940/865 1018/939/864 1006/927/852
f 1008/929/854 1020/941/866 1019/940/865 1007/928/853
f 1010/930/855 1022/942/867 1021/943/868 1009/931/856
f 1011/932/857 1023/944/869 1022/942/867 1010/930/855
f 1012/933/858 1024/945/870 1023/944/869 1011/932/857
f 1013/934/859 1025/946/871 1024/945/870 1012/933/858
f 1014/935/860 1026/947/872 1025/946/871 1013/934/859
f 1015/936/861 1027/948/873 1026/947/872 1014/935/860
f 1016/937/862 1028/949/874 1027/948/873 1015/936/861
f 1017/938/863 1029/950/875 1028/949/874 1016/937/862
f 1018/939/864 1030/951/876 1029/950/875 1017/938/863
f 1019/940/865 1031/952/877 1030/951/876 1018/939/864
f 1020/941/866 1032/953/878 1031/952/877 1019/940/865
f 1022/942/867 1034/954/879 1033/955/880 1021/943/868
f 1023/944/869 1035/956/881 1034/954/879 1022/942/867
f 1024/945/870 1036/957/882 1035/956/881 1023/944/869
f 1025/946/871 1037/958/883 1036/957/882 1024/945/870
f 1026/947/872 1038/959/884 1037/958/883 1025/946/871
f 1027/948/873 1039/960/885 1038/959/884 1026/947/872
f 1028/949/874 1040/961/886 1039/960/885 1027/948/873
f 1029/950/875 1041/962/887 1040/961/886 1028/949/874
f 1030/951/876 1042/963/888 1041/962/887 1029/950/875
f 1031/952/877 1043/964/889 1042/963/888 1030/951/876
f 1032/953/878 1044/965/890 1043/964/889 1031/952/877
f 1034/954/879 1046/966/891 1045/967/892 1033/955/880
f 1035/956/881 1047/968/893 1046/966/891 1034/954/879
f 1036/957/882 1048/969/894 1047/968/893 1035/956/881
f 1037/958/883 1049/970/895 1048/969/894 1036/957/882
f 1038/959/884 1050/971/896 1049/970/895 1037/958/883
f 1039/960/885 1051/972/897 1050/971/896 1038/959/884
f 1040/961/886 1052/973/898 1051/972/897 1039/960/885
f 1041/962/887 1053/974/899 1052/973/898 1040/961/886
f 1042/963/888 1054/975/900 1053/974/899 1041/962/887
f 1043/964/889 1055/976/901 1054/975/900 1042/963/888
f 1044/965/890 1056/977/902 1055/976/901 1043/964/889
f 1046/966/891 1058/978/903 1057/979/904 1045/967/892
f 1047/968/893 1059/980/905 1058/978/903 1046/966/891
f 1048/969/894 1060/981/906 1059/980/905 1047/968/893
f 1049/970/895 1061/982/907 1060/981/906 1048/969/894
f 1050/971/896 1062/983/908 1061/982/907 1049/970/895
f 1051/972/897 1063/984/909 1062/983/908 1050/971/896
f 1052/973/898 1064/985/910 1063/984/909 1051/972/897
f 1053/974/899 1065/986/911 1064/985/910 1052/973/898
f 1054/975/900 1066/987/912 1065/986/911 1053/974/899
f 1055/976/901 1067/988/913 1066/987/912 1054/975/900
f 1056/977/902 1068/989/914 1067/988/913 1055/976/901
f 1058/978/903 1070/990/915 1069/991/916 1057/979/904
f 1059/980/905 1071/992/917 1070/990/915 1058/978/903
f 1060/981/906 1072/993/918 1071/992/917 1059/980/905
f 1061/982/907 1073/994/919 1072/993/918 1060/981/906
f 1062/983/908 1074/995/920 1073/994/919 1061/982/907
f 1063/984/909 1075/996/921 1074/995/920 1062/983/908
f 1064/985/910 1076/997/922 1075/996/921 1063/984/909
f 1065/986/911 1077/998/923 1076/997/922 1064/985/910
f 1066/987/912 1078/999/924 1077/998/923 1065/986/911
f 1067/988/913 1079/1000/925 1078/999/924 1066/987/912
f 1068/989/914 1080/1001/926 1079/1000/925 1067/988/913
f 1070/990/915 1082/1002/927 1081/1003/6 1069/991/916
f 1071/992/917 1083/1004/928 1082/1002/927 1070/990/915
f 1072/993/918 1084/1005/929 1083/1004/928 1071/992/917
f 1073/994/919 1085/1006/930 1084/1005/929 1072/993/918
f 1074/995/920 1086/1007/931 1085/1006/930 1073/994/919
f 1075/996/921 1087/1008/932 1086/1007/931 1074/995/920
f 1076/997/922 1088/1009/933 1087/1008/932 1075/996/921
f 1077/998/923 1089/1010/934 1088/1009/933 1076/997/922
f 1078/999/924 1090/1011/935 1089/1010/934 1077/998/923
f 1079/1000/925 1091/1012/936 1090/1011/935 1078/999/924
f 1080/1001/926 1092/1013/25 1091/1012/936 1079/1000/925
f 1082/1002/927 158/1014/3 157/5/6 1081/1003/6
f 1083/1004/928 159/1015/7 158/1014/3 1082/1002/927
f 1084/1005/929 160/1016/9 159/1015/7 1083/1004/928
f 1085/1006/930 161/1017/11 160/1016/9 1084/1005/929
f 1086/1007/931 162/1018/13 161/1017/11 1085/1006/930
f 1087/1008/932 163/1019/15 162/1018/13 1086/1007/931
f 1088/1009/933 164/1020/17 163/1019/15 1087/1008/932
f 1089/1010/934 165/1021/19 164/1020/17 1088/1009/933
f 1090/1011/935 166/1022/21 165/1021/19 1089/1010/934
f 1091/1012/936 167/1023/23 166/1022/21 1090/1011/935
f 1092/1013/25 168/1024/25 167/1023/23 1091/1012/936
