# Blender 4.1.1
# www.blender.org
mtllib Number_6.mtl
g Number_6_Number_6
v 0.110203 0.313211 0.050000
v 0.087078 0.296714 0.050000
v 0.064728 0.278752 0.050000
v 0.043317 0.259487 0.050000
v 0.023004 0.239084 0.050000
v 0.003947 0.217705 0.050000
v -0.013692 0.195513 0.050000
v -0.029757 0.172673 0.050000
v -0.044085 0.149346 0.050000
v -0.056516 0.125696 0.050000
v -0.066893 0.101886 0.050000
v -0.075054 0.078080 0.050000
v -0.068136 0.081572 0.050000
v -0.060878 0.085015 0.050000
v -0.053272 0.088361 0.050000
v -0.045312 0.091562 0.050000
v -0.036992 0.094567 0.050000
v -0.028304 0.097330 0.050000
v -0.019239 0.099801 0.050000
v -0.009794 0.101932 0.050000
v 0.000041 0.103674 0.050000
v 0.010271 0.104978 0.050000
v 0.020904 0.105796 0.050000
v 0.031948 0.106080 0.050000
v 0.058602 0.104322 0.050000
v 0.083941 0.099186 0.050000
v 0.107774 0.090877 0.050000
v 0.129910 0.079598 0.050000
v 0.150156 0.065556 0.050000
v 0.168322 0.048955 0.050000
v 0.184216 0.030000 0.050000
v 0.197650 0.008895 0.050000
v 0.208431 -0.014154 0.050000
v 0.216368 -0.038943 0.050000
v 0.221271 -0.065267 0.050000
v 0.222947 -0.092920 0.050000
v 0.221074 -0.120252 0.050000
v 0.215628 -0.146573 0.050000
v 0.206869 -0.171623 0.050000
v 0.195057 -0.195142 0.050000
v 0.180455 -0.216870 0.050000
v 0.163321 -0.236545 0.050000
v 0.143917 -0.253908 0.050000
v 0.122502 -0.268698 0.050000
v 0.099338 -0.280654 0.050000
v 0.074684 -0.289517 0.050000
v 0.048800 -0.295026 0.050000
v 0.021946 -0.296920 0.050000
v -0.009902 -0.294908 0.050000
v -0.039836 -0.288994 0.050000
v -0.067695 -0.279357 0.050000
v -0.093313 -0.266179 0.050000
v -0.116529 -0.249640 0.050000
v -0.137178 -0.229920 0.050000
v -0.155099 -0.207200 0.050000
v -0.170127 -0.181661 0.050000
v -0.182101 -0.153482 0.050000
v -0.190855 -0.122846 0.050000
v -0.196227 -0.089932 0.050000
v -0.198053 -0.054920 0.050000
v -0.196062 -0.012240 0.050000
v -0.190123 0.030187 0.050000
v -0.180287 0.072189 0.050000
v -0.166608 0.113599 0.050000
v -0.149138 0.154244 0.050000
v -0.127929 0.193955 0.050000
v -0.103031 0.232562 0.050000
v -0.074498 0.269895 0.050000
v -0.042382 0.305783 0.050000
v -0.006734 0.340057 0.050000
v 0.032393 0.372546 0.050000
v 0.074946 0.403080 0.050000
v 0.133946 0.328080 0.050000
v 0.031745 -0.202996 0.050000
v 0.046590 -0.200276 0.050000
v 0.060400 -0.195842 0.050000
v 0.073094 -0.189772 0.050000
v 0.084595 -0.182146 0.050000
v 0.094821 -0.173045 0.050000
v 0.103693 -0.162548 0.050000
v 0.111133 -0.150735 0.050000
v 0.117056 -0.137686 0.050000
v 0.121387 -0.123480 0.050000
v 0.124043 -0.108198 0.050000
v 0.124947 -0.091920 0.050000
v 0.123964 -0.077250 0.050000
v 0.121089 -0.063309 0.050000
v 0.116430 -0.050201 0.050000
v 0.110095 -0.038031 0.050000
v 0.102189 -0.026903 0.050000
v 0.092822 -0.016920 0.050000
v 0.082099 -0.008187 0.050000
v 0.070131 -0.000809 0.050000
v 0.057024 0.005111 0.050000
v 0.042886 0.009469 0.050000
v 0.027824 0.012160 0.050000
v 0.011948 0.013080 0.050000
v 0.001821 0.012906 0.050000
v -0.007650 0.012358 0.050000
v -0.016600 0.011393 0.050000
v -0.025165 0.009969 0.050000
v -0.033479 0.008045 0.050000
v -0.041678 0.005580 0.050000
v -0.049899 0.002531 0.050000
v -0.058276 -0.001142 0.050000
v -0.066944 -0.005482 0.050000
v -0.076040 -0.010531 0.050000
v -0.085698 -0.016330 0.050000
v -0.096054 -0.022920 0.050000
v -0.100667 -0.050009 0.050000
v -0.101716 -0.075216 0.050000
v -0.099506 -0.098451 0.050000
v -0.094349 -0.119624 0.050000
v -0.086555 -0.138643 0.050000
v -0.076428 -0.155420 0.050000
v -0.064282 -0.169863 0.050000
v -0.050424 -0.181883 0.050000
v -0.035162 -0.191389 0.050000
v -0.018808 -0.198290 0.050000
v -0.001668 -0.202498 0.050000
v 0.015946 -0.203920 0.050000
v 0.110203 0.313211 -0.050000
v 0.087078 0.296714 -0.050000
v 0.064728 0.278752 -0.050000
v 0.043317 0.259487 -0.050000
v 0.023004 0.239084 -0.050000
v 0.003947 0.217705 -0.050000
v -0.013692 0.195513 -0.050000
v -0.029757 0.172673 -0.050000
v -0.044085 0.149346 -0.050000
v -0.056516 0.125696 -0.050000
v -0.066893 0.101886 -0.050000
v -0.075054 0.078080 -0.050000
v -0.068136 0.081572 -0.050000
v -0.060878 0.085015 -0.050000
v -0.053272 0.088361 -0.050000
v -0.045312 0.091562 -0.050000
v -0.036992 0.094567 -0.050000
v -0.028304 0.097330 -0.050000
v -0.019239 0.099801 -0.050000
v -0.009794 0.101932 -0.050000
v 0.000041 0.103674 -0.050000
v 0.010271 0.104978 -0.050000
v 0.020904 0.105796 -0.050000
v 0.031948 0.106080 -0.050000
v 0.058602 0.104322 -0.050000
v 0.083941 0.099186 -0.050000
v 0.107774 0.090877 -0.050000
v 0.129910 0.079598 -0.050000
v 0.150156 0.065556 -0.050000
v 0.168322 0.048955 -0.050000
v 0.184216 0.030000 -0.050000
v 0.197650 0.008895 -0.050000
v 0.208431 -0.014154 -0.050000
v 0.216368 -0.038943 -0.050000
v 0.221271 -0.065267 -0.050000
v 0.222947 -0.092920 -0.050000
v 0.221074 -0.120252 -0.050000
v 0.215628 -0.146573 -0.050000
v 0.206869 -0.171623 -0.050000
v 0.195057 -0.195142 -0.050000
v 0.180455 -0.216870 -0.050000
v 0.163321 -0.236545 -0.050000
v 0.143917 -0.253908 -0.050000
v 0.122502 -0.268698 -0.050000
v 0.099338 -0.280654 -0.050000
v 0.074684 -0.289517 -0.050000
v 0.048800 -0.295026 -0.050000
v 0.021946 -0.296920 -0.050000
v -0.009902 -0.294908 -0.050000
v -0.039836 -0.288994 -0.050000
v -0.067695 -0.279357 -0.050000
v -0.093313 -0.266179 -0.050000
v -0.116529 -0.249640 -0.050000
v -0.137178 -0.229920 -0.050000
v -0.155099 -0.207200 -0.050000
v -0.170127 -0.181661 -0.050000
v -0.182101 -0.153482 -0.050000
v -0.190855 -0.122846 -0.050000
v -0.196227 -0.089932 -0.050000
v -0.198053 -0.054920 -0.050000
v -0.196062 -0.012240 -0.050000
v -0.190123 0.030187 -0.050000
v -0.180287 0.072189 -0.050000
v -0.166608 0.113599 -0.050000
v -0.149138 0.154244 -0.050000
v -0.127929 0.193955 -0.050000
v -0.103031 0.232562 -0.050000
v -0.074498 0.269895 -0.050000
v -0.042382 0.305783 -0.050000
v -0.006734 0.340057 -0.050000
v 0.032393 0.372546 -0.050000
v 0.074946 0.403080 -0.050000
v 0.133946 0.328080 -0.050000
v 0.031745 -0.202996 -0.050000
v 0.046590 -0.200276 -0.050000
v 0.060400 -0.195842 -0.050000
v 0.073094 -0.189772 -0.050000
v 0.084595 -0.182146 -0.050000
v 0.094821 -0.173045 -0.050000
v 0.103693 -0.162548 -0.050000
v 0.111133 -0.150735 -0.050000
v 0.117056 -0.137686 -0.050000
v 0.121387 -0.123480 -0.050000
v 0.124043 -0.108198 -0.050000
v 0.124947 -0.091920 -0.050000
v 0.123964 -0.077250 -0.050000
v 0.121089 -0.063309 -0.050000
v 0.116430 -0.050201 -0.050000
v 0.110095 -0.038031 -0.050000
v 0.102189 -0.026903 -0.050000
v 0.092822 -0.016920 -0.050000
v 0.082099 -0.008187 -0.050000
v 0.070131 -0.000809 -0.050000
v 0.057024 0.005111 -0.050000
v 0.042886 0.009469 -0.050000
v 0.027824 0.012160 -0.050000
v 0.011948 0.013080 -0.050000
v 0.001821 0.012906 -0.050000
v -0.007650 0.012358 -0.050000
v -0.016600 0.011393 -0.050000
v -0.025165 0.009969 -0.050000
v -0.033479 0.008045 -0.050000
v -0.041678 0.005580 -0.050000
v -0.049899 0.002531 -0.050000
v -0.058276 -0.001142 -0.050000
v -0.066944 -0.005482 -0.050000
v -0.076040 -0.010531 -0.050000
v -0.085698 -0.016330 -0.050000
v -0.096054 -0.022920 -0.050000
v -0.100667 -0.050009 -0.050000
v -0.101716 -0.075216 -0.050000
v -0.099506 -0.098451 -0.050000
v -0.094349 -0.119624 -0.050000
v -0.086555 -0.138643 -0.050000
v -0.076428 -0.155420 -0.050000
v -0.064282 -0.169863 -0.050000
v -0.050424 -0.181883 -0.050000
v -0.035162 -0.191389 -0.050000
v -0.018808 -0.198290 -0.050000
v -0.001668 -0.202498 -0.050000
v 0.015946 -0.203920 -0.050000
v 0.110203 0.313211 -0.050000
v 0.111922 0.310642 -0.049511
v 0.113472 0.308324 -0.048090
v 0.114704 0.306484 -0.045878
v 0.115493 0.305303 -0.043090
v 0.115766 0.304896 -0.040000
v 0.115766 0.304896 0.040000
v 0.115493 0.305303 0.043090
v 0.114704 0.306484 0.045878
v 0.113472 0.308324 0.048090
v 0.111922 0.310642 0.049511
v 0.110203 0.313211 0.050000
v 0.087078 0.296714 -0.050000
v 0.088943 0.294250 -0.049511
v 0.090629 0.292027 -0.048090
v 0.091964 0.290263 -0.045878
v 0.092823 0.289130 -0.043090
v 0.093119 0.288740 -0.040000
v 0.093119 0.288740 0.040000
v 0.092823 0.289130 0.043090
v 0.091964 0.290263 0.045878
v 0.090629 0.292027 0.048090
v 0.088943 0.294250 0.049511
v 0.087078 0.296714 0.050000
v 0.064728 0.278752 -0.050000
v 0.066731 0.276397 -0.049511
v 0.068539 0.274273 -0.048090
v 0.069973 0.272587 -0.045878
v 0.070893 0.271505 -0.043090
v 0.071210 0.271132 -0.040000
v 0.071210 0.271132 0.040000
v 0.070893 0.271505 0.043090
v 0.069973 0.272587 0.045878
v 0.068539 0.274273 0.048090
v 0.066731 0.276397 0.049511
v 0.064728 0.278752 0.050000
v 0.043317 0.259487 -0.050000
v 0.045447 0.257247 -0.049511
v 0.047369 0.255226 -0.048090
v 0.048894 0.253622 -0.045878
v 0.049873 0.252592 -0.043090
v 0.050210 0.252237 -0.040000
v 0.050210 0.252237 0.040000
v 0.049873 0.252592 0.043090
v 0.048894 0.253622 0.045878
v 0.047369 0.255226 0.048090
v 0.045447 0.257247 0.049511
v 0.043317 0.259487 0.050000
v 0.023004 0.239084 -0.050000
v 0.025254 0.236964 -0.049511
v 0.027284 0.235052 -0.048090
v 0.028894 0.233534 -0.045878
v 0.029930 0.232560 -0.043090
v 0.030285 0.232224 -0.040000
v 0.030285 0.232224 0.040000
v 0.029930 0.232560 0.043090
v 0.028894 0.233534 0.045878
v 0.027284 0.235052 0.048090
v 0.025254 0.236964 0.049511
v 0.023004 0.239084 0.050000
v 0.003947 0.217705 -0.050000
v 0.006311 0.215714 -0.049511
v 0.008445 0.213918 -0.048090
v 0.010139 0.212492 -0.045878
v 0.011225 0.211577 -0.043090
v 0.011600 0.211262 -0.040000
v 0.011600 0.211262 0.040000
v 0.011225 0.211577 0.043090
v 0.010139 0.212492 0.045878
v 0.008445 0.213918 0.048090
v 0.006311 0.215714 0.049511
v 0.003947 0.217705 0.050000
v -0.013692 0.195513 -0.050000
v -0.011218 0.193662 -0.049511
v -0.008985 0.191991 -0.048090
v -0.007213 0.190665 -0.045878
v -0.006074 0.189814 -0.043090
v -0.005682 0.189521 -0.040000
v -0.005682 0.189521 0.040000
v -0.006074 0.189814 0.043090
v -0.007213 0.190665 0.045878
v -0.008985 0.191991 0.048090
v -0.011218 0.193662 0.049511
v -0.013692 0.195513 0.050000
v -0.029757 0.172673 -0.050000
v -0.027174 0.170973 -0.049511
v -0.024844 0.169441 -0.048090
v -0.022995 0.168224 -0.045878
v -0.021808 0.167443 -0.043090
v -0.021399 0.167174 -0.040000
v -0.021399 0.167174 0.040000
v -0.021808 0.167443 0.043090
v -0.022995 0.168224 0.045878
v -0.024844 0.169441 0.048090
v -0.027174 0.170973 0.049511
v -0.029757 0.172673 0.050000
v -0.044085 0.149346 -0.050000
v -0.041397 0.147816 -0.049511
v -0.038972 0.146437 -0.048090
v -0.037048 0.145342 -0.045878
v -0.035813 0.144639 -0.043090
v -0.035388 0.144397 -0.040000
v -0.035388 0.144397 0.040000
v -0.035813 0.144639 0.043090
v -0.037048 0.145342 0.045878
v -0.038972 0.146437 0.048090
v -0.041397 0.147816 0.049511
v -0.044085 0.149346 0.050000
v -0.056516 0.125696 -0.050000
v -0.053729 0.124358 -0.049511
v -0.051214 0.123151 -0.048090
v -0.049218 0.122193 -0.045878
v -0.047936 0.121578 -0.043090
v -0.047494 0.121366 -0.040000
v -0.047494 0.121366 0.040000
v -0.047936 0.121578 0.043090
v -0.049218 0.122193 0.045878
v -0.051214 0.123151 0.048090
v -0.053729 0.124358 0.049511
v -0.056516 0.125696 0.050000
v -0.066893 0.101886 -0.050000
v -0.064010 0.100766 -0.049511
v -0.061409 0.099755 -0.048090
v -0.059346 0.098954 -0.045878
v -0.058021 0.098439 -0.043090
v -0.057564 0.098261 -0.040000
v -0.057564 0.098261 0.040000
v -0.058021 0.098439 0.043090
v -0.059346 0.098954 0.045878
v -0.061409 0.099755 0.048090
v -0.064010 0.100766 0.049511
v -0.066893 0.101886 0.050000
v -0.075054 0.078080 -0.050000
v -0.069667 0.084260 -0.049511
v -0.064810 0.089835 -0.048090
v -0.060955 0.094259 -0.045878
v -0.058480 0.097099 -0.043090
v -0.057627 0.098078 -0.040000
v -0.057627 0.098078 0.040000
v -0.058480 0.097099 0.043090
v -0.060955 0.094259 0.045878
v -0.064810 0.089835 0.048090
v -0.069667 0.084260 0.049511
v -0.075054 0.078080 0.050000
v -0.068136 0.081572 -0.050000
v -0.069494 0.084348 -0.049511
v -0.070720 0.086852 -0.048090
v -0.071692 0.088839 -0.045878
v -0.072318 0.090115 -0.043090
v -0.072533 0.090554 -0.040000
v -0.072533 0.090554 0.040000
v -0.072318 0.090115 0.043090
v -0.071692 0.088839 0.045878
v -0.070720 0.086852 0.048090
v -0.069494 0.084348 0.049511
v -0.068136 0.081572 0.050000
v -0.060878 0.085015 -0.050000
v -0.062162 0.087826 -0.049511
v -0.063322 0.090362 -0.048090
v -0.064241 0.092374 -0.045878
v -0.064832 0.093666 -0.043090
v -0.065034 0.094111 -0.040000
v -0.065034 0.094111 0.040000
v -0.064832 0.093666 0.043090
v -0.064241 0.092374 0.045878
v -0.063322 0.090362 0.048090
v -0.062162 0.087826 0.049511
v -0.060878 0.085015 0.050000
v -0.053272 0.088361 -0.050000
v -0.054471 0.091210 -0.049511
v -0.055552 0.093780 -0.048090
v -0.056411 0.095819 -0.045878
v -0.056962 0.097128 -0.043090
v -0.057152 0.097579 -0.040000
v -0.057152 0.097579 0.040000
v -0.056962 0.097128 0.043090
v -0.056411 0.095819 0.045878
v -0.055552 0.093780 0.048090
v -0.054471 0.091210 0.049511
v -0.053272 0.088361 0.050000
v -0.045312 0.091562 -0.050000
v -0.046414 0.094449 -0.049511
v -0.047409 0.097054 -0.048090
v -0.048197 0.099122 -0.045878
v -0.048704 0.100449 -0.043090
v -0.048878 0.100906 -0.040000
v -0.048878 0.100906 0.040000
v -0.048704 0.100449 0.043090
v -0.048197 0.099122 0.045878
v -0.047409 0.097054 0.048090
v -0.046414 0.094449 0.049511
v -0.045312 0.091562 0.050000
v -0.036992 0.094567 -0.050000
v -0.037986 0.097494 -0.049511
v -0.038882 0.100134 -0.048090
v -0.039593 0.102230 -0.045878
v -0.040050 0.103575 -0.043090
v -0.040207 0.104038 -0.040000
v -0.040207 0.104038 0.040000
v -0.040050 0.103575 0.043090
v -0.039593 0.102230 0.045878
v -0.038882 0.100134 0.048090
v -0.037986 0.097494 0.049511
v -0.036992 0.094567 0.050000
v -0.028304 0.097330 -0.050000
v -0.029179 0.100294 -0.049511
v -0.029968 0.102969 -0.048090
v -0.030593 0.105091 -0.045878
v -0.030997 0.106454 -0.043090
v -0.031135 0.106923 -0.040000
v -0.031135 0.106923 0.040000
v -0.030997 0.106454 0.043090
v -0.030593 0.105091 0.045878
v -0.029968 0.102969 0.048090
v -0.029179 0.100294 0.049511
v -0.028304 0.097330 0.050000
v -0.019239 0.099801 -0.050000
v -0.019987 0.102800 -0.049511
v -0.020660 0.105506 -0.048090
v -0.021194 0.107654 -0.045878
v -0.021538 0.109032 -0.043090
v -0.021657 0.109507 -0.040000
v -0.021657 0.109507 0.040000
v -0.021538 0.109032 0.043090
v -0.021194 0.107654 0.045878
v -0.020660 0.105506 0.048090
v -0.019987 0.102800 0.049511
v -0.019239 0.099801 0.050000
v -0.009794 0.101932 -0.050000
v -0.010404 0.104962 -0.049511
v -0.010954 0.107696 -0.048090
v -0.011391 0.109865 -0.045878
v -0.011671 0.111258 -0.043090
v -0.011767 0.111738 -0.040000
v -0.011767 0.111738 0.040000
v -0.011671 0.111258 0.043090
v -0.011391 0.109865 0.045878
v -0.010954 0.107696 0.048090
v -0.010404 0.104962 0.049511
v -0.009794 0.101932 0.050000
v 0.000041 0.103674 -0.050000
v -0.000424 0.106730 -0.049511
v -0.000844 0.109486 -0.048090
v -0.001178 0.111674 -0.045878
v -0.001391 0.113079 -0.043090
v -0.001464 0.113563 -0.040000
v -0.001464 0.113563 0.040000
v -0.001391 0.113079 0.043090
v -0.001178 0.111674 0.045878
v -0.000844 0.109486 0.048090
v -0.000424 0.106730 0.049511
v 0.000041 0.103674 0.050000
v 0.010271 0.104978 -0.050000
v 0.009956 0.108053 -0.049511
v 0.009674 0.110827 -0.048090
v 0.009449 0.113029 -0.045878
v 0.009304 0.114442 -0.043090
v 0.009254 0.114929 -0.040000
v 0.009254 0.114929 0.040000
v 0.009304 0.114442 0.043090
v 0.009449 0.113029 0.045878
v 0.009674 0.110827 0.048090
v 0.009956 0.108053 0.049511
v 0.010271 0.104978 0.050000
v 0.020904 0.105796 -0.050000
v 0.020745 0.108884 -0.049511
v 0.020602 0.111669 -0.048090
v 0.020489 0.113879 -0.045878
v 0.020416 0.115298 -0.043090
v 0.020391 0.115787 -0.040000
v 0.020391 0.115787 0.040000
v 0.020416 0.115298 0.043090
v 0.020489 0.113879 0.045878
v 0.020602 0.111669 0.048090
v 0.020745 0.108884 0.049511
v 0.020904 0.105796 0.050000
v 0.031948 0.106080 -0.050000
v 0.032009 0.109173 -0.049511
v 0.032065 0.111963 -0.048090
v 0.032109 0.114177 -0.045878
v 0.032138 0.115599 -0.043090
v 0.032148 0.116088 -0.040000
v 0.032148 0.116088 0.040000
v 0.032138 0.115599 0.043090
v 0.032109 0.114177 0.045878
v 0.032065 0.111963 0.048090
v 0.032009 0.109173 0.049511
v 0.031948 0.106080 0.050000
v 0.058602 0.104322 -0.050000
v 0.059012 0.107392 -0.049511
v 0.059382 0.110162 -0.048090
v 0.059677 0.112359 -0.045878
v 0.059865 0.113770 -0.043090
v 0.059930 0.114257 -0.040000
v 0.059930 0.114257 0.040000
v 0.059865 0.113770 0.043090
v 0.059677 0.112359 0.045878
v 0.059382 0.110162 0.048090
v 0.059012 0.107392 0.049511
v 0.058602 0.104322 0.050000
v 0.083941 0.099186 -0.050000
v 0.084762 0.102173 -0.049511
v 0.085500 0.104868 -0.048090
v 0.086087 0.107006 -0.045878
v 0.086463 0.108379 -0.043090
v 0.086594 0.108852 -0.040000
v 0.086594 0.108852 0.040000
v 0.086463 0.108379 0.043090
v 0.086087 0.107006 0.045878
v 0.085500 0.104868 0.048090
v 0.084762 0.102173 0.049511
v 0.083941 0.099186 0.050000
v 0.107774 0.090877 -0.050000
v 0.108991 0.093726 -0.049511
v 0.110087 0.096295 -0.048090
v 0.110958 0.098335 -0.045878
v 0.111516 0.099644 -0.043090
v 0.111709 0.100096 -0.040000
v 0.111709 0.100096 0.040000
v 0.111516 0.099644 0.043090
v 0.110958 0.098335 0.045878
v 0.110087 0.096295 0.048090
v 0.108991 0.093726 0.049511
v 0.107774 0.090877 0.050000
v 0.129910 0.079598 -0.050000
v 0.131498 0.082257 -0.049511
v 0.132933 0.084655 -0.048090
v 0.134070 0.086558 -0.045878
v 0.134800 0.087780 -0.043090
v 0.135052 0.088201 -0.040000
v 0.135052 0.088201 0.040000
v 0.134800 0.087780 0.043090
v 0.134070 0.086558 0.045878
v 0.132933 0.084655 0.048090
v 0.131498 0.082257 0.049511
v 0.129910 0.079598 0.050000
v 0.150156 0.065556 -0.050000
v 0.152087 0.067977 -0.049511
v 0.153830 0.070161 -0.048090
v 0.155212 0.071895 -0.045878
v 0.156100 0.073007 -0.043090
v 0.156405 0.073391 -0.040000
v 0.156405 0.073391 0.040000
v 0.156100 0.073007 0.043090
v 0.155212 0.071895 0.045878
v 0.153830 0.070161 0.048090
v 0.152087 0.067977 0.049511
v 0.150156 0.065556 0.050000
v 0.168322 0.048955 -0.050000
v 0.170557 0.051098 -0.049511
v 0.172575 0.053031 -0.048090
v 0.174175 0.054565 -0.045878
v 0.175203 0.055550 -0.043090
v 0.175558 0.055889 -0.040000
v 0.175558 0.055889 0.040000
v 0.175203 0.055550 0.043090
v 0.174175 0.054565 0.045878
v 0.172575 0.053031 0.048090
v 0.170557 0.051098 0.049511
v 0.168322 0.048955 0.050000
v 0.184216 0.030000 -0.050000
v 0.186716 0.031830 -0.049511
v 0.188969 0.033481 -0.048090
v 0.190756 0.034791 -0.045878
v 0.191905 0.035633 -0.043090
v 0.192300 0.035922 -0.040000
v 0.192300 0.035922 0.040000
v 0.191905 0.035633 0.043090
v 0.190756 0.034791 0.045878
v 0.188969 0.033481 0.048090
v 0.186716 0.031830 0.049511
v 0.184216 0.030000 0.050000
v 0.197650 0.008895 -0.050000
v 0.200365 0.010385 -0.049511
v 0.202814 0.011730 -0.048090
v 0.204756 0.012797 -0.045878
v 0.206005 0.013482 -0.043090
v 0.206434 0.013718 -0.040000
v 0.206434 0.013718 0.040000
v 0.206005 0.013482 0.043090
v 0.204756 0.012797 0.045878
v 0.202814 0.011730 0.048090
v 0.200365 0.010385 0.049511
v 0.197650 0.008895 0.050000
v 0.208431 -0.014154 -0.050000
v 0.211314 -0.013024 -0.049511
v 0.213914 -0.012004 -0.048090
v 0.215979 -0.011195 -0.045878
v 0.217303 -0.010675 -0.043090
v 0.217760 -0.010496 -0.040000
v 0.217760 -0.010496 0.040000
v 0.217303 -0.010675 0.043090
v 0.215979 -0.011195 0.045878
v 0.213914 -0.012004 0.048090
v 0.211314 -0.013024 0.049511
v 0.208431 -0.014154 0.050000
v 0.216368 -0.038943 -0.050000
v 0.219370 -0.038186 -0.049511
v 0.222078 -0.037503 -0.048090
v 0.224228 -0.036961 -0.045878
v 0.225608 -0.036613 -0.043090
v 0.226083 -0.036493 -0.040000
v 0.226083 -0.036493 0.040000
v 0.225608 -0.036613 0.043090
v 0.224228 -0.036961 0.045878
v 0.222078 -0.037503 0.048090
v 0.219370 -0.038186 0.049511
v 0.216368 -0.038943 0.050000
v 0.221271 -0.065267 -0.050000
v 0.224343 -0.064889 -0.049511
v 0.227116 -0.064548 -0.048090
v 0.229315 -0.064277 -0.045878
v 0.230729 -0.064104 -0.043090
v 0.231215 -0.064044 -0.040000
v 0.231215 -0.064044 0.040000
v 0.230729 -0.064104 0.043090
v 0.229315 -0.064277 0.045878
v 0.227116 -0.064548 0.048090
v 0.224343 -0.064889 0.049511
v 0.221271 -0.065267 0.050000
v 0.222947 -0.092920 -0.050000
v 0.226043 -0.092932 -0.049511
v 0.228837 -0.092943 -0.048090
v 0.231054 -0.092952 -0.045878
v 0.232478 -0.092958 -0.043090
v 0.232967 -0.092960 -0.040000
v 0.232967 -0.092960 0.040000
v 0.232478 -0.092958 0.043090
v 0.231054 -0.092952 0.045878
v 0.228837 -0.092943 0.048090
v 0.226043 -0.092932 0.049511
v 0.222947 -0.092920 0.050000
v 0.221074 -0.120252 -0.050000
v 0.224142 -0.120672 -0.049511
v 0.226910 -0.121052 -0.048090
v 0.229106 -0.121353 -0.045878
v 0.230517 -0.121546 -0.043090
v 0.231003 -0.121613 -0.040000
v 0.231003 -0.121613 0.040000
v 0.230517 -0.121546 0.043090
v 0.229106 -0.121353 0.045878
v 0.226910 -0.121052 0.048090
v 0.224142 -0.120672 0.049511
v 0.221074 -0.120252 0.050000
v 0.215628 -0.146573 -0.050000
v 0.218611 -0.147399 -0.049511
v 0.221304 -0.148145 -0.048090
v 0.223441 -0.148737 -0.045878
v 0.224813 -0.149117 -0.043090
v 0.225286 -0.149248 -0.040000
v 0.225286 -0.149248 0.040000
v 0.224813 -0.149117 0.043090
v 0.223441 -0.148737 0.045878
v 0.221304 -0.148145 0.048090
v 0.218611 -0.147399 0.049511
v 0.215628 -0.146573 0.050000
v 0.206869 -0.171623 -0.050000
v 0.209720 -0.172831 -0.049511
v 0.212291 -0.173922 -0.048090
v 0.214333 -0.174787 -0.045878
v 0.215643 -0.175342 -0.043090
v 0.216094 -0.175533 -0.040000
v 0.216094 -0.175533 0.040000
v 0.215643 -0.175342 0.043090
v 0.214333 -0.174787 0.045878
v 0.212291 -0.173922 0.048090
v 0.209720 -0.172831 0.049511
v 0.206869 -0.171623 0.050000
v 0.195057 -0.195142 -0.050000
v 0.197731 -0.196704 -0.049511
v 0.200143 -0.198112 -0.048090
v 0.202057 -0.199230 -0.045878
v 0.203287 -0.199948 -0.043090
v 0.203711 -0.200195 -0.040000
v 0.203711 -0.200195 0.040000
v 0.203287 -0.199948 0.043090
v 0.202057 -0.199230 0.045878
v 0.200143 -0.198112 0.048090
v 0.197731 -0.196704 0.049511
v 0.195057 -0.195142 0.050000
v 0.180455 -0.216870 -0.050000
v 0.182912 -0.218754 -0.049511
v 0.185130 -0.220453 -0.048090
v 0.186888 -0.221802 -0.045878
v 0.188017 -0.222668 -0.043090
v 0.188406 -0.222966 -0.040000
v 0.188406 -0.222966 0.040000
v 0.188017 -0.222668 0.043090
v 0.186888 -0.221802 0.045878
v 0.185130 -0.220453 0.048090
v 0.182912 -0.218754 0.049511
v 0.180455 -0.216870 0.050000
v 0.163321 -0.236545 -0.050000
v 0.165525 -0.238720 -0.049511
v 0.167513 -0.240681 -0.048090
v 0.169091 -0.242238 -0.045878
v 0.170105 -0.243237 -0.043090
v 0.170454 -0.243582 -0.040000
v 0.170454 -0.243582 0.040000
v 0.170105 -0.243237 0.043090
v 0.169091 -0.242238 0.045878
v 0.167513 -0.240681 0.048090
v 0.165525 -0.238720 0.049511
v 0.163321 -0.236545 0.050000
v 0.143917 -0.253908 -0.050000
v 0.145833 -0.256340 -0.049511
v 0.147561 -0.258534 -0.048090
v 0.148932 -0.260276 -0.045878
v 0.149814 -0.261394 -0.043090
v 0.150116 -0.261779 -0.040000
v 0.150116 -0.261779 0.040000
v 0.149814 -0.261394 0.043090
v 0.148932 -0.260276 0.045878
v 0.147561 -0.258534 0.048090
v 0.145833 -0.256340 0.049511
v 0.143917 -0.253908 0.050000
v 0.122502 -0.268698 -0.050000
v 0.124095 -0.271353 -0.049511
v 0.125533 -0.273748 -0.048090
v 0.126673 -0.275649 -0.045878
v 0.127406 -0.276870 -0.043090
v 0.127657 -0.277290 -0.040000
v 0.127657 -0.277290 0.040000
v 0.127406 -0.276870 0.043090
v 0.126673 -0.275649 0.045878
v 0.125533 -0.273748 0.048090
v 0.124095 -0.271353 0.049511
v 0.122502 -0.268698 0.050000
v 0.099338 -0.280654 -0.050000
v 0.100574 -0.283494 -0.049511
v 0.101689 -0.286055 -0.048090
v 0.102575 -0.288088 -0.045878
v 0.103143 -0.289393 -0.043090
v 0.103340 -0.289842 -0.040000
v 0.103340 -0.289842 0.040000
v 0.103143 -0.289393 0.043090
v 0.102575 -0.288088 0.045878
v 0.101689 -0.286055 0.048090
v 0.100574 -0.283494 0.049511
v 0.099338 -0.280654 0.050000
v 0.074684 -0.289517 -0.050000
v 0.075531 -0.292496 -0.049511
v 0.076296 -0.295183 -0.048090
v 0.076903 -0.297316 -0.045878
v 0.077293 -0.298685 -0.043090
v 0.077427 -0.299157 -0.040000
v 0.077427 -0.299157 0.040000
v 0.077293 -0.298685 0.043090
v 0.076903 -0.297316 0.045878
v 0.076296 -0.295183 0.048090
v 0.075531 -0.292496 0.049511
v 0.074684 -0.289517 0.050000
v 0.048800 -0.295026 -0.050000
v 0.049232 -0.298093 -0.049511
v 0.049622 -0.300860 -0.048090
v 0.049932 -0.303056 -0.045878
v 0.050130 -0.304466 -0.043090
v 0.050199 -0.304952 -0.040000
v 0.050199 -0.304952 0.040000
v 0.050130 -0.304466 0.043090
v 0.049932 -0.303056 0.045878
v 0.049622 -0.300860 0.048090
v 0.049232 -0.298093 0.049511
v 0.048800 -0.295026 0.050000
v 0.021946 -0.296920 -0.050000
v 0.021958 -0.300017 -0.049511
v 0.021968 -0.302811 -0.048090
v 0.021976 -0.305028 -0.045878
v 0.021981 -0.306452 -0.043090
v 0.021984 -0.306942 -0.040000
v 0.021984 -0.306942 0.040000
v 0.021981 -0.306452 0.043090
v 0.021976 -0.305028 0.045878
v 0.021968 -0.302811 0.048090
v 0.021958 -0.300017 0.049511
v 0.021946 -0.296920 0.050000
v -0.009902 -0.294908 -0.050000
v -0.010301 -0.297980 -0.049511
v -0.010660 -0.300750 -0.048090
v -0.010946 -0.302949 -0.045878
v -0.011128 -0.304360 -0.043090
v -0.011191 -0.304847 -0.040000
v -0.011191 -0.304847 0.040000
v -0.011128 -0.304360 0.043090
v -0.010946 -0.302949 0.045878
v -0.010660 -0.300750 0.048090
v -0.010301 -0.297980 0.049511
v -0.009902 -0.294908 0.050000
v -0.039836 -0.288994 -0.050000
v -0.040645 -0.291984 -0.049511
v -0.041374 -0.294682 -0.048090
v -0.041953 -0.296822 -0.045878
v -0.042325 -0.298197 -0.043090
v -0.042451 -0.298670 -0.040000
v -0.042451 -0.298670 0.040000
v -0.042325 -0.298197 0.043090
v -0.041953 -0.296822 0.045878
v -0.041374 -0.294682 0.048090
v -0.040645 -0.291984 0.049511
v -0.039836 -0.288994 0.050000
v -0.067695 -0.279357 -0.050000
v -0.068913 -0.282206 -0.049511
v -0.070012 -0.284776 -0.048090
v -0.070883 -0.286815 -0.045878
v -0.071443 -0.288124 -0.043090
v -0.071636 -0.288575 -0.040000
v -0.071636 -0.288575 0.040000
v -0.071443 -0.288124 0.043090
v -0.070883 -0.286815 0.045878
v -0.070012 -0.284776 0.048090
v -0.068913 -0.282206 0.049511
v -0.067695 -0.279357 0.050000
v -0.093313 -0.266179 -0.050000
v -0.094924 -0.268825 -0.049511
v -0.096379 -0.271212 -0.048090
v -0.097532 -0.273107 -0.045878
v -0.098273 -0.274323 -0.043090
v -0.098528 -0.274742 -0.040000
v -0.098528 -0.274742 0.040000
v -0.098273 -0.274323 0.043090
v -0.097532 -0.273107 0.045878
v -0.096379 -0.271212 0.048090
v -0.094924 -0.268825 0.049511
v -0.093313 -0.266179 0.050000
v -0.116529 -0.249640 -0.050000
v -0.118503 -0.252028 -0.049511
v -0.120283 -0.254182 -0.048090
v -0.121696 -0.255892 -0.045878
v -0.122603 -0.256990 -0.043090
v -0.122916 -0.257368 -0.040000
v -0.122916 -0.257368 0.040000
v -0.122603 -0.256990 0.043090
v -0.121696 -0.255892 0.045878
v -0.120283 -0.254182 0.048090
v -0.118503 -0.252028 0.049511
v -0.116529 -0.249640 0.050000
v -0.137178 -0.229920 -0.050000
v -0.139470 -0.232005 -0.049511
v -0.141538 -0.233885 -0.048090
v -0.143177 -0.235377 -0.045878
v -0.144230 -0.236336 -0.043090
v -0.144594 -0.236666 -0.040000
v -0.144594 -0.236666 0.040000
v -0.144230 -0.236336 0.043090
v -0.143177 -0.235377 0.045878
v -0.141538 -0.233885 0.048090
v -0.139470 -0.232005 0.049511
v -0.137178 -0.229920 0.050000
v -0.155099 -0.207200 -0.050000
v -0.157656 -0.208949 -0.049511
v -0.159962 -0.210526 -0.048090
v -0.161793 -0.211778 -0.045878
v -0.162968 -0.212582 -0.043090
v -0.163372 -0.212858 -0.040000
v -0.163372 -0.212858 0.040000
v -0.162968 -0.212582 0.043090
v -0.161793 -0.211778 0.045878
v -0.159962 -0.210526 0.048090
v -0.157656 -0.208949 0.049511
v -0.155099 -0.207200 0.050000
v -0.170127 -0.181661 -0.050000
v -0.172893 -0.183054 -0.049511
v -0.175387 -0.184312 -0.048090
v -0.177368 -0.185309 -0.045878
v -0.178638 -0.185950 -0.043090
v -0.179077 -0.186171 -0.040000
v -0.179077 -0.186171 0.040000
v -0.178638 -0.185950 0.043090
v -0.177368 -0.185309 0.045878
v -0.175387 -0.184312 0.048090
v -0.172893 -0.183054 0.049511
v -0.170127 -0.181661 0.050000
v -0.182101 -0.153482 -0.050000
v -0.185019 -0.154515 -0.049511
v -0.187652 -0.155447 -0.048090
v -0.189742 -0.156186 -0.045878
v -0.191083 -0.156661 -0.043090
v -0.191545 -0.156824 -0.040000
v -0.191545 -0.156824 0.040000
v -0.191083 -0.156661 0.043090
v -0.189742 -0.156186 0.045878
v -0.187652 -0.155447 0.048090
v -0.185019 -0.154515 0.049511
v -0.182101 -0.153482 0.050000
v -0.190855 -0.122846 -0.050000
v -0.193874 -0.123522 -0.049511
v -0.196600 -0.124131 -0.048090
v -0.198762 -0.124615 -0.045878
v -0.200151 -0.124925 -0.043090
v -0.200630 -0.125032 -0.040000
v -0.200630 -0.125032 0.040000
v -0.200151 -0.124925 0.043090
v -0.198762 -0.124615 0.045878
v -0.196600 -0.124131 0.048090
v -0.193874 -0.123522 0.049511
v -0.190855 -0.122846 0.050000
v -0.196227 -0.089932 -0.050000
v -0.199304 -0.090262 -0.049511
v -0.202080 -0.090560 -0.048090
v -0.204283 -0.090797 -0.045878
v -0.205697 -0.090948 -0.043090
v -0.206184 -0.091001 -0.040000
v -0.206184 -0.091001 0.040000
v -0.205697 -0.090948 0.043090
v -0.204283 -0.090797 0.045878
v -0.202080 -0.090560 0.048090
v -0.199304 -0.090262 0.049511
v -0.196227 -0.089932 0.050000
v -0.198053 -0.054920 -0.050000
v -0.201148 -0.054929 -0.049511
v -0.203938 -0.054936 -0.048090
v -0.206153 -0.054942 -0.045878
v -0.207576 -0.054946 -0.043090
v -0.208065 -0.054948 -0.040000
v -0.208065 -0.054948 0.040000
v -0.207576 -0.054946 0.043090
v -0.206153 -0.054942 0.045878
v -0.203938 -0.054936 0.048090
v -0.201148 -0.054929 0.049511
v -0.198053 -0.054920 0.050000
v -0.196062 -0.012240 -0.050000
v -0.199142 -0.011953 -0.049511
v -0.201921 -0.011694 -0.048090
v -0.204126 -0.011489 -0.045878
v -0.205542 -0.011357 -0.043090
v -0.206029 -0.011312 -0.040000
v -0.206029 -0.011312 0.040000
v -0.205542 -0.011357 0.043090
v -0.204126 -0.011489 0.045878
v -0.201921 -0.011694 0.048090
v -0.199142 -0.011953 0.049511
v -0.196062 -0.012240 0.050000
v -0.190123 0.030187 -0.050000
v -0.193163 0.030754 -0.049511
v -0.195907 0.031266 -0.048090
v -0.198083 0.031673 -0.045878
v -0.199481 0.031933 -0.043090
v -0.199963 0.032023 -0.040000
v -0.199963 0.032023 0.040000
v -0.199481 0.031933 0.043090
v -0.198083 0.031673 0.045878
v -0.195907 0.031266 0.048090
v -0.193163 0.030754 0.049511
v -0.190123 0.030187 0.050000
v -0.180287 0.072189 -0.050000
v -0.183266 0.073028 -0.049511
v -0.185952 0.073784 -0.048090
v -0.188083 0.074385 -0.045878
v -0.189452 0.074770 -0.043090
v -0.189922 0.074903 -0.040000
v -0.189922 0.074903 0.040000
v -0.189452 0.074770 0.043090
v -0.188083 0.074385 0.045878
v -0.185952 0.073784 0.048090
v -0.183266 0.073028 0.049511
v -0.180287 0.072189 0.050000
v -0.166608 0.113599 -0.050000
v -0.169500 0.114695 -0.049511
v -0.172110 0.115685 -0.048090
v -0.174180 0.116470 -0.045878
v -0.175509 0.116974 -0.043090
v -0.175968 0.117148 -0.040000
v -0.175968 0.117148 0.040000
v -0.175509 0.116974 0.043090
v -0.174180 0.116470 0.045878
v -0.172110 0.115685 0.048090
v -0.169500 0.114695 0.049511
v -0.166608 0.113599 0.050000
v -0.149138 0.154244 -0.050000
v -0.151926 0.155584 -0.049511
v -0.154440 0.156793 -0.048090
v -0.156435 0.157753 -0.045878
v -0.157717 0.158369 -0.043090
v -0.158159 0.158582 -0.040000
v -0.158159 0.158582 0.040000
v -0.157717 0.158369 0.043090
v -0.156435 0.157753 0.045878
v -0.154440 0.156793 0.048090
v -0.151926 0.155584 0.049511
v -0.149138 0.154244 0.050000
v -0.127929 0.193955 -0.050000
v -0.130595 0.195523 -0.049511
v -0.132999 0.196937 -0.048090
v -0.134908 0.198060 -0.045878
v -0.136134 0.198781 -0.043090
v -0.136556 0.199029 -0.040000
v -0.136556 0.199029 0.040000
v -0.136134 0.198781 0.043090
v -0.134908 0.198060 0.045878
v -0.132999 0.196937 0.048090
v -0.130595 0.195523 0.049511
v -0.127929 0.193955 0.050000
v -0.103031 0.232562 -0.050000
v -0.105561 0.234341 -0.049511
v -0.107843 0.235945 -0.048090
v -0.109654 0.237218 -0.045878
v -0.110817 0.238036 -0.043090
v -0.111218 0.238317 -0.040000
v -0.111218 0.238317 0.040000
v -0.110817 0.238036 0.043090
v -0.109654 0.237218 0.045878
v -0.107843 0.235945 0.048090
v -0.105561 0.234341 0.049511
v -0.103031 0.232562 0.050000
v -0.074498 0.269895 -0.050000
v -0.076880 0.271866 -0.049511
v -0.079030 0.273645 -0.048090
v -0.080736 0.275056 -0.045878
v -0.081831 0.275963 -0.043090
v -0.082208 0.276275 -0.040000
v -0.082208 0.276275 0.040000
v -0.081831 0.275963 0.043090
v -0.080736 0.275056 0.045878
v -0.079030 0.273645 0.048090
v -0.076880 0.271866 0.049511
v -0.074498 0.269895 0.050000
v -0.042382 0.305783 -0.050000
v -0.044607 0.307930 -0.049511
v -0.046615 0.309867 -0.048090
v -0.048208 0.311405 -0.045878
v -0.049231 0.312391 -0.043090
v -0.049583 0.312732 -0.040000
v -0.049583 0.312732 0.040000
v -0.049231 0.312391 0.043090
v -0.048208 0.311405 0.045878
v -0.046615 0.309867 0.048090
v -0.044607 0.307930 0.049511
v -0.042382 0.305783 0.050000
v -0.006734 0.340057 -0.050000
v -0.008795 0.342362 -0.049511
v -0.010653 0.344442 -0.048090
v -0.012128 0.346093 -0.045878
v -0.013075 0.347153 -0.043090
v -0.013402 0.347518 -0.040000
v -0.013402 0.347518 0.040000
v -0.013075 0.347153 0.043090
v -0.012128 0.346093 0.045878
v -0.010653 0.344442 0.048090
v -0.008795 0.342362 0.049511
v -0.006734 0.340057 0.050000
v 0.032393 0.372546 -0.050000
v 0.030502 0.374993 -0.049511
v 0.028798 0.377201 -0.048090
v 0.027444 0.378953 -0.045878
v 0.026576 0.380077 -0.043090
v 0.026276 0.380465 -0.040000
v 0.026276 0.380465 0.040000
v 0.026576 0.380077 0.043090
v 0.027444 0.378953 0.045878
v 0.028798 0.377201 0.048090
v 0.030502 0.374993 0.049511
v 0.032393 0.372546 0.050000
v 0.074946 0.403080 -0.050000
v 0.075547 0.407314 -0.049511
v 0.076089 0.411134 -0.048090
v 0.076519 0.414166 -0.045878
v 0.076796 0.416112 -0.043090
v 0.076890 0.416783 -0.040000
v 0.076890 0.416783 0.040000
v 0.076796 0.416112 0.043090
v 0.076519 0.414166 0.045878
v 0.076089 0.411134 0.048090
v 0.075547 0.407314 0.049511
v 0.074946 0.403080 0.050000
v 0.133946 0.328080 -0.050000
v 0.138503 0.327287 -0.049511
v 0.142612 0.326571 -0.048090
v 0.145874 0.326003 -0.045878
v 0.147967 0.325639 -0.043090
v 0.148689 0.325513 -0.040000
v 0.148689 0.325513 0.040000
v 0.147967 0.325639 0.043090
v 0.145874 0.326003 0.045878
v 0.142612 0.326571 0.048090
v 0.138503 0.327287 0.049511
v 0.133946 0.328080 0.050000
v 0.031745 -0.202996 -0.050000
v 0.031375 -0.199922 -0.049511
v 0.031042 -0.197149 -0.048090
v 0.030777 -0.194948 -0.045878
v 0.030607 -0.193536 -0.043090
v 0.030549 -0.193049 -0.040000
v 0.030549 -0.193049 0.040000
v 0.030607 -0.193536 0.043090
v 0.030777 -0.194948 0.045878
v 0.031042 -0.197149 0.048090
v 0.031375 -0.199922 0.049511
v 0.031745 -0.202996 0.050000
v 0.046590 -0.200276 -0.050000
v 0.045836 -0.197273 -0.049511
v 0.045156 -0.194564 -0.048090
v 0.044616 -0.192413 -0.045878
v 0.044270 -0.191033 -0.043090
v 0.044150 -0.190557 -0.040000
v 0.044150 -0.190557 0.040000
v 0.044270 -0.191033 0.043090
v 0.044616 -0.192413 0.045878
v 0.045156 -0.194564 0.048090
v 0.045836 -0.197273 0.049511
v 0.046590 -0.200276 0.050000
v 0.060400 -0.195842 -0.050000
v 0.059256 -0.192964 -0.049511
v 0.058223 -0.190367 -0.048090
v 0.057405 -0.188307 -0.045878
v 0.056879 -0.186984 -0.043090
v 0.056697 -0.186528 -0.040000
v 0.056697 -0.186528 0.040000
v 0.056879 -0.186984 0.043090
v 0.057405 -0.188307 0.045878
v 0.058223 -0.190367 0.048090
v 0.059256 -0.192964 0.049511
v 0.060400 -0.195842 0.050000
v 0.073094 -0.189772 -0.050000
v 0.071567 -0.187077 -0.049511
v 0.070189 -0.184646 -0.048090
v 0.069096 -0.182717 -0.045878
v 0.068392 -0.181478 -0.043090
v 0.068151 -0.181051 -0.040000
v 0.068151 -0.181051 0.040000
v 0.068392 -0.181478 0.043090
v 0.069096 -0.182717 0.045878
v 0.070189 -0.184646 0.048090
v 0.071567 -0.187077 0.049511
v 0.073094 -0.189772 0.050000
v 0.084595 -0.182146 -0.050000
v 0.082705 -0.179692 -0.049511
v 0.080999 -0.177478 -0.048090
v 0.079646 -0.175721 -0.045878
v 0.078777 -0.174593 -0.043090
v 0.078477 -0.174204 -0.040000
v 0.078477 -0.174204 0.040000
v 0.078777 -0.174593 0.043090
v 0.079646 -0.175721 0.045878
v 0.080999 -0.177478 0.048090
v 0.082705 -0.179692 0.049511
v 0.084595 -0.182146 0.050000
v 0.094821 -0.173045 -0.050000
v 0.092603 -0.170883 -0.049511
v 0.090602 -0.168932 -0.048090
v 0.089014 -0.167384 -0.045878
v 0.087995 -0.166390 -0.043090
v 0.087644 -0.166047 -0.040000
v 0.087644 -0.166047 0.040000
v 0.087995 -0.166390 0.043090
v 0.089014 -0.167384 0.045878
v 0.090602 -0.168932 0.048090
v 0.092603 -0.170883 0.049511
v 0.094821 -0.173045 0.050000
v 0.103693 -0.162548 -0.050000
v 0.101194 -0.160718 -0.049511
v 0.098939 -0.159068 -0.048090
v 0.097149 -0.157758 -0.045878
v 0.096001 -0.156917 -0.043090
v 0.095604 -0.156627 -0.040000
v 0.095604 -0.156627 0.040000
v 0.096001 -0.156917 0.043090
v 0.097149 -0.157758 0.045878
v 0.098939 -0.159068 0.048090
v 0.101194 -0.160718 0.049511
v 0.103693 -0.162548 0.050000
v 0.111133 -0.150735 -0.050000
v 0.108405 -0.149266 -0.049511
v 0.105945 -0.147941 -0.048090
v 0.103992 -0.146890 -0.045878
v 0.102739 -0.146214 -0.043090
v 0.102307 -0.145982 -0.040000
v 0.102307 -0.145982 0.040000
v 0.102739 -0.146214 0.043090
v 0.103992 -0.146890 0.045878
v 0.105945 -0.147941 0.048090
v 0.108405 -0.149266 0.049511
v 0.111133 -0.150735 0.050000
v 0.117056 -0.137686 -0.050000
v 0.114159 -0.136592 -0.049511
v 0.111546 -0.135605 -0.048090
v 0.109471 -0.134822 -0.045878
v 0.108140 -0.134319 -0.043090
v 0.107681 -0.134146 -0.040000
v 0.107681 -0.134146 0.040000
v 0.108140 -0.134319 0.043090
v 0.109471 -0.134822 0.045878
v 0.111546 -0.135605 0.048090
v 0.114159 -0.136592 0.049511
v 0.117056 -0.137686 0.050000
v 0.121387 -0.123480 -0.050000
v 0.118375 -0.122762 -0.049511
v 0.115658 -0.122115 -0.048090
v 0.113503 -0.121601 -0.045878
v 0.112117 -0.121270 -0.043090
v 0.111640 -0.121157 -0.040000
v 0.111640 -0.121157 0.040000
v 0.112117 -0.121270 0.043090
v 0.113503 -0.121601 0.045878
v 0.115658 -0.122115 0.048090
v 0.118375 -0.122762 0.049511
v 0.121387 -0.123480 0.050000
v 0.124043 -0.108198 -0.050000
v 0.120968 -0.107847 -0.049511
v 0.118194 -0.107530 -0.048090
v 0.115993 -0.107278 -0.045878
v 0.114578 -0.107117 -0.043090
v 0.114091 -0.107061 -0.040000
v 0.114091 -0.107061 0.040000
v 0.114578 -0.107117 0.043090
v 0.115993 -0.107278 0.045878
v 0.118194 -0.107530 0.048090
v 0.120968 -0.107847 0.049511
v 0.124043 -0.108198 0.050000
v 0.124947 -0.091920 -0.050000
v 0.121850 -0.091938 -0.049511
v 0.119059 -0.091954 -0.048090
v 0.116841 -0.091966 -0.045878
v 0.115418 -0.091975 -0.043090
v 0.114928 -0.091977 -0.040000
v 0.114928 -0.091977 0.040000
v 0.115418 -0.091975 0.043090
v 0.116841 -0.091966 0.045878
v 0.119059 -0.091954 0.048090
v 0.121850 -0.091938 0.049511
v 0.124947 -0.091920 0.050000
v 0.123964 -0.077250 -0.050000
v 0.120895 -0.077667 -0.049511
v 0.118126 -0.078043 -0.048090
v 0.115930 -0.078342 -0.045878
v 0.114519 -0.078534 -0.043090
v 0.114032 -0.078600 -0.040000
v 0.114032 -0.078600 0.040000
v 0.114519 -0.078534 0.043090
v 0.115930 -0.078342 0.045878
v 0.118126 -0.078043 0.048090
v 0.120895 -0.077667 0.049511
v 0.123964 -0.077250 0.050000
v 0.121089 -0.063309 -0.050000
v 0.118106 -0.064142 -0.049511
v 0.115415 -0.064894 -0.048090
v 0.113279 -0.065491 -0.045878
v 0.111908 -0.065874 -0.043090
v 0.111435 -0.066006 -0.040000
v 0.111435 -0.066006 0.040000
v 0.111908 -0.065874 0.043090
v 0.113279 -0.065491 0.045878
v 0.115415 -0.064894 0.048090
v 0.118106 -0.064142 0.049511
v 0.121089 -0.063309 0.050000
v 0.116430 -0.050201 -0.050000
v 0.113590 -0.051438 -0.049511
v 0.111030 -0.052554 -0.048090
v 0.108995 -0.053440 -0.045878
v 0.107690 -0.054008 -0.043090
v 0.107240 -0.054204 -0.040000
v 0.107240 -0.054204 0.040000
v 0.107690 -0.054008 0.043090
v 0.108995 -0.053440 0.045878
v 0.111030 -0.052554 0.048090
v 0.113590 -0.051438 0.049511
v 0.116430 -0.050201 0.050000
v 0.110095 -0.038031 -0.050000
v 0.107451 -0.039647 -0.049511
v 0.105068 -0.041105 -0.048090
v 0.103176 -0.042262 -0.045878
v 0.101962 -0.043005 -0.043090
v 0.101542 -0.043260 -0.040000
v 0.101542 -0.043260 0.040000
v 0.101962 -0.043005 0.043090
v 0.103176 -0.042262 0.045878
v 0.105068 -0.041105 0.048090
v 0.107451 -0.039647 0.049511
v 0.110095 -0.038031 0.050000
v 0.102189 -0.026903 -0.050000
v 0.099792 -0.028864 -0.049511
v 0.097629 -0.030633 -0.048090
v 0.095912 -0.032037 -0.045878
v 0.094810 -0.032938 -0.043090
v 0.094430 -0.033249 -0.040000
v 0.094430 -0.033249 0.040000
v 0.094810 -0.032938 0.043090
v 0.095912 -0.032037 0.045878
v 0.097629 -0.030633 0.048090
v 0.099792 -0.028864 0.049511
v 0.102189 -0.026903 0.050000
v 0.092822 -0.016920 -0.050000
v 0.090709 -0.019185 -0.049511
v 0.088804 -0.021229 -0.048090
v 0.087293 -0.022851 -0.045878
v 0.086321 -0.023892 -0.043090
v 0.085988 -0.024251 -0.040000
v 0.085988 -0.024251 0.040000
v 0.086321 -0.023892 0.043090
v 0.087293 -0.022851 0.045878
v 0.088804 -0.021229 0.048090
v 0.090709 -0.019185 0.049511
v 0.092822 -0.016920 0.050000
v 0.082099 -0.008187 -0.050000
v 0.080306 -0.010711 -0.049511
v 0.078688 -0.012988 -0.048090
v 0.077403 -0.014795 -0.045878
v 0.076578 -0.015956 -0.043090
v 0.076293 -0.016355 -0.040000
v 0.076293 -0.016355 0.040000
v 0.076578 -0.015956 0.043090
v 0.077403 -0.014795 0.045878
v 0.078688 -0.012988 0.048090
v 0.080306 -0.010711 0.049511
v 0.082099 -0.008187 0.050000
v 0.070131 -0.000809 -0.050000
v 0.068678 -0.003543 -0.049511
v 0.067369 -0.006010 -0.048090
v 0.066328 -0.007968 -0.045878
v 0.065660 -0.009225 -0.043090
v 0.065431 -0.009658 -0.040000
v 0.065431 -0.009658 0.040000
v 0.065660 -0.009225 0.043090
v 0.066328 -0.007968 0.045878
v 0.067369 -0.006010 0.048090
v 0.068678 -0.003543 0.049511
v 0.070131 -0.000809 0.050000
v 0.057024 0.005111 -0.050000
v 0.055930 0.002215 -0.049511
v 0.054942 -0.000397 -0.048090
v 0.054157 -0.002471 -0.045878
v 0.053653 -0.003802 -0.043090
v 0.053481 -0.004260 -0.040000
v 0.053481 -0.004260 0.040000
v 0.053653 -0.003802 0.043090
v 0.054157 -0.002471 0.045878
v 0.054942 -0.000397 0.048090
v 0.055930 0.002215 0.049511
v 0.057024 0.005111 0.050000
v 0.042886 0.009469 -0.050000
v 0.042158 0.006460 -0.049511
v 0.041500 0.003746 -0.048090
v 0.040977 0.001592 -0.045878
v 0.040641 0.000209 -0.043090
v 0.040525 -0.000268 -0.040000
v 0.040525 -0.000268 0.040000
v 0.040641 0.000209 0.043090
v 0.040977 0.001592 0.045878
v 0.041500 0.003746 0.048090
v 0.042158 0.006460 0.049511
v 0.042886 0.009469 0.050000
v 0.027824 0.012160 -0.050000
v 0.027462 0.009086 -0.049511
v 0.027135 0.006312 -0.048090
v 0.026875 0.004111 -0.045878
v 0.026710 0.002698 -0.043090
v 0.026651 0.002211 -0.040000
v 0.026651 0.002211 0.040000
v 0.026710 0.002698 0.043090
v 0.026875 0.004111 0.045878
v 0.027135 0.006312 0.048090
v 0.027462 0.009086 0.049511
v 0.027824 0.012160 0.050000
v 0.011948 0.013080 -0.050000
v 0.011884 0.009988 -0.049511
v 0.011827 0.007199 -0.048090
v 0.011783 0.004986 -0.045878
v 0.011753 0.003565 -0.043090
v 0.011744 0.003075 -0.040000
v 0.011744 0.003075 0.040000
v 0.011753 0.003565 0.043090
v 0.011783 0.004986 0.045878
v 0.011827 0.007199 0.048090
v 0.011884 0.009988 0.049511
v 0.011948 0.013080 0.050000
v 0.001821 0.012906 -0.050000
v 0.001936 0.009818 -0.049511
v 0.002040 0.007031 -0.048090
v 0.002123 0.004820 -0.045878
v 0.002177 0.003401 -0.043090
v 0.002195 0.002911 -0.040000
v 0.002195 0.002911 0.040000
v 0.002177 0.003401 0.043090
v 0.002123 0.004820 0.045878
v 0.002040 0.007031 0.048090
v 0.001936 0.009818 0.049511
v 0.001821 0.012906 0.050000
v -0.007650 0.012358 -0.050000
v -0.007395 0.009277 -0.049511
v -0.007164 0.006498 -0.048090
v -0.006981 0.004293 -0.045878
v -0.006865 0.002877 -0.043090
v -0.006824 0.002389 -0.040000
v -0.006824 0.002389 0.040000
v -0.006865 0.002877 0.043090
v -0.006981 0.004293 0.045878
v -0.007164 0.006498 0.048090
v -0.007395 0.009277 0.049511
v -0.007650 0.012358 0.050000
v -0.016600 0.011393 -0.050000
v -0.016181 0.008330 -0.049511
v -0.015802 0.005567 -0.048090
v -0.015501 0.003374 -0.045878
v -0.015308 0.001966 -0.043090
v -0.015243 0.001481 -0.040000
v -0.015243 0.001481 0.040000
v -0.015308 0.001966 0.043090
v -0.015501 0.003374 0.045878
v -0.015802 0.005567 0.048090
v -0.016181 0.008330 0.049511
v -0.016600 0.011393 0.050000
v -0.025165 0.009969 -0.050000
v -0.024562 0.006936 -0.049511
v -0.024019 0.004201 -0.048090
v -0.023588 0.002030 -0.045878
v -0.023311 0.000636 -0.043090
v -0.023216 0.000156 -0.040000
v -0.023216 0.000156 0.040000
v -0.023311 0.000636 0.043090
v -0.023588 0.002030 0.045878
v -0.024019 0.004201 0.048090
v -0.024562 0.006936 0.049511
v -0.025165 0.009969 0.050000
v -0.033479 0.008045 -0.050000
v -0.032685 0.005057 -0.049511
v -0.031969 0.002362 -0.048090
v -0.031400 0.000222 -0.045878
v -0.031034 -0.001151 -0.043090
v -0.030910 -0.001624 -0.040000
v -0.030910 -0.001624 0.040000
v -0.031034 -0.001151 0.043090
v -0.031400 0.000222 0.045878
v -0.031969 0.002362 0.048090
v -0.032685 0.005057 0.049511
v -0.033479 0.008045 0.050000
v -0.041678 0.005580 -0.050000
v -0.040695 0.002649 -0.049511
v -0.039808 0.000004 -0.048090
v -0.039104 -0.002094 -0.045878
v -0.038652 -0.003441 -0.043090
v -0.038496 -0.003906 -0.040000
v -0.038496 -0.003906 0.040000
v -0.038652 -0.003441 0.043090
v -0.039104 -0.002094 0.045878
v -0.039808 0.000004 0.048090
v -0.040695 0.002649 0.049511
v -0.041678 0.005580 0.050000
v -0.049899 0.002531 -0.050000
v -0.048740 -0.000335 -0.049511
v -0.047695 -0.002920 -0.048090
v -0.046865 -0.004972 -0.045878
v -0.046332 -0.006290 -0.043090
v -0.046149 -0.006743 -0.040000
v -0.046149 -0.006743 0.040000
v -0.046332 -0.006290 0.043090
v -0.046865 -0.004972 0.045878
v -0.047695 -0.002920 0.048090
v -0.048740 -0.000335 0.049511
v -0.049899 0.002531 0.050000
v -0.058276 -0.001142 -0.050000
v -0.056962 -0.003941 -0.049511
v -0.055778 -0.006465 -0.048090
v -0.054838 -0.008468 -0.045878
v -0.054234 -0.009755 -0.043090
v -0.054026 -0.010198 -0.040000
v -0.054026 -0.010198 0.040000
v -0.054234 -0.009755 0.043090
v -0.054838 -0.008468 0.045878
v -0.055778 -0.006465 0.048090
v -0.056962 -0.003941 0.049511
v -0.058276 -0.001142 0.050000
v -0.066944 -0.005482 -0.050000
v -0.065502 -0.008216 -0.049511
v -0.064200 -0.010682 -0.048090
v -0.063168 -0.012640 -0.045878
v -0.062505 -0.013896 -0.043090
v -0.062276 -0.014329 -0.040000
v -0.062276 -0.014329 0.040000
v -0.062505 -0.013896 0.043090
v -0.063168 -0.012640 0.045878
v -0.064200 -0.010682 0.048090
v -0.065502 -0.008216 0.049511
v -0.066944 -0.005482 0.050000
v -0.076040 -0.010531 -0.050000
v -0.074494 -0.013207 -0.049511
v -0.073100 -0.015622 -0.048090
v -0.071992 -0.017538 -0.045878
v -0.071282 -0.018768 -0.043090
v -0.071038 -0.019192 -0.040000
v -0.071038 -0.019192 0.040000
v -0.071282 -0.018768 0.043090
v -0.071992 -0.017538 0.045878
v -0.073100 -0.015622 0.048090
v -0.074494 -0.013207 0.049511
v -0.076040 -0.010531 0.050000
v -0.085698 -0.016330 -0.050000
v -0.084073 -0.018958 -0.049511
v -0.082605 -0.021330 -0.048090
v -0.081442 -0.023212 -0.045878
v -0.080696 -0.024420 -0.043090
v -0.080439 -0.024836 -0.040000
v -0.080439 -0.024836 0.040000
v -0.080696 -0.024420 0.043090
v -0.081442 -0.023212 0.045878
v -0.082605 -0.021330 0.048090
v -0.084073 -0.018958 0.049511
v -0.085698 -0.016330 0.050000
v -0.096054 -0.022920 -0.050000
v -0.093237 -0.024791 -0.049511
v -0.090696 -0.026478 -0.048090
v -0.088681 -0.027818 -0.045878
v -0.087387 -0.028678 -0.043090
v -0.086941 -0.028974 -0.040000
v -0.086941 -0.028974 0.040000
v -0.087387 -0.028678 0.043090
v -0.088681 -0.027818 0.045878
v -0.090696 -0.026478 0.048090
v -0.093237 -0.024791 0.049511
v -0.096054 -0.022920 0.050000
v -0.100667 -0.050009 -0.050000
v -0.097589 -0.050334 -0.049511
v -0.094810 -0.050627 -0.048090
v -0.092606 -0.050860 -0.045878
v -0.091190 -0.051009 -0.043090
v -0.090703 -0.051061 -0.040000
v -0.090703 -0.051061 0.040000
v -0.091190 -0.051009 0.043090
v -0.092606 -0.050860 0.045878
v -0.094810 -0.050627 0.048090
v -0.097589 -0.050334 0.049511
v -0.100667 -0.050009 0.050000
v -0.101716 -0.075216 -0.050000
v -0.098619 -0.075134 -0.049511
v -0.095827 -0.075060 -0.048090
v -0.093609 -0.075001 -0.045878
v -0.092186 -0.074963 -0.043090
v -0.091696 -0.074950 -0.040000
v -0.091696 -0.074950 0.040000
v -0.092186 -0.074963 0.043090
v -0.093609 -0.075001 0.045878
v -0.095827 -0.075060 0.048090
v -0.098619 -0.075134 0.049511
v -0.101716 -0.075216 0.050000
v -0.099506 -0.098451 -0.050000
v -0.096452 -0.097937 -0.049511
v -0.093696 -0.097473 -0.048090
v -0.091508 -0.097104 -0.045878
v -0.090105 -0.096868 -0.043090
v -0.089621 -0.096786 -0.040000
v -0.089621 -0.096786 0.040000
v -0.090105 -0.096868 0.043090
v -0.091508 -0.097104 0.045878
v -0.093696 -0.097473 0.048090
v -0.096452 -0.097937 0.049511
v -0.099506 -0.098451 0.050000
v -0.094349 -0.119624 -0.050000
v -0.091403 -0.118667 -0.049511
v -0.088744 -0.117803 -0.048090
v -0.086634 -0.117118 -0.045878
v -0.085279 -0.116678 -0.043090
v -0.084812 -0.116527 -0.040000
v -0.084812 -0.116527 0.040000
v -0.085279 -0.116678 0.043090
v -0.086634 -0.117118 0.045878
v -0.088744 -0.117803 0.048090
v -0.091403 -0.118667 0.049511
v -0.094349 -0.119624 0.050000
v -0.086555 -0.138643 -0.050000
v -0.083786 -0.137251 -0.049511
v -0.081287 -0.135994 -0.048090
v -0.079306 -0.134997 -0.045878
v -0.078032 -0.134357 -0.043090
v -0.077594 -0.134137 -0.040000
v -0.077594 -0.134137 0.040000
v -0.078032 -0.134357 0.043090
v -0.079306 -0.134997 0.045878
v -0.081287 -0.135994 0.048090
v -0.083786 -0.137251 0.049511
v -0.086555 -0.138643 0.050000
v -0.076428 -0.155420 -0.050000
v -0.073907 -0.153616 -0.049511
v -0.071633 -0.151989 -0.048090
v -0.069829 -0.150697 -0.045878
v -0.068671 -0.149868 -0.043090
v -0.068272 -0.149583 -0.040000
v -0.068272 -0.149583 0.040000
v -0.068671 -0.149868 0.043090
v -0.069829 -0.150697 0.045878
v -0.071633 -0.151989 0.048090
v -0.073907 -0.153616 0.049511
v -0.076428 -0.155420 0.050000
v -0.064282 -0.169863 -0.050000
v -0.062074 -0.167688 -0.049511
v -0.060081 -0.165726 -0.048090
v -0.058501 -0.164169 -0.045878
v -0.057486 -0.163169 -0.043090
v -0.057136 -0.162825 -0.040000
v -0.057136 -0.162825 0.040000
v -0.057486 -0.163169 0.043090
v -0.058501 -0.164169 0.045878
v -0.060081 -0.165726 0.048090
v -0.062074 -0.167688 0.049511
v -0.064282 -0.169863 0.050000
v -0.050424 -0.181883 -0.050000
v -0.048584 -0.179389 -0.049511
v -0.046923 -0.177139 -0.048090
v -0.045605 -0.175353 -0.045878
v -0.044759 -0.174207 -0.043090
v -0.044467 -0.173812 -0.040000
v -0.044467 -0.173812 0.040000
v -0.044759 -0.174207 0.043090
v -0.045605 -0.175353 0.045878
v -0.046923 -0.177139 0.048090
v -0.048584 -0.179389 0.049511
v -0.050424 -0.181883 0.050000
v -0.035162 -0.191389 -0.050000
v -0.033736 -0.188637 -0.049511
v -0.032450 -0.186154 -0.048090
v -0.031427 -0.184184 -0.045878
v -0.030773 -0.182919 -0.043090
v -0.030547 -0.182483 -0.040000
v -0.030547 -0.182483 0.040000
v -0.030773 -0.182919 0.043090
v -0.031427 -0.184184 0.045878
v -0.032450 -0.186154 0.048090
v -0.033736 -0.188637 0.049511
v -0.035162 -0.191389 0.050000
v -0.018808 -0.198290 -0.050000
v -0.017833 -0.195348 -0.049511
v -0.016953 -0.192693 -0.048090
v -0.016255 -0.190587 -0.045878
v -0.015807 -0.189234 -0.043090
v -0.015653 -0.188768 -0.040000
v -0.015653 -0.188768 0.040000
v -0.015807 -0.189234 0.043090
v -0.016255 -0.190587 0.045878
v -0.016953 -0.192693 0.048090
v -0.017833 -0.195348 0.049511
v -0.018808 -0.198290 0.050000
v -0.001668 -0.202498 -0.050000
v -0.001173 -0.199437 -0.049511
v -0.000726 -0.196677 -0.048090
v -0.000371 -0.194486 -0.045878
v -0.000143 -0.193079 -0.043090
v -0.000064 -0.192595 -0.040000
v -0.000064 -0.192595 0.040000
v -0.000143 -0.193079 0.043090
v -0.000371 -0.194486 0.045878
v -0.000726 -0.196677 0.048090
v -0.001173 -0.199437 0.049511
v -0.001668 -0.202498 0.050000
v 0.015946 -0.203920 -0.050000
v 0.015981 -0.200823 -0.049511
v 0.016013 -0.198028 -0.048090
v 0.016037 -0.195811 -0.045878
v 0.016052 -0.194387 -0.043090
v 0.016057 -0.193896 -0.040000
v 0.016057 -0.193896 0.040000
v 0.016052 -0.194387 0.043090
v 0.016037 -0.195811 0.045878
v 0.016013 -0.198028 0.048090
v 0.015981 -0.200823 0.049511
v 0.015946 -0.203920 0.050000
vn -0.0000 -0.0000 1.0000
vn -0.0000 -0.0000 -1.0000
vn 0.1702 -0.2545 -0.9520
vn 0.1850 -0.2442 -0.9519
vn 0.0944 -0.1246 -0.9877
vn 0.0869 -0.1299 -0.9877
vn 0.3256 -0.4868 -0.8105
vn 0.3537 -0.4669 -0.8105
vn 0.4492 -0.6715 -0.5894
vn 0.4879 -0.6440 -0.5893
vn 0.5286 -0.7902 -0.3100
vn 0.5741 -0.7578 -0.3100
vn 0.5543 -0.8286 -0.0786
vn 0.6020 -0.7946 -0.0786
vn 0.5543 -0.8286 0.0786
vn 0.6020 -0.7946 0.0786
vn 0.5286 -0.7902 0.3100
vn 0.5741 -0.7578 0.3100
vn 0.4492 -0.6715 0.5894
vn 0.4879 -0.6440 0.5893
vn 0.3256 -0.4868 0.8105
vn 0.3537 -0.4669 0.8105
vn 0.1702 -0.2545 0.9520
vn 0.1850 -0.2442 0.9519
vn 0.0869 -0.1299 0.9877
vn 0.0944 -0.1246 0.9877
vn 0.1985 -0.2334 -0.9519
vn 0.1012 -0.1190 -0.9877
vn 0.3796 -0.4463 -0.8104
vn 0.5235 -0.6154 -0.5893
vn 0.6160 -0.7242 -0.3099
vn 0.6459 -0.7594 -0.0786
vn 0.6459 -0.7594 0.0786
vn 0.6160 -0.7242 0.3099
vn 0.5235 -0.6154 0.5893
vn 0.3796 -0.4463 0.8104
vn 0.1985 -0.2334 0.9519
vn 0.1012 -0.1190 0.9877
vn 0.2112 -0.2221 -0.9519
vn 0.1077 -0.1132 -0.9877
vn 0.4037 -0.4246 -0.8104
vn 0.5567 -0.5856 -0.5893
vn 0.6551 -0.6891 -0.3099
vn 0.6869 -0.7225 -0.0786
vn 0.6869 -0.7225 0.0786
vn 0.6551 -0.6891 0.3099
vn 0.5567 -0.5856 0.5893
vn 0.4037 -0.4246 0.8104
vn 0.2112 -0.2221 0.9519
vn 0.1077 -0.1132 0.9877
vn 0.2231 -0.2101 -0.9519
vn 0.1137 -0.1071 -0.9877
vn 0.4264 -0.4018 -0.8104
vn 0.5881 -0.5540 -0.5893
vn 0.6920 -0.6520 -0.3099
vn 0.7256 -0.6836 -0.0786
vn 0.7256 -0.6836 0.0786
vn 0.6920 -0.6520 0.3099
vn 0.5881 -0.5540 0.5893
vn 0.4264 -0.4018 0.8104
vn 0.2231 -0.2101 0.9519
vn 0.1137 -0.1071 0.9877
vn 0.2344 -0.1973 -0.9519
vn 0.1195 -0.1006 -0.9877
vn 0.4481 -0.3773 -0.8104
vn 0.6180 -0.5204 -0.5893
vn 0.7273 -0.6124 -0.3099
vn 0.7626 -0.6421 -0.0785
vn 0.7626 -0.6421 0.0785
vn 0.7273 -0.6124 0.3099
vn 0.6180 -0.5204 0.5893
vn 0.4481 -0.3773 0.8104
vn 0.2344 -0.1973 0.9519
vn 0.1195 -0.1006 0.9877
vn 0.2453 -0.1835 -0.9519
vn 0.1251 -0.0936 -0.9877
vn 0.4690 -0.3509 -0.8105
vn 0.6469 -0.4839 -0.5894
vn 0.7613 -0.5695 -0.3099
vn 0.7983 -0.5972 -0.0786
vn 0.7983 -0.5972 0.0786
vn 0.7613 -0.5695 0.3099
vn 0.6469 -0.4839 0.5894
vn 0.4690 -0.3509 0.8105
vn 0.2453 -0.1835 0.9519
vn 0.1251 -0.0936 0.9877
vn 0.2557 -0.1682 -0.9520
vn 0.1305 -0.0859 -0.9877
vn 0.4893 -0.3218 -0.8106
vn 0.6749 -0.4439 -0.5894
vn 0.7943 -0.5225 -0.3100
vn 0.8329 -0.5479 -0.0786
vn 0.8329 -0.5479 0.0786
vn 0.7943 -0.5225 0.3100
vn 0.6749 -0.4439 0.5894
vn 0.4893 -0.3218 0.8106
vn 0.2557 -0.1682 0.9520
vn 0.1305 -0.0859 0.9877
vn 0.2658 -0.1513 -0.9521
vn 0.1357 -0.0773 -0.9877
vn 0.5088 -0.2896 -0.8107
vn 0.7020 -0.3995 -0.5896
vn 0.8263 -0.4702 -0.3101
vn 0.8664 -0.4931 -0.0786
vn 0.8664 -0.4931 0.0786
vn 0.8263 -0.4702 0.3101
vn 0.7020 -0.3995 0.5896
vn 0.5088 -0.2896 0.8107
vn 0.2658 -0.1513 0.9521
vn 0.1357 -0.0773 0.9877
vn 0.2755 -0.1322 -0.9522
vn 0.1408 -0.0676 -0.9877
vn 0.5276 -0.2532 -0.8109
vn 0.7281 -0.3494 -0.5898
vn 0.8570 -0.4114 -0.3103
vn 0.8987 -0.4314 -0.0787
vn 0.8987 -0.4314 0.0787
vn 0.8570 -0.4114 0.3103
vn 0.7281 -0.3494 0.5898
vn 0.5276 -0.2532 0.8109
vn 0.2755 -0.1322 0.9522
vn 0.1408 -0.0676 0.9877
vn 0.2845 -0.1105 -0.9523
vn 0.1456 -0.0566 -0.9877
vn 0.5452 -0.2118 -0.8111
vn 0.7526 -0.2924 -0.5900
vn 0.8861 -0.3442 -0.3105
vn 0.9290 -0.3615 -0.0789
vn 0.9291 -0.3612 0.0787
vn 0.8860 -0.3446 0.3103
vn 0.7526 -0.2924 0.5900
vn 0.5452 -0.2118 0.8111
vn 0.2845 -0.1105 0.9523
vn 0.1456 -0.0566 0.9877
vn 0.0887 0.0016 -0.9961
vn 0.0391 0.0449 -0.9982
vn 0.7110 -0.6845 -0.1611
vn 0.7443 -0.6501 -0.1531
vn 0.7824 -0.6116 -0.1175
vn 0.7838 -0.6207 -0.0199
vn 0.7838 -0.6207 0.0199
vn 0.7822 -0.6119 0.1175
vn 0.7443 -0.6501 0.1531
vn 0.7110 -0.6845 0.1611
vn 0.0887 0.0016 0.9961
vn 0.0391 0.0449 0.9982
vn -0.0638 0.1433 -0.9876
vn -0.0687 0.1404 -0.9877
vn 0.8624 0.4804 0.1594
vn 0.9077 0.4031 0.1169
vn 0.9303 0.3617 0.0614
vn 0.9187 0.3948 0.0078
vn 0.9187 0.3948 -0.0078
vn 0.9303 0.3617 -0.0614
vn 0.9078 0.4029 -0.1167
vn 0.8628 0.4798 -0.1590
vn -0.0637 0.1432 0.9876
vn -0.0687 0.1404 0.9877
vn -0.1290 0.2822 -0.9507
vn -0.0650 0.1421 -0.9877
vn -0.2447 0.5354 -0.8083
vn -0.3365 0.7362 -0.5871
vn -0.3954 0.8651 -0.3085
vn -0.4144 0.9067 -0.0783
vn -0.4144 0.9067 0.0783
vn -0.3954 0.8651 0.3085
vn -0.3365 0.7362 0.5871
vn -0.2447 0.5354 0.8083
vn -0.1290 0.2822 0.9507
vn -0.0650 0.1421 0.9877
vn -0.1204 0.2861 -0.9506
vn -0.0606 0.1440 -0.9877
vn -0.2284 0.5427 -0.8083
vn -0.3141 0.7462 -0.5870
vn -0.3690 0.8767 -0.3085
vn -0.3868 0.9188 -0.0784
vn -0.3868 0.9188 0.0784
vn -0.3690 0.8767 0.3085
vn -0.3141 0.7462 0.5870
vn -0.2284 0.5427 0.8083
vn -0.1204 0.2861 0.9506
vn -0.0606 0.1440 0.9877
vn -0.1107 0.2902 -0.9505
vn -0.0557 0.1460 -0.9877
vn -0.2099 0.5502 -0.8082
vn -0.2886 0.7564 -0.5870
vn -0.3391 0.8887 -0.3084
vn -0.3554 0.9314 -0.0784
vn -0.3554 0.9314 0.0784
vn -0.3391 0.8887 0.3084
vn -0.2886 0.7564 0.5870
vn -0.2099 0.5502 0.8082
vn -0.1107 0.2902 0.9505
vn -0.0557 0.1460 0.9877
vn -0.0999 0.2942 -0.9505
vn -0.0502 0.1480 -0.9877
vn -0.1893 0.5577 -0.8081
vn -0.2602 0.7666 -0.5870
vn -0.3058 0.9008 -0.3084
vn -0.3205 0.9440 -0.0783
vn -0.3205 0.9440 0.0783
vn -0.3058 0.9008 0.3084
vn -0.2602 0.7666 0.5870
vn -0.1893 0.5577 0.8081
vn -0.0999 0.2942 0.9505
vn -0.0502 0.1480 0.9877
vn -0.0880 0.2981 -0.9505
vn -0.0442 0.1499 -0.9877
vn -0.1668 0.5650 -0.8081
vn -0.2292 0.7765 -0.5869
vn -0.2693 0.9123 -0.3084
vn -0.2822 0.9561 -0.0783
vn -0.2822 0.9561 0.0783
vn -0.2693 0.9123 0.3084
vn -0.2292 0.7765 0.5869
vn -0.1668 0.5650 0.8081
vn -0.0880 0.2981 0.9505
vn -0.0442 0.1499 0.9877
vn -0.0751 0.3017 -0.9504
vn -0.0378 0.1516 -0.9877
vn -0.1423 0.5717 -0.8080
vn -0.1956 0.7857 -0.5868
vn -0.2298 0.9231 -0.3084
vn -0.2409 0.9674 -0.0784
vn -0.2409 0.9674 0.0784
vn -0.2298 0.9231 0.3084
vn -0.1956 0.7857 0.5868
vn -0.1423 0.5717 0.8080
vn -0.0751 0.3017 0.9504
vn -0.0378 0.1516 0.9877
vn -0.0614 0.3049 -0.9504
vn -0.0308 0.1532 -0.9877
vn -0.1162 0.5777 -0.8080
vn -0.1597 0.7938 -0.5868
vn -0.1877 0.9326 -0.3084
vn -0.1967 0.9773 -0.0784
vn -0.1967 0.9773 0.0784
vn -0.1877 0.9326 0.3084
vn -0.1597 0.7938 0.5868
vn -0.1162 0.5777 0.8080
vn -0.0614 0.3049 0.9504
vn -0.0308 0.1532 0.9877
vn -0.0468 0.3076 -0.9504
vn -0.0235 0.1545 -0.9877
vn -0.0887 0.5826 -0.8079
vn -0.1219 0.8005 -0.5868
vn -0.1431 0.9404 -0.3084
vn -0.1500 0.9856 -0.0784
vn -0.1500 0.9856 0.0784
vn -0.1431 0.9404 0.3084
vn -0.1219 0.8005 0.5868
vn -0.0887 0.5826 0.8079
vn -0.0468 0.3076 0.9504
vn -0.0235 0.1545 0.9877
vn -0.0316 0.3096 -0.9503
vn -0.0159 0.1554 -0.9877
vn -0.0599 0.5863 -0.8079
vn -0.0823 0.8056 -0.5867
vn -0.0967 0.9464 -0.3083
vn -0.1013 0.9918 -0.0784
vn -0.1013 0.9918 0.0784
vn -0.0967 0.9464 0.3083
vn -0.0823 0.8056 0.5867
vn -0.0599 0.5863 0.8079
vn -0.0316 0.3096 0.9503
vn -0.0159 0.1554 0.9877
vn -0.0159 0.3108 -0.9503
vn -0.0080 0.1560 -0.9877
vn -0.0302 0.5886 -0.8079
vn -0.0415 0.8087 -0.5867
vn -0.0487 0.9500 -0.3083
vn -0.0511 0.9956 -0.0783
vn -0.0511 0.9956 0.0783
vn -0.0487 0.9500 0.3083
vn -0.0415 0.8087 0.5867
vn -0.0302 0.5886 0.8079
vn -0.0159 0.3108 0.9503
vn -0.0080 0.1560 0.9877
vn 0.0063 0.3128 -0.9498
vn 0.0031 0.1561 -0.9877
vn 0.0119 0.5903 -0.8071
vn 0.0163 0.8101 -0.5860
vn 0.0191 0.9512 -0.3079
vn 0.0200 0.9967 -0.0783
vn 0.0200 0.9967 0.0783
vn 0.0191 0.9512 0.3079
vn 0.0163 0.8101 0.5860
vn 0.0119 0.5903 0.8071
vn 0.0063 0.3128 0.9498
vn 0.0031 0.1561 0.9877
vn 0.0417 0.3116 -0.9493
vn 0.0207 0.1546 -0.9878
vn 0.0784 0.5861 -0.8064
vn 0.1074 0.8036 -0.5854
vn 0.1261 0.9431 -0.3077
vn 0.1321 0.9881 -0.0784
vn 0.1321 0.9881 0.0784
vn 0.1261 0.9431 0.3077
vn 0.1074 0.8036 0.5854
vn 0.0784 0.5861 0.8064
vn 0.0417 0.3116 0.9493
vn 0.0207 0.1546 0.9878
vn 0.0832 0.3033 -0.9493
vn 0.0412 0.1504 -0.9878
vn 0.1564 0.5703 -0.8064
vn 0.2145 0.7818 -0.5854
vn 0.2517 0.9176 -0.3077
vn 0.2637 0.9614 -0.0784
vn 0.2637 0.9614 0.0784
vn 0.2517 0.9176 0.3077
vn 0.2145 0.7818 0.5854
vn 0.1564 0.5703 0.8064
vn 0.0832 0.3033 0.9493
vn 0.0412 0.1504 0.9878
vn 0.1235 0.2893 -0.9493
vn 0.0614 0.1437 -0.9877
vn 0.2321 0.5439 -0.8064
vn 0.3182 0.7457 -0.5854
vn 0.3735 0.8751 -0.3077
vn 0.3913 0.9169 -0.0784
vn 0.3913 0.9169 0.0784
vn 0.3735 0.8751 0.3077
vn 0.3182 0.7457 0.5854
vn 0.2321 0.5439 0.8064
vn 0.1235 0.2893 0.9493
vn 0.0612 0.1434 0.9878
vn 0.1614 0.2699 -0.9493
vn 0.0800 0.1338 -0.9878
vn 0.3034 0.5076 -0.8064
vn 0.4160 0.6959 -0.5854
vn 0.4882 0.8167 -0.3076
vn 0.5116 0.8557 -0.0784
vn 0.5116 0.8557 0.0784
vn 0.4882 0.8167 0.3076
vn 0.4160 0.6959 0.5854
vn 0.3034 0.5076 0.8064
vn 0.1614 0.2699 0.9493
vn 0.0800 0.1338 0.9878
vn 0.1961 0.2458 -0.9493
vn 0.0973 0.1219 -0.9878
vn 0.3688 0.4622 -0.8064
vn 0.5056 0.6337 -0.5854
vn 0.5934 0.7438 -0.3076
vn 0.6217 0.7793 -0.0784
vn 0.6217 0.7793 0.0784
vn 0.5934 0.7438 0.3076
vn 0.5056 0.6337 0.5854
vn 0.3688 0.4622 0.8064
vn 0.1961 0.2458 0.9493
vn 0.0973 0.1219 0.9878
vn 0.2270 0.2175 -0.9493
vn 0.1126 0.1079 -0.9878
vn 0.4269 0.4091 -0.8064
vn 0.5853 0.5609 -0.5855
vn 0.6870 0.6583 -0.3076
vn 0.7198 0.6898 -0.0783
vn 0.7198 0.6898 0.0783
vn 0.6870 0.6583 0.3076
vn 0.5853 0.5609 0.5855
vn 0.4269 0.4091 0.8064
vn 0.2270 0.2175 0.9493
vn 0.1128 0.1081 0.9877
vn 0.2536 0.1858 -0.9493
vn 0.1258 0.0922 -0.9878
vn 0.4770 0.3495 -0.8064
vn 0.6539 0.4791 -0.5855
vn 0.7675 0.5624 -0.3077
vn 0.8042 0.5892 -0.0783
vn 0.8042 0.5892 0.0783
vn 0.7675 0.5624 0.3077
vn 0.6539 0.4791 0.5855
vn 0.4770 0.3495 0.8064
vn 0.2536 0.1858 0.9493
vn 0.1258 0.0922 0.9878
vn 0.2755 0.1513 -0.9493
vn 0.1367 0.0751 -0.9878
vn 0.5183 0.2846 -0.8065
vn 0.7106 0.3902 -0.5855
vn 0.8340 0.4580 -0.3077
vn 0.8738 0.4799 -0.0783
vn 0.8738 0.4799 0.0783
vn 0.8340 0.4580 0.3077
vn 0.7106 0.3902 0.5855
vn 0.5183 0.2846 0.8065
vn 0.2755 0.1513 0.9493
vn 0.1367 0.0751 0.9878
vn 0.2925 0.1147 -0.9493
vn 0.1452 0.0569 -0.9878
vn 0.5504 0.2158 -0.8065
vn 0.7547 0.2959 -0.5856
vn 0.8858 0.3473 -0.3076
vn 0.9281 0.3639 -0.0783
vn 0.9281 0.3639 0.0783
vn 0.8858 0.3473 0.3076
vn 0.7547 0.2959 0.5856
vn 0.5504 0.2158 0.8065
vn 0.2925 0.1147 0.9493
vn 0.1452 0.0569 0.9878
vn 0.3046 0.0768 -0.9494
vn 0.1513 0.0381 -0.9878
vn 0.5732 0.1445 -0.8066
vn 0.7860 0.1982 -0.5856
vn 0.9226 0.2326 -0.3076
vn 0.9667 0.2437 -0.0783
vn 0.9667 0.2437 0.0783
vn 0.9226 0.2326 0.3076
vn 0.7860 0.1982 0.5856
vn 0.5732 0.1445 0.8066
vn 0.3046 0.0768 0.9494
vn 0.1513 0.0381 0.9878
vn 0.3117 0.0383 -0.9494
vn 0.1548 0.0190 -0.9878
vn 0.5867 0.0721 -0.8066
vn 0.8045 0.0989 -0.5857
vn 0.9444 0.1161 -0.3077
vn 0.9895 0.1217 -0.0783
vn 0.9895 0.1217 0.0783
vn 0.9444 0.1161 0.3077
vn 0.8045 0.0989 0.5857
vn 0.5867 0.0721 0.8066
vn 0.3117 0.0383 0.9494
vn 0.1548 0.0190 0.9878
vn 0.3143 -0.0012 -0.9493
vn 0.1560 -0.0006 -0.9878
vn 0.5912 -0.0023 -0.8065
vn 0.8106 -0.0032 -0.5856
vn 0.9515 -0.0038 -0.3076
vn 0.9969 -0.0039 -0.0783
vn 0.9969 -0.0039 0.0783
vn 0.9515 -0.0038 0.3076
vn 0.8106 -0.0032 0.5856
vn 0.5912 -0.0023 0.8065
vn 0.3143 -0.0012 0.9493
vn 0.1560 -0.0006 0.9878
vn 0.3116 -0.0427 -0.9493
vn 0.1545 -0.0212 -0.9878
vn 0.5859 -0.0803 -0.8064
vn 0.8032 -0.1101 -0.5855
vn 0.9427 -0.1292 -0.3077
vn 0.9877 -0.1354 -0.0784
vn 0.9877 -0.1354 0.0784
vn 0.9427 -0.1292 0.3077
vn 0.8032 -0.1101 0.5855
vn 0.5859 -0.0803 0.8064
vn 0.3116 -0.0427 0.9493
vn 0.1545 -0.0212 0.9878
vn 0.3030 -0.0839 -0.9493
vn 0.1503 -0.0416 -0.9878
vn 0.5698 -0.1578 -0.8065
vn 0.7813 -0.2164 -0.5855
vn 0.9170 -0.2540 -0.3077
vn 0.9608 -0.2661 -0.0784
vn 0.9608 -0.2661 0.0784
vn 0.9170 -0.2540 0.3077
vn 0.7813 -0.2164 0.5855
vn 0.5698 -0.1578 0.8065
vn 0.3030 -0.0839 0.9493
vn 0.1503 -0.0416 0.9878
vn 0.2894 -0.1226 -0.9493
vn 0.1436 -0.0609 -0.9878
vn 0.5444 -0.2307 -0.8065
vn 0.7464 -0.3163 -0.5855
vn 0.8761 -0.3713 -0.3077
vn 0.9179 -0.3890 -0.0783
vn 0.9179 -0.3890 0.0783
vn 0.8761 -0.3713 0.3077
vn 0.7464 -0.3163 0.5855
vn 0.5444 -0.2307 0.8065
vn 0.2894 -0.1226 0.9493
vn 0.1436 -0.0609 0.9878
vn 0.2713 -0.1584 -0.9494
vn 0.1347 -0.0787 -0.9878
vn 0.5105 -0.2981 -0.8065
vn 0.7000 -0.4088 -0.5856
vn 0.8216 -0.4798 -0.3077
vn 0.8609 -0.5027 -0.0784
vn 0.8609 -0.5027 0.0784
vn 0.8216 -0.4798 0.3077
vn 0.7000 -0.4088 0.5856
vn 0.5105 -0.2981 0.8065
vn 0.2713 -0.1584 0.9494
vn 0.1347 -0.0787 0.9878
vn 0.2493 -0.1911 -0.9494
vn 0.1238 -0.0949 -0.9878
vn 0.4692 -0.3597 -0.8065
vn 0.6433 -0.4932 -0.5856
vn 0.7551 -0.5789 -0.3077
vn 0.7912 -0.6066 -0.0784
vn 0.7912 -0.6066 0.0784
vn 0.7551 -0.5789 0.3077
vn 0.6433 -0.4932 0.5856
vn 0.4692 -0.3597 0.8065
vn 0.2493 -0.1911 0.9494
vn 0.1238 -0.0949 0.9878
vn 0.2236 -0.2206 -0.9494
vn 0.1110 -0.1096 -0.9878
vn 0.4208 -0.4152 -0.8066
vn 0.5770 -0.5693 -0.5856
vn 0.6773 -0.6683 -0.3077
vn 0.7097 -0.7002 -0.0784
vn 0.7097 -0.7002 0.0784
vn 0.6773 -0.6683 0.3077
vn 0.5770 -0.5693 0.5856
vn 0.4208 -0.4152 0.8066
vn 0.2236 -0.2206 0.9494
vn 0.1110 -0.1096 0.9878
vn 0.1944 -0.2468 -0.9494
vn 0.0965 -0.1226 -0.9878
vn 0.3658 -0.4644 -0.8066
vn 0.5016 -0.6368 -0.5856
vn 0.5888 -0.7475 -0.3077
vn 0.6169 -0.7832 -0.0783
vn 0.6169 -0.7832 0.0783
vn 0.5888 -0.7475 0.3077
vn 0.5016 -0.6368 0.5856
vn 0.3658 -0.4644 0.8066
vn 0.1944 -0.2468 0.9494
vn 0.0965 -0.1226 0.9878
vn 0.1617 -0.2695 -0.9493
vn 0.0803 -0.1338 -0.9878
vn 0.3042 -0.5069 -0.8065
vn 0.4171 -0.6951 -0.5856
vn 0.4896 -0.8159 -0.3076
vn 0.5129 -0.8548 -0.0783
vn 0.5129 -0.8548 0.0783
vn 0.4896 -0.8159 0.3076
vn 0.4171 -0.6951 0.5856
vn 0.3042 -0.5069 0.8065
vn 0.1617 -0.2695 0.9493
vn 0.0803 -0.1338 0.9878
vn 0.1255 -0.2882 -0.9493
vn 0.0623 -0.1430 -0.9878
vn 0.2361 -0.5421 -0.8065
vn 0.3237 -0.7432 -0.5855
vn 0.3801 -0.8722 -0.3079
vn 0.3981 -0.9140 -0.0783
vn 0.3981 -0.9140 0.0783
vn 0.3800 -0.8724 0.3076
vn 0.3237 -0.7432 0.5855
vn 0.2361 -0.5421 0.8065
vn 0.1255 -0.2882 0.9493
vn 0.0623 -0.1430 0.9878
vn 0.0861 -0.3025 -0.9493
vn 0.0427 -0.1500 -0.9878
vn 0.1619 -0.5687 -0.8064
vn 0.2220 -0.7797 -0.5855
vn 0.2606 -0.9151 -0.3076
vn 0.2730 -0.9588 -0.0784
vn 0.2730 -0.9588 0.0784
vn 0.2606 -0.9151 0.3076
vn 0.2220 -0.7797 0.5855
vn 0.1619 -0.5687 0.8064
vn 0.0861 -0.3025 0.9493
vn 0.0427 -0.1500 0.9878
vn 0.0439 -0.3116 -0.9492
vn 0.0218 -0.1544 -0.9878
vn 0.0826 -0.5856 -0.8064
vn 0.1132 -0.8028 -0.5854
vn 0.1328 -0.9422 -0.3076
vn 0.1392 -0.9872 -0.0784
vn 0.1392 -0.9872 0.0784
vn 0.1328 -0.9422 0.3076
vn 0.1132 -0.8028 0.5854
vn 0.0826 -0.5856 0.8064
vn 0.0439 -0.3116 0.9492
vn 0.0218 -0.1544 0.9878
vn 0.0012 -0.3144 -0.9493
vn 0.0006 -0.1560 -0.9878
vn 0.0022 -0.5913 -0.8064
vn 0.0030 -0.8107 -0.5855
vn 0.0035 -0.9515 -0.3077
vn 0.0037 -0.9969 -0.0784
vn 0.0037 -0.9969 0.0784
vn 0.0035 -0.9515 0.3077
vn 0.0030 -0.8107 0.5855
vn 0.0022 -0.5913 0.8064
vn 0.0012 -0.3144 0.9493
vn 0.0006 -0.1560 0.9878
vn -0.0405 -0.3118 -0.9493
vn -0.0201 -0.1547 -0.9878
vn -0.0761 -0.5864 -0.8064
vn -0.1044 -0.8039 -0.5855
vn -0.1225 -0.9436 -0.3076
vn -0.1283 -0.9886 -0.0784
vn -0.1283 -0.9886 0.0784
vn -0.1225 -0.9436 0.3076
vn -0.1044 -0.8039 0.5855
vn -0.0761 -0.5864 0.8064
vn -0.0405 -0.3118 0.9493
vn -0.0201 -0.1547 0.9878
vn -0.0821 -0.3037 -0.9492
vn -0.0407 -0.1505 -0.9878
vn -0.1544 -0.5709 -0.8064
vn -0.2116 -0.7826 -0.5854
vn -0.2483 -0.9185 -0.3076
vn -0.2602 -0.9624 -0.0783
vn -0.2602 -0.9624 0.0783
vn -0.2483 -0.9185 0.3076
vn -0.2116 -0.7826 0.5854
vn -0.1544 -0.5709 0.8064
vn -0.0821 -0.3037 0.9492
vn -0.0407 -0.1505 0.9878
vn -0.1237 -0.2894 -0.9492
vn -0.0615 -0.1436 -0.9877
vn -0.2326 -0.5439 -0.8063
vn -0.3188 -0.7455 -0.5853
vn -0.3741 -0.8749 -0.3076
vn -0.3919 -0.9166 -0.0783
vn -0.3919 -0.9166 0.0783
vn -0.3741 -0.8749 0.3076
vn -0.3188 -0.7455 0.5853
vn -0.2326 -0.5439 0.8063
vn -0.1237 -0.2894 0.9492
vn -0.0613 -0.1434 0.9878
vn -0.1637 -0.2688 -0.9492
vn -0.0811 -0.1331 -0.9878
vn -0.3077 -0.5052 -0.8063
vn -0.4217 -0.6925 -0.5854
vn -0.4949 -0.8127 -0.3076
vn -0.5186 -0.8514 -0.0784
vn -0.5186 -0.8514 0.0784
vn -0.4949 -0.8127 0.3076
vn -0.4217 -0.6925 0.5854
vn -0.3077 -0.5052 0.8063
vn -0.1637 -0.2688 0.9492
vn -0.0811 -0.1331 0.9878
vn -0.2005 -0.2426 -0.9492
vn -0.0995 -0.1205 -0.9877
vn -0.3768 -0.4559 -0.8063
vn -0.5165 -0.6249 -0.5854
vn -0.6062 -0.7334 -0.3076
vn -0.6351 -0.7684 -0.0784
vn -0.6351 -0.7684 0.0784
vn -0.6062 -0.7334 0.3076
vn -0.5165 -0.6249 0.5854
vn -0.3768 -0.4559 0.8063
vn -0.2005 -0.2426 0.9492
vn -0.0995 -0.1205 0.9877
vn -0.2328 -0.2118 -0.9492
vn -0.1153 -0.1049 -0.9878
vn -0.4376 -0.3980 -0.8063
vn -0.5997 -0.5456 -0.5854
vn -0.7038 -0.6403 -0.3076
vn -0.7375 -0.6708 -0.0783
vn -0.7375 -0.6708 0.0783
vn -0.7038 -0.6403 0.3076
vn -0.5997 -0.5456 0.5854
vn -0.4376 -0.3980 0.8063
vn -0.2328 -0.2118 0.9492
vn -0.1153 -0.1049 0.9878
vn -0.2596 -0.1776 -0.9493
vn -0.1287 -0.0880 -0.9878
vn -0.4881 -0.3339 -0.8064
vn -0.6692 -0.4577 -0.5855
vn -0.7854 -0.5372 -0.3076
vn -0.8229 -0.5628 -0.0783
vn -0.8229 -0.5628 0.0783
vn -0.7854 -0.5372 0.3076
vn -0.6692 -0.4577 0.5855
vn -0.4881 -0.3339 0.8064
vn -0.2596 -0.1776 0.9493
vn -0.1287 -0.0880 0.9878
vn -0.2807 -0.1414 -0.9493
vn -0.1393 -0.0702 -0.9878
vn -0.5280 -0.2661 -0.8065
vn -0.7239 -0.3648 -0.5855
vn -0.8497 -0.4282 -0.3076
vn -0.8903 -0.4487 -0.0783
vn -0.8903 -0.4487 0.0783
vn -0.8497 -0.4282 0.3076
vn -0.7239 -0.3648 0.5855
vn -0.5280 -0.2661 0.8065
vn -0.2807 -0.1414 0.9493
vn -0.1393 -0.0702 0.9878
vn -0.2961 -0.1047 -0.9494
vn -0.1471 -0.0520 -0.9877
vn -0.5572 -0.1972 -0.8066
vn -0.7642 -0.2704 -0.5856
vn -0.8970 -0.3174 -0.3077
vn -0.9398 -0.3325 -0.0783
vn -0.9398 -0.3325 0.0783
vn -0.8970 -0.3174 0.3077
vn -0.7642 -0.2704 0.5856
vn -0.5572 -0.1972 0.8066
vn -0.2961 -0.1047 0.9494
vn -0.1471 -0.0520 0.9877
vn -0.3062 -0.0685 -0.9495
vn -0.1523 -0.0341 -0.9877
vn -0.5767 -0.1290 -0.8067
vn -0.7910 -0.1769 -0.5857
vn -0.9285 -0.2077 -0.3078
vn -0.9729 -0.2176 -0.0784
vn -0.9729 -0.2176 0.0784
vn -0.9285 -0.2077 0.3078
vn -0.7910 -0.1769 0.5857
vn -0.5767 -0.1290 0.8067
vn -0.3062 -0.0685 0.9495
vn -0.1523 -0.0341 0.9877
vn -0.3117 -0.0335 -0.9496
vn -0.1552 -0.0167 -0.9877
vn -0.5874 -0.0631 -0.8068
vn -0.8059 -0.0865 -0.5857
vn -0.9460 -0.1016 -0.3078
vn -0.9912 -0.1064 -0.0783
vn -0.9912 -0.1064 0.0783
vn -0.9460 -0.1016 0.3078
vn -0.8059 -0.0865 0.5857
vn -0.5874 -0.0631 0.8068
vn -0.3117 -0.0335 0.9496
vn -0.1552 -0.0167 0.9877
vn -0.3131 -0.0009 -0.9497
vn -0.1561 -0.0004 -0.9877
vn -0.5906 -0.0016 -0.8070
vn -0.8104 -0.0022 -0.5859
vn -0.9515 -0.0026 -0.3078
vn -0.9969 -0.0027 -0.0783
vn -0.9969 -0.0027 0.0783
vn -0.9515 -0.0026 0.3078
vn -0.8104 -0.0022 0.5859
vn -0.5906 -0.0016 0.8070
vn -0.3131 -0.0009 0.9497
vn -0.1561 -0.0004 0.9877
vn -0.3116 0.0290 -0.9498
vn -0.1554 0.0145 -0.9877
vn -0.5879 0.0547 -0.8071
vn -0.8068 0.0751 -0.5860
vn -0.9473 0.0882 -0.3078
vn -0.9926 0.0924 -0.0783
vn -0.9926 0.0924 0.0783
vn -0.9473 0.0882 0.3078
vn -0.8068 0.0751 0.5860
vn -0.5879 0.0547 0.8071
vn -0.3116 0.0290 0.9498
vn -0.1554 0.0145 0.9877
vn -0.3075 0.0574 -0.9498
vn -0.1535 0.0286 -0.9877
vn -0.5804 0.1083 -0.8071
vn -0.7965 0.1487 -0.5860
vn -0.9353 0.1746 -0.3079
vn -0.9800 0.1829 -0.0783
vn -0.9800 0.1829 0.0783
vn -0.9353 0.1746 0.3079
vn -0.7965 0.1487 0.5860
vn -0.5804 0.1083 0.8071
vn -0.3075 0.0574 0.9498
vn -0.1535 0.0287 0.9877
vn -0.3010 0.0848 -0.9498
vn -0.1503 0.0423 -0.9877
vn -0.5683 0.1600 -0.8071
vn -0.7799 0.2197 -0.5861
vn -0.9158 0.2579 -0.3079
vn -0.9596 0.2703 -0.0783
vn -0.9596 0.2703 0.0783
vn -0.9158 0.2579 0.3079
vn -0.7799 0.2197 0.5861
vn -0.5683 0.1600 0.8071
vn -0.3010 0.0848 0.9498
vn -0.1503 0.0423 0.9877
vn -0.2923 0.1109 -0.9499
vn -0.1460 0.0554 -0.9877
vn -0.5520 0.2093 -0.8072
vn -0.7576 0.2873 -0.5861
vn -0.8895 0.3374 -0.3080
vn -0.9321 0.3535 -0.0784
vn -0.9321 0.3535 0.0784
vn -0.8895 0.3374 0.3080
vn -0.7576 0.2873 0.5861
vn -0.5520 0.2093 0.8072
vn -0.2923 0.1109 0.9499
vn -0.1460 0.0554 0.9877
vn -0.2817 0.1355 -0.9499
vn -0.1407 0.0677 -0.9877
vn -0.5319 0.2558 -0.8072
vn -0.7302 0.3511 -0.5861
vn -0.8574 0.4123 -0.3081
vn -0.8984 0.4321 -0.0784
vn -0.8984 0.4321 0.0784
vn -0.8574 0.4123 0.3081
vn -0.7302 0.3511 0.5861
vn -0.5319 0.2558 0.8072
vn -0.2817 0.1355 0.9499
vn -0.1407 0.0677 0.9877
vn -0.2694 0.1584 -0.9499
vn -0.1346 0.0792 -0.9877
vn -0.5087 0.2992 -0.8073
vn -0.6983 0.4107 -0.5862
vn -0.8200 0.4823 -0.3081
vn -0.8593 0.5054 -0.0784
vn -0.8593 0.5054 0.0784
vn -0.8200 0.4823 0.3081
vn -0.6983 0.4107 0.5862
vn -0.5087 0.2992 0.8073
vn -0.2694 0.1584 0.9499
vn -0.1346 0.0792 0.9877
vn -0.2556 0.1797 -0.9499
vn -0.1278 0.0898 -0.9877
vn -0.4828 0.3394 -0.8073
vn -0.6628 0.4659 -0.5862
vn -0.7783 0.5471 -0.3081
vn -0.8156 0.5733 -0.0783
vn -0.8156 0.5733 0.0783
vn -0.7783 0.5471 0.3081
vn -0.6628 0.4659 0.5862
vn -0.4828 0.3394 0.8073
vn -0.2556 0.1797 0.9499
vn -0.1278 0.0898 0.9877
vn -0.2406 0.1991 -0.9500
vn -0.1203 0.0996 -0.9877
vn -0.4546 0.3762 -0.8074
vn -0.6241 0.5165 -0.5863
vn -0.7330 0.6065 -0.3081
vn -0.7681 0.6356 -0.0784
vn -0.7681 0.6356 0.0784
vn -0.7330 0.6065 0.3081
vn -0.6241 0.5165 0.5863
vn -0.4546 0.3762 0.8074
vn -0.2406 0.1991 0.9500
vn -0.1203 0.0996 0.9877
vn -0.2247 0.2168 -0.9500
vn -0.1124 0.1085 -0.9877
vn -0.4246 0.4096 -0.8074
vn -0.5830 0.5625 -0.5863
vn -0.6846 0.6606 -0.3081
vn -0.7174 0.6922 -0.0784
vn -0.7174 0.6922 0.0784
vn -0.6846 0.6606 0.3081
vn -0.5830 0.5625 0.5863
vn -0.4246 0.4096 0.8074
vn -0.2247 0.2168 0.9500
vn -0.1124 0.1085 0.9877
vn -0.2080 0.2327 -0.9500
vn -0.1041 0.1165 -0.9877
vn -0.3931 0.4398 -0.8075
vn -0.5398 0.6040 -0.5863
vn -0.6340 0.7093 -0.3082
vn -0.6643 0.7433 -0.0785
vn -0.6643 0.7433 0.0785
vn -0.6340 0.7093 0.3082
vn -0.5398 0.6040 0.5863
vn -0.3931 0.4398 0.8075
vn -0.2080 0.2327 0.9500
vn -0.1041 0.1165 0.9877
vn -0.1908 0.2470 -0.9501
vn -0.0955 0.1236 -0.9877
vn -0.3606 0.4668 -0.8075
vn -0.4952 0.6411 -0.5863
vn -0.5815 0.7529 -0.3082
vn -0.6094 0.7890 -0.0784
vn -0.6094 0.7890 0.0784
vn -0.5815 0.7529 0.3082
vn -0.4952 0.6411 0.5863
vn -0.3606 0.4668 0.8075
vn -0.1908 0.2470 0.9501
vn -0.0955 0.1236 0.9877
vn 0.0399 0.2812 -0.9588
vn 0.0159 0.1125 -0.9935
vn 0.0726 0.5118 -0.8560
vn 0.1046 0.7374 -0.6673
vn 0.1303 0.9183 -0.3739
vn 0.1397 0.9848 -0.1030
vn 0.1397 0.9848 0.1030
vn 0.1303 0.9183 0.3739
vn 0.1046 0.7374 0.6673
vn 0.0726 0.5118 0.8560
vn 0.0399 0.2812 0.9588
vn 0.0159 0.1125 0.9935
vn 0.2656 -0.0462 -0.9630
vn 0.1036 -0.0180 -0.9945
vn 0.4861 -0.0846 -0.8698
vn 0.7130 -0.1242 -0.6900
vn 0.9057 -0.1576 -0.3934
vn 0.9792 -0.1705 -0.1103
vn 0.9792 -0.1705 0.1103
vn 0.9057 -0.1576 0.3934
vn 0.7130 -0.1242 0.6900
vn 0.4861 -0.0846 0.8698
vn 0.2656 -0.0462 0.9630
vn 0.1036 -0.0180 0.9945
vn -0.0362 0.3008 -0.9530
vn -0.0737 0.2935 -0.9531
vn -0.0380 0.1513 -0.9878
vn -0.0186 0.1549 -0.9878
vn -0.0697 0.5789 -0.8124
vn -0.1419 0.5652 -0.8126
vn -0.0964 0.8006 -0.5914
vn -0.1963 0.7820 -0.5916
vn -0.1136 0.9435 -0.3113
vn -0.2314 0.9217 -0.3114
vn -0.1191 0.9897 -0.0789
vn -0.2427 0.9669 -0.0789
vn -0.1191 0.9897 0.0789
vn -0.2427 0.9669 0.0789
vn -0.1136 0.9435 0.3113
vn -0.2314 0.9217 0.3114
vn -0.0964 0.8006 0.5914
vn -0.1963 0.7820 0.5916
vn -0.0697 0.5789 0.8124
vn -0.1419 0.5652 0.8126
vn -0.0362 0.3008 0.9530
vn -0.0737 0.2935 0.9531
vn -0.0186 0.1549 0.9878
vn -0.0380 0.1513 0.9878
vn -0.1117 0.2809 -0.9532
vn -0.0576 0.1449 -0.9878
vn -0.2152 0.5414 -0.8128
vn -0.2978 0.7490 -0.5918
vn -0.3510 0.8830 -0.3116
vn -0.3683 0.9264 -0.0789
vn -0.3683 0.9264 0.0789
vn -0.3510 0.8830 0.3116
vn -0.2978 0.7490 0.5918
vn -0.2152 0.5414 0.8128
vn -0.1117 0.2809 0.9532
vn -0.0576 0.1449 0.9878
vn -0.1490 0.2628 -0.9533
vn -0.0769 0.1356 -0.9878
vn -0.2872 0.5066 -0.8129
vn -0.3975 0.7011 -0.5920
vn -0.4686 0.8266 -0.3118
vn -0.4917 0.8672 -0.0790
vn -0.4917 0.8672 0.0790
vn -0.4686 0.8266 0.3118
vn -0.3975 0.7011 0.5920
vn -0.2872 0.5066 0.8129
vn -0.1490 0.2628 0.9533
vn -0.0769 0.1356 0.9878
vn -0.1843 0.2392 -0.9533
vn -0.0952 0.1235 -0.9878
vn -0.3553 0.4613 -0.8130
vn -0.4918 0.6384 -0.5921
vn -0.5798 0.7527 -0.3118
vn -0.6083 0.7898 -0.0790
vn -0.6083 0.7898 0.0790
vn -0.5798 0.7527 0.3118
vn -0.4918 0.6384 0.5921
vn -0.3553 0.4613 0.8130
vn -0.1843 0.2392 0.9533
vn -0.0952 0.1235 0.9878
vn -0.2162 0.2108 -0.9533
vn -0.1117 0.1088 -0.9878
vn -0.4169 0.4064 -0.8130
vn -0.5771 0.5625 -0.5921
vn -0.6804 0.6632 -0.3118
vn -0.7139 0.6958 -0.0790
vn -0.7139 0.6958 0.0790
vn -0.6804 0.6632 0.3118
vn -0.5771 0.5625 0.5921
vn -0.4169 0.4064 0.8130
vn -0.2162 0.2108 0.9533
vn -0.1117 0.1088 0.9878
vn -0.2438 0.1784 -0.9533
vn -0.1258 0.0921 -0.9878
vn -0.4699 0.3439 -0.8129
vn -0.6503 0.4760 -0.5920
vn -0.7668 0.5612 -0.3117
vn -0.8045 0.5888 -0.0789
vn -0.8045 0.5888 0.0789
vn -0.7668 0.5612 0.3117
vn -0.6503 0.4760 0.5920
vn -0.4699 0.3439 0.8129
vn -0.2438 0.1784 0.9533
vn -0.1258 0.0921 0.9878
vn -0.2661 0.1433 -0.9532
vn -0.1373 0.0739 -0.9878
vn -0.5129 0.2762 -0.8128
vn -0.7096 0.3822 -0.5919
vn -0.8366 0.4506 -0.3116
vn -0.8777 0.4727 -0.0789
vn -0.8777 0.4727 0.0789
vn -0.8366 0.4506 0.3116
vn -0.7096 0.3822 0.5919
vn -0.5129 0.2762 0.8128
vn -0.2661 0.1433 0.9532
vn -0.1373 0.0739 0.9878
vn -0.2831 0.1069 -0.9531
vn -0.1459 0.0551 -0.9878
vn -0.5452 0.2059 -0.8126
vn -0.7542 0.2848 -0.5917
vn -0.8890 0.3357 -0.3115
vn -0.9326 0.3521 -0.0788
vn -0.9326 0.3521 0.0788
vn -0.8890 0.3357 0.3115
vn -0.7542 0.2848 0.5917
vn -0.5452 0.2059 0.8126
vn -0.2831 0.1069 0.9531
vn -0.1459 0.0551 0.9878
vn -0.2947 0.0702 -0.9530
vn -0.1518 0.0362 -0.9878
vn -0.5672 0.1352 -0.8124
vn -0.7843 0.1870 -0.5915
vn -0.9244 0.2204 -0.3114
vn -0.9697 0.2312 -0.0788
vn -0.9697 0.2312 0.0788
vn -0.9244 0.2204 0.3114
vn -0.7843 0.1870 0.5915
vn -0.5672 0.1352 0.8124
vn -0.2947 0.0702 0.9530
vn -0.1518 0.0362 0.9878
vn -0.3014 0.0344 -0.9529
vn -0.1550 0.0177 -0.9877
vn -0.5796 0.0662 -0.8122
vn -0.8013 0.0916 -0.5912
vn -0.9442 0.1079 -0.3112
vn -0.9904 0.1132 -0.0788
vn -0.9904 0.1132 0.0788
vn -0.9442 0.1079 0.3112
vn -0.8013 0.0916 0.5912
vn -0.5796 0.0662 0.8122
vn -0.3014 0.0344 0.9529
vn -0.1550 0.0177 0.9877
vn -0.3030 -0.0017 -0.9530
vn -0.1560 -0.0009 -0.9878
vn -0.5831 -0.0033 -0.8124
vn -0.8063 -0.0046 -0.5914
vn -0.9503 -0.0054 -0.3113
vn -0.9969 -0.0057 -0.0788
vn -0.9969 -0.0057 0.0788
vn -0.9503 -0.0054 0.3113
vn -0.8063 -0.0046 0.5914
vn -0.5831 -0.0033 0.8124
vn -0.3030 -0.0017 0.9530
vn -0.1560 -0.0009 0.9878
vn -0.2995 -0.0407 -0.9532
vn -0.1545 -0.0210 -0.9878
vn -0.5772 -0.0785 -0.8128
vn -0.7987 -0.1086 -0.5919
vn -0.9415 -0.1280 -0.3117
vn -0.9878 -0.1343 -0.0789
vn -0.9878 -0.1343 0.0789
vn -0.9415 -0.1280 0.3117
vn -0.7987 -0.1086 0.5919
vn -0.5772 -0.0785 0.8128
vn -0.2995 -0.0407 0.9532
vn -0.1545 -0.0210 0.9878
vn -0.2910 -0.0813 -0.9533
vn -0.1502 -0.0420 -0.9878
vn -0.5609 -0.1567 -0.8129
vn -0.7763 -0.2169 -0.5919
vn -0.9151 -0.2557 -0.3117
vn -0.9601 -0.2682 -0.0790
vn -0.9601 -0.2682 0.0790
vn -0.9151 -0.2557 0.3117
vn -0.7763 -0.2169 0.5919
vn -0.5609 -0.1567 0.8129
vn -0.2910 -0.0813 0.9533
vn -0.1502 -0.0420 0.9878
vn -0.2770 -0.1207 -0.9533
vn -0.1430 -0.0623 -0.9878
vn -0.5339 -0.2325 -0.8129
vn -0.7389 -0.3218 -0.5920
vn -0.8711 -0.3794 -0.3117
vn -0.9139 -0.3981 -0.0790
vn -0.9139 -0.3981 0.0790
vn -0.8711 -0.3794 0.3117
vn -0.7389 -0.3218 0.5920
vn -0.5339 -0.2325 0.8129
vn -0.2770 -0.1207 0.9533
vn -0.1430 -0.0623 0.9878
vn -0.2578 -0.1577 -0.9532
vn -0.1330 -0.0813 -0.9878
vn -0.4969 -0.3039 -0.8129
vn -0.6876 -0.4205 -0.5920
vn -0.8107 -0.4957 -0.3116
vn -0.8505 -0.5201 -0.0790
vn -0.8505 -0.5201 0.0790
vn -0.8107 -0.4957 0.3116
vn -0.6876 -0.4205 0.5920
vn -0.4969 -0.3039 0.8129
vn -0.2578 -0.1577 0.9532
vn -0.1330 -0.0813 0.9878
vn -0.2340 -0.1914 -0.9532
vn -0.1207 -0.0987 -0.9878
vn -0.4509 -0.3688 -0.8128
vn -0.6239 -0.5104 -0.5919
vn -0.7355 -0.6016 -0.3116
vn -0.7716 -0.6312 -0.0789
vn -0.7716 -0.6312 0.0789
vn -0.7355 -0.6016 0.3116
vn -0.6239 -0.5104 0.5919
vn -0.4509 -0.3688 0.8128
vn -0.2340 -0.1914 0.9532
vn -0.1207 -0.0987 0.9878
vn -0.2062 -0.2212 -0.9532
vn -0.1064 -0.1141 -0.9878
vn -0.3973 -0.4262 -0.8127
vn -0.5497 -0.5896 -0.5918
vn -0.6479 -0.6951 -0.3116
vn -0.6798 -0.7292 -0.0789
vn -0.6798 -0.7292 0.0789
vn -0.6479 -0.6951 0.3116
vn -0.5497 -0.5896 0.5918
vn -0.3973 -0.4262 0.8127
vn -0.2062 -0.2212 0.9532
vn -0.1064 -0.1141 0.9878
vn -0.1753 -0.2466 -0.9531
vn -0.0904 -0.1271 -0.9878
vn -0.3376 -0.4749 -0.8127
vn -0.4671 -0.6570 -0.5918
vn -0.5506 -0.7745 -0.3115
vn -0.5776 -0.8125 -0.0788
vn -0.5776 -0.8125 0.0788
vn -0.5506 -0.7745 0.3115
vn -0.4671 -0.6570 0.5918
vn -0.3376 -0.4749 0.8127
vn -0.1753 -0.2466 0.9531
vn -0.0904 -0.1271 0.9878
vn -0.1420 -0.2673 -0.9531
vn -0.0732 -0.1378 -0.9878
vn -0.2735 -0.5147 -0.8126
vn -0.3782 -0.7120 -0.5917
vn -0.4459 -0.8392 -0.3114
vn -0.4677 -0.8804 -0.0788
vn -0.4677 -0.8804 0.0788
vn -0.4459 -0.8392 0.3114
vn -0.3782 -0.7120 0.5917
vn -0.2735 -0.5147 0.8126
vn -0.1420 -0.2673 0.9531
vn -0.0732 -0.1378 0.9878
vn -0.1072 -0.2833 -0.9530
vn -0.0552 -0.1459 -0.9878
vn -0.2062 -0.5453 -0.8125
vn -0.2853 -0.7541 -0.5915
vn -0.3362 -0.8889 -0.3113
vn -0.3527 -0.9324 -0.0788
vn -0.3527 -0.9324 0.0788
vn -0.3362 -0.8889 0.3113
vn -0.2853 -0.7541 0.5915
vn -0.2062 -0.5453 0.8125
vn -0.1072 -0.2833 0.9530
vn -0.0552 -0.1459 0.9878
vn -0.0714 -0.2945 -0.9530
vn -0.0368 -0.1516 -0.9878
vn -0.1374 -0.5667 -0.8124
vn -0.1900 -0.7837 -0.5914
vn -0.2239 -0.9235 -0.3113
vn -0.2349 -0.9688 -0.0789
vn -0.2349 -0.9688 0.0789
vn -0.2239 -0.9235 0.3113
vn -0.1900 -0.7837 0.5914
vn -0.1374 -0.5667 0.8124
vn -0.0714 -0.2945 0.9530
vn -0.0368 -0.1516 0.9878
vn -0.0355 -0.3011 -0.9529
vn -0.0183 -0.1550 -0.9878
vn -0.0683 -0.5793 -0.8123
vn -0.0944 -0.8009 -0.5913
vn -0.1113 -0.9438 -0.3112
vn -0.1167 -0.9900 -0.0789
vn -0.1167 -0.9900 0.0789
vn -0.1113 -0.9438 0.3113
vn -0.0944 -0.8009 0.5913
vn -0.0683 -0.5793 0.8123
vn -0.0355 -0.3011 0.9529
vn -0.0183 -0.1550 0.9878
vn -0.0062 -0.3054 -0.9522
vn -0.0032 -0.1562 -0.9877
vn -0.0119 -0.5850 -0.8109
vn -0.0165 -0.8074 -0.5898
vn -0.0194 -0.9504 -0.3103
vn -0.0203 -0.9967 -0.0787
vn -0.0203 -0.9967 0.0787
vn -0.0194 -0.9504 0.3103
vn -0.0165 -0.8074 0.5898
vn -0.0119 -0.5850 0.8109
vn -0.0062 -0.3054 0.9522
vn -0.0032 -0.1562 0.9877
vn 0.0115 -0.3069 -0.9517
vn 0.0059 -0.1562 -0.9877
vn 0.0220 -0.5860 -0.8100
vn 0.0303 -0.8077 -0.5888
vn 0.0356 -0.9502 -0.3097
vn 0.0374 -0.9962 -0.0786
vn 0.0374 -0.9962 0.0786
vn 0.0356 -0.9502 0.3097
vn 0.0303 -0.8077 0.5888
vn 0.0220 -0.5860 0.8100
vn 0.0115 -0.3069 0.9517
vn 0.0059 -0.1562 0.9877
vn 0.0253 -0.3057 -0.9518
vn 0.0129 -0.1557 -0.9877
vn 0.0484 -0.5841 -0.8102
vn 0.0667 -0.8053 -0.5891
vn 0.0785 -0.9475 -0.3098
vn 0.0823 -0.9935 -0.0786
vn 0.0823 -0.9935 0.0786
vn 0.0785 -0.9475 0.3098
vn 0.0667 -0.8053 0.5891
vn 0.0484 -0.5841 0.8102
vn 0.0253 -0.3057 0.9518
vn 0.0129 -0.1557 0.9877
vn 0.0416 -0.3035 -0.9519
vn 0.0212 -0.1548 -0.9877
vn 0.0795 -0.5804 -0.8104
vn 0.1096 -0.8004 -0.5893
vn 0.1290 -0.9420 -0.3099
vn 0.1352 -0.9877 -0.0786
vn 0.1352 -0.9877 0.0786
vn 0.1290 -0.9420 0.3099
vn 0.1096 -0.8004 0.5893
vn 0.0795 -0.5804 0.8104
vn 0.0416 -0.3035 0.9519
vn 0.0212 -0.1548 0.9877
vn 0.0596 -0.3002 -0.9520
vn 0.0304 -0.1532 -0.9877
vn 0.1141 -0.5744 -0.8106
vn 0.1574 -0.7923 -0.5895
vn 0.1852 -0.9325 -0.3100
vn 0.1942 -0.9778 -0.0786
vn 0.1942 -0.9778 0.0786
vn 0.1852 -0.9325 0.3100
vn 0.1574 -0.7923 0.5895
vn 0.1141 -0.5744 0.8106
vn 0.0596 -0.3002 0.9520
vn 0.0304 -0.1532 0.9877
vn 0.0786 -0.2957 -0.9520
vn 0.0401 -0.1510 -0.9877
vn 0.1504 -0.5659 -0.8107
vn 0.2074 -0.7807 -0.5895
vn 0.2441 -0.9188 -0.3100
vn 0.2560 -0.9635 -0.0786
vn 0.2560 -0.9635 0.0786
vn 0.2441 -0.9188 0.3100
vn 0.2074 -0.7807 0.5895
vn 0.1504 -0.5659 0.8107
vn 0.0786 -0.2957 0.9520
vn 0.0401 -0.1510 0.9877
vn 0.0973 -0.2902 -0.9520
vn 0.0497 -0.1481 -0.9877
vn 0.1862 -0.5552 -0.8106
vn 0.2569 -0.7659 -0.5895
vn 0.3023 -0.9014 -0.3101
vn 0.3170 -0.9452 -0.0786
vn 0.3170 -0.9452 0.0786
vn 0.3023 -0.9014 0.3101
vn 0.2569 -0.7659 0.5895
vn 0.1862 -0.5552 0.8106
vn 0.0973 -0.2902 0.9520
vn 0.0497 -0.1481 0.9877
vn 0.1148 -0.2840 -0.9519
vn 0.0586 -0.1452 -0.9877
vn 0.2196 -0.5431 -0.8105
vn 0.3028 -0.7490 -0.5894
vn 0.3564 -0.8814 -0.3100
vn 0.3737 -0.9242 -0.0786
vn 0.3737 -0.9242 0.0786
vn 0.3564 -0.8814 0.3100
vn 0.3028 -0.7490 0.5894
vn 0.2196 -0.5431 0.8105
vn 0.1148 -0.2840 0.9519
vn 0.0586 -0.1452 0.9877
vn 0.1303 -0.2776 -0.9518
vn 0.0664 -0.1414 -0.9877
vn 0.2490 -0.5305 -0.8103
vn 0.3433 -0.7315 -0.5892
vn 0.4039 -0.8607 -0.3098
vn 0.4235 -0.9025 -0.0785
vn 0.4235 -0.9025 0.0785
vn 0.4039 -0.8607 0.3098
vn 0.3433 -0.7315 0.5892
vn 0.2490 -0.5305 0.8103
vn 0.1303 -0.2776 0.9518
vn 0.0664 -0.1414 0.9877
vn 0.1433 -0.2716 -0.9517
vn 0.0729 -0.1382 -0.9877
vn 0.2736 -0.5186 -0.8101
vn 0.3771 -0.7148 -0.5889
vn 0.4437 -0.8410 -0.3097
vn 0.4652 -0.8817 -0.0786
vn 0.4652 -0.8817 0.0786
vn 0.4437 -0.8410 0.3097
vn 0.3771 -0.7148 0.5889
vn 0.2736 -0.5186 0.8101
vn 0.1433 -0.2716 0.9517
vn 0.0729 -0.1382 0.9877
vn 0.1537 -0.2662 -0.9516
vn 0.0782 -0.1353 -0.9877
vn 0.2934 -0.5080 -0.8099
vn 0.4043 -0.7000 -0.5886
vn 0.4755 -0.8235 -0.3095
vn 0.4985 -0.8633 -0.0785
vn 0.4985 -0.8633 0.0785
vn 0.4755 -0.8235 0.3095
vn 0.4043 -0.7000 0.5886
vn 0.2934 -0.5080 0.8099
vn 0.1537 -0.2662 0.9516
vn 0.0782 -0.1353 0.9877
vn 0.1619 -0.2618 -0.9515
vn 0.0822 -0.1329 -0.9877
vn 0.3086 -0.4992 -0.8097
vn 0.4252 -0.6877 -0.5884
vn 0.5001 -0.8089 -0.3093
vn 0.5242 -0.8479 -0.0785
vn 0.5242 -0.8479 0.0785
vn 0.5001 -0.8089 0.3093
vn 0.4252 -0.6877 0.5884
vn 0.3086 -0.4992 0.8097
vn 0.1619 -0.2618 0.9515
vn 0.0822 -0.1329 0.9877
vn 0.2079 -0.1381 -0.9684
vn 0.1192 -0.0792 -0.9897
vn 0.4381 -0.2911 -0.8505
vn 0.6388 -0.4244 -0.6417
vn 0.7809 -0.5188 -0.3479
vn 0.8298 -0.5512 -0.0876
vn 0.8298 -0.5512 0.0876
vn 0.7809 -0.5188 0.3479
vn 0.6388 -0.4244 0.6417
vn 0.4381 -0.2911 0.8505
vn 0.2079 -0.1381 0.9684
vn 0.1192 -0.0792 0.9897
vn 0.3011 -0.0318 -0.9531
vn 0.1551 -0.0164 -0.9878
vn 0.5797 -0.0612 -0.8126
vn 0.8018 -0.0846 -0.5916
vn 0.9450 -0.0997 -0.3114
vn 0.9914 -0.1046 -0.0789
vn 0.9914 -0.1046 0.0789
vn 0.9450 -0.0997 0.3114
vn 0.8018 -0.0846 0.5916
vn 0.5797 -0.0612 0.8126
vn 0.3011 -0.0318 0.9531
vn 0.1551 -0.0164 0.9878
vn 0.3022 0.0080 -0.9532
vn 0.1559 0.0041 -0.9878
vn 0.5823 0.0155 -0.8128
vn 0.8057 0.0214 -0.5919
vn 0.9499 0.0253 -0.3116
vn 0.9965 0.0265 -0.0789
vn 0.9965 0.0265 0.0789
vn 0.9499 0.0253 0.3116
vn 0.8057 0.0214 0.5919
vn 0.5823 0.0155 0.8128
vn 0.3022 0.0080 0.9532
vn 0.1559 0.0042 0.9878
vn 0.2977 0.0501 -0.9534
vn 0.1538 0.0259 -0.9878
vn 0.5740 0.0967 -0.8131
vn 0.7946 0.1338 -0.5922
vn 0.9369 0.1578 -0.3118
vn 0.9830 0.1656 -0.0790
vn 0.9830 0.1656 0.0790
vn 0.9369 0.1578 0.3118
vn 0.7946 0.1338 0.5922
vn 0.5740 0.0967 0.8131
vn 0.2977 0.0501 0.9534
vn 0.1538 0.0259 0.9878
vn 0.2868 0.0931 -0.9535
vn 0.1483 0.0481 -0.9878
vn 0.5534 0.1797 -0.8133
vn 0.7663 0.2488 -0.5924
vn 0.9036 0.2934 -0.3120
vn 0.9481 0.3079 -0.0790
vn 0.9481 0.3079 0.0790
vn 0.9036 0.2934 0.3120
vn 0.7663 0.2488 0.5924
vn 0.5534 0.1797 0.8133
vn 0.2868 0.0931 0.9535
vn 0.1483 0.0481 0.9878
vn 0.2691 0.1354 -0.9535
vn 0.1392 0.0700 -0.9878
vn 0.5197 0.2614 -0.8134
vn 0.7196 0.3619 -0.5926
vn 0.8488 0.4269 -0.3121
vn 0.8906 0.4479 -0.0790
vn 0.8906 0.4479 0.0790
vn 0.8488 0.4269 0.3121
vn 0.7196 0.3619 0.5926
vn 0.5197 0.2614 0.8134
vn 0.2691 0.1354 0.9535
vn 0.1392 0.0700 0.9878
vn 0.2449 0.1753 -0.9536
vn 0.1270 0.0912 -0.9877
vn 0.4730 0.3385 -0.8135
vn 0.6550 0.4687 -0.5926
vn 0.7726 0.5529 -0.3121
vn 0.8107 0.5801 -0.0790
vn 0.8107 0.5801 0.0790
vn 0.7726 0.5529 0.3121
vn 0.6550 0.4687 0.5926
vn 0.4730 0.3385 0.8135
vn 0.2449 0.1753 0.9536
vn 0.1267 0.0907 0.9878
vn 0.2145 0.2113 -0.9536
vn 0.1110 0.1093 -0.9878
vn 0.4143 0.4081 -0.8135
vn 0.5739 0.5652 -0.5927
vn 0.6769 0.6666 -0.3121
vn 0.7102 0.6995 -0.0790
vn 0.7102 0.6995 0.0790
vn 0.6769 0.6666 0.3121
vn 0.5739 0.5652 0.5927
vn 0.4143 0.4081 0.8135
vn 0.2145 0.2113 0.9536
vn 0.1110 0.1093 0.9878
vn 0.1788 0.2423 -0.9536
vn 0.0925 0.1254 -0.9878
vn 0.3453 0.4679 -0.8135
vn 0.4783 0.6481 -0.5927
vn 0.5641 0.7644 -0.3121
vn 0.5919 0.8021 -0.0790
vn 0.5919 0.8021 0.0790
vn 0.5641 0.7644 0.3121
vn 0.4783 0.6481 0.5927
vn 0.3453 0.4679 0.8135
vn 0.1788 0.2423 0.9536
vn 0.0925 0.1254 0.9878
vn 0.1385 0.2673 -0.9536
vn 0.0717 0.1384 -0.9878
vn 0.2676 0.5163 -0.8136
vn 0.3706 0.7151 -0.5927
vn 0.4372 0.8435 -0.3121
vn 0.4587 0.8851 -0.0790
vn 0.4587 0.8851 0.0790
vn 0.4372 0.8435 0.3121
vn 0.3706 0.7151 0.5927
vn 0.2676 0.5163 0.8136
vn 0.1385 0.2673 0.9536
vn 0.0717 0.1384 0.9878
vn 0.0947 0.2858 -0.9536
vn 0.0490 0.1479 -0.9878
vn 0.1829 0.5520 -0.8136
vn 0.2534 0.7645 -0.5928
vn 0.2988 0.9018 -0.3122
vn 0.3136 0.9463 -0.0790
vn 0.3136 0.9463 0.0790
vn 0.2988 0.9018 0.3122
vn 0.2534 0.7645 0.5928
vn 0.1829 0.5520 0.8136
vn 0.0947 0.2858 0.9536
vn 0.0490 0.1479 0.9878
vn 0.0481 0.2971 -0.9536
vn 0.0249 0.1538 -0.9878
vn 0.0930 0.5739 -0.8136
vn 0.1288 0.7950 -0.5928
vn 0.1520 0.9378 -0.3122
vn 0.1594 0.9840 -0.0790
vn 0.1594 0.9840 0.0790
vn 0.1520 0.9378 0.3122
vn 0.1288 0.7950 0.5928
vn 0.0930 0.5739 0.8136
vn 0.0481 0.2971 0.9536
vn 0.0249 0.1538 0.9878
vn 0.0033 0.3021 -0.9533
vn 0.0017 0.1559 -0.9878
vn 0.0064 0.5823 -0.8129
vn 0.0089 0.8059 -0.5920
vn 0.0105 0.9501 -0.3117
vn 0.0110 0.9968 -0.0789
vn 0.0110 0.9968 0.0789
vn 0.0105 0.9501 0.3117
vn 0.0089 0.8059 0.5920
vn 0.0064 0.5823 0.8129
vn 0.0033 0.3021 0.9533
vn 0.0017 0.1559 0.9878
vt 0.583333 0.000000
vt 0.600000 0.000000
vt 0.591667 0.000000
vt 0.575000 0.000000
vt 0.566667 0.000000
vt 0.000000 0.000000
vt 0.008333 0.000000
vt 0.558333 0.000000
vt 0.016667 0.000000
vt 0.025000 0.000000
vt 0.550000 0.000000
vt 0.033333 0.000000
vt 0.041667 0.000000
vt 0.541667 0.000000
vt 0.050000 0.000000
vt 0.058333 0.000000
vt 0.533333 0.000000
vt 0.066667 0.000000
vt 0.525000 0.000000
vt 0.075000 0.000000
vt 0.083333 0.000000
vt 0.516667 0.000000
vt 0.183333 0.000000
vt 0.200000 0.000000
vt 0.191667 0.000000
vt 0.175000 0.000000
vt 0.166667 0.000000
vt 0.208333 0.000000
vt 0.158333 0.000000
vt 0.150000 0.000000
vt 0.091667 0.000000
vt 0.141667 0.000000
vt 0.216667 0.000000
vt 0.133333 0.000000
vt 0.125000 0.000000
vt 0.116667 0.000000
vt 0.225000 0.000000
vt 0.108333 0.000000
vt 0.100000 0.000000
vt 0.233333 0.000000
vt 0.508333 0.000000
vt 0.241667 0.000000
vt 0.250000 0.000000
vt 0.500000 0.000000
vt 0.825000 0.000000
vt 0.816667 0.000000
vt 0.808333 0.000000
vt 0.800000 0.000000
vt 0.258333 0.000000
vt 0.791667 0.000000
vt 0.783333 0.000000
vt 0.833333 0.000000
vt 0.841667 0.000000
vt 0.775000 0.000000
vt 0.266667 0.000000
vt 0.850000 0.000000
vt 0.858333 0.000000
vt 0.766667 0.000000
vt 0.866667 0.000000
vt 0.758333 0.000000
vt 0.875000 0.000000
vt 0.883333 0.000000
vt 0.750000 0.000000
vt 0.891667 0.000000
vt 0.491667 0.000000
vt 0.275000 0.000000
vt 0.900000 0.000000
vt 0.741667 0.000000
vt 0.908333 0.000000
vt 0.733333 0.000000
vt 0.725000 0.000000
vt 0.283333 0.000000
vt 0.916667 0.000000
vt 0.716667 0.000000
vt 0.483333 0.000000
vt 0.708333 0.000000
vt 0.291667 0.000000
vt 0.925000 0.000000
vt 0.700000 0.000000
vt 0.475000 0.000000
vt 0.691667 0.000000
vt 0.300000 0.000000
vt 0.933333 0.000000
vt 0.683333 0.000000
vt 0.941667 0.000000
vt 0.308333 0.000000
vt 0.466667 0.000000
vt 0.675000 0.000000
vt 0.666667 0.000000
vt 0.950000 0.000000
vt 0.316667 0.000000
vt 0.658333 0.000000
vt 0.458333 0.000000
vt 0.958333 0.000000
vt 0.650000 0.000000
vt 0.966667 0.000000
vt 0.325000 0.000000
vt 0.641667 0.000000
vt 0.450000 0.000000
vt 0.975000 0.000000
vt 0.633333 0.000000
vt 0.625000 0.000000
vt 0.983333 0.000000
vt 0.333333 0.000000
vt 0.616667 0.000000
vt 0.991667 0.000000
vt 0.608333 0.000000
vt 1.000000 0.000000
vt 0.441667 0.000000
vt 0.341667 0.000000
vt 0.433333 0.000000
vt 0.350000 0.000000
vt 0.425000 0.000000
vt 0.358333 0.000000
vt 0.416667 0.000000
vt 0.366667 0.000000
vt 0.408333 0.000000
vt 0.375000 0.000000
vt 0.400000 0.000000
vt 0.383333 0.000000
vt 0.391667 0.000000
vt 0.000000 0.090909
vt 0.013699 0.090909
vt 0.013699 0.000000
vt 0.000000 0.181818
vt 0.013699 0.181818
vt 0.000000 0.272727
vt 0.013699 0.272727
vt 0.000000 0.363636
vt 0.013699 0.363636
vt 0.000000 0.454545
vt 0.013699 0.454545
vt 0.000000 0.545455
vt 0.013699 0.545455
vt 0.000000 0.636364
vt 0.013699 0.636364
vt 0.000000 0.727273
vt 0.013699 0.727273
vt 0.000000 0.818182
vt 0.013699 0.818182
vt 0.000000 0.909091
vt 0.013699 0.909091
vt 0.000000 1.000000
vt 0.013699 1.000000
vt 0.027397 0.090909
vt 0.027397 0.000000
vt 0.027397 0.181818
vt 0.027397 0.272727
vt 0.027397 0.363636
vt 0.027397 0.454545
vt 0.027397 0.545455
vt 0.027397 0.636364
vt 0.027397 0.727273
vt 0.027397 0.818182
vt 0.027397 0.909091
vt 0.027397 1.000000
vt 0.041096 0.090909
vt 0.041096 0.000000
vt 0.041096 0.181818
vt 0.041096 0.272727
vt 0.041096 0.363636
vt 0.041096 0.454545
vt 0.041096 0.545455
vt 0.041096 0.636364
vt 0.041096 0.727273
vt 0.041096 0.818182
vt 0.041096 0.909091
vt 0.041096 1.000000
vt 0.054795 0.090909
vt 0.054795 0.000000
vt 0.054795 0.181818
vt 0.054795 0.272727
vt 0.054795 0.363636
vt 0.054795 0.454545
vt 0.054795 0.545455
vt 0.054795 0.636364
vt 0.054795 0.727273
vt 0.054795 0.818182
vt 0.054795 0.909091
vt 0.054795 1.000000
vt 0.068493 0.090909
vt 0.068493 0.000000
vt 0.068493 0.181818
vt 0.068493 0.272727
vt 0.068493 0.363636
vt 0.068493 0.454545
vt 0.068493 0.545455
vt 0.068493 0.636364
vt 0.068493 0.727273
vt 0.068493 0.818182
vt 0.068493 0.909091
vt 0.068493 1.000000
vt 0.082192 0.090909
vt 0.082192 0.000000
vt 0.082192 0.181818
vt 0.082192 0.272727
vt 0.082192 0.363636
vt 0.082192 0.454545
vt 0.082192 0.545455
vt 0.082192 0.636364
vt 0.082192 0.727273
vt 0.082192 0.818182
vt 0.082192 0.909091
vt 0.082192 1.000000
vt 0.095890 0.090909
vt 0.095890 0.000000
vt 0.095890 0.181818
vt 0.095890 0.272727
vt 0.095890 0.363636
vt 0.095890 0.454545
vt 0.095890 0.545455
vt 0.095890 0.636364
vt 0.095890 0.727273
vt 0.095890 0.818182
vt 0.095890 0.909091
vt 0.095890 1.000000
vt 0.109589 0.090909
vt 0.109589 0.000000
vt 0.109589 0.181818
vt 0.109589 0.272727
vt 0.109589 0.363636
vt 0.109589 0.454545
vt 0.109589 0.545455
vt 0.109589 0.636364
vt 0.109589 0.727273
vt 0.109589 0.818182
vt 0.109589 0.909091
vt 0.109589 1.000000
vt 0.123288 0.090909
vt 0.123288 0.000000
vt 0.123288 0.181818
vt 0.123288 0.272727
vt 0.123288 0.363636
vt 0.123288 0.454545
vt 0.123288 0.545455
vt 0.123288 0.636364
vt 0.123288 0.727273
vt 0.123288 0.818182
vt 0.123288 0.909091
vt 0.123288 1.000000
vt 0.136986 0.090909
vt 0.136986 0.000000
vt 0.136986 0.181818
vt 0.136986 0.272727
vt 0.136986 0.363636
vt 0.136986 0.454545
vt 0.136986 0.545455
vt 0.136986 0.636364
vt 0.136986 0.727273
vt 0.136986 0.818182
vt 0.136986 0.909091
vt 0.136986 1.000000
vt 0.150685 0.090909
vt 0.150685 0.000000
vt 0.150685 0.181818
vt 0.150685 0.272727
vt 0.150685 0.363636
vt 0.150685 0.454545
vt 0.150685 0.545455
vt 0.150685 0.636364
vt 0.150685 0.727273
vt 0.150685 0.818182
vt 0.150685 0.909091
vt 0.150685 1.000000
vt 0.164384 0.090909
vt 0.164384 0.000000
vt 0.164384 0.181818
vt 0.164384 0.272727
vt 0.164384 0.363636
vt 0.164384 0.454545
vt 0.164384 0.545455
vt 0.164384 0.636364
vt 0.164384 0.727273
vt 0.164384 0.818182
vt 0.164384 0.909091
vt 0.164384 1.000000
vt 0.178082 0.090909
vt 0.178082 0.000000
vt 0.178082 0.181818
vt 0.178082 0.272727
vt 0.178082 0.363636
vt 0.178082 0.454545
vt 0.178082 0.545455
vt 0.178082 0.636364
vt 0.178082 0.727273
vt 0.178082 0.818182
vt 0.178082 0.909091
vt 0.178082 1.000000
vt 0.191781 0.090909
vt 0.191781 0.000000
vt 0.191781 0.181818
vt 0.191781 0.272727
vt 0.191781 0.363636
vt 0.191781 0.454545
vt 0.191781 0.545455
vt 0.191781 0.636364
vt 0.191781 0.727273
vt 0.191781 0.818182
vt 0.191781 0.909091
vt 0.191781 1.000000
vt 0.205479 0.090909
vt 0.205479 0.000000
vt 0.205479 0.181818
vt 0.205479 0.272727
vt 0.205479 0.363636
vt 0.205479 0.454545
vt 0.205479 0.545455
vt 0.205479 0.636364
vt 0.205479 0.727273
vt 0.205479 0.818182
vt 0.205479 0.909091
vt 0.205479 1.000000
vt 0.219178 0.090909
vt 0.219178 0.000000
vt 0.219178 0.181818
vt 0.219178 0.272727
vt 0.219178 0.363636
vt 0.219178 0.454545
vt 0.219178 0.545455
vt 0.219178 0.636364
vt 0.219178 0.727273
vt 0.219178 0.818182
vt 0.219178 0.909091
vt 0.219178 1.000000
vt 0.232877 0.090909
vt 0.232877 0.000000
vt 0.232877 0.181818
vt 0.232877 0.272727
vt 0.232877 0.363636
vt 0.232877 0.454545
vt 0.232877 0.545455
vt 0.232877 0.636364
vt 0.232877 0.727273
vt 0.232877 0.818182
vt 0.232877 0.909091
vt 0.232877 1.000000
vt 0.246575 0.090909
vt 0.246575 0.000000
vt 0.246575 0.181818
vt 0.246575 0.272727
vt 0.246575 0.363636
vt 0.246575 0.454545
vt 0.246575 0.545455
vt 0.246575 0.636364
vt 0.246575 0.727273
vt 0.246575 0.818182
vt 0.246575 0.909091
vt 0.246575 1.000000
vt 0.260274 0.090909
vt 0.260274 0.000000
vt 0.260274 0.181818
vt 0.260274 0.272727
vt 0.260274 0.363636
vt 0.260274 0.454545
vt 0.260274 0.545455
vt 0.260274 0.636364
vt 0.260274 0.727273
vt 0.260274 0.818182
vt 0.260274 0.909091
vt 0.260274 1.000000
vt 0.273973 0.090909
vt 0.273973 0.000000
vt 0.273973 0.181818
vt 0.273973 0.272727
vt 0.273973 0.363636
vt 0.273973 0.454545
vt 0.273973 0.545455
vt 0.273973 0.636364
vt 0.273973 0.727273
vt 0.273973 0.818182
vt 0.273973 0.909091
vt 0.273973 1.000000
vt 0.287671 0.090909
vt 0.287671 0.000000
vt 0.287671 0.181818
vt 0.287671 0.272727
vt 0.287671 0.363636
vt 0.287671 0.454545
vt 0.287671 0.545455
vt 0.287671 0.636364
vt 0.287671 0.727273
vt 0.287671 0.818182
vt 0.287671 0.909091
vt 0.287671 1.000000
vt 0.301370 0.090909
vt 0.301370 0.000000
vt 0.301370 0.181818
vt 0.301370 0.272727
vt 0.301370 0.363636
vt 0.301370 0.454545
vt 0.301370 0.545455
vt 0.301370 0.636364
vt 0.301370 0.727273
vt 0.301370 0.818182
vt 0.301370 0.909091
vt 0.301370 1.000000
vt 0.315068 0.090909
vt 0.315068 0.000000
vt 0.315068 0.181818
vt 0.315068 0.272727
vt 0.315068 0.363636
vt 0.315068 0.454545
vt 0.315068 0.545455
vt 0.315068 0.636364
vt 0.315068 0.727273
vt 0.315068 0.818182
vt 0.315068 0.909091
vt 0.315068 1.000000
vt 0.328767 0.090909
vt 0.328767 0.000000
vt 0.328767 0.181818
vt 0.328767 0.272727
vt 0.328767 0.363636
vt 0.328767 0.454545
vt 0.328767 0.545455
vt 0.328767 0.636364
vt 0.328767 0.727273
vt 0.328767 0.818182
vt 0.328767 0.909091
vt 0.328767 1.000000
vt 0.342466 0.090909
vt 0.342466 0.000000
vt 0.342466 0.181818
vt 0.342466 0.272727
vt 0.342466 0.363636
vt 0.342466 0.454545
vt 0.342466 0.545455
vt 0.342466 0.636364
vt 0.342466 0.727273
vt 0.342466 0.818182
vt 0.342466 0.909091
vt 0.342466 1.000000
vt 0.356164 0.090909
vt 0.356164 0.000000
vt 0.356164 0.181818
vt 0.356164 0.272727
vt 0.356164 0.363636
vt 0.356164 0.454545
vt 0.356164 0.545455
vt 0.356164 0.636364
vt 0.356164 0.727273
vt 0.356164 0.818182
vt 0.356164 0.909091
vt 0.356164 1.000000
vt 0.369863 0.090909
vt 0.369863 0.000000
vt 0.369863 0.181818
vt 0.369863 0.272727
vt 0.369863 0.363636
vt 0.369863 0.454545
vt 0.369863 0.545455
vt 0.369863 0.636364
vt 0.369863 0.727273
vt 0.369863 0.818182
vt 0.369863 0.909091
vt 0.369863 1.000000
vt 0.383562 0.090909
vt 0.383562 0.000000
vt 0.383562 0.181818
vt 0.383562 0.272727
vt 0.383562 0.363636
vt 0.383562 0.454545
vt 0.383562 0.545455
vt 0.383562 0.636364
vt 0.383562 0.727273
vt 0.383562 0.818182
vt 0.383562 0.909091
vt 0.383562 1.000000
vt 0.397260 0.090909
vt 0.397260 0.000000
vt 0.397260 0.181818
vt 0.397260 0.272727
vt 0.397260 0.363636
vt 0.397260 0.454545
vt 0.397260 0.545455
vt 0.397260 0.636364
vt 0.397260 0.727273
vt 0.397260 0.818182
vt 0.397260 0.909091
vt 0.397260 1.000000
vt 0.410959 0.090909
vt 0.410959 0.000000
vt 0.410959 0.181818
vt 0.410959 0.272727
vt 0.410959 0.363636
vt 0.410959 0.454545
vt 0.410959 0.545455
vt 0.410959 0.636364
vt 0.410959 0.727273
vt 0.410959 0.818182
vt 0.410959 0.909091
vt 0.410959 1.000000
vt 0.424658 0.090909
vt 0.424658 0.000000
vt 0.424658 0.181818
vt 0.424658 0.272727
vt 0.424658 0.363636
vt 0.424658 0.454545
vt 0.424658 0.545455
vt 0.424658 0.636364
vt 0.424658 0.727273
vt 0.424658 0.818182
vt 0.424658 0.909091
vt 0.424658 1.000000
vt 0.438356 0.090909
vt 0.438356 0.000000
vt 0.438356 0.181818
vt 0.438356 0.272727
vt 0.438356 0.363636
vt 0.438356 0.454545
vt 0.438356 0.545455
vt 0.438356 0.636364
vt 0.438356 0.727273
vt 0.438356 0.818182
vt 0.438356 0.909091
vt 0.438356 1.000000
vt 0.452055 0.090909
vt 0.452055 0.000000
vt 0.452055 0.181818
vt 0.452055 0.272727
vt 0.452055 0.363636
vt 0.452055 0.454545
vt 0.452055 0.545455
vt 0.452055 0.636364
vt 0.452055 0.727273
vt 0.452055 0.818182
vt 0.452055 0.909091
vt 0.452055 1.000000
vt 0.465753 0.090909
vt 0.465753 0.000000
vt 0.465753 0.181818
vt 0.465753 0.272727
vt 0.465753 0.363636
vt 0.465753 0.454545
vt 0.465753 0.545455
vt 0.465753 0.636364
vt 0.465753 0.727273
vt 0.465753 0.818182
vt 0.465753 0.909091
vt 0.465753 1.000000
vt 0.479452 0.090909
vt 0.479452 0.000000
vt 0.479452 0.181818
vt 0.479452 0.272727
vt 0.479452 0.363636
vt 0.479452 0.454545
vt 0.479452 0.545455
vt 0.479452 0.636364
vt 0.479452 0.727273
vt 0.479452 0.818182
vt 0.479452 0.909091
vt 0.479452 1.000000
vt 0.493151 0.090909
vt 0.493151 0.000000
vt 0.493151 0.181818
vt 0.493151 0.272727
vt 0.493151 0.363636
vt 0.493151 0.454545
vt 0.493151 0.545455
vt 0.493151 0.636364
vt 0.493151 0.727273
vt 0.493151 0.818182
vt 0.493151 0.909091
vt 0.493151 1.000000
vt 0.506849 0.090909
vt 0.506849 0.000000
vt 0.506849 0.181818
vt 0.506849 0.272727
vt 0.506849 0.363636
vt 0.506849 0.454545
vt 0.506849 0.545455
vt 0.506849 0.636364
vt 0.506849 0.727273
vt 0.506849 0.818182
vt 0.506849 0.909091
vt 0.506849 1.000000
vt 0.520548 0.090909
vt 0.520548 0.000000
vt 0.520548 0.181818
vt 0.520548 0.272727
vt 0.520548 0.363636
vt 0.520548 0.454545
vt 0.520548 0.545455
vt 0.520548 0.636364
vt 0.520548 0.727273
vt 0.520548 0.818182
vt 0.520548 0.909091
vt 0.520548 1.000000
vt 0.534247 0.090909
vt 0.534247 0.000000
vt 0.534247 0.181818
vt 0.534247 0.272727
vt 0.534247 0.363636
vt 0.534247 0.454545
vt 0.534247 0.545455
vt 0.534247 0.636364
vt 0.534247 0.727273
vt 0.534247 0.818182
vt 0.534247 0.909091
vt 0.534247 1.000000
vt 0.547945 0.090909
vt 0.547945 0.000000
vt 0.547945 0.181818
vt 0.547945 0.272727
vt 0.547945 0.363636
vt 0.547945 0.454545
vt 0.547945 0.545455
vt 0.547945 0.636364
vt 0.547945 0.727273
vt 0.547945 0.818182
vt 0.547945 0.909091
vt 0.547945 1.000000
vt 0.561644 0.090909
vt 0.561644 0.000000
vt 0.561644 0.181818
vt 0.561644 0.272727
vt 0.561644 0.363636
vt 0.561644 0.454545
vt 0.561644 0.545455
vt 0.561644 0.636364
vt 0.561644 0.727273
vt 0.561644 0.818182
vt 0.561644 0.909091
vt 0.561644 1.000000
vt 0.575342 0.090909
vt 0.575342 0.000000
vt 0.575342 0.181818
vt 0.575342 0.272727
vt 0.575342 0.363636
vt 0.575342 0.454545
vt 0.575342 0.545455
vt 0.575342 0.636364
vt 0.575342 0.727273
vt 0.575342 0.818182
vt 0.575342 0.909091
vt 0.575342 1.000000
vt 0.589041 0.090909
vt 0.589041 0.000000
vt 0.589041 0.181818
vt 0.589041 0.272727
vt 0.589041 0.363636
vt 0.589041 0.454545
vt 0.589041 0.545455
vt 0.589041 0.636364
vt 0.589041 0.727273
vt 0.589041 0.818182
vt 0.589041 0.909091
vt 0.589041 1.000000
vt 0.602740 0.090909
vt 0.602740 0.000000
vt 0.602740 0.181818
vt 0.602740 0.272727
vt 0.602740 0.363636
vt 0.602740 0.454545
vt 0.602740 0.545455
vt 0.602740 0.636364
vt 0.602740 0.727273
vt 0.602740 0.818182
vt 0.602740 0.909091
vt 0.602740 1.000000
vt 0.616438 0.090909
vt 0.616438 0.000000
vt 0.616438 0.181818
vt 0.616438 0.272727
vt 0.616438 0.363636
vt 0.616438 0.454545
vt 0.616438 0.545455
vt 0.616438 0.636364
vt 0.616438 0.727273
vt 0.616438 0.818182
vt 0.616438 0.909091
vt 0.616438 1.000000
vt 0.630137 0.090909
vt 0.630137 0.000000
vt 0.630137 0.181818
vt 0.630137 0.272727
vt 0.630137 0.363636
vt 0.630137 0.454545
vt 0.630137 0.545455
vt 0.630137 0.636364
vt 0.630137 0.727273
vt 0.630137 0.818182
vt 0.630137 0.909091
vt 0.630137 1.000000
vt 0.643836 0.090909
vt 0.643836 0.000000
vt 0.643836 0.181818
vt 0.643836 0.272727
vt 0.643836 0.363636
vt 0.643836 0.454545
vt 0.643836 0.545455
vt 0.643836 0.636364
vt 0.643836 0.727273
vt 0.643836 0.818182
vt 0.643836 0.909091
vt 0.643836 1.000000
vt 0.657534 0.090909
vt 0.657534 0.000000
vt 0.657534 0.181818
vt 0.657534 0.272727
vt 0.657534 0.363636
vt 0.657534 0.454545
vt 0.657534 0.545455
vt 0.657534 0.636364
vt 0.657534 0.727273
vt 0.657534 0.818182
vt 0.657534 0.909091
vt 0.657534 1.000000
vt 0.671233 0.090909
vt 0.671233 0.000000
vt 0.671233 0.181818
vt 0.671233 0.272727
vt 0.671233 0.363636
vt 0.671233 0.454545
vt 0.671233 0.545455
vt 0.671233 0.636364
vt 0.671233 0.727273
vt 0.671233 0.818182
vt 0.671233 0.909091
vt 0.671233 1.000000
vt 0.684932 0.090909
vt 0.684932 0.000000
vt 0.684932 0.181818
vt 0.684932 0.272727
vt 0.684932 0.363636
vt 0.684932 0.454545
vt 0.684932 0.545455
vt 0.684932 0.636364
vt 0.684932 0.727273
vt 0.684932 0.818182
vt 0.684932 0.909091
vt 0.684932 1.000000
vt 0.698630 0.090909
vt 0.698630 0.000000
vt 0.698630 0.181818
vt 0.698630 0.272727
vt 0.698630 0.363636
vt 0.698630 0.454545
vt 0.698630 0.545455
vt 0.698630 0.636364
vt 0.698630 0.727273
vt 0.698630 0.818182
vt 0.698630 0.909091
vt 0.698630 1.000000
vt 0.712329 0.090909
vt 0.712329 0.000000
vt 0.712329 0.181818
vt 0.712329 0.272727
vt 0.712329 0.363636
vt 0.712329 0.454545
vt 0.712329 0.545455
vt 0.712329 0.636364
vt 0.712329 0.727273
vt 0.712329 0.818182
vt 0.712329 0.909091
vt 0.712329 1.000000
vt 0.726027 0.090909
vt 0.726027 0.000000
vt 0.726027 0.181818
vt 0.726027 0.272727
vt 0.726027 0.363636
vt 0.726027 0.454545
vt 0.726027 0.545455
vt 0.726027 0.636364
vt 0.726027 0.727273
vt 0.726027 0.818182
vt 0.726027 0.909091
vt 0.726027 1.000000
vt 0.739726 0.090909
vt 0.739726 0.000000
vt 0.739726 0.181818
vt 0.739726 0.272727
vt 0.739726 0.363636
vt 0.739726 0.454545
vt 0.739726 0.545455
vt 0.739726 0.636364
vt 0.739726 0.727273
vt 0.739726 0.818182
vt 0.739726 0.909091
vt 0.739726 1.000000
vt 0.753425 0.090909
vt 0.753425 0.000000
vt 0.753425 0.181818
vt 0.753425 0.272727
vt 0.753425 0.363636
vt 0.753425 0.454545
vt 0.753425 0.545455
vt 0.753425 0.636364
vt 0.753425 0.727273
vt 0.753425 0.818182
vt 0.753425 0.909091
vt 0.753425 1.000000
vt 0.767123 0.090909
vt 0.767123 0.000000
vt 0.767123 0.181818
vt 0.767123 0.272727
vt 0.767123 0.363636
vt 0.767123 0.454545
vt 0.767123 0.545455
vt 0.767123 0.636364
vt 0.767123 0.727273
vt 0.767123 0.818182
vt 0.767123 0.909091
vt 0.767123 1.000000
vt 0.780822 0.090909
vt 0.780822 0.000000
vt 0.780822 0.181818
vt 0.780822 0.272727
vt 0.780822 0.363636
vt 0.780822 0.454545
vt 0.780822 0.545455
vt 0.780822 0.636364
vt 0.780822 0.727273
vt 0.780822 0.818182
vt 0.780822 0.909091
vt 0.780822 1.000000
vt 0.794521 0.090909
vt 0.794521 0.000000
vt 0.794521 0.181818
vt 0.794521 0.272727
vt 0.794521 0.363636
vt 0.794521 0.454545
vt 0.794521 0.545455
vt 0.794521 0.636364
vt 0.794521 0.727273
vt 0.794521 0.818182
vt 0.794521 0.909091
vt 0.794521 1.000000
vt 0.808219 0.090909
vt 0.808219 0.000000
vt 0.808219 0.181818
vt 0.808219 0.272727
vt 0.808219 0.363636
vt 0.808219 0.454545
vt 0.808219 0.545455
vt 0.808219 0.636364
vt 0.808219 0.727273
vt 0.808219 0.818182
vt 0.808219 0.909091
vt 0.808219 1.000000
vt 0.821918 0.090909
vt 0.821918 0.000000
vt 0.821918 0.181818
vt 0.821918 0.272727
vt 0.821918 0.363636
vt 0.821918 0.454545
vt 0.821918 0.545455
vt 0.821918 0.636364
vt 0.821918 0.727273
vt 0.821918 0.818182
vt 0.821918 0.909091
vt 0.821918 1.000000
vt 0.835616 0.090909
vt 0.835616 0.000000
vt 0.835616 0.181818
vt 0.835616 0.272727
vt 0.835616 0.363636
vt 0.835616 0.454545
vt 0.835616 0.545455
vt 0.835616 0.636364
vt 0.835616 0.727273
vt 0.835616 0.818182
vt 0.835616 0.909091
vt 0.835616 1.000000
vt 0.849315 0.090909
vt 0.849315 0.000000
vt 0.849315 0.181818
vt 0.849315 0.272727
vt 0.849315 0.363636
vt 0.849315 0.454545
vt 0.849315 0.545455
vt 0.849315 0.636364
vt 0.849315 0.727273
vt 0.849315 0.818182
vt 0.849315 0.909091
vt 0.849315 1.000000
vt 0.863014 0.090909
vt 0.863014 0.000000
vt 0.863014 0.181818
vt 0.863014 0.272727
vt 0.863014 0.363636
vt 0.863014 0.454545
vt 0.863014 0.545455
vt 0.863014 0.636364
vt 0.863014 0.727273
vt 0.863014 0.818182
vt 0.863014 0.909091
vt 0.863014 1.000000
vt 0.876712 0.090909
vt 0.876712 0.000000
vt 0.876712 0.181818
vt 0.876712 0.272727
vt 0.876712 0.363636
vt 0.876712 0.454545
vt 0.876712 0.545455
vt 0.876712 0.636364
vt 0.876712 0.727273
vt 0.876712 0.818182
vt 0.876712 0.909091
vt 0.876712 1.000000
vt 0.890411 0.090909
vt 0.890411 0.000000
vt 0.890411 0.181818
vt 0.890411 0.272727
vt 0.890411 0.363636
vt 0.890411 0.454545
vt 0.890411 0.545455
vt 0.890411 0.636364
vt 0.890411 0.727273
vt 0.890411 0.818182
vt 0.890411 0.909091
vt 0.890411 1.000000
vt 0.904110 0.090909
vt 0.904110 0.000000
vt 0.904110 0.181818
vt 0.904110 0.272727
vt 0.904110 0.363636
vt 0.904110 0.454545
vt 0.904110 0.545455
vt 0.904110 0.636364
vt 0.904110 0.727273
vt 0.904110 0.818182
vt 0.904110 0.909091
vt 0.904110 1.000000
vt 0.917808 0.090909
vt 0.917808 0.000000
vt 0.917808 0.181818
vt 0.917808 0.272727
vt 0.917808 0.363636
vt 0.917808 0.454545
vt 0.917808 0.545455
vt 0.917808 0.636364
vt 0.917808 0.727273
vt 0.917808 0.818182
vt 0.917808 0.909091
vt 0.917808 1.000000
vt 0.931507 0.090909
vt 0.931507 0.000000
vt 0.931507 0.181818
vt 0.931507 0.272727
vt 0.931507 0.363636
vt 0.931507 0.454545
vt 0.931507 0.545455
vt 0.931507 0.636364
vt 0.931507 0.727273
vt 0.931507 0.818182
vt 0.931507 0.909091
vt 0.931507 1.000000
vt 0.945205 0.090909
vt 0.945205 0.000000
vt 0.945205 0.181818
vt 0.945205 0.272727
vt 0.945205 0.363636
vt 0.945205 0.454545
vt 0.945205 0.545455
vt 0.945205 0.636364
vt 0.945205 0.727273
vt 0.945205 0.818182
vt 0.945205 0.909091
vt 0.945205 1.000000
vt 0.958904 0.090909
vt 0.958904 0.000000
vt 0.958904 0.181818
vt 0.958904 0.272727
vt 0.958904 0.363636
vt 0.958904 0.454545
vt 0.958904 0.545455
vt 0.958904 0.636364
vt 0.958904 0.727273
vt 0.958904 0.818182
vt 0.958904 0.909091
vt 0.958904 1.000000
vt 0.972603 0.090909
vt 0.972603 0.000000
vt 0.972603 0.181818
vt 0.972603 0.272727
vt 0.972603 0.363636
vt 0.972603 0.454545
vt 0.972603 0.545455
vt 0.972603 0.636364
vt 0.972603 0.727273
vt 0.972603 0.818182
vt 0.972603 0.909091
vt 0.972603 1.000000
vt 0.986301 0.090909
vt 0.986301 0.000000
vt 0.986301 0.181818
vt 0.986301 0.272727
vt 0.986301 0.363636
vt 0.986301 0.454545
vt 0.986301 0.545455
vt 0.986301 0.636364
vt 0.986301 0.727273
vt 0.986301 0.818182
vt 0.986301 0.909091
vt 0.986301 1.000000
vt 1.000000 0.090909
vt 1.000000 0.181818
vt 1.000000 0.272727
vt 1.000000 0.363636
vt 1.000000 0.454545
vt 1.000000 0.545455
vt 1.000000 0.636364
vt 1.000000 0.727273
vt 1.000000 0.818182
vt 1.000000 0.909091
vt 1.000000 1.000000
vt 0.020833 0.090909
vt 0.020833 0.000000
vt 0.020833 0.181818
vt 0.020833 0.272727
vt 0.020833 0.363636
vt 0.020833 0.454545
vt 0.020833 0.545455
vt 0.020833 0.636364
vt 0.020833 0.727273
vt 0.020833 0.818182
vt 0.020833 0.909091
vt 0.020833 1.000000
vt 0.041667 0.090909
vt 0.041667 0.181818
vt 0.041667 0.272727
vt 0.041667 0.363636
vt 0.041667 0.454545
vt 0.041667 0.545455
vt 0.041667 0.636364
vt 0.041667 0.727273
vt 0.041667 0.818182
vt 0.041667 0.909091
vt 0.041667 1.000000
vt 0.062500 0.090909
vt 0.062500 0.000000
vt 0.062500 0.181818
vt 0.062500 0.272727
vt 0.062500 0.363636
vt 0.062500 0.454545
vt 0.062500 0.545455
vt 0.062500 0.636364
vt 0.062500 0.727273
vt 0.062500 0.818182
vt 0.062500 0.909091
vt 0.062500 1.000000
vt 0.083333 0.090909
vt 0.083333 0.181818
vt 0.083333 0.272727
vt 0.083333 0.363636
vt 0.083333 0.454545
vt 0.083333 0.545455
vt 0.083333 0.636364
vt 0.083333 0.727273
vt 0.083333 0.818182
vt 0.083333 0.909091
vt 0.083333 1.000000
vt 0.104167 0.090909
vt 0.104167 0.000000
vt 0.104167 0.181818
vt 0.104167 0.272727
vt 0.104167 0.363636
vt 0.104167 0.454545
vt 0.104167 0.545455
vt 0.104167 0.636364
vt 0.104167 0.727273
vt 0.104167 0.818182
vt 0.104167 0.909091
vt 0.104167 1.000000
vt 0.125000 0.090909
vt 0.125000 0.181818
vt 0.125000 0.272727
vt 0.125000 0.363636
vt 0.125000 0.454545
vt 0.125000 0.545455
vt 0.125000 0.636364
vt 0.125000 0.727273
vt 0.125000 0.818182
vt 0.125000 0.909091
vt 0.125000 1.000000
vt 0.145833 0.090909
vt 0.145833 0.000000
vt 0.145833 0.181818
vt 0.145833 0.272727
vt 0.145833 0.363636
vt 0.145833 0.454545
vt 0.145833 0.545455
vt 0.145833 0.636364
vt 0.145833 0.727273
vt 0.145833 0.818182
vt 0.145833 0.909091
vt 0.145833 1.000000
vt 0.166667 0.090909
vt 0.166667 0.181818
vt 0.166667 0.272727
vt 0.166667 0.363636
vt 0.166667 0.454545
vt 0.166667 0.545455
vt 0.166667 0.636364
vt 0.166667 0.727273
vt 0.166667 0.818182
vt 0.166667 0.909091
vt 0.166667 1.000000
vt 0.187500 0.090909
vt 0.187500 0.000000
vt 0.187500 0.181818
vt 0.187500 0.272727
vt 0.187500 0.363636
vt 0.187500 0.454545
vt 0.187500 0.545455
vt 0.187500 0.636364
vt 0.187500 0.727273
vt 0.187500 0.818182
vt 0.187500 0.909091
vt 0.187500 1.000000
vt 0.208333 0.090909
vt 0.208333 0.181818
vt 0.208333 0.272727
vt 0.208333 0.363636
vt 0.208333 0.454545
vt 0.208333 0.545455
vt 0.208333 0.636364
vt 0.208333 0.727273
vt 0.208333 0.818182
vt 0.208333 0.909091
vt 0.208333 1.000000
vt 0.229167 0.090909
vt 0.229167 0.000000
vt 0.229167 0.181818
vt 0.229167 0.272727
vt 0.229167 0.363636
vt 0.229167 0.454545
vt 0.229167 0.545455
vt 0.229167 0.636364
vt 0.229167 0.727273
vt 0.229167 0.818182
vt 0.229167 0.909091
vt 0.229167 1.000000
vt 0.250000 0.090909
vt 0.250000 0.181818
vt 0.250000 0.272727
vt 0.250000 0.363636
vt 0.250000 0.454545
vt 0.250000 0.545455
vt 0.250000 0.636364
vt 0.250000 0.727273
vt 0.250000 0.818182
vt 0.250000 0.909091
vt 0.250000 1.000000
vt 0.270833 0.090909
vt 0.270833 0.000000
vt 0.270833 0.181818
vt 0.270833 0.272727
vt 0.270833 0.363636
vt 0.270833 0.454545
vt 0.270833 0.545455
vt 0.270833 0.636364
vt 0.270833 0.727273
vt 0.270833 0.818182
vt 0.270833 0.909091
vt 0.270833 1.000000
vt 0.291667 0.090909
vt 0.291667 0.181818
vt 0.291667 0.272727
vt 0.291667 0.363636
vt 0.291667 0.454545
vt 0.291667 0.545455
vt 0.291667 0.636364
vt 0.291667 0.727273
vt 0.291667 0.818182
vt 0.291667 0.909091
vt 0.291667 1.000000
vt 0.312500 0.090909
vt 0.312500 0.000000
vt 0.312500 0.181818
vt 0.312500 0.272727
vt 0.312500 0.363636
vt 0.312500 0.454545
vt 0.312500 0.545455
vt 0.312500 0.636364
vt 0.312500 0.727273
vt 0.312500 0.818182
vt 0.312500 0.909091
vt 0.312500 1.000000
vt 0.333333 0.090909
vt 0.333333 0.181818
vt 0.333333 0.272727
vt 0.333333 0.363636
vt 0.333333 0.454545
vt 0.333333 0.545455
vt 0.333333 0.636364
vt 0.333333 0.727273
vt 0.333333 0.818182
vt 0.333333 0.909091
vt 0.333333 1.000000
vt 0.354167 0.090909
vt 0.354167 0.000000
vt 0.354167 0.181818
vt 0.354167 0.272727
vt 0.354167 0.363636
vt 0.354167 0.454545
vt 0.354167 0.545455
vt 0.354167 0.636364
vt 0.354167 0.727273
vt 0.354167 0.818182
vt 0.354167 0.909091
vt 0.354167 1.000000
vt 0.375000 0.090909
vt 0.375000 0.181818
vt 0.375000 0.272727
vt 0.375000 0.363636
vt 0.375000 0.454545
vt 0.375000 0.545455
vt 0.375000 0.636364
vt 0.375000 0.727273
vt 0.375000 0.818182
vt 0.375000 0.909091
vt 0.375000 1.000000
vt 0.395833 0.090909
vt 0.395833 0.000000
vt 0.395833 0.181818
vt 0.395833 0.272727
vt 0.395833 0.363636
vt 0.395833 0.454545
vt 0.395833 0.545455
vt 0.395833 0.636364
vt 0.395833 0.727273
vt 0.395833 0.818182
vt 0.395833 0.909091
vt 0.395833 1.000000
vt 0.416667 0.090909
vt 0.416667 0.181818
vt 0.416667 0.272727
vt 0.416667 0.363636
vt 0.416667 0.454545
vt 0.416667 0.545455
vt 0.416667 0.636364
vt 0.416667 0.727273
vt 0.416667 0.818182
vt 0.416667 0.909091
vt 0.416667 1.000000
vt 0.437500 0.090909
vt 0.437500 0.000000
vt 0.437500 0.181818
vt 0.437500 0.272727
vt 0.437500 0.363636
vt 0.437500 0.454545
vt 0.437500 0.545455
vt 0.437500 0.636364
vt 0.437500 0.727273
vt 0.437500 0.818182
vt 0.437500 0.909091
vt 0.437500 1.000000
vt 0.458333 0.090909
vt 0.458333 0.181818
vt 0.458333 0.272727
vt 0.458333 0.363636
vt 0.458333 0.454545
vt 0.458333 0.545455
vt 0.458333 0.636364
vt 0.458333 0.727273
vt 0.458333 0.818182
vt 0.458333 0.909091
vt 0.458333 1.000000
vt 0.479167 0.090909
vt 0.479167 0.000000
vt 0.479167 0.181818
vt 0.479167 0.272727
vt 0.479167 0.363636
vt 0.479167 0.454545
vt 0.479167 0.545455
vt 0.479167 0.636364
vt 0.479167 0.727273
vt 0.479167 0.818182
vt 0.479167 0.909091
vt 0.479167 1.000000
vt 0.500000 0.090909
vt 0.500000 0.181818
vt 0.500000 0.272727
vt 0.500000 0.363636
vt 0.500000 0.454545
vt 0.500000 0.545455
vt 0.500000 0.636364
vt 0.500000 0.727273
vt 0.500000 0.818182
vt 0.500000 0.909091
vt 0.500000 1.000000
vt 0.520833 0.090909
vt 0.520833 0.000000
vt 0.520833 0.181818
vt 0.520833 0.272727
vt 0.520833 0.363636
vt 0.520833 0.454545
vt 0.520833 0.545455
vt 0.520833 0.636364
vt 0.520833 0.727273
vt 0.520833 0.818182
vt 0.520833 0.909091
vt 0.520833 1.000000
vt 0.541667 0.090909
vt 0.541667 0.181818
vt 0.541667 0.272727
vt 0.541667 0.363636
vt 0.541667 0.454545
vt 0.541667 0.545455
vt 0.541667 0.636364
vt 0.541667 0.727273
vt 0.541667 0.818182
vt 0.541667 0.909091
vt 0.541667 1.000000
vt 0.562500 0.090909
vt 0.562500 0.000000
vt 0.562500 0.181818
vt 0.562500 0.272727
vt 0.562500 0.363636
vt 0.562500 0.454545
vt 0.562500 0.545455
vt 0.562500 0.636364
vt 0.562500 0.727273
vt 0.562500 0.818182
vt 0.562500 0.909091
vt 0.562500 1.000000
vt 0.583333 0.090909
vt 0.583333 0.181818
vt 0.583333 0.272727
vt 0.583333 0.363636
vt 0.583333 0.454545
vt 0.583333 0.545455
vt 0.583333 0.636364
vt 0.583333 0.727273
vt 0.583333 0.818182
vt 0.583333 0.909091
vt 0.583333 1.000000
vt 0.604167 0.090909
vt 0.604167 0.000000
vt 0.604167 0.181818
vt 0.604167 0.272727
vt 0.604167 0.363636
vt 0.604167 0.454545
vt 0.604167 0.545455
vt 0.604167 0.636364
vt 0.604167 0.727273
vt 0.604167 0.818182
vt 0.604167 0.909091
vt 0.604167 1.000000
vt 0.625000 0.090909
vt 0.625000 0.181818
vt 0.625000 0.272727
vt 0.625000 0.363636
vt 0.625000 0.454545
vt 0.625000 0.545455
vt 0.625000 0.636364
vt 0.625000 0.727273
vt 0.625000 0.818182
vt 0.625000 0.909091
vt 0.625000 1.000000
vt 0.645833 0.090909
vt 0.645833 0.000000
vt 0.645833 0.181818
vt 0.645833 0.272727
vt 0.645833 0.363636
vt 0.645833 0.454545
vt 0.645833 0.545455
vt 0.645833 0.636364
vt 0.645833 0.727273
vt 0.645833 0.818182
vt 0.645833 0.909091
vt 0.645833 1.000000
vt 0.666667 0.090909
vt 0.666667 0.181818
vt 0.666667 0.272727
vt 0.666667 0.363636
vt 0.666667 0.454545
vt 0.666667 0.545455
vt 0.666667 0.636364
vt 0.666667 0.727273
vt 0.666667 0.818182
vt 0.666667 0.909091
vt 0.666667 1.000000
vt 0.687500 0.090909
vt 0.687500 0.000000
vt 0.687500 0.181818
vt 0.687500 0.272727
vt 0.687500 0.363636
vt 0.687500 0.454545
vt 0.687500 0.545455
vt 0.687500 0.636364
vt 0.687500 0.727273
vt 0.687500 0.818182
vt 0.687500 0.909091
vt 0.687500 1.000000
vt 0.708333 0.090909
vt 0.708333 0.181818
vt 0.708333 0.272727
vt 0.708333 0.363636
vt 0.708333 0.454545
vt 0.708333 0.545455
vt 0.708333 0.636364
vt 0.708333 0.727273
vt 0.708333 0.818182
vt 0.708333 0.909091
vt 0.708333 1.000000
vt 0.729167 0.090909
vt 0.729167 0.000000
vt 0.729167 0.181818
vt 0.729167 0.272727
vt 0.729167 0.363636
vt 0.729167 0.454545
vt 0.729167 0.545455
vt 0.729167 0.636364
vt 0.729167 0.727273
vt 0.729167 0.818182
vt 0.729167 0.909091
vt 0.729167 1.000000
vt 0.750000 0.090909
vt 0.750000 0.181818
vt 0.750000 0.272727
vt 0.750000 0.363636
vt 0.750000 0.454545
vt 0.750000 0.545455
vt 0.750000 0.636364
vt 0.750000 0.727273
vt 0.750000 0.818182
vt 0.750000 0.909091
vt 0.750000 1.000000
vt 0.770833 0.090909
vt 0.770833 0.000000
vt 0.770833 0.181818
vt 0.770833 0.272727
vt 0.770833 0.363636
vt 0.770833 0.454545
vt 0.770833 0.545455
vt 0.770833 0.636364
vt 0.770833 0.727273
vt 0.770833 0.818182
vt 0.770833 0.909091
vt 0.770833 1.000000
vt 0.791667 0.090909
vt 0.791667 0.181818
vt 0.791667 0.272727
vt 0.791667 0.363636
vt 0.791667 0.454545
vt 0.791667 0.545455
vt 0.791667 0.636364
vt 0.791667 0.727273
vt 0.791667 0.818182
vt 0.791667 0.909091
vt 0.791667 1.000000
vt 0.812500 0.090909
vt 0.812500 0.000000
vt 0.812500 0.181818
vt 0.812500 0.272727
vt 0.812500 0.363636
vt 0.812500 0.454545
vt 0.812500 0.545455
vt 0.812500 0.636364
vt 0.812500 0.727273
vt 0.812500 0.818182
vt 0.812500 0.909091
vt 0.812500 1.000000
vt 0.833333 0.090909
vt 0.833333 0.181818
vt 0.833333 0.272727
vt 0.833333 0.363636
vt 0.833333 0.454545
vt 0.833333 0.545455
vt 0.833333 0.636364
vt 0.833333 0.727273
vt 0.833333 0.818182
vt 0.833333 0.909091
vt 0.833333 1.000000
vt 0.854167 0.090909
vt 0.854167 0.000000
vt 0.854167 0.181818
vt 0.854167 0.272727
vt 0.854167 0.363636
vt 0.854167 0.454545
vt 0.854167 0.545455
vt 0.854167 0.636364
vt 0.854167 0.727273
vt 0.854167 0.818182
vt 0.854167 0.909091
vt 0.854167 1.000000
vt 0.875000 0.090909
vt 0.875000 0.181818
vt 0.875000 0.272727
vt 0.875000 0.363636
vt 0.875000 0.454545
vt 0.875000 0.545455
vt 0.875000 0.636364
vt 0.875000 0.727273
vt 0.875000 0.818182
vt 0.875000 0.909091
vt 0.875000 1.000000
vt 0.895833 0.090909
vt 0.895833 0.000000
vt 0.895833 0.181818
vt 0.895833 0.272727
vt 0.895833 0.363636
vt 0.895833 0.454545
vt 0.895833 0.545455
vt 0.895833 0.636364
vt 0.895833 0.727273
vt 0.895833 0.818182
vt 0.895833 0.909091
vt 0.895833 1.000000
vt 0.916667 0.090909
vt 0.916667 0.181818
vt 0.916667 0.272727
vt 0.916667 0.363636
vt 0.916667 0.454545
vt 0.916667 0.545455
vt 0.916667 0.636364
vt 0.916667 0.727273
vt 0.916667 0.818182
vt 0.916667 0.909091
vt 0.916667 1.000000
vt 0.937500 0.090909
vt 0.937500 0.000000
vt 0.937500 0.181818
vt 0.937500 0.272727
vt 0.937500 0.363636
vt 0.937500 0.454545
vt 0.937500 0.545455
vt 0.937500 0.636364
vt 0.937500 0.727273
vt 0.937500 0.818182
vt 0.937500 0.909091
vt 0.937500 1.000000
vt 0.958333 0.090909
vt 0.958333 0.181818
vt 0.958333 0.272727
vt 0.958333 0.363636
vt 0.958333 0.454545
vt 0.958333 0.545455
vt 0.958333 0.636364
vt 0.958333 0.727273
vt 0.958333 0.818182
vt 0.958333 0.909091
vt 0.958333 1.000000
vt 0.979167 0.090909
vt 0.979167 0.000000
vt 0.979167 0.181818
vt 0.979167 0.272727
vt 0.979167 0.363636
vt 0.979167 0.454545
vt 0.979167 0.545455
vt 0.979167 0.636364
vt 0.979167 0.727273
vt 0.979167 0.818182
vt 0.979167 0.909091
vt 0.979167 1.000000
s 0
usemtl Gold.006
f 71/1/1 73/2/1 72/3/1
f 70/4/1 73/2/1 71/1/1
f 69/5/1 73/2/1 70/4/1
f 69/5/1 1/6/1 73/2/1
f 69/5/1 2/7/1 1/6/1
f 68/8/1 2/7/1 69/5/1
f 68/8/1 3/9/1 2/7/1
f 68/8/1 4/10/1 3/9/1
f 67/11/1 4/10/1 68/8/1
f 67/11/1 5/12/1 4/10/1
f 67/11/1 6/13/1 5/12/1
f 66/14/1 6/13/1 67/11/1
f 66/14/1 7/15/1 6/13/1
f 66/14/1 8/16/1 7/15/1
f 65/17/1 8/16/1 66/14/1
f 65/17/1 9/18/1 8/16/1
f 64/19/1 9/18/1 65/17/1
f 64/19/1 10/20/1 9/18/1
f 64/19/1 11/21/1 10/20/1
f 63/22/1 11/21/1 64/19/1
f 23/23/1 25/24/1 24/25/1
f 22/26/1 25/24/1 23/23/1
f 21/27/1 25/24/1 22/26/1
f 21/27/1 26/28/1 25/24/1
f 20/29/1 26/28/1 21/27/1
f 19/30/1 26/28/1 20/29/1
f 63/22/1 12/31/1 11/21/1
f 18/32/1 26/28/1 19/30/1
f 18/32/1 27/33/1 26/28/1
f 17/34/1 27/33/1 18/32/1
f 16/35/1 27/33/1 17/34/1
f 15/36/1 27/33/1 16/35/1
f 15/36/1 28/37/1 27/33/1
f 14/38/1 28/37/1 15/36/1
f 13/39/1 28/37/1 14/38/1
f 12/31/1 28/37/1 13/39/1
f 12/31/1 29/40/1 28/37/1
f 63/22/1 29/40/1 12/31/1
f 62/41/1 29/40/1 63/22/1
f 62/41/1 30/42/1 29/40/1
f 62/41/1 31/43/1 30/42/1
f 61/44/1 100/45/1 62/41/1
f 100/45/1 99/46/1 62/41/1
f 99/46/1 31/43/1 62/41/1
f 99/46/1 98/47/1 31/43/1
f 98/47/1 97/48/1 31/43/1
f 97/48/1 32/49/1 31/43/1
f 96/50/1 32/49/1 97/48/1
f 95/51/1 32/49/1 96/50/1
f 61/44/1 101/52/1 100/45/1
f 61/44/1 102/53/1 101/52/1
f 94/54/1 32/49/1 95/51/1
f 94/54/1 33/55/1 32/49/1
f 61/44/1 103/56/1 102/53/1
f 61/44/1 104/57/1 103/56/1
f 93/58/1 33/55/1 94/54/1
f 61/44/1 105/59/1 104/57/1
f 92/60/1 33/55/1 93/58/1
f 61/44/1 106/61/1 105/59/1
f 61/44/1 107/62/1 106/61/1
f 91/63/1 33/55/1 92/60/1
f 61/44/1 108/64/1 107/62/1
f 60/65/1 108/64/1 61/44/1
f 91/63/1 34/66/1 33/55/1
f 60/65/1 109/67/1 108/64/1
f 90/68/1 34/66/1 91/63/1
f 60/65/1 110/69/1 109/67/1
f 89/70/1 34/66/1 90/68/1
f 88/71/1 34/66/1 89/70/1
f 88/71/1 35/72/1 34/66/1
f 60/65/1 111/73/1 110/69/1
f 87/74/1 35/72/1 88/71/1
f 59/75/1 111/73/1 60/65/1
f 86/76/1 35/72/1 87/74/1
f 86/76/1 36/77/1 35/72/1
f 59/75/1 112/78/1 111/73/1
f 85/79/1 36/77/1 86/76/1
f 58/80/1 112/78/1 59/75/1
f 84/81/1 36/77/1 85/79/1
f 84/81/1 37/82/1 36/77/1
f 58/80/1 113/83/1 112/78/1
f 83/84/1 37/82/1 84/81/1
f 58/80/1 114/85/1 113/83/1
f 83/84/1 38/86/1 37/82/1
f 57/87/1 114/85/1 58/80/1
f 82/88/1 38/86/1 83/84/1
f 81/89/1 38/86/1 82/88/1
f 57/87/1 115/90/1 114/85/1
f 81/89/1 39/91/1 38/86/1
f 80/92/1 39/91/1 81/89/1
f 56/93/1 115/90/1 57/87/1
f 56/93/1 116/94/1 115/90/1
f 79/95/1 39/91/1 80/92/1
f 56/93/1 117/96/1 116/94/1
f 79/95/1 40/97/1 39/91/1
f 78/98/1 40/97/1 79/95/1
f 55/99/1 117/96/1 56/93/1
f 55/99/1 118/100/1 117/96/1
f 77/101/1 40/97/1 78/98/1
f 76/102/1 40/97/1 77/101/1
f 55/99/1 119/103/1 118/100/1
f 76/102/1 41/104/1 40/97/1
f 75/105/1 41/104/1 76/102/1
f 55/99/1 120/106/1 119/103/1
f 74/107/1 41/104/1 75/105/1
f 55/99/1 121/108/1 120/106/1
f 121/108/1 41/104/1 74/107/1
f 55/99/1 41/104/1 121/108/1
f 54/109/1 41/104/1 55/99/1
f 54/109/1 42/110/1 41/104/1
f 53/111/1 42/110/1 54/109/1
f 53/111/1 43/112/1 42/110/1
f 52/113/1 43/112/1 53/111/1
f 52/113/1 44/114/1 43/112/1
f 51/115/1 44/114/1 52/113/1
f 51/115/1 45/116/1 44/114/1
f 50/117/1 45/116/1 51/115/1
f 50/117/1 46/118/1 45/116/1
f 49/119/1 46/118/1 50/117/1
f 49/119/1 47/120/1 46/118/1
f 48/121/1 47/120/1 49/119/1
f 192/1/2 193/3/2 194/2/2
f 191/4/2 192/1/2 194/2/2
f 190/5/2 191/4/2 194/2/2
f 190/5/2 194/2/2 122/6/2
f 190/5/2 122/6/2 123/7/2
f 189/8/2 190/5/2 123/7/2
f 189/8/2 123/7/2 124/9/2
f 189/8/2 124/9/2 125/10/2
f 188/11/2 189/8/2 125/10/2
f 188/11/2 125/10/2 126/12/2
f 188/11/2 126/12/2 127/13/2
f 187/14/2 188/11/2 127/13/2
f 187/14/2 127/13/2 128/15/2
f 187/14/2 128/15/2 129/16/2
f 186/17/2 187/14/2 129/16/2
f 186/17/2 129/16/2 130/18/2
f 185/19/2 186/17/2 130/18/2
f 185/19/2 130/18/2 131/20/2
f 185/19/2 131/20/2 132/21/2
f 184/22/2 185/19/2 132/21/2
f 144/23/2 145/25/2 146/24/2
f 143/26/2 144/23/2 146/24/2
f 142/27/2 143/26/2 146/24/2
f 142/27/2 146/24/2 147/28/2
f 141/29/2 142/27/2 147/28/2
f 140/30/2 141/29/2 147/28/2
f 184/22/2 132/21/2 133/31/2
f 139/32/2 140/30/2 147/28/2
f 139/32/2 147/28/2 148/33/2
f 138/34/2 139/32/2 148/33/2
f 137/35/2 138/34/2 148/33/2
f 136/36/2 137/35/2 148/33/2
f 136/36/2 148/33/2 149/37/2
f 135/38/2 136/36/2 149/37/2
f 134/39/2 135/38/2 149/37/2
f 133/31/2 134/39/2 149/37/2
f 133/31/2 149/37/2 150/40/2
f 184/22/2 133/31/2 150/40/2
f 183/41/2 184/22/2 150/40/2
f 183/41/2 150/40/2 151/42/2
f 183/41/2 151/42/2 152/43/2
f 182/44/2 183/41/2 221/45/2
f 221/45/2 183/41/2 220/46/2
f 220/46/2 183/41/2 152/43/2
f 220/46/2 152/43/2 219/47/2
f 219/47/2 152/43/2 218/48/2
f 218/48/2 152/43/2 153/49/2
f 217/50/2 218/48/2 153/49/2
f 216/51/2 217/50/2 153/49/2
f 182/44/2 221/45/2 222/52/2
f 182/44/2 222/52/2 223/53/2
f 215/54/2 216/51/2 153/49/2
f 215/54/2 153/49/2 154/55/2
f 182/44/2 223/53/2 224/56/2
f 182/44/2 224/56/2 225/57/2
f 214/58/2 215/54/2 154/55/2
f 182/44/2 225/57/2 226/59/2
f 213/60/2 214/58/2 154/55/2
f 182/44/2 226/59/2 227/61/2
f 182/44/2 227/61/2 228/62/2
f 212/63/2 213/60/2 154/55/2
f 182/44/2 228/62/2 229/64/2
f 181/65/2 182/44/2 229/64/2
f 212/63/2 154/55/2 155/66/2
f 181/65/2 229/64/2 230/67/2
f 211/68/2 212/63/2 155/66/2
f 181/65/2 230/67/2 231/69/2
f 210/70/2 211/68/2 155/66/2
f 209/71/2 210/70/2 155/66/2
f 209/71/2 155/66/2 156/72/2
f 181/65/2 231/69/2 232/73/2
f 208/74/2 209/71/2 156/72/2
f 180/75/2 181/65/2 232/73/2
f 207/76/2 208/74/2 156/72/2
f 207/76/2 156/72/2 157/77/2
f 180/75/2 232/73/2 233/78/2
f 206/79/2 207/76/2 157/77/2
f 179/80/2 180/75/2 233/78/2
f 205/81/2 206/79/2 157/77/2
f 205/81/2 157/77/2 158/82/2
f 179/80/2 233/78/2 234/83/2
f 204/84/2 205/81/2 158/82/2
f 179/80/2 234/83/2 235/85/2
f 204/84/2 158/82/2 159/86/2
f 178/87/2 179/80/2 235/85/2
f 203/88/2 204/84/2 159/86/2
f 202/89/2 203/88/2 159/86/2
f 178/87/2 235/85/2 236/90/2
f 202/89/2 159/86/2 160/91/2
f 201/92/2 202/89/2 160/91/2
f 177/93/2 178/87/2 236/90/2
f 177/93/2 236/90/2 237/94/2
f 200/95/2 201/92/2 160/91/2
f 177/93/2 237/94/2 238/96/2
f 200/95/2 160/91/2 161/97/2
f 199/98/2 200/95/2 161/97/2
f 176/99/2 177/93/2 238/96/2
f 176/99/2 238/96/2 239/100/2
f 198/101/2 199/98/2 161/97/2
f 197/102/2 198/101/2 161/97/2
f 176/99/2 239/100/2 240/103/2
f 197/102/2 161/97/2 162/104/2
f 196/105/2 197/102/2 162/104/2
f 176/99/2 240/103/2 241/106/2
f 195/107/2 196/105/2 162/104/2
f 176/99/2 241/106/2 242/108/2
f 242/108/2 195/107/2 162/104/2
f 176/99/2 242/108/2 162/104/2
f 175/109/2 176/99/2 162/104/2
f 175/109/2 162/104/2 163/110/2
f 174/111/2 175/109/2 163/110/2
f 174/111/2 163/110/2 164/112/2
f 173/113/2 174/111/2 164/112/2
f 173/113/2 164/112/2 165/114/2
f 172/115/2 173/113/2 165/114/2
f 172/115/2 165/114/2 166/116/2
f 171/117/2 172/115/2 166/116/2
f 171/117/2 166/116/2 167/118/2
f 170/119/2 171/117/2 167/118/2
f 170/119/2 167/118/2 168/120/2
f 169/121/2 170/119/2 168/120/2
s 1
f 244/122/3 256/123/4 255/124/5 243/6/6
f 245/125/7 257/126/8 256/123/4 244/122/3
f 246/127/9 258/128/10 257/126/8 245/125/7
f 247/129/11 259/130/12 258/128/10 246/127/9
f 248/131/13 260/132/14 259/130/12 247/129/11
f 249/133/15 261/134/16 260/132/14 248/131/13
f 250/135/17 262/136/18 261/134/16 249/133/15
f 251/137/19 263/138/20 262/136/18 250/135/17
f 252/139/21 264/140/22 263/138/20 251/137/19
f 253/141/23 265/142/24 264/140/22 252/139/21
f 254/143/25 266/144/26 265/142/24 253/141/23
f 256/123/4 268/145/27 267/146/28 255/124/5
f 257/126/8 269/147/29 268/145/27 256/123/4
f 258/128/10 270/148/30 269/147/29 257/126/8
f 259/130/12 271/149/31 270/148/30 258/128/10
f 260/132/14 272/150/32 271/149/31 259/130/12
f 261/134/16 273/151/33 272/150/32 260/132/14
f 262/136/18 274/152/34 273/151/33 261/134/16
f 263/138/20 275/153/35 274/152/34 262/136/18
f 264/140/22 276/154/36 275/153/35 263/138/20
f 265/142/24 277/155/37 276/154/36 264/140/22
f 266/144/26 278/156/38 277/155/37 265/142/24
f 268/145/27 280/157/39 279/158/40 267/146/28
f 269/147/29 281/159/41 280/157/39 268/145/27
f 270/148/30 282/160/42 281/159/41 269/147/29
f 271/149/31 283/161/43 282/160/42 270/148/30
f 272/150/32 284/162/44 283/161/43 271/149/31
f 273/151/33 285/163/45 284/162/44 272/150/32
f 274/152/34 286/164/46 285/163/45 273/151/33
f 275/153/35 287/165/47 286/164/46 274/152/34
f 276/154/36 288/166/48 287/165/47 275/153/35
f 277/155/37 289/167/49 288/166/48 276/154/36
f 278/156/38 290/168/50 289/167/49 277/155/37
f 280/157/39 292/169/51 291/170/52 279/158/40
f 281/159/41 293/171/53 292/169/51 280/157/39
f 282/160/42 294/172/54 293/171/53 281/159/41
f 283/161/43 295/173/55 294/172/54 282/160/42
f 284/162/44 296/174/56 295/173/55 283/161/43
f 285/163/45 297/175/57 296/174/56 284/162/44
f 286/164/46 298/176/58 297/175/57 285/163/45
f 287/165/47 299/177/59 298/176/58 286/164/46
f 288/166/48 300/178/60 299/177/59 287/165/47
f 289/167/49 301/179/61 300/178/60 288/166/48
f 290/168/50 302/180/62 301/179/61 289/167/49
f 292/169/51 304/181/63 303/182/64 291/170/52
f 293/171/53 305/183/65 304/181/63 292/169/51
f 294/172/54 306/184/66 305/183/65 293/171/53
f 295/173/55 307/185/67 306/184/66 294/172/54
f 296/174/56 308/186/68 307/185/67 295/173/55
f 297/175/57 309/187/69 308/186/68 296/174/56
f 298/176/58 310/188/70 309/187/69 297/175/57
f 299/177/59 311/189/71 310/188/70 298/176/58
f 300/178/60 312/190/72 311/189/71 299/177/59
f 301/179/61 313/191/73 312/190/72 300/178/60
f 302/180/62 314/192/74 313/191/73 301/179/61
f 304/181/63 316/193/75 315/194/76 303/182/64
f 305/183/65 317/195/77 316/193/75 304/181/63
f 306/184/66 318/196/78 317/195/77 305/183/65
f 307/185/67 319/197/79 318/196/78 306/184/66
f 308/186/68 320/198/80 319/197/79 307/185/67
f 309/187/69 321/199/81 320/198/80 308/186/68
f 310/188/70 322/200/82 321/199/81 309/187/69
f 311/189/71 323/201/83 322/200/82 310/188/70
f 312/190/72 324/202/84 323/201/83 311/189/71
f 313/191/73 325/203/85 324/202/84 312/190/72
f 314/192/74 326/204/86 325/203/85 313/191/73
f 316/193/75 328/205/87 327/206/88 315/194/76
f 317/195/77 329/207/89 328/205/87 316/193/75
f 318/196/78 330/208/90 329/207/89 317/195/77
f 319/197/79 331/209/91 330/208/90 318/196/78
f 320/198/80 332/210/92 331/209/91 319/197/79
f 321/199/81 333/211/93 332/210/92 320/198/80
f 322/200/82 334/212/94 333/211/93 321/199/81
f 323/201/83 335/213/95 334/212/94 322/200/82
f 324/202/84 336/214/96 335/213/95 323/201/83
f 325/203/85 337/215/97 336/214/96 324/202/84
f 326/204/86 338/216/98 337/215/97 325/203/85
f 328/205/87 340/217/99 339/218/100 327/206/88
f 329/207/89 341/219/101 340/217/99 328/205/87
f 330/208/90 342/220/102 341/219/101 329/207/89
f 331/209/91 343/221/103 342/220/102 330/208/90
f 332/210/92 344/222/104 343/221/103 331/209/91
f 333/211/93 345/223/105 344/222/104 332/210/92
f 334/212/94 346/224/106 345/223/105 333/211/93
f 335/213/95 347/225/107 346/224/106 334/212/94
f 336/214/96 348/226/108 347/225/107 335/213/95
f 337/215/97 349/227/109 348/226/108 336/214/96
f 338/216/98 350/228/110 349/227/109 337/215/97
f 340/217/99 352/229/111 351/230/112 339/218/100
f 341/219/101 353/231/113 352/229/111 340/217/99
f 342/220/102 354/232/114 353/231/113 341/219/101
f 343/221/103 355/233/115 354/232/114 342/220/102
f 344/222/104 356/234/116 355/233/115 343/221/103
f 345/223/105 357/235/117 356/234/116 344/222/104
f 346/224/106 358/236/118 357/235/117 345/223/105
f 347/225/107 359/237/119 358/236/118 346/224/106
f 348/226/108 360/238/120 359/237/119 347/225/107
f 349/227/109 361/239/121 360/238/120 348/226/108
f 350/228/110 362/240/122 361/239/121 349/227/109
f 352/229/111 364/241/123 363/242/124 351/230/112
f 353/231/113 365/243/125 364/241/123 352/229/111
f 354/232/114 366/244/126 365/243/125 353/231/113
f 355/233/115 367/245/127 366/244/126 354/232/114
f 356/234/116 368/246/128 367/245/127 355/233/115
f 357/235/117 369/247/129 368/246/128 356/234/116
f 358/236/118 370/248/130 369/247/129 357/235/117
f 359/237/119 371/249/131 370/248/130 358/236/118
f 360/238/120 372/250/132 371/249/131 359/237/119
f 361/239/121 373/251/133 372/250/132 360/238/120
f 362/240/122 374/252/134 373/251/133 361/239/121
f 364/241/123 376/253/135 375/254/136 363/242/124
f 365/243/125 377/255/137 376/253/135 364/241/123
f 366/244/126 378/256/138 377/255/137 365/243/125
f 367/245/127 379/257/139 378/256/138 366/244/126
f 368/246/128 380/258/140 379/257/139 367/245/127
f 369/247/129 381/259/141 380/258/140 368/246/128
f 370/248/130 382/260/142 381/259/141 369/247/129
f 371/249/131 383/261/143 382/260/142 370/248/130
f 372/250/132 384/262/144 383/261/143 371/249/131
f 373/251/133 385/263/145 384/262/144 372/250/132
f 374/252/134 386/264/146 385/263/145 373/251/133
f 376/253/135 388/265/147 387/266/148 375/254/136
f 377/255/137 389/267/149 388/265/147 376/253/135
f 378/256/138 390/268/150 389/267/149 377/255/137
f 379/257/139 391/269/151 390/268/150 378/256/138
f 380/258/140 392/270/152 391/269/151 379/257/139
f 381/259/141 393/271/153 392/270/152 380/258/140
f 382/260/142 394/272/154 393/271/153 381/259/141
f 383/261/143 395/273/155 394/272/154 382/260/142
f 384/262/144 396/274/156 395/273/155 383/261/143
f 385/263/145 397/275/157 396/274/156 384/262/144
f 386/264/146 398/276/158 397/275/157 385/263/145
f 388/265/147 400/277/159 399/278/160 387/266/148
f 389/267/149 401/279/161 400/277/159 388/265/147
f 390/268/150 402/280/162 401/279/161 389/267/149
f 391/269/151 403/281/163 402/280/162 390/268/150
f 392/270/152 404/282/164 403/281/163 391/269/151
f 393/271/153 405/283/165 404/282/164 392/270/152
f 394/272/154 406/284/166 405/283/165 393/271/153
f 395/273/155 407/285/167 406/284/166 394/272/154
f 396/274/156 408/286/168 407/285/167 395/273/155
f 397/275/157 409/287/169 408/286/168 396/274/156
f 398/276/158 410/288/170 409/287/169 397/275/157
f 400/277/159 412/289/171 411/290/172 399/278/160
f 401/279/161 413/291/173 412/289/171 400/277/159
f 402/280/162 414/292/174 413/291/173 401/279/161
f 403/281/163 415/293/175 414/292/174 402/280/162
f 404/282/164 416/294/176 415/293/175 403/281/163
f 405/283/165 417/295/177 416/294/176 404/282/164
f 406/284/166 418/296/178 417/295/177 405/283/165
f 407/285/167 419/297/179 418/296/178 406/284/166
f 408/286/168 420/298/180 419/297/179 407/285/167
f 409/287/169 421/299/181 420/298/180 408/286/168
f 410/288/170 422/300/182 421/299/181 409/287/169
f 412/289/171 424/301/183 423/302/184 411/290/172
f 413/291/173 425/303/185 424/301/183 412/289/171
f 414/292/174 426/304/186 425/303/185 413/291/173
f 415/293/175 427/305/187 426/304/186 414/292/174
f 416/294/176 428/306/188 427/305/187 415/293/175
f 417/295/177 429/307/189 428/306/188 416/294/176
f 418/296/178 430/308/190 429/307/189 417/295/177
f 419/297/179 431/309/191 430/308/190 418/296/178
f 420/298/180 432/310/192 431/309/191 419/297/179
f 421/299/181 433/311/193 432/310/192 420/298/180
f 422/300/182 434/312/194 433/311/193 421/299/181
f 424/301/183 436/313/195 435/314/196 423/302/184
f 425/303/185 437/315/197 436/313/195 424/301/183
f 426/304/186 438/316/198 437/315/197 425/303/185
f 427/305/187 439/317/199 438/316/198 426/304/186
f 428/306/188 440/318/200 439/317/199 427/305/187
f 429/307/189 441/319/201 440/318/200 428/306/188
f 430/308/190 442/320/202 441/319/201 429/307/189
f 431/309/191 443/321/203 442/320/202 430/308/190
f 432/310/192 444/322/204 443/321/203 431/309/191
f 433/311/193 445/323/205 444/322/204 432/310/192
f 434/312/194 446/324/206 445/323/205 433/311/193
f 436/313/195 448/325/207 447/326/208 435/314/196
f 437/315/197 449/327/209 448/325/207 436/313/195
f 438/316/198 450/328/210 449/327/209 437/315/197
f 439/317/199 451/329/211 450/328/210 438/316/198
f 440/318/200 452/330/212 451/329/211 439/317/199
f 441/319/201 453/331/213 452/330/212 440/318/200
f 442/320/202 454/332/214 453/331/213 441/319/201
f 443/321/203 455/333/215 454/332/214 442/320/202
f 444/322/204 456/334/216 455/333/215 443/321/203
f 445/323/205 457/335/217 456/334/216 444/322/204
f 446/324/206 458/336/218 457/335/217 445/323/205
f 448/325/207 460/337/219 459/338/220 447/326/208
f 449/327/209 461/339/221 460/337/219 448/325/207
f 450/328/210 462/340/222 461/339/221 449/327/209
f 451/329/211 463/341/223 462/340/222 450/328/210
f 452/330/212 464/342/224 463/341/223 451/329/211
f 453/331/213 465/343/225 464/342/224 452/330/212
f 454/332/214 466/344/226 465/343/225 453/331/213
f 455/333/215 467/345/227 466/344/226 454/332/214
f 456/334/216 468/346/228 467/345/227 455/333/215
f 457/335/217 469/347/229 468/346/228 456/334/216
f 458/336/218 470/348/230 469/347/229 457/335/217
f 460/337/219 472/349/231 471/350/232 459/338/220
f 461/339/221 473/351/233 472/349/231 460/337/219
f 462/340/222 474/352/234 473/351/233 461/339/221
f 463/341/223 475/353/235 474/352/234 462/340/222
f 464/342/224 476/354/236 475/353/235 463/341/223
f 465/343/225 477/355/237 476/354/236 464/342/224
f 466/344/226 478/356/238 477/355/237 465/343/225
f 467/345/227 479/357/239 478/356/238 466/344/226
f 468/346/228 480/358/240 479/357/239 467/345/227
f 469/347/229 481/359/241 480/358/240 468/346/228
f 470/348/230 482/360/242 481/359/241 469/347/229
f 472/349/231 484/361/243 483/362/244 471/350/232
f 473/351/233 485/363/245 484/361/243 472/349/231
f 474/352/234 486/364/246 485/363/245 473/351/233
f 475/353/235 487/365/247 486/364/246 474/352/234
f 476/354/236 488/366/248 487/365/247 475/353/235
f 477/355/237 489/367/249 488/366/248 476/354/236
f 478/356/238 490/368/250 489/367/249 477/355/237
f 479/357/239 491/369/251 490/368/250 478/356/238
f 480/358/240 492/370/252 491/369/251 479/357/239
f 481/359/241 493/371/253 492/370/252 480/358/240
f 482/360/242 494/372/254 493/371/253 481/359/241
f 484/361/243 496/373/255 495/374/256 483/362/244
f 485/363/245 497/375/257 496/373/255 484/361/243
f 486/364/246 498/376/258 497/375/257 485/363/245
f 487/365/247 499/377/259 498/376/258 486/364/246
f 488/366/248 500/378/260 499/377/259 487/365/247
f 489/367/249 501/379/261 500/378/260 488/366/248
f 490/368/250 502/380/262 501/379/261 489/367/249
f 491/369/251 503/381/263 502/380/262 490/368/250
f 492/370/252 504/382/264 503/381/263 491/369/251
f 493/371/253 505/383/265 504/382/264 492/370/252
f 494/372/254 506/384/266 505/383/265 493/371/253
f 496/373/255 508/385/267 507/386/268 495/374/256
f 497/375/257 509/387/269 508/385/267 496/373/255
f 498/376/258 510/388/270 509/387/269 497/375/257
f 499/377/259 511/389/271 510/388/270 498/376/258
f 500/378/260 512/390/272 511/389/271 499/377/259
f 501/379/261 513/391/273 512/390/272 500/378/260
f 502/380/262 514/392/274 513/391/273 501/379/261
f 503/381/263 515/393/275 514/392/274 502/380/262
f 504/382/264 516/394/276 515/393/275 503/381/263
f 505/383/265 517/395/277 516/394/276 504/382/264
f 506/384/266 518/396/278 517/395/277 505/383/265
f 508/385/267 520/397/279 519/398/280 507/386/268
f 509/387/269 521/399/281 520/397/279 508/385/267
f 510/388/270 522/400/282 521/399/281 509/387/269
f 511/389/271 523/401/283 522/400/282 510/388/270
f 512/390/272 524/402/284 523/401/283 511/389/271
f 513/391/273 525/403/285 524/402/284 512/390/272
f 514/392/274 526/404/286 525/403/285 513/391/273
f 515/393/275 527/405/287 526/404/286 514/392/274
f 516/394/276 528/406/288 527/405/287 515/393/275
f 517/395/277 529/407/289 528/406/288 516/394/276
f 518/396/278 530/408/290 529/407/289 517/395/277
f 520/397/279 532/409/291 531/410/292 519/398/280
f 521/399/281 533/411/293 532/409/291 520/397/279
f 522/400/282 534/412/294 533/411/293 521/399/281
f 523/401/283 535/413/295 534/412/294 522/400/282
f 524/402/284 536/414/296 535/413/295 523/401/283
f 525/403/285 537/415/297 536/414/296 524/402/284
f 526/404/286 538/416/298 537/415/297 525/403/285
f 527/405/287 539/417/299 538/416/298 526/404/286
f 528/406/288 540/418/300 539/417/299 527/405/287
f 529/407/289 541/419/301 540/418/300 528/406/288
f 530/408/290 542/420/302 541/419/301 529/407/289
f 532/409/291 544/421/303 543/422/304 531/410/292
f 533/411/293 545/423/305 544/421/303 532/409/291
f 534/412/294 546/424/306 545/423/305 533/411/293
f 535/413/295 547/425/307 546/424/306 534/412/294
f 536/414/296 548/426/308 547/425/307 535/413/295
f 537/415/297 549/427/309 548/426/308 536/414/296
f 538/416/298 550/428/310 549/427/309 537/415/297
f 539/417/299 551/429/311 550/428/310 538/416/298
f 540/418/300 552/430/312 551/429/311 539/417/299
f 541/419/301 553/431/313 552/430/312 540/418/300
f 542/420/302 554/432/314 553/431/313 541/419/301
f 544/421/303 556/433/315 555/434/316 543/422/304
f 545/423/305 557/435/317 556/433/315 544/421/303
f 546/424/306 558/436/318 557/435/317 545/423/305
f 547/425/307 559/437/319 558/436/318 546/424/306
f 548/426/308 560/438/320 559/437/319 547/425/307
f 549/427/309 561/439/321 560/438/320 548/426/308
f 550/428/310 562/440/322 561/439/321 549/427/309
f 551/429/311 563/441/323 562/440/322 550/428/310
f 552/430/312 564/442/324 563/441/323 551/429/311
f 553/431/313 565/443/325 564/442/324 552/430/312
f 554/432/314 566/444/326 565/443/325 553/431/313
f 556/433/315 568/445/327 567/446/328 555/434/316
f 557/435/317 569/447/329 568/445/327 556/433/315
f 558/436/318 570/448/330 569/447/329 557/435/317
f 559/437/319 571/449/331 570/448/330 558/436/318
f 560/438/320 572/450/332 571/449/331 559/437/319
f 561/439/321 573/451/333 572/450/332 560/438/320
f 562/440/322 574/452/334 573/451/333 561/439/321
f 563/441/323 575/453/335 574/452/334 562/440/322
f 564/442/324 576/454/336 575/453/335 563/441/323
f 565/443/325 577/455/337 576/454/336 564/442/324
f 566/444/326 578/456/338 577/455/337 565/443/325
f 568/445/327 580/457/339 579/458/340 567/446/328
f 569/447/329 581/459/341 580/457/339 568/445/327
f 570/448/330 582/460/342 581/459/341 569/447/329
f 571/449/331 583/461/343 582/460/342 570/448/330
f 572/450/332 584/462/344 583/461/343 571/449/331
f 573/451/333 585/463/345 584/462/344 572/450/332
f 574/452/334 586/464/346 585/463/345 573/451/333
f 575/453/335 587/465/347 586/464/346 574/452/334
f 576/454/336 588/466/348 587/465/347 575/453/335
f 577/455/337 589/467/349 588/466/348 576/454/336
f 578/456/338 590/468/350 589/467/349 577/455/337
f 580/457/339 592/469/351 591/470/352 579/458/340
f 581/459/341 593/471/353 592/469/351 580/457/339
f 582/460/342 594/472/354 593/471/353 581/459/341
f 583/461/343 595/473/355 594/472/354 582/460/342
f 584/462/344 596/474/356 595/473/355 583/461/343
f 585/463/345 597/475/357 596/474/356 584/462/344
f 586/464/346 598/476/358 597/475/357 585/463/345
f 587/465/347 599/477/359 598/476/358 586/464/346
f 588/466/348 600/478/360 599/477/359 587/465/347
f 589/467/349 601/479/361 600/478/360 588/466/348
f 590/468/350 602/480/362 601/479/361 589/467/349
f 592/469/351 604/481/363 603/482/364 591/470/352
f 593/471/353 605/483/365 604/481/363 592/469/351
f 594/472/354 606/484/366 605/483/365 593/471/353
f 595/473/355 607/485/367 606/484/366 594/472/354
f 596/474/356 608/486/368 607/485/367 595/473/355
f 597/475/357 609/487/369 608/486/368 596/474/356
f 598/476/358 610/488/370 609/487/369 597/475/357
f 599/477/359 611/489/371 610/488/370 598/476/358
f 600/478/360 612/490/372 611/489/371 599/477/359
f 601/479/361 613/491/373 612/490/372 600/478/360
f 602/480/362 614/492/374 613/491/373 601/479/361
f 604/481/363 616/493/375 615/494/376 603/482/364
f 605/483/365 617/495/377 616/493/375 604/481/363
f 606/484/366 618/496/378 617/495/377 605/483/365
f 607/485/367 619/497/379 618/496/378 606/484/366
f 608/486/368 620/498/380 619/497/379 607/485/367
f 609/487/369 621/499/381 620/498/380 608/486/368
f 610/488/370 622/500/382 621/499/381 609/487/369
f 611/489/371 623/501/383 622/500/382 610/488/370
f 612/490/372 624/502/384 623/501/383 611/489/371
f 613/491/373 625/503/385 624/502/384 612/490/372
f 614/492/374 626/504/386 625/503/385 613/491/373
f 616/493/375 628/505/387 627/506/388 615/494/376
f 617/495/377 629/507/389 628/505/387 616/493/375
f 618/496/378 630/508/390 629/507/389 617/495/377
f 619/497/379 631/509/391 630/508/390 618/496/378
f 620/498/380 632/510/392 631/509/391 619/497/379
f 621/499/381 633/511/393 632/510/392 620/498/380
f 622/500/382 634/512/394 633/511/393 621/499/381
f 623/501/383 635/513/395 634/512/394 622/500/382
f 624/502/384 636/514/396 635/513/395 623/501/383
f 625/503/385 637/515/397 636/514/396 624/502/384
f 626/504/386 638/516/398 637/515/397 625/503/385
f 628/505/387 640/517/399 639/518/400 627/506/388
f 629/507/389 641/519/401 640/517/399 628/505/387
f 630/508/390 642/520/402 641/519/401 629/507/389
f 631/509/391 643/521/403 642/520/402 630/508/390
f 632/510/392 644/522/404 643/521/403 631/509/391
f 633/511/393 645/523/405 644/522/404 632/510/392
f 634/512/394 646/524/406 645/523/405 633/511/393
f 635/513/395 647/525/407 646/524/406 634/512/394
f 636/514/396 648/526/408 647/525/407 635/513/395
f 637/515/397 649/527/409 648/526/408 636/514/396
f 638/516/398 650/528/410 649/527/409 637/515/397
f 640/517/399 652/529/411 651/530/412 639/518/400
f 641/519/401 653/531/413 652/529/411 640/517/399
f 642/520/402 654/532/414 653/531/413 641/519/401
f 643/521/403 655/533/415 654/532/414 642/520/402
f 644/522/404 656/534/416 655/533/415 643/521/403
f 645/523/405 657/535/417 656/534/416 644/522/404
f 646/524/406 658/536/418 657/535/417 645/523/405
f 647/525/407 659/537/419 658/536/418 646/524/406
f 648/526/408 660/538/420 659/537/419 647/525/407
f 649/527/409 661/539/421 660/538/420 648/526/408
f 650/528/410 662/540/422 661/539/421 649/527/409
f 652/529/411 664/541/423 663/542/424 651/530/412
f 653/531/413 665/543/425 664/541/423 652/529/411
f 654/532/414 666/544/426 665/543/425 653/531/413
f 655/533/415 667/545/427 666/544/426 654/532/414
f 656/534/416 668/546/428 667/545/427 655/533/415
f 657/535/417 669/547/429 668/546/428 656/534/416
f 658/536/418 670/548/430 669/547/429 657/535/417
f 659/537/419 671/549/431 670/548/430 658/536/418
f 660/538/420 672/550/432 671/549/431 659/537/419
f 661/539/421 673/551/433 672/550/432 660/538/420
f 662/540/422 674/552/434 673/551/433 661/539/421
f 664/541/423 676/553/435 675/554/436 663/542/424
f 665/543/425 677/555/437 676/553/435 664/541/423
f 666/544/426 678/556/438 677/555/437 665/543/425
f 667/545/427 679/557/439 678/556/438 666/544/426
f 668/546/428 680/558/440 679/557/439 667/545/427
f 669/547/429 681/559/441 680/558/440 668/546/428
f 670/548/430 682/560/442 681/559/441 669/547/429
f 671/549/431 683/561/443 682/560/442 670/548/430
f 672/550/432 684/562/444 683/561/443 671/549/431
f 673/551/433 685/563/445 684/562/444 672/550/432
f 674/552/434 686/564/446 685/563/445 673/551/433
f 676/553/435 688/565/447 687/566/448 675/554/436
f 677/555/437 689/567/449 688/565/447 676/553/435
f 678/556/438 690/568/450 689/567/449 677/555/437
f 679/557/439 691/569/451 690/568/450 678/556/438
f 680/558/440 692/570/452 691/569/451 679/557/439
f 681/559/441 693/571/453 692/570/452 680/558/440
f 682/560/442 694/572/454 693/571/453 681/559/441
f 683/561/443 695/573/455 694/572/454 682/560/442
f 684/562/444 696/574/456 695/573/455 683/561/443
f 685/563/445 697/575/457 696/574/456 684/562/444
f 686/564/446 698/576/458 697/575/457 685/563/445
f 688/565/447 700/577/459 699/578/460 687/566/448
f 689/567/449 701/579/461 700/577/459 688/565/447
f 690/568/450 702/580/462 701/579/461 689/567/449
f 691/569/451 703/581/463 702/580/462 690/568/450
f 692/570/452 704/582/464 703/581/463 691/569/451
f 693/571/453 705/583/465 704/582/464 692/570/452
f 694/572/454 706/584/466 705/583/465 693/571/453
f 695/573/455 707/585/467 706/584/466 694/572/454
f 696/574/456 708/586/468 707/585/467 695/573/455
f 697/575/457 709/587/469 708/586/468 696/574/456
f 698/576/458 710/588/470 709/587/469 697/575/457
f 700/577/459 712/589/471 711/590/472 699/578/460
f 701/579/461 713/591/473 712/589/471 700/577/459
f 702/580/462 714/592/474 713/591/473 701/579/461
f 703/581/463 715/593/475 714/592/474 702/580/462
f 704/582/464 716/594/476 715/593/475 703/581/463
f 705/583/465 717/595/477 716/594/476 704/582/464
f 706/584/466 718/596/478 717/595/477 705/583/465
f 707/585/467 719/597/479 718/596/478 706/584/466
f 708/586/468 720/598/480 719/597/479 707/585/467
f 709/587/469 721/599/481 720/598/480 708/586/468
f 710/588/470 722/600/482 721/599/481 709/587/469
f 712/589/471 724/601/483 723/602/484 711/590/472
f 713/591/473 725/603/485 724/601/483 712/589/471
f 714/592/474 726/604/486 725/603/485 713/591/473
f 715/593/475 727/605/487 726/604/486 714/592/474
f 716/594/476 728/606/488 727/605/487 715/593/475
f 717/595/477 729/607/489 728/606/488 716/594/476
f 718/596/478 730/608/490 729/607/489 717/595/477
f 719/597/479 731/609/491 730/608/490 718/596/478
f 720/598/480 732/610/492 731/609/491 719/597/479
f 721/599/481 733/611/493 732/610/492 720/598/480
f 722/600/482 734/612/494 733/611/493 721/599/481
f 724/601/483 736/613/495 735/614/496 723/602/484
f 725/603/485 737/615/497 736/613/495 724/601/483
f 726/604/486 738/616/498 737/615/497 725/603/485
f 727/605/487 739/617/499 738/616/498 726/604/486
f 728/606/488 740/618/500 739/617/499 727/605/487
f 729/607/489 741/619/501 740/618/500 728/606/488
f 730/608/490 742/620/502 741/619/501 729/607/489
f 731/609/491 743/621/503 742/620/502 730/608/490
f 732/610/492 744/622/504 743/621/503 731/609/491
f 733/611/493 745/623/505 744/622/504 732/610/492
f 734/612/494 746/624/506 745/623/505 733/611/493
f 736/613/495 748/625/507 747/626/508 735/614/496
f 737/615/497 749/627/509 748/625/507 736/613/495
f 738/616/498 750/628/510 749/627/509 737/615/497
f 739/617/499 751/629/511 750/628/510 738/616/498
f 740/618/500 752/630/512 751/629/511 739/617/499
f 741/619/501 753/631/513 752/630/512 740/618/500
f 742/620/502 754/632/514 753/631/513 741/619/501
f 743/621/503 755/633/515 754/632/514 742/620/502
f 744/622/504 756/634/516 755/633/515 743/621/503
f 745/623/505 757/635/517 756/634/516 744/622/504
f 746/624/506 758/636/518 757/635/517 745/623/505
f 748/625/507 760/637/519 759/638/520 747/626/508
f 749/627/509 761/639/521 760/637/519 748/625/507
f 750/628/510 762/640/522 761/639/521 749/627/509
f 751/629/511 763/641/523 762/640/522 750/628/510
f 752/630/512 764/642/524 763/641/523 751/629/511
f 753/631/513 765/643/525 764/642/524 752/630/512
f 754/632/514 766/644/526 765/643/525 753/631/513
f 755/633/515 767/645/527 766/644/526 754/632/514
f 756/634/516 768/646/528 767/645/527 755/633/515
f 757/635/517 769/647/529 768/646/528 756/634/516
f 758/636/518 770/648/530 769/647/529 757/635/517
f 760/637/519 772/649/531 771/650/532 759/638/520
f 761/639/521 773/651/533 772/649/531 760/637/519
f 762/640/522 774/652/534 773/651/533 761/639/521
f 763/641/523 775/653/535 774/652/534 762/640/522
f 764/642/524 776/654/536 775/653/535 763/641/523
f 765/643/525 777/655/537 776/654/536 764/642/524
f 766/644/526 778/656/538 777/655/537 765/643/525
f 767/645/527 779/657/539 778/656/538 766/644/526
f 768/646/528 780/658/540 779/657/539 767/645/527
f 769/647/529 781/659/541 780/658/540 768/646/528
f 770/648/530 782/660/542 781/659/541 769/647/529
f 772/649/531 784/661/543 783/662/544 771/650/532
f 773/651/533 785/663/545 784/661/543 772/649/531
f 774/652/534 786/664/546 785/663/545 773/651/533
f 775/653/535 787/665/547 786/664/546 774/652/534
f 776/654/536 788/666/548 787/665/547 775/653/535
f 777/655/537 789/667/549 788/666/548 776/654/536
f 778/656/538 790/668/550 789/667/549 777/655/537
f 779/657/539 791/669/551 790/668/550 778/656/538
f 780/658/540 792/670/552 791/669/551 779/657/539
f 781/659/541 793/671/553 792/670/552 780/658/540
f 782/660/542 794/672/554 793/671/553 781/659/541
f 784/661/543 796/673/555 795/674/556 783/662/544
f 785/663/545 797/675/557 796/673/555 784/661/543
f 786/664/546 798/676/558 797/675/557 785/663/545
f 787/665/547 799/677/559 798/676/558 786/664/546
f 788/666/548 800/678/560 799/677/559 787/665/547
f 789/667/549 801/679/561 800/678/560 788/666/548
f 790/668/550 802/680/562 801/679/561 789/667/549
f 791/669/551 803/681/563 802/680/562 790/668/550
f 792/670/552 804/682/564 803/681/563 791/669/551
f 793/671/553 805/683/565 804/682/564 792/670/552
f 794/672/554 806/684/566 805/683/565 793/671/553
f 796/673/555 808/685/567 807/686/568 795/674/556
f 797/675/557 809/687/569 808/685/567 796/673/555
f 798/676/558 810/688/570 809/687/569 797/675/557
f 799/677/559 811/689/571 810/688/570 798/676/558
f 800/678/560 812/690/572 811/689/571 799/677/559
f 801/679/561 813/691/573 812/690/572 800/678/560
f 802/680/562 814/692/574 813/691/573 801/679/561
f 803/681/563 815/693/575 814/692/574 802/680/562
f 804/682/564 816/694/576 815/693/575 803/681/563
f 805/683/565 817/695/577 816/694/576 804/682/564
f 806/684/566 818/696/578 817/695/577 805/683/565
f 808/685/567 820/697/579 819/698/580 807/686/568
f 809/687/569 821/699/581 820/697/579 808/685/567
f 810/688/570 822/700/582 821/699/581 809/687/569
f 811/689/571 823/701/583 822/700/582 810/688/570
f 812/690/572 824/702/584 823/701/583 811/689/571
f 813/691/573 825/703/585 824/702/584 812/690/572
f 814/692/574 826/704/586 825/703/585 813/691/573
f 815/693/575 827/705/587 826/704/586 814/692/574
f 816/694/576 828/706/588 827/705/587 815/693/575
f 817/695/577 829/707/589 828/706/588 816/694/576
f 818/696/578 830/708/590 829/707/589 817/695/577
f 820/697/579 832/709/591 831/710/592 819/698/580
f 821/699/581 833/711/593 832/709/591 820/697/579
f 822/700/582 834/712/594 833/711/593 821/699/581
f 823/701/583 835/713/595 834/712/594 822/700/582
f 824/702/584 836/714/596 835/713/595 823/701/583
f 825/703/585 837/715/597 836/714/596 824/702/584
f 826/704/586 838/716/598 837/715/597 825/703/585
f 827/705/587 839/717/599 838/716/598 826/704/586
f 828/706/588 840/718/600 839/717/599 827/705/587
f 829/707/589 841/719/601 840/718/600 828/706/588
f 830/708/590 842/720/602 841/719/601 829/707/589
f 832/709/591 844/721/603 843/722/604 831/710/592
f 833/711/593 845/723/605 844/721/603 832/709/591
f 834/712/594 846/724/606 845/723/605 833/711/593
f 835/713/595 847/725/607 846/724/606 834/712/594
f 836/714/596 848/726/608 847/725/607 835/713/595
f 837/715/597 849/727/609 848/726/608 836/714/596
f 838/716/598 850/728/610 849/727/609 837/715/597
f 839/717/599 851/729/611 850/728/610 838/716/598
f 840/718/600 852/730/612 851/729/611 839/717/599
f 841/719/601 853/731/613 852/730/612 840/718/600
f 842/720/602 854/732/614 853/731/613 841/719/601
f 844/721/603 856/733/615 855/734/616 843/722/604
f 845/723/605 857/735/617 856/733/615 844/721/603
f 846/724/606 858/736/618 857/735/617 845/723/605
f 847/725/607 859/737/619 858/736/618 846/724/606
f 848/726/608 860/738/620 859/737/619 847/725/607
f 849/727/609 861/739/621 860/738/620 848/726/608
f 850/728/610 862/740/622 861/739/621 849/727/609
f 851/729/611 863/741/623 862/740/622 850/728/610
f 852/730/612 864/742/624 863/741/623 851/729/611
f 853/731/613 865/743/625 864/742/624 852/730/612
f 854/732/614 866/744/626 865/743/625 853/731/613
f 856/733/615 868/745/627 867/746/628 855/734/616
f 857/735/617 869/747/629 868/745/627 856/733/615
f 858/736/618 870/748/630 869/747/629 857/735/617
f 859/737/619 871/749/631 870/748/630 858/736/618
f 860/738/620 872/750/632 871/749/631 859/737/619
f 861/739/621 873/751/633 872/750/632 860/738/620
f 862/740/622 874/752/634 873/751/633 861/739/621
f 863/741/623 875/753/635 874/752/634 862/740/622
f 864/742/624 876/754/636 875/753/635 863/741/623
f 865/743/625 877/755/637 876/754/636 864/742/624
f 866/744/626 878/756/638 877/755/637 865/743/625
f 868/745/627 880/757/639 879/758/640 867/746/628
f 869/747/629 881/759/641 880/757/639 868/745/627
f 870/748/630 882/760/642 881/759/641 869/747/629
f 871/749/631 883/761/643 882/760/642 870/748/630
f 872/750/632 884/762/644 883/761/643 871/749/631
f 873/751/633 885/763/645 884/762/644 872/750/632
f 874/752/634 886/764/646 885/763/645 873/751/633
f 875/753/635 887/765/647 886/764/646 874/752/634
f 876/754/636 888/766/648 887/765/647 875/753/635
f 877/755/637 889/767/649 888/766/648 876/754/636
f 878/756/638 890/768/650 889/767/649 877/755/637
f 880/757/639 892/769/651 891/770/652 879/758/640
f 881/759/641 893/771/653 892/769/651 880/757/639
f 882/760/642 894/772/654 893/771/653 881/759/641
f 883/761/643 895/773/655 894/772/654 882/760/642
f 884/762/644 896/774/656 895/773/655 883/761/643
f 885/763/645 897/775/657 896/774/656 884/762/644
f 886/764/646 898/776/658 897/775/657 885/763/645
f 887/765/647 899/777/659 898/776/658 886/764/646
f 888/766/648 900/778/660 899/777/659 887/765/647
f 889/767/649 901/779/661 900/778/660 888/766/648
f 890/768/650 902/780/662 901/779/661 889/767/649
f 892/769/651 904/781/663 903/782/664 891/770/652
f 893/771/653 905/783/665 904/781/663 892/769/651
f 894/772/654 906/784/666 905/783/665 893/771/653
f 895/773/655 907/785/667 906/784/666 894/772/654
f 896/774/656 908/786/668 907/785/667 895/773/655
f 897/775/657 909/787/669 908/786/668 896/774/656
f 898/776/658 910/788/670 909/787/669 897/775/657
f 899/777/659 911/789/671 910/788/670 898/776/658
f 900/778/660 912/790/672 911/789/671 899/777/659
f 901/779/661 913/791/673 912/790/672 900/778/660
f 902/780/662 914/792/674 913/791/673 901/779/661
f 904/781/663 916/793/675 915/794/676 903/782/664
f 905/783/665 917/795/677 916/793/675 904/781/663
f 906/784/666 918/796/678 917/795/677 905/783/665
f 907/785/667 919/797/679 918/796/678 906/784/666
f 908/786/668 920/798/680 919/797/679 907/785/667
f 909/787/669 921/799/681 920/798/680 908/786/668
f 910/788/670 922/800/682 921/799/681 909/787/669
f 911/789/671 923/801/683 922/800/682 910/788/670
f 912/790/672 924/802/684 923/801/683 911/789/671
f 913/791/673 925/803/685 924/802/684 912/790/672
f 914/792/674 926/804/686 925/803/685 913/791/673
f 916/793/675 928/805/687 927/806/688 915/794/676
f 917/795/677 929/807/689 928/805/687 916/793/675
f 918/796/678 930/808/690 929/807/689 917/795/677
f 919/797/679 931/809/691 930/808/690 918/796/678
f 920/798/680 932/810/692 931/809/691 919/797/679
f 921/799/681 933/811/693 932/810/692 920/798/680
f 922/800/682 934/812/694 933/811/693 921/799/681
f 923/801/683 935/813/695 934/812/694 922/800/682
f 924/802/684 936/814/696 935/813/695 923/801/683
f 925/803/685 937/815/697 936/814/696 924/802/684
f 926/804/686 938/816/698 937/815/697 925/803/685
f 928/805/687 940/817/699 939/818/700 927/806/688
f 929/807/689 941/819/701 940/817/699 928/805/687
f 930/808/690 942/820/702 941/819/701 929/807/689
f 931/809/691 943/821/703 942/820/702 930/808/690
f 932/810/692 944/822/704 943/821/703 931/809/691
f 933/811/693 945/823/705 944/822/704 932/810/692
f 934/812/694 946/824/706 945/823/705 933/811/693
f 935/813/695 947/825/707 946/824/706 934/812/694
f 936/814/696 948/826/708 947/825/707 935/813/695
f 937/815/697 949/827/709 948/826/708 936/814/696
f 938/816/698 950/828/710 949/827/709 937/815/697
f 940/817/699 952/829/711 951/830/712 939/818/700
f 941/819/701 953/831/713 952/829/711 940/817/699
f 942/820/702 954/832/714 953/831/713 941/819/701
f 943/821/703 955/833/715 954/832/714 942/820/702
f 944/822/704 956/834/716 955/833/715 943/821/703
f 945/823/705 957/835/717 956/834/716 944/822/704
f 946/824/706 958/836/718 957/835/717 945/823/705
f 947/825/707 959/837/719 958/836/718 946/824/706
f 948/826/708 960/838/720 959/837/719 947/825/707
f 949/827/709 961/839/721 960/838/720 948/826/708
f 950/828/710 962/840/722 961/839/721 949/827/709
f 952/829/711 964/841/723 963/842/724 951/830/712
f 953/831/713 965/843/725 964/841/723 952/829/711
f 954/832/714 966/844/726 965/843/725 953/831/713
f 955/833/715 967/845/727 966/844/726 954/832/714
f 956/834/716 968/846/728 967/845/727 955/833/715
f 957/835/717 969/847/729 968/846/728 956/834/716
f 958/836/718 970/848/730 969/847/729 957/835/717
f 959/837/719 971/849/731 970/848/730 958/836/718
f 960/838/720 972/850/732 971/849/731 959/837/719
f 961/839/721 973/851/733 972/850/732 960/838/720
f 962/840/722 974/852/734 973/851/733 961/839/721
f 964/841/723 976/853/735 975/854/736 963/842/724
f 965/843/725 977/855/737 976/853/735 964/841/723
f 966/844/726 978/856/738 977/855/737 965/843/725
f 967/845/727 979/857/739 978/856/738 966/844/726
f 968/846/728 980/858/740 979/857/739 967/845/727
f 969/847/729 981/859/741 980/858/740 968/846/728
f 970/848/730 982/860/742 981/859/741 969/847/729
f 971/849/731 983/861/743 982/860/742 970/848/730
f 972/850/732 984/862/744 983/861/743 971/849/731
f 973/851/733 985/863/745 984/862/744 972/850/732
f 974/852/734 986/864/746 985/863/745 973/851/733
f 976/853/735 988/865/747 987/866/748 975/854/736
f 977/855/737 989/867/749 988/865/747 976/853/735
f 978/856/738 990/868/750 989/867/749 977/855/737
f 979/857/739 991/869/751 990/868/750 978/856/738
f 980/858/740 992/870/752 991/869/751 979/857/739
f 981/859/741 993/871/753 992/870/752 980/858/740
f 982/860/742 994/872/754 993/871/753 981/859/741
f 983/861/743 995/873/755 994/872/754 982/860/742
f 984/862/744 996/874/756 995/873/755 983/861/743
f 985/863/745 997/875/757 996/874/756 984/862/744
f 986/864/746 998/876/758 997/875/757 985/863/745
f 988/865/747 1000/877/759 999/878/760 987/866/748
f 989/867/749 1001/879/761 1000/877/759 988/865/747
f 990/868/750 1002/880/762 1001/879/761 989/867/749
f 991/869/751 1003/881/763 1002/880/762 990/868/750
f 992/870/752 1004/882/764 1003/881/763 991/869/751
f 993/871/753 1005/883/765 1004/882/764 992/870/752
f 994/872/754 1006/884/766 1005/883/765 993/871/753
f 995/873/755 1007/885/767 1006/884/766 994/872/754
f 996/874/756 1008/886/768 1007/885/767 995/873/755
f 997/875/757 1009/887/769 1008/886/768 996/874/756
f 998/876/758 1010/888/770 1009/887/769 997/875/757
f 1000/877/759 1012/889/771 1011/890/772 999/878/760
f 1001/879/761 1013/891/773 1012/889/771 1000/877/759
f 1002/880/762 1014/892/774 1013/891/773 1001/879/761
f 1003/881/763 1015/893/775 1014/892/774 1002/880/762
f 1004/882/764 1016/894/776 1015/893/775 1003/881/763
f 1005/883/765 1017/895/777 1016/894/776 1004/882/764
f 1006/884/766 1018/896/778 1017/895/777 1005/883/765
f 1007/885/767 1019/897/779 1018/896/778 1006/884/766
f 1008/886/768 1020/898/780 1019/897/779 1007/885/767
f 1009/887/769 1021/899/781 1020/898/780 1008/886/768
f 1010/888/770 1022/900/782 1021/899/781 1009/887/769
f 1012/889/771 1024/901/783 1023/902/784 1011/890/772
f 1013/891/773 1025/903/785 1024/901/783 1012/889/771
f 1014/892/774 1026/904/786 1025/903/785 1013/891/773
f 1015/893/775 1027/905/787 1026/904/786 1014/892/774
f 1016/894/776 1028/906/788 1027/905/787 1015/893/775
f 1017/895/777 1029/907/789 1028/906/788 1016/894/776
f 1018/896/778 1030/908/790 1029/907/789 1017/895/777
f 1019/897/779 1031/909/791 1030/908/790 1018/896/778
f 1020/898/780 1032/910/792 1031/909/791 1019/897/779
f 1021/899/781 1033/911/793 1032/910/792 1020/898/780
f 1022/900/782 1034/912/794 1033/911/793 1021/899/781
f 1024/901/783 1036/913/795 1035/914/796 1023/902/784
f 1025/903/785 1037/915/797 1036/913/795 1024/901/783
f 1026/904/786 1038/916/798 1037/915/797 1025/903/785
f 1027/905/787 1039/917/799 1038/916/798 1026/904/786
f 1028/906/788 1040/918/800 1039/917/799 1027/905/787
f 1029/907/789 1041/919/801 1040/918/800 1028/906/788
f 1030/908/790 1042/920/802 1041/919/801 1029/907/789
f 1031/909/791 1043/921/803 1042/920/802 1030/908/790
f 1032/910/792 1044/922/804 1043/921/803 1031/909/791
f 1033/911/793 1045/923/805 1044/922/804 1032/910/792
f 1034/912/794 1046/924/806 1045/923/805 1033/911/793
f 1036/913/795 1048/925/807 1047/926/808 1035/914/796
f 1037/915/797 1049/927/809 1048/925/807 1036/913/795
f 1038/916/798 1050/928/810 1049/927/809 1037/915/797
f 1039/917/799 1051/929/811 1050/928/810 1038/916/798
f 1040/918/800 1052/930/812 1051/929/811 1039/917/799
f 1041/919/801 1053/931/813 1052/930/812 1040/918/800
f 1042/920/802 1054/932/814 1053/931/813 1041/919/801
f 1043/921/803 1055/933/815 1054/932/814 1042/920/802
f 1044/922/804 1056/934/816 1055/933/815 1043/921/803
f 1045/923/805 1057/935/817 1056/934/816 1044/922/804
f 1046/924/806 1058/936/818 1057/935/817 1045/923/805
f 1048/925/807 1060/937/819 1059/938/820 1047/926/808
f 1049/927/809 1061/939/821 1060/937/819 1048/925/807
f 1050/928/810 1062/940/822 1061/939/821 1049/927/809
f 1051/929/811 1063/941/823 1062/940/822 1050/928/810
f 1052/930/812 1064/942/824 1063/941/823 1051/929/811
f 1053/931/813 1065/943/825 1064/942/824 1052/930/812
f 1054/932/814 1066/944/826 1065/943/825 1053/931/813
f 1055/933/815 1067/945/827 1066/944/826 1054/932/814
f 1056/934/816 1068/946/828 1067/945/827 1055/933/815
f 1057/935/817 1069/947/829 1068/946/828 1056/934/816
f 1058/936/818 1070/948/830 1069/947/829 1057/935/817
f 1060/937/819 1072/949/831 1071/950/832 1059/938/820
f 1061/939/821 1073/951/833 1072/949/831 1060/937/819
f 1062/940/822 1074/952/834 1073/951/833 1061/939/821
f 1063/941/823 1075/953/835 1074/952/834 1062/940/822
f 1064/942/824 1076/954/836 1075/953/835 1063/941/823
f 1065/943/825 1077/955/837 1076/954/836 1064/942/824
f 1066/944/826 1078/956/838 1077/955/837 1065/943/825
f 1067/945/827 1079/957/839 1078/956/838 1066/944/826
f 1068/946/828 1080/958/840 1079/957/839 1067/945/827
f 1069/947/829 1081/959/841 1080/958/840 1068/946/828
f 1070/948/830 1082/960/842 1081/959/841 1069/947/829
f 1072/949/831 1084/961/843 1083/962/844 1071/950/832
f 1073/951/833 1085/963/845 1084/961/843 1072/949/831
f 1074/952/834 1086/964/846 1085/963/845 1073/951/833
f 1075/953/835 1087/965/847 1086/964/846 1074/952/834
f 1076/954/836 1088/966/848 1087/965/847 1075/953/835
f 1077/955/837 1089/967/849 1088/966/848 1076/954/836
f 1078/956/838 1090/968/850 1089/967/849 1077/955/837
f 1079/957/839 1091/969/851 1090/968/850 1078/956/838
f 1080/958/840 1092/970/852 1091/969/851 1079/957/839
f 1081/959/841 1093/971/853 1092/970/852 1080/958/840
f 1082/960/842 1094/972/854 1093/971/853 1081/959/841
f 1084/961/843 1096/973/855 1095/974/856 1083/962/844
f 1085/963/845 1097/975/857 1096/973/855 1084/961/843
f 1086/964/846 1098/976/858 1097/975/857 1085/963/845
f 1087/965/847 1099/977/859 1098/976/858 1086/964/846
f 1088/966/848 1100/978/860 1099/977/859 1087/965/847
f 1089/967/849 1101/979/861 1100/978/860 1088/966/848
f 1090/968/850 1102/980/862 1101/979/861 1089/967/849
f 1091/969/851 1103/981/863 1102/980/862 1090/968/850
f 1092/970/852 1104/982/864 1103/981/863 1091/969/851
f 1093/971/853 1105/983/865 1104/982/864 1092/970/852
f 1094/972/854 1106/984/866 1105/983/865 1093/971/853
f 1096/973/855 1108/985/867 1107/986/868 1095/974/856
f 1097/975/857 1109/987/869 1108/985/867 1096/973/855
f 1098/976/858 1110/988/870 1109/987/869 1097/975/857
f 1099/977/859 1111/989/871 1110/988/870 1098/976/858
f 1100/978/860 1112/990/872 1111/989/871 1099/977/859
f 1101/979/861 1113/991/873 1112/990/872 1100/978/860
f 1102/980/862 1114/992/874 1113/991/873 1101/979/861
f 1103/981/863 1115/993/875 1114/992/874 1102/980/862
f 1104/982/864 1116/994/876 1115/993/875 1103/981/863
f 1105/983/865 1117/995/877 1116/994/876 1104/982/864
f 1106/984/866 1118/996/878 1117/995/877 1105/983/865
f 1108/985/867 244/997/3 243/108/6 1107/986/868
f 1109/987/869 245/998/7 244/997/3 1108/985/867
f 1110/988/870 246/999/9 245/998/7 1109/987/869
f 1111/989/871 247/1000/11 246/999/9 1110/988/870
f 1112/990/872 248/1001/13 247/1000/11 1111/989/871
f 1113/991/873 249/1002/15 248/1001/13 1112/990/872
f 1114/992/874 250/1003/17 249/1002/15 1113/991/873
f 1115/993/875 251/1004/19 250/1003/17 1114/992/874
f 1116/994/876 252/1005/21 251/1004/19 1115/993/875
f 1117/995/877 253/1006/23 252/1005/21 1116/994/876
f 1118/996/878 254/1007/25 253/1006/23 1117/995/877
f 1120/122/879 1132/1008/880 1131/1009/881 1119/6/882
f 1121/125/883 1133/1010/884 1132/1008/880 1120/122/879
f 1122/127/885 1134/1011/886 1133/1010/884 1121/125/883
f 1123/129/887 1135/1012/888 1134/1011/886 1122/127/885
f 1124/131/889 1136/1013/890 1135/1012/888 1123/129/887
f 1125/133/891 1137/1014/892 1136/1013/890 1124/131/889
f 1126/135/893 1138/1015/894 1137/1014/892 1125/133/891
f 1127/137/895 1139/1016/896 1138/1015/894 1126/135/893
f 1128/139/897 1140/1017/898 1139/1016/896 1127/137/895
f 1129/141/899 1141/1018/900 1140/1017/898 1128/139/897
f 1130/143/901 1142/1019/902 1141/1018/900 1129/141/899
f 1132/1008/880 1144/1020/903 1143/13/904 1131/1009/881
f 1133/1010/884 1145/1021/905 1144/1020/903 1132/1008/880
f 1134/1011/886 1146/1022/906 1145/1021/905 1133/1010/884
f 1135/1012/888 1147/1023/907 1146/1022/906 1134/1011/886
f 1136/1013/890 1148/1024/908 1147/1023/907 1135/1012/888
f 1137/1014/892 1149/1025/909 1148/1024/908 1136/1013/890
f 1138/1015/894 1150/1026/910 1149/1025/909 1137/1014/892
f 1139/1016/896 1151/1027/911 1150/1026/910 1138/1015/894
f 1140/1017/898 1152/1028/912 1151/1027/911 1139/1016/896
f 1141/1018/900 1153/1029/913 1152/1028/912 1140/1017/898
f 1142/1019/902 1154/1030/914 1153/1029/913 1141/1018/900
f 1144/1020/903 1156/1031/915 1155/1032/916 1143/13/904
f 1145/1021/905 1157/1033/917 1156/1031/915 1144/1020/903
f 1146/1022/906 1158/1034/918 1157/1033/917 1145/1021/905
f 1147/1023/907 1159/1035/919 1158/1034/918 1146/1022/906
f 1148/1024/908 1160/1036/920 1159/1035/919 1147/1023/907
f 1149/1025/909 1161/1037/921 1160/1036/920 1148/1024/908
f 1150/1026/910 1162/1038/922 1161/1037/921 1149/1025/909
f 1151/1027/911 1163/1039/923 1162/1038/922 1150/1026/910
f 1152/1028/912 1164/1040/924 1163/1039/923 1151/1027/911
f 1153/1029/913 1165/1041/925 1164/1040/924 1152/1028/912
f 1154/1030/914 1166/1042/926 1165/1041/925 1153/1029/913
f 1156/1031/915 1168/1043/927 1167/21/928 1155/1032/916
f 1157/1033/917 1169/1044/929 1168/1043/927 1156/1031/915
f 1158/1034/918 1170/1045/930 1169/1044/929 1157/1033/917
f 1159/1035/919 1171/1046/931 1170/1045/930 1158/1034/918
f 1160/1036/920 1172/1047/932 1171/1046/931 1159/1035/919
f 1161/1037/921 1173/1048/933 1172/1047/932 1160/1036/920
f 1162/1038/922 1174/1049/934 1173/1048/933 1161/1037/921
f 1163/1039/923 1175/1050/935 1174/1049/934 1162/1038/922
f 1164/1040/924 1176/1051/936 1175/1050/935 1163/1039/923
f 1165/1041/925 1177/1052/937 1176/1051/936 1164/1040/924
f 1166/1042/926 1178/1053/938 1177/1052/937 1165/1041/925
f 1168/1043/927 1180/1054/939 1179/1055/940 1167/21/928
f 1169/1044/929 1181/1056/941 1180/1054/939 1168/1043/927
f 1170/1045/930 1182/1057/942 1181/1056/941 1169/1044/929
f 1171/1046/931 1183/1058/943 1182/1057/942 1170/1045/930
f 1172/1047/932 1184/1059/944 1183/1058/943 1171/1046/931
f 1173/1048/933 1185/1060/945 1184/1059/944 1172/1047/932
f 1174/1049/934 1186/1061/946 1185/1060/945 1173/1048/933
f 1175/1050/935 1187/1062/947 1186/1061/946 1174/1049/934
f 1176/1051/936 1188/1063/948 1187/1062/947 1175/1050/935
f 1177/1052/937 1189/1064/949 1188/1063/948 1176/1051/936
f 1178/1053/938 1190/1065/950 1189/1064/949 1177/1052/937
f 1180/1054/939 1192/1066/951 1191/35/952 1179/1055/940
f 1181/1056/941 1193/1067/953 1192/1066/951 1180/1054/939
f 1182/1057/942 1194/1068/954 1193/1067/953 1181/1056/941
f 1183/1058/943 1195/1069/955 1194/1068/954 1182/1057/942
f 1184/1059/944 1196/1070/956 1195/1069/955 1183/1058/943
f 1185/1060/945 1197/1071/957 1196/1070/956 1184/1059/944
f 1186/1061/946 1198/1072/958 1197/1071/957 1185/1060/945
f 1187/1062/947 1199/1073/959 1198/1072/958 1186/1061/946
f 1188/1063/948 1200/1074/960 1199/1073/959 1187/1062/947
f 1189/1064/949 1201/1075/961 1200/1074/960 1188/1063/948
f 1190/1065/950 1202/1076/962 1201/1075/961 1189/1064/949
f 1192/1066/951 1204/1077/963 1203/1078/964 1191/35/952
f 1193/1067/953 1205/1079/965 1204/1077/963 1192/1066/951
f 1194/1068/954 1206/1080/966 1205/1079/965 1193/1067/953
f 1195/1069/955 1207/1081/967 1206/1080/966 1194/1068/954
f 1196/1070/956 1208/1082/968 1207/1081/967 1195/1069/955
f 1197/1071/957 1209/1083/969 1208/1082/968 1196/1070/956
f 1198/1072/958 1210/1084/970 1209/1083/969 1197/1071/957
f 1199/1073/959 1211/1085/971 1210/1084/970 1198/1072/958
f 1200/1074/960 1212/1086/972 1211/1085/971 1199/1073/959
f 1201/1075/961 1213/1087/973 1212/1086/972 1200/1074/960
f 1202/1076/962 1214/1088/974 1213/1087/973 1201/1075/961
f 1204/1077/963 1216/1089/975 1215/27/976 1203/1078/964
f 1205/1079/965 1217/1090/977 1216/1089/975 1204/1077/963
f 1206/1080/966 1218/1091/978 1217/1090/977 1205/1079/965
f 1207/1081/967 1219/1092/979 1218/1091/978 1206/1080/966
f 1208/1082/968 1220/1093/980 1219/1092/979 1207/1081/967
f 1209/1083/969 1221/1094/981 1220/1093/980 1208/1082/968
f 1210/1084/970 1222/1095/982 1221/1094/981 1209/1083/969
f 1211/1085/971 1223/1096/983 1222/1095/982 1210/1084/970
f 1212/1086/972 1224/1097/984 1223/1096/983 1211/1085/971
f 1213/1087/973 1225/1098/985 1224/1097/984 1212/1086/972
f 1214/1088/974 1226/1099/986 1225/1098/985 1213/1087/973
f 1216/1089/975 1228/1100/987 1227/1101/988 1215/27/976
f 1217/1090/977 1229/1102/989 1228/1100/987 1216/1089/975
f 1218/1091/978 1230/1103/990 1229/1102/989 1217/1090/977
f 1219/1092/979 1231/1104/991 1230/1103/990 1218/1091/978
f 1220/1093/980 1232/1105/992 1231/1104/991 1219/1092/979
f 1221/1094/981 1233/1106/993 1232/1105/992 1220/1093/980
f 1222/1095/982 1234/1107/994 1233/1106/993 1221/1094/981
f 1223/1096/983 1235/1108/995 1234/1107/994 1222/1095/982
f 1224/1097/984 1236/1109/996 1235/1108/995 1223/1096/983
f 1225/1098/985 1237/1110/997 1236/1109/996 1224/1097/984
f 1226/1099/986 1238/1111/998 1237/1110/997 1225/1098/985
f 1228/1100/987 1240/1112/999 1239/28/1000 1227/1101/988
f 1229/1102/989 1241/1113/1001 1240/1112/999 1228/1100/987
f 1230/1103/990 1242/1114/1002 1241/1113/1001 1229/1102/989
f 1231/1104/991 1243/1115/1003 1242/1114/1002 1230/1103/990
f 1232/1105/992 1244/1116/1004 1243/1115/1003 1231/1104/991
f 1233/1106/993 1245/1117/1005 1244/1116/1004 1232/1105/992
f 1234/1107/994 1246/1118/1006 1245/1117/1005 1233/1106/993
f 1235/1108/995 1247/1119/1007 1246/1118/1006 1234/1107/994
f 1236/1109/996 1248/1120/1008 1247/1119/1007 1235/1108/995
f 1237/1110/997 1249/1121/1009 1248/1120/1008 1236/1109/996
f 1238/1111/998 1250/1122/1010 1249/1121/1009 1237/1110/997
f 1240/1112/999 1252/1123/1011 1251/1124/1012 1239/28/1000
f 1241/1113/1001 1253/1125/1013 1252/1123/1011 1240/1112/999
f 1242/1114/1002 1254/1126/1014 1253/1125/1013 1241/1113/1001
f 1243/1115/1003 1255/1127/1015 1254/1126/1014 1242/1114/1002
f 1244/1116/1004 1256/1128/1016 1255/1127/1015 1243/1115/1003
f 1245/1117/1005 1257/1129/1017 1256/1128/1016 1244/1116/1004
f 1246/1118/1006 1258/1130/1018 1257/1129/1017 1245/1117/1005
f 1247/1119/1007 1259/1131/1019 1258/1130/1018 1246/1118/1006
f 1248/1120/1008 1260/1132/1020 1259/1131/1019 1247/1119/1007
f 1249/1121/1009 1261/1133/1021 1260/1132/1020 1248/1120/1008
f 1250/1122/1010 1262/1134/1022 1261/1133/1021 1249/1121/1009
f 1252/1123/1011 1264/1135/1023 1263/43/1024 1251/1124/1012
f 1253/1125/1013 1265/1136/1025 1264/1135/1023 1252/1123/1011
f 1254/1126/1014 1266/1137/1026 1265/1136/1025 1253/1125/1013
f 1255/1127/1015 1267/1138/1027 1266/1137/1026 1254/1126/1014
f 1256/1128/1016 1268/1139/1028 1267/1138/1027 1255/1127/1015
f 1257/1129/1017 1269/1140/1029 1268/1139/1028 1256/1128/1016
f 1258/1130/1018 1270/1141/1030 1269/1140/1029 1257/1129/1017
f 1259/1131/1019 1271/1142/1031 1270/1141/1030 1258/1130/1018
f 1260/1132/1020 1272/1143/1032 1271/1142/1031 1259/1131/1019
f 1261/1133/1021 1273/1144/1033 1272/1143/1032 1260/1132/1020
f 1262/1134/1022 1274/1145/1034 1273/1144/1033 1261/1133/1021
f 1264/1135/1023 1276/1146/1035 1275/1147/1036 1263/43/1024
f 1265/1136/1025 1277/1148/1037 1276/1146/1035 1264/1135/1023
f 1266/1137/1026 1278/1149/1038 1277/1148/1037 1265/1136/1025
f 1267/1138/1027 1279/1150/1039 1278/1149/1038 1266/1137/1026
f 1268/1139/1028 1280/1151/1040 1279/1150/1039 1267/1138/1027
f 1269/1140/1029 1281/1152/1041 1280/1151/1040 1268/1139/1028
f 1270/1141/1030 1282/1153/1042 1281/1152/1041 1269/1140/1029
f 1271/1142/1031 1283/1154/1043 1282/1153/1042 1270/1141/1030
f 1272/1143/1032 1284/1155/1044 1283/1154/1043 1271/1142/1031
f 1273/1144/1033 1285/1156/1045 1284/1155/1044 1272/1143/1032
f 1274/1145/1034 1286/1157/1046 1285/1156/1045 1273/1144/1033
f 1276/1146/1035 1288/1158/1047 1287/77/1048 1275/1147/1036
f 1277/1148/1037 1289/1159/1049 1288/1158/1047 1276/1146/1035
f 1278/1149/1038 1290/1160/1050 1289/1159/1049 1277/1148/1037
f 1279/1150/1039 1291/1161/1051 1290/1160/1050 1278/1149/1038
f 1280/1151/1040 1292/1162/1052 1291/1161/1051 1279/1150/1039
f 1281/1152/1041 1293/1163/1053 1292/1162/1052 1280/1151/1040
f 1282/1153/1042 1294/1164/1054 1293/1163/1053 1281/1152/1041
f 1283/1154/1043 1295/1165/1055 1294/1164/1054 1282/1153/1042
f 1284/1155/1044 1296/1166/1056 1295/1165/1055 1283/1154/1043
f 1285/1156/1045 1297/1167/1057 1296/1166/1056 1284/1155/1044
f 1286/1157/1046 1298/1168/1058 1297/1167/1057 1285/1156/1045
f 1288/1158/1047 1300/1169/1059 1299/1170/1060 1287/77/1048
f 1289/1159/1049 1301/1171/1061 1300/1169/1059 1288/1158/1047
f 1290/1160/1050 1302/1172/1062 1301/1171/1061 1289/1159/1049
f 1291/1161/1051 1303/1173/1063 1302/1172/1062 1290/1160/1050
f 1292/1162/1052 1304/1174/1064 1303/1173/1063 1291/1161/1051
f 1293/1163/1053 1305/1175/1065 1304/1174/1064 1292/1162/1052
f 1294/1164/1054 1306/1176/1066 1305/1175/1065 1293/1163/1053
f 1295/1165/1055 1307/1177/1067 1306/1176/1066 1294/1164/1054
f 1296/1166/1056 1308/1178/1068 1307/1177/1067 1295/1165/1055
f 1297/1167/1057 1309/1179/1069 1308/1178/1068 1296/1166/1056
f 1298/1168/1058 1310/1180/1070 1309/1179/1069 1297/1167/1057
f 1300/1169/1059 1312/1181/1071 1311/104/1072 1299/1170/1060
f 1301/1171/1061 1313/1182/1073 1312/1181/1071 1300/1169/1059
f 1302/1172/1062 1314/1183/1074 1313/1182/1073 1301/1171/1061
f 1303/1173/1063 1315/1184/1075 1314/1183/1074 1302/1172/1062
f 1304/1174/1064 1316/1185/1076 1315/1184/1075 1303/1173/1063
f 1305/1175/1065 1317/1186/1077 1316/1185/1076 1304/1174/1064
f 1306/1176/1066 1318/1187/1078 1317/1186/1077 1305/1175/1065
f 1307/1177/1067 1319/1188/1079 1318/1187/1078 1306/1176/1066
f 1308/1178/1068 1320/1189/1080 1319/1188/1079 1307/1177/1067
f 1309/1179/1069 1321/1190/1081 1320/1189/1080 1308/1178/1068
f 1310/1180/1070 1322/1191/1082 1321/1190/1081 1309/1179/1069
f 1312/1181/1071 1324/1192/1083 1323/1193/1084 1311/104/1072
f 1313/1182/1073 1325/1194/1085 1324/1192/1083 1312/1181/1071
f 1314/1183/1074 1326/1195/1086 1325/1194/1085 1313/1182/1073
f 1315/1184/1075 1327/1196/1087 1326/1195/1086 1314/1183/1074
f 1316/1185/1076 1328/1197/1088 1327/1196/1087 1315/1184/1075
f 1317/1186/1077 1329/1198/1089 1328/1197/1088 1316/1185/1076
f 1318/1187/1078 1330/1199/1090 1329/1198/1089 1317/1186/1077
f 1319/1188/1079 1331/1200/1091 1330/1199/1090 1318/1187/1078
f 1320/1189/1080 1332/1201/1092 1331/1200/1091 1319/1188/1079
f 1321/1190/1081 1333/1202/1093 1332/1201/1092 1320/1189/1080
f 1322/1191/1082 1334/1203/1094 1333/1202/1093 1321/1190/1081
f 1324/1192/1083 1336/1204/1095 1335/118/1096 1323/1193/1084
f 1325/1194/1085 1337/1205/1097 1336/1204/1095 1324/1192/1083
f 1326/1195/1086 1338/1206/1098 1337/1205/1097 1325/1194/1085
f 1327/1196/1087 1339/1207/1099 1338/1206/1098 1326/1195/1086
f 1328/1197/1088 1340/1208/1100 1339/1207/1099 1327/1196/1087
f 1329/1198/1089 1341/1209/1101 1340/1208/1100 1328/1197/1088
f 1330/1199/1090 1342/1210/1102 1341/1209/1101 1329/1198/1089
f 1331/1200/1091 1343/1211/1103 1342/1210/1102 1330/1199/1090
f 1332/1201/1092 1344/1212/1104 1343/1211/1103 1331/1200/1091
f 1333/1202/1093 1345/1213/1105 1344/1212/1104 1332/1201/1092
f 1334/1203/1094 1346/1214/1106 1345/1213/1105 1333/1202/1093
f 1336/1204/1095 1348/1215/1107 1347/1216/1108 1335/118/1096
f 1337/1205/1097 1349/1217/1109 1348/1215/1107 1336/1204/1095
f 1338/1206/1098 1350/1218/1110 1349/1217/1109 1337/1205/1097
f 1339/1207/1099 1351/1219/1111 1350/1218/1110 1338/1206/1098
f 1340/1208/1100 1352/1220/1112 1351/1219/1111 1339/1207/1099
f 1341/1209/1101 1353/1221/1113 1352/1220/1112 1340/1208/1100
f 1342/1210/1102 1354/1222/1114 1353/1221/1113 1341/1209/1101
f 1343/1211/1103 1355/1223/1115 1354/1222/1114 1342/1210/1102
f 1344/1212/1104 1356/1224/1116 1355/1223/1115 1343/1211/1103
f 1345/1213/1105 1357/1225/1117 1356/1224/1116 1344/1212/1104
f 1346/1214/1106 1358/1226/1118 1357/1225/1117 1345/1213/1105
f 1348/1215/1107 1360/1227/1119 1359/115/1120 1347/1216/1108
f 1349/1217/1109 1361/1228/1121 1360/1227/1119 1348/1215/1107
f 1350/1218/1110 1362/1229/1122 1361/1228/1121 1349/1217/1109
f 1351/1219/1111 1363/1230/1123 1362/1229/1122 1350/1218/1110
f 1352/1220/1112 1364/1231/1124 1363/1230/1123 1351/1219/1111
f 1353/1221/1113 1365/1232/1125 1364/1231/1124 1352/1220/1112
f 1354/1222/1114 1366/1233/1126 1365/1232/1125 1353/1221/1113
f 1355/1223/1115 1367/1234/1127 1366/1233/1126 1354/1222/1114
f 1356/1224/1116 1368/1235/1128 1367/1234/1127 1355/1223/1115
f 1357/1225/1117 1369/1236/1129 1368/1235/1128 1356/1224/1116
f 1358/1226/1118 1370/1237/1130 1369/1236/1129 1357/1225/1117
f 1360/1227/1119 1372/1238/1131 1371/1239/1132 1359/115/1120
f 1361/1228/1121 1373/1240/1133 1372/1238/1131 1360/1227/1119
f 1362/1229/1122 1374/1241/1134 1373/1240/1133 1361/1228/1121
f 1363/1230/1123 1375/1242/1135 1374/1241/1134 1362/1229/1122
f 1364/1231/1124 1376/1243/1136 1375/1242/1135 1363/1230/1123
f 1365/1232/1125 1377/1244/1137 1376/1243/1136 1364/1231/1124
f 1366/1233/1126 1378/1245/1138 1377/1244/1137 1365/1232/1125
f 1367/1234/1127 1379/1246/1139 1378/1245/1138 1366/1233/1126
f 1368/1235/1128 1380/1247/1140 1379/1246/1139 1367/1234/1127
f 1369/1236/1129 1381/1248/1141 1380/1247/1140 1368/1235/1128
f 1370/1237/1130 1382/1249/1142 1381/1248/1141 1369/1236/1129
f 1372/1238/1131 1384/1250/1143 1383/93/1144 1371/1239/1132
f 1373/1240/1133 1385/1251/1145 1384/1250/1143 1372/1238/1131
f 1374/1241/1134 1386/1252/1146 1385/1251/1145 1373/1240/1133
f 1375/1242/1135 1387/1253/1147 1386/1252/1146 1374/1241/1134
f 1376/1243/1136 1388/1254/1148 1387/1253/1147 1375/1242/1135
f 1377/1244/1137 1389/1255/1149 1388/1254/1148 1376/1243/1136
f 1378/1245/1138 1390/1256/1150 1389/1255/1149 1377/1244/1137
f 1379/1246/1139 1391/1257/1151 1390/1256/1150 1378/1245/1138
f 1380/1247/1140 1392/1258/1152 1391/1257/1151 1379/1246/1139
f 1381/1248/1141 1393/1259/1153 1392/1258/1152 1380/1247/1140
f 1382/1249/1142 1394/1260/1154 1393/1259/1153 1381/1248/1141
f 1384/1250/1143 1396/1261/1155 1395/1262/1156 1383/93/1144
f 1385/1251/1145 1397/1263/1157 1396/1261/1155 1384/1250/1143
f 1386/1252/1146 1398/1264/1158 1397/1263/1157 1385/1251/1145
f 1387/1253/1147 1399/1265/1159 1398/1264/1158 1386/1252/1146
f 1388/1254/1148 1400/1266/1160 1399/1265/1159 1387/1253/1147
f 1389/1255/1149 1401/1267/1161 1400/1266/1160 1388/1254/1148
f 1390/1256/1150 1402/1268/1162 1401/1267/1161 1389/1255/1149
f 1391/1257/1151 1403/1269/1163 1402/1268/1162 1390/1256/1150
f 1392/1258/1152 1404/1270/1164 1403/1269/1163 1391/1257/1151
f 1393/1259/1153 1405/1271/1165 1404/1270/1164 1392/1258/1152
f 1394/1260/1154 1406/1272/1166 1405/1271/1165 1393/1259/1153
f 1396/1261/1155 1408/1273/1167 1407/44/1168 1395/1262/1156
f 1397/1263/1157 1409/1274/1169 1408/1273/1167 1396/1261/1155
f 1398/1264/1158 1410/1275/1170 1409/1274/1169 1397/1263/1157
f 1399/1265/1159 1411/1276/1171 1410/1275/1170 1398/1264/1158
f 1400/1266/1160 1412/1277/1172 1411/1276/1171 1399/1265/1159
f 1401/1267/1161 1413/1278/1173 1412/1277/1172 1400/1266/1160
f 1402/1268/1162 1414/1279/1174 1413/1278/1173 1401/1267/1161
f 1403/1269/1163 1415/1280/1175 1414/1279/1174 1402/1268/1162
f 1404/1270/1164 1416/1281/1176 1415/1280/1175 1403/1269/1163
f 1405/1271/1165 1417/1282/1177 1416/1281/1176 1404/1270/1164
f 1406/1272/1166 1418/1283/1178 1417/1282/1177 1405/1271/1165
f 1408/1273/1167 1420/1284/1179 1419/1285/1180 1407/44/1168
f 1409/1274/1169 1421/1286/1181 1420/1284/1179 1408/1273/1167
f 1410/1275/1170 1422/1287/1182 1421/1286/1181 1409/1274/1169
f 1411/1276/1171 1423/1288/1183 1422/1287/1182 1410/1275/1170
f 1412/1277/1172 1424/1289/1184 1423/1288/1183 1411/1276/1171
f 1413/1278/1173 1425/1290/1185 1424/1289/1184 1412/1277/1172
f 1414/1279/1174 1426/1291/1186 1425/1290/1185 1413/1278/1173
f 1415/1280/1175 1427/1292/1187 1426/1291/1186 1414/1279/1174
f 1416/1281/1176 1428/1293/1188 1427/1292/1187 1415/1280/1175
f 1417/1282/1177 1429/1294/1189 1428/1293/1188 1416/1281/1176
f 1418/1283/1178 1430/1295/1190 1429/1294/1189 1417/1282/1177
f 1420/1284/1179 1432/1296/1191 1431/14/1192 1419/1285/1180
f 1421/1286/1181 1433/1297/1193 1432/1296/1191 1420/1284/1179
f 1422/1287/1182 1434/1298/1194 1433/1297/1193 1421/1286/1181
f 1423/1288/1183 1435/1299/1195 1434/1298/1194 1422/1287/1182
f 1424/1289/1184 1436/1300/1196 1435/1299/1195 1423/1288/1183
f 1425/1290/1185 1437/1301/1197 1436/1300/1196 1424/1289/1184
f 1426/1291/1186 1438/1302/1198 1437/1301/1197 1425/1290/1185
f 1427/1292/1187 1439/1303/1199 1438/1302/1198 1426/1291/1186
f 1428/1293/1188 1440/1304/1200 1439/1303/1199 1427/1292/1187
f 1429/1294/1189 1441/1305/1201 1440/1304/1200 1428/1293/1188
f 1430/1295/1190 1442/1306/1202 1441/1305/1201 1429/1294/1189
f 1432/1296/1191 1444/1307/1203 1443/1308/1204 1431/14/1192
f 1433/1297/1193 1445/1309/1205 1444/1307/1203 1432/1296/1191
f 1434/1298/1194 1446/1310/1206 1445/1309/1205 1433/1297/1193
f 1435/1299/1195 1447/1311/1207 1446/1310/1206 1434/1298/1194
f 1436/1300/1196 1448/1312/1208 1447/1311/1207 1435/1299/1195
f 1437/1301/1197 1449/1313/1209 1448/1312/1208 1436/1300/1196
f 1438/1302/1198 1450/1314/1210 1449/1313/1209 1437/1301/1197
f 1439/1303/1199 1451/1315/1211 1450/1314/1210 1438/1302/1198
f 1440/1304/1200 1452/1316/1212 1451/1315/1211 1439/1303/1199
f 1441/1305/1201 1453/1317/1213 1452/1316/1212 1440/1304/1200
f 1442/1306/1202 1454/1318/1214 1453/1317/1213 1441/1305/1201
f 1444/1307/1203 1456/1319/1215 1455/1/1216 1443/1308/1204
f 1445/1309/1205 1457/1320/1217 1456/1319/1215 1444/1307/1203
f 1446/1310/1206 1458/1321/1218 1457/1320/1217 1445/1309/1205
f 1447/1311/1207 1459/1322/1219 1458/1321/1218 1446/1310/1206
f 1448/1312/1208 1460/1323/1220 1459/1322/1219 1447/1311/1207
f 1449/1313/1209 1461/1324/1221 1460/1323/1220 1448/1312/1208
f 1450/1314/1210 1462/1325/1222 1461/1324/1221 1449/1313/1209
f 1451/1315/1211 1463/1326/1223 1462/1325/1222 1450/1314/1210
f 1452/1316/1212 1464/1327/1224 1463/1326/1223 1451/1315/1211
f 1453/1317/1213 1465/1328/1225 1464/1327/1224 1452/1316/1212
f 1454/1318/1214 1466/1329/1226 1465/1328/1225 1453/1317/1213
f 1456/1319/1215 1468/1330/1227 1467/1331/1228 1455/1/1216
f 1457/1320/1217 1469/1332/1229 1468/1330/1227 1456/1319/1215
f 1458/1321/1218 1470/1333/1230 1469/1332/1229 1457/1320/1217
f 1459/1322/1219 1471/1334/1231 1470/1333/1230 1458/1321/1218
f 1460/1323/1220 1472/1335/1232 1471/1334/1231 1459/1322/1219
f 1461/1324/1221 1473/1336/1233 1472/1335/1232 1460/1323/1220
f 1462/1325/1222 1474/1337/1234 1473/1336/1233 1461/1324/1221
f 1463/1326/1223 1475/1338/1235 1474/1337/1234 1462/1325/1222
f 1464/1327/1224 1476/1339/1236 1475/1338/1235 1463/1326/1223
f 1465/1328/1225 1477/1340/1237 1476/1339/1236 1464/1327/1224
f 1466/1329/1226 1478/1341/1238 1477/1340/1237 1465/1328/1225
f 1468/1330/1227 1480/1342/1239 1479/102/1240 1467/1331/1228
f 1469/1332/1229 1481/1343/1241 1480/1342/1239 1468/1330/1227
f 1470/1333/1230 1482/1344/1242 1481/1343/1241 1469/1332/1229
f 1471/1334/1231 1483/1345/1243 1482/1344/1242 1470/1333/1230
f 1472/1335/1232 1484/1346/1244 1483/1345/1243 1471/1334/1231
f 1473/1336/1233 1485/1347/1245 1484/1346/1244 1472/1335/1232
f 1474/1337/1234 1486/1348/1246 1485/1347/1245 1473/1336/1233
f 1475/1338/1235 1487/1349/1247 1486/1348/1246 1474/1337/1234
f 1476/1339/1236 1488/1350/1248 1487/1349/1247 1475/1338/1235
f 1477/1340/1237 1489/1351/1249 1488/1350/1248 1476/1339/1236
f 1478/1341/1238 1490/1352/1250 1489/1351/1249 1477/1340/1237
f 1480/1342/1239 1492/1353/1251 1491/1354/1252 1479/102/1240
f 1481/1343/1241 1493/1355/1253 1492/1353/1251 1480/1342/1239
f 1482/1344/1242 1494/1356/1254 1493/1355/1253 1481/1343/1241
f 1483/1345/1243 1495/1357/1255 1494/1356/1254 1482/1344/1242
f 1484/1346/1244 1496/1358/1256 1495/1357/1255 1483/1345/1243
f 1485/1347/1245 1497/1359/1257 1496/1358/1256 1484/1346/1244
f 1486/1348/1246 1498/1360/1258 1497/1359/1257 1485/1347/1245
f 1487/1349/1247 1499/1361/1259 1498/1360/1258 1486/1348/1246
f 1488/1350/1248 1500/1362/1260 1499/1361/1259 1487/1349/1247
f 1489/1351/1249 1501/1363/1261 1500/1362/1260 1488/1350/1248
f 1490/1352/1250 1502/1364/1262 1501/1363/1261 1489/1351/1249
f 1492/1353/1251 1504/1365/1263 1503/89/1264 1491/1354/1252
f 1493/1355/1253 1505/1366/1265 1504/1365/1263 1492/1353/1251
f 1494/1356/1254 1506/1367/1266 1505/1366/1265 1493/1355/1253
f 1495/1357/1255 1507/1368/1267 1506/1367/1266 1494/1356/1254
f 1496/1358/1256 1508/1369/1268 1507/1368/1267 1495/1357/1255
f 1497/1359/1257 1509/1370/1269 1508/1369/1268 1496/1358/1256
f 1498/1360/1258 1510/1371/1270 1509/1370/1269 1497/1359/1257
f 1499/1361/1259 1511/1372/1271 1510/1371/1270 1498/1360/1258
f 1500/1362/1260 1512/1373/1272 1511/1372/1271 1499/1361/1259
f 1501/1363/1261 1513/1374/1273 1512/1373/1272 1500/1362/1260
f 1502/1364/1262 1514/1375/1274 1513/1374/1273 1501/1363/1261
f 1504/1365/1263 1516/1376/1275 1515/1377/1276 1503/89/1264
f 1505/1366/1265 1517/1378/1277 1516/1376/1275 1504/1365/1263
f 1506/1367/1266 1518/1379/1278 1517/1378/1277 1505/1366/1265
f 1507/1368/1267 1519/1380/1279 1518/1379/1278 1506/1367/1266
f 1508/1369/1268 1520/1381/1280 1519/1380/1279 1507/1368/1267
f 1509/1370/1269 1521/1382/1281 1520/1381/1280 1508/1369/1268
f 1510/1371/1270 1522/1383/1282 1521/1382/1281 1509/1370/1269
f 1511/1372/1271 1523/1384/1283 1522/1383/1282 1510/1371/1270
f 1512/1373/1272 1524/1385/1284 1523/1384/1283 1511/1372/1271
f 1513/1374/1273 1525/1386/1285 1524/1385/1284 1512/1373/1272
f 1514/1375/1274 1526/1387/1286 1525/1386/1285 1513/1374/1273
f 1516/1376/1275 1528/1388/1287 1527/76/1288 1515/1377/1276
f 1517/1378/1277 1529/1389/1289 1528/1388/1287 1516/1376/1275
f 1518/1379/1278 1530/1390/1290 1529/1389/1289 1517/1378/1277
f 1519/1380/1279 1531/1391/1291 1530/1390/1290 1518/1379/1278
f 1520/1381/1280 1532/1392/1292 1531/1391/1291 1519/1380/1279
f 1521/1382/1281 1533/1393/1293 1532/1392/1292 1520/1381/1280
f 1522/1383/1282 1534/1394/1294 1533/1393/1293 1521/1382/1281
f 1523/1384/1283 1535/1395/1295 1534/1394/1294 1522/1383/1282
f 1524/1385/1284 1536/1396/1296 1535/1395/1295 1523/1384/1283
f 1525/1386/1285 1537/1397/1297 1536/1396/1296 1524/1385/1284
f 1526/1387/1286 1538/1398/1298 1537/1397/1297 1525/1386/1285
f 1528/1388/1287 1540/1399/1299 1539/1400/1300 1527/76/1288
f 1529/1389/1289 1541/1401/1301 1540/1399/1299 1528/1388/1287
f 1530/1390/1290 1542/1402/1302 1541/1401/1301 1529/1389/1289
f 1531/1391/1291 1543/1403/1303 1542/1402/1302 1530/1390/1290
f 1532/1392/1292 1544/1404/1304 1543/1403/1303 1531/1391/1291
f 1533/1393/1293 1545/1405/1305 1544/1404/1304 1532/1392/1292
f 1534/1394/1294 1546/1406/1306 1545/1405/1305 1533/1393/1293
f 1535/1395/1295 1547/1407/1307 1546/1406/1306 1534/1394/1294
f 1536/1396/1296 1548/1408/1308 1547/1407/1307 1535/1395/1295
f 1537/1397/1297 1549/1409/1309 1548/1408/1308 1536/1396/1296
f 1538/1398/1298 1550/1410/1310 1549/1409/1309 1537/1397/1297
f 1540/1399/1299 1552/1411/1311 1551/63/1312 1539/1400/1300
f 1541/1401/1301 1553/1412/1313 1552/1411/1311 1540/1399/1299
f 1542/1402/1302 1554/1413/1314 1553/1412/1313 1541/1401/1301
f 1543/1403/1303 1555/1414/1315 1554/1413/1314 1542/1402/1302
f 1544/1404/1304 1556/1415/1316 1555/1414/1315 1543/1403/1303
f 1545/1405/1305 1557/1416/1317 1556/1415/1316 1544/1404/1304
f 1546/1406/1306 1558/1417/1318 1557/1416/1317 1545/1405/1305
f 1547/1407/1307 1559/1418/1319 1558/1417/1318 1546/1406/1306
f 1548/1408/1308 1560/1419/1320 1559/1418/1319 1547/1407/1307
f 1549/1409/1309 1561/1420/1321 1560/1419/1320 1548/1408/1308
f 1550/1410/1310 1562/1421/1322 1561/1420/1321 1549/1409/1309
f 1552/1411/1311 1564/1422/1323 1563/1423/1324 1551/63/1312
f 1553/1412/1313 1565/1424/1325 1564/1422/1323 1552/1411/1311
f 1554/1413/1314 1566/1425/1326 1565/1424/1325 1553/1412/1313
f 1555/1414/1315 1567/1426/1327 1566/1425/1326 1554/1413/1314
f 1556/1415/1316 1568/1427/1328 1567/1426/1327 1555/1414/1315
f 1557/1416/1317 1569/1428/1329 1568/1427/1328 1556/1415/1316
f 1558/1417/1318 1570/1429/1330 1569/1428/1329 1557/1416/1317
f 1559/1418/1319 1571/1430/1331 1570/1429/1330 1558/1417/1318
f 1560/1419/1320 1572/1431/1332 1571/1430/1331 1559/1418/1319
f 1561/1420/1321 1573/1432/1333 1572/1431/1332 1560/1419/1320
f 1562/1421/1322 1574/1433/1334 1573/1432/1333 1561/1420/1321
f 1564/1422/1323 1576/1434/1335 1575/50/1336 1563/1423/1324
f 1565/1424/1325 1577/1435/1337 1576/1434/1335 1564/1422/1323
f 1566/1425/1326 1578/1436/1338 1577/1435/1337 1565/1424/1325
f 1567/1426/1327 1579/1437/1339 1578/1436/1338 1566/1425/1326
f 1568/1427/1328 1580/1438/1340 1579/1437/1339 1567/1426/1327
f 1569/1428/1329 1581/1439/1341 1580/1438/1340 1568/1427/1328
f 1570/1429/1330 1582/1440/1342 1581/1439/1341 1569/1428/1329
f 1571/1430/1331 1583/1441/1343 1582/1440/1342 1570/1429/1330
f 1572/1431/1332 1584/1442/1344 1583/1441/1343 1571/1430/1331
f 1573/1432/1333 1585/1443/1345 1584/1442/1344 1572/1431/1332
f 1574/1433/1334 1586/1444/1346 1585/1443/1345 1573/1432/1333
f 1576/1434/1335 1588/1445/1347 1587/1446/1348 1575/50/1336
f 1577/1435/1337 1589/1447/1349 1588/1445/1347 1576/1434/1335
f 1578/1436/1338 1590/1448/1350 1589/1447/1349 1577/1435/1337
f 1579/1437/1339 1591/1449/1351 1590/1448/1350 1578/1436/1338
f 1580/1438/1340 1592/1450/1352 1591/1449/1351 1579/1437/1339
f 1581/1439/1341 1593/1451/1353 1592/1450/1352 1580/1438/1340
f 1582/1440/1342 1594/1452/1354 1593/1451/1353 1581/1439/1341
f 1583/1441/1343 1595/1453/1355 1594/1452/1354 1582/1440/1342
f 1584/1442/1344 1596/1454/1356 1595/1453/1355 1583/1441/1343
f 1585/1443/1345 1597/1455/1357 1596/1454/1356 1584/1442/1344
f 1586/1444/1346 1598/1456/1358 1597/1455/1357 1585/1443/1345
f 1588/1445/1347 1600/1457/1359 1599/52/1360 1587/1446/1348
f 1589/1447/1349 1601/1458/1361 1600/1457/1359 1588/1445/1347
f 1590/1448/1350 1602/1459/1362 1601/1458/1361 1589/1447/1349
f 1591/1449/1351 1603/1460/1363 1602/1459/1362 1590/1448/1350
f 1592/1450/1352 1604/1461/1364 1603/1460/1363 1591/1449/1351
f 1593/1451/1353 1605/1462/1365 1604/1461/1364 1592/1450/1352
f 1594/1452/1354 1606/1463/1366 1605/1462/1365 1593/1451/1353
f 1595/1453/1355 1607/1464/1367 1606/1463/1366 1594/1452/1354
f 1596/1454/1356 1608/1465/1368 1607/1464/1367 1595/1453/1355
f 1597/1455/1357 1609/1466/1369 1608/1465/1368 1596/1454/1356
f 1598/1456/1358 1610/1467/1370 1609/1466/1369 1597/1455/1357
f 1600/1457/1359 1612/1468/1371 1611/1469/1372 1599/52/1360
f 1601/1458/1361 1613/1470/1373 1612/1468/1371 1600/1457/1359
f 1602/1459/1362 1614/1471/1374 1613/1470/1373 1601/1458/1361
f 1603/1460/1363 1615/1472/1375 1614/1471/1374 1602/1459/1362
f 1604/1461/1364 1616/1473/1376 1615/1472/1375 1603/1460/1363
f 1605/1462/1365 1617/1474/1377 1616/1473/1376 1604/1461/1364
f 1606/1463/1366 1618/1475/1378 1617/1474/1377 1605/1462/1365
f 1607/1464/1367 1619/1476/1379 1618/1475/1378 1606/1463/1366
f 1608/1465/1368 1620/1477/1380 1619/1476/1379 1607/1464/1367
f 1609/1466/1369 1621/1478/1381 1620/1477/1380 1608/1465/1368
f 1610/1467/1370 1622/1479/1382 1621/1478/1381 1609/1466/1369
f 1612/1468/1371 1624/1480/1383 1623/61/1384 1611/1469/1372
f 1613/1470/1373 1625/1481/1385 1624/1480/1383 1612/1468/1371
f 1614/1471/1374 1626/1482/1386 1625/1481/1385 1613/1470/1373
f 1615/1472/1375 1627/1483/1387 1626/1482/1386 1614/1471/1374
f 1616/1473/1376 1628/1484/1388 1627/1483/1387 1615/1472/1375
f 1617/1474/1377 1629/1485/1389 1628/1484/1388 1616/1473/1376
f 1618/1475/1378 1630/1486/1390 1629/1485/1389 1617/1474/1377
f 1619/1476/1379 1631/1487/1391 1630/1486/1390 1618/1475/1378
f 1620/1477/1380 1632/1488/1392 1631/1487/1391 1619/1476/1379
f 1621/1478/1381 1633/1489/1393 1632/1488/1392 1620/1477/1380
f 1622/1479/1382 1634/1490/1394 1633/1489/1393 1621/1478/1381
f 1624/1480/1383 1636/1491/1395 1635/1492/1396 1623/61/1384
f 1625/1481/1385 1637/1493/1397 1636/1491/1395 1624/1480/1383
f 1626/1482/1386 1638/1494/1398 1637/1493/1397 1625/1481/1385
f 1627/1483/1387 1639/1495/1399 1638/1494/1398 1626/1482/1386
f 1628/1484/1388 1640/1496/1400 1639/1495/1399 1627/1483/1387
f 1629/1485/1389 1641/1497/1401 1640/1496/1400 1628/1484/1388
f 1630/1486/1390 1642/1498/1402 1641/1497/1401 1629/1485/1389
f 1631/1487/1391 1643/1499/1403 1642/1498/1402 1630/1486/1390
f 1632/1488/1392 1644/1500/1404 1643/1499/1403 1631/1487/1391
f 1633/1489/1393 1645/1501/1405 1644/1500/1404 1632/1488/1392
f 1634/1490/1394 1646/1502/1406 1645/1501/1405 1633/1489/1393
f 1636/1491/1395 1648/1503/1407 1647/73/1408 1635/1492/1396
f 1637/1493/1397 1649/1504/1409 1648/1503/1407 1636/1491/1395
f 1638/1494/1398 1650/1505/1410 1649/1504/1409 1637/1493/1397
f 1639/1495/1399 1651/1506/1411 1650/1505/1410 1638/1494/1398
f 1640/1496/1400 1652/1507/1412 1651/1506/1411 1639/1495/1399
f 1641/1497/1401 1653/1508/1413 1652/1507/1412 1640/1496/1400
f 1642/1498/1402 1654/1509/1414 1653/1508/1413 1641/1497/1401
f 1643/1499/1403 1655/1510/1415 1654/1509/1414 1642/1498/1402
f 1644/1500/1404 1656/1511/1416 1655/1510/1415 1643/1499/1403
f 1645/1501/1405 1657/1512/1417 1656/1511/1416 1644/1500/1404
f 1646/1502/1406 1658/1513/1418 1657/1512/1417 1645/1501/1405
f 1648/1503/1407 1660/1514/1419 1659/1515/1420 1647/73/1408
f 1649/1504/1409 1661/1516/1421 1660/1514/1419 1648/1503/1407
f 1650/1505/1410 1662/1517/1422 1661/1516/1421 1649/1504/1409
f 1651/1506/1411 1663/1518/1423 1662/1517/1422 1650/1505/1410
f 1652/1507/1412 1664/1519/1424 1663/1518/1423 1651/1506/1411
f 1653/1508/1413 1665/1520/1425 1664/1519/1424 1652/1507/1412
f 1654/1509/1414 1666/1521/1426 1665/1520/1425 1653/1508/1413
f 1655/1510/1415 1667/1522/1427 1666/1521/1426 1654/1509/1414
f 1656/1511/1416 1668/1523/1428 1667/1522/1427 1655/1510/1415
f 1657/1512/1417 1669/1524/1429 1668/1523/1428 1656/1511/1416
f 1658/1513/1418 1670/1525/1430 1669/1524/1429 1657/1512/1417
f 1660/1514/1419 1672/1526/1431 1671/94/1432 1659/1515/1420
f 1661/1516/1421 1673/1527/1433 1672/1526/1431 1660/1514/1419
f 1662/1517/1422 1674/1528/1434 1673/1527/1433 1661/1516/1421
f 1663/1518/1423 1675/1529/1435 1674/1528/1434 1662/1517/1422
f 1664/1519/1424 1676/1530/1436 1675/1529/1435 1663/1518/1423
f 1665/1520/1425 1677/1531/1437 1676/1530/1436 1664/1519/1424
f 1666/1521/1426 1678/1532/1438 1677/1531/1437 1665/1520/1425
f 1667/1522/1427 1679/1533/1439 1678/1532/1438 1666/1521/1426
f 1668/1523/1428 1680/1534/1440 1679/1533/1439 1667/1522/1427
f 1669/1524/1429 1681/1535/1441 1680/1534/1440 1668/1523/1428
f 1670/1525/1430 1682/1536/1442 1681/1535/1441 1669/1524/1429
f 1672/1526/1431 1684/1537/1443 1683/1538/1444 1671/94/1432
f 1673/1527/1433 1685/1539/1445 1684/1537/1443 1672/1526/1431
f 1674/1528/1434 1686/1540/1446 1685/1539/1445 1673/1527/1433
f 1675/1529/1435 1687/1541/1447 1686/1540/1446 1674/1528/1434
f 1676/1530/1436 1688/1542/1448 1687/1541/1447 1675/1529/1435
f 1677/1531/1437 1689/1543/1449 1688/1542/1448 1676/1530/1436
f 1678/1532/1438 1690/1544/1450 1689/1543/1449 1677/1531/1437
f 1679/1533/1439 1691/1545/1451 1690/1544/1450 1678/1532/1438
f 1680/1534/1440 1692/1546/1452 1691/1545/1451 1679/1533/1439
f 1681/1535/1441 1693/1547/1453 1692/1546/1452 1680/1534/1440
f 1682/1536/1442 1694/1548/1454 1693/1547/1453 1681/1535/1441
f 1684/1537/1443 1120/997/879 1119/108/882 1683/1538/1444
f 1685/1539/1445 1121/998/883 1120/997/879 1684/1537/1443
f 1686/1540/1446 1122/999/885 1121/998/883 1685/1539/1445
f 1687/1541/1447 1123/1000/887 1122/999/885 1686/1540/1446
f 1688/1542/1448 1124/1001/889 1123/1000/887 1687/1541/1447
f 1689/1543/1449 1125/1002/891 1124/1001/889 1688/1542/1448
f 1690/1544/1450 1126/1003/893 1125/1002/891 1689/1543/1449
f 1691/1545/1451 1127/1004/895 1126/1003/893 1690/1544/1450
f 1692/1546/1452 1128/1005/897 1127/1004/895 1691/1545/1451
f 1693/1547/1453 1129/1006/899 1128/1005/897 1692/1546/1452
f 1694/1548/1454 1130/1007/901 1129/1006/899 1693/1547/1453
